perspective,kind,init_seed,model_id,mixture,dim1,dim2
structural_all_o,mean_before,-1,/weka/scratch/jhu/cpriebe1/MO/model-taxonomy/results/shared_cache/03_adapters/allenai--OLMo-2-0425-1B-Instruct/yahoo_100g1_000g2_000g3_n1000_s00_r16_i00_b5008_fea27ccee,yahoo_100g1_000g2_000g3_n1000_s00,-7.258875819855811e-17,0.43567341566085815
structural_all_o,mean_before,-1,/weka/scratch/jhu/cpriebe1/MO/model-taxonomy/results/shared_cache/03_adapters/allenai--OLMo-2-0425-1B-Instruct/yahoo_075g1_025g2_000g3_n1000_s00_r16_i00_b5008_fea27ccee,yahoo_075g1_025g2_000g3_n1000_s00,0.10697338730096817,0.29454851150512695
structural_all_o,mean_before,-1,/weka/scratch/jhu/cpriebe1/MO/model-taxonomy/results/shared_cache/03_adapters/allenai--OLMo-2-0425-1B-Instruct/yahoo_075g1_000g2_025g3_n1000_s00_r16_i00_b5008_fea27ccee,yahoo_075g1_000g2_025g3_n1000_s00,-0.11225743591785431,0.31743934750556946
structural_all_o,mean_before,-1,/weka/scratch/jhu/cpriebe1/MO/model-taxonomy/results/shared_cache/03_adapters/allenai--OLMo-2-0425-1B-Instruct/yahoo_050g1_050g2_000g3_n1000_s00_r16_i00_b5008_fea27ccee,yahoo_050g1_050g2_000g3_n1000_s00,0.2338111698627472,0.11903849989175797
structural_all_o,mean_before,-1,/weka/scratch/jhu/cpriebe1/MO/model-taxonomy/results/shared_cache/03_adapters/allenai--OLMo-2-0425-1B-Instruct/yahoo_050g1_025g2_025g3_n1000_s00_r16_i00_b5008_fea27ccee,yahoo_050g1_025g2_025g3_n1000_s00,0.017848629504442215,0.14371733367443085
structural_all_o,mean_before,-1,/weka/scratch/jhu/cpriebe1/MO/model-taxonomy/results/shared_cache/03_adapters/allenai--OLMo-2-0425-1B-Instruct/yahoo_050g1_000g2_050g3_n1000_s00_r16_i00_b5008_fea27ccee,yahoo_050g1_000g2_050g3_n1000_s00,-0.2319021075963974,0.1450733244419098
structural_all_o,mean_before,-1,/weka/scratch/jhu/cpriebe1/MO/model-taxonomy/results/shared_cache/03_adapters/allenai--OLMo-2-0425-1B-Instruct/yahoo_033g1_033g2_033g3_n1000_s00_r16_i00_b5008_fea27ccee,yahoo_033g1_033g2_033g3_n1000_s00,0.011316634714603424,0.001764617394655943
structural_all_o,mean_before,-1,/weka/scratch/jhu/cpriebe1/MO/model-taxonomy/results/shared_cache/03_adapters/allenai--OLMo-2-0425-1B-Instruct/yahoo_025g1_075g2_000g3_n1000_s00_r16_i00_b5008_fea27ccee,yahoo_025g1_075g2_000g3_n1000_s00,0.3042354881763458,-0.046511922031641006
structural_all_o,mean_before,-1,/weka/scratch/jhu/cpriebe1/MO/model-taxonomy/results/shared_cache/03_adapters/allenai--OLMo-2-0425-1B-Instruct/yahoo_025g1_050g2_025g3_n1000_s00_r16_i00_b5008_fea27ccee,yahoo_025g1_050g2_025g3_n1000_s00,0.1419599950313568,-0.06012038141489029
structural_all_o,mean_before,-1,/weka/scratch/jhu/cpriebe1/MO/model-taxonomy/results/shared_cache/03_adapters/allenai--OLMo-2-0425-1B-Instruct/yahoo_025g1_025g2_050g3_n1000_s00_r16_i00_b5008_fea27ccee,yahoo_025g1_025g2_050g3_n1000_s00,-0.1058066263794899,-0.05858175456523895
structural_all_o,mean_before,-1,/weka/scratch/jhu/cpriebe1/MO/model-taxonomy/results/shared_cache/03_adapters/allenai--OLMo-2-0425-1B-Instruct/yahoo_025g1_000g2_075g3_n1000_s00_r16_i00_b5008_fea27ccee,yahoo_025g1_000g2_075g3_n1000_s00,-0.3353249728679657,-0.038463152945041656
structural_all_o,mean_before,-1,/weka/scratch/jhu/cpriebe1/MO/model-taxonomy/results/shared_cache/03_adapters/allenai--OLMo-2-0425-1B-Instruct/yahoo_000g1_100g2_000g3_n1000_s00_r16_i00_b5008_fea27ccee,yahoo_000g1_100g2_000g3_n1000_s00,0.35228919982910156,-0.245339035987854
structural_all_o,mean_before,-1,/weka/scratch/jhu/cpriebe1/MO/model-taxonomy/results/shared_cache/03_adapters/allenai--OLMo-2-0425-1B-Instruct/yahoo_000g1_075g2_025g3_n1000_s00_r16_i00_b5008_fea27ccee,yahoo_000g1_075g2_025g3_n1000_s00,0.20602497458457947,-0.25645169615745544
structural_all_o,mean_before,-1,/weka/scratch/jhu/cpriebe1/MO/model-taxonomy/results/shared_cache/03_adapters/allenai--OLMo-2-0425-1B-Instruct/yahoo_000g1_050g2_050g3_n1000_s00_r16_i00_b5008_fea27ccee,yahoo_000g1_050g2_050g3_n1000_s00,0.026443587616086006,-0.2639719843864441
structural_all_o,mean_before,-1,/weka/scratch/jhu/cpriebe1/MO/model-taxonomy/results/shared_cache/03_adapters/allenai--OLMo-2-0425-1B-Instruct/yahoo_000g1_025g2_075g3_n1000_s00_r16_i00_b5008_fea27ccee,yahoo_000g1_025g2_075g3_n1000_s00,-0.1973045915365219,-0.25990304350852966
structural_all_o,mean_before,-1,/weka/scratch/jhu/cpriebe1/MO/model-taxonomy/results/shared_cache/03_adapters/allenai--OLMo-2-0425-1B-Instruct/yahoo_000g1_000g2_100g3_n1000_s00_r16_i00_b5008_fea27ccee,yahoo_000g1_000g2_100g3_n1000_s00,-0.4183073341846466,-0.2279120832681656
structural_all_o,seed_mean,-1,yahoo_000g1_000g2_100g3_n1000_s00,yahoo_000g1_000g2_100g3_n1000_s00,-0.34028396010398865,-0.18556790053844452
structural_all_o,seed_mean,-1,yahoo_000g1_025g2_075g3_n1000_s00,yahoo_000g1_025g2_075g3_n1000_s00,-0.16078412532806396,-0.2110268622636795
structural_all_o,seed_mean,-1,yahoo_000g1_050g2_050g3_n1000_s00,yahoo_000g1_050g2_050g3_n1000_s00,0.021102508530020714,-0.2144332379102707
structural_all_o,seed_mean,-1,yahoo_000g1_075g2_025g3_n1000_s00,yahoo_000g1_075g2_025g3_n1000_s00,0.16706794500350952,-0.20877717435359955
structural_all_o,seed_mean,-1,yahoo_000g1_100g2_000g3_n1000_s00,yahoo_000g1_100g2_000g3_n1000_s00,0.2849142849445343,-0.20210805535316467
structural_all_o,seed_mean,-1,yahoo_025g1_000g2_075g3_n1000_s00,yahoo_025g1_000g2_075g3_n1000_s00,-0.2728048264980316,-0.031275033950805664
structural_all_o,seed_mean,-1,yahoo_025g1_025g2_050g3_n1000_s00,yahoo_025g1_025g2_050g3_n1000_s00,-0.0860639289021492,-0.04696301743388176
structural_all_o,seed_mean,-1,yahoo_025g1_050g2_025g3_n1000_s00,yahoo_025g1_050g2_025g3_n1000_s00,0.11615850031375885,-0.048300210386514664
structural_all_o,seed_mean,-1,yahoo_025g1_075g2_000g3_n1000_s00,yahoo_025g1_075g2_000g3_n1000_s00,0.24786826968193054,-0.03831535205245018
structural_all_o,seed_mean,-1,yahoo_033g1_033g2_033g3_n1000_s00,yahoo_033g1_033g2_033g3_n1000_s00,0.009608563967049122,0.0018486790359020233
structural_all_o,seed_mean,-1,yahoo_050g1_000g2_050g3_n1000_s00,yahoo_050g1_000g2_050g3_n1000_s00,-0.1886100023984909,0.11823497712612152
structural_all_o,seed_mean,-1,yahoo_050g1_025g2_025g3_n1000_s00,yahoo_050g1_025g2_025g3_n1000_s00,0.015021493658423424,0.11722981929779053
structural_all_o,seed_mean,-1,yahoo_050g1_050g2_000g3_n1000_s00,yahoo_050g1_050g2_000g3_n1000_s00,0.19075267016887665,0.09674125164747238
structural_all_o,seed_mean,-1,yahoo_075g1_000g2_025g3_n1000_s00,yahoo_075g1_000g2_025g3_n1000_s00,-0.09126939624547958,0.2583926320075989
structural_all_o,seed_mean,-1,yahoo_075g1_025g2_000g3_n1000_s00,yahoo_075g1_025g2_000g3_n1000_s00,0.08732195943593979,0.23974546790122986
structural_all_o,seed_mean,-1,yahoo_100g1_000g2_000g3_n1000_s00,yahoo_100g1_000g2_000g3_n1000_s00,6.404222223054182e-17,0.3545739948749542
structural_all_o,seed_reference,-1,yahoo_100g1_000g2_000g3_n1000_s00,yahoo_100g1_000g2_000g3_n1000_s00,0.0005903842393308878,0.35460588335990906
structural_all_o,seed_reference,-1,yahoo_075g1_025g2_000g3_n1000_s00,yahoo_075g1_025g2_000g3_n1000_s00,0.08746756613254547,0.23959572613239288
structural_all_o,seed_reference,-1,yahoo_075g1_000g2_025g3_n1000_s00,yahoo_075g1_000g2_025g3_n1000_s00,-0.09093908220529556,0.25852423906326294
structural_all_o,seed_reference,-1,yahoo_050g1_050g2_000g3_n1000_s00,yahoo_050g1_050g2_000g3_n1000_s00,0.19046629965305328,0.09657168388366699
structural_all_o,seed_reference,-1,yahoo_050g1_025g2_025g3_n1000_s00,yahoo_050g1_025g2_025g3_n1000_s00,0.014722216874361038,0.11695108562707901
structural_all_o,seed_reference,-1,yahoo_050g1_000g2_050g3_n1000_s00,yahoo_050g1_000g2_050g3_n1000_s00,-0.1885545551776886,0.1183931976556778
structural_all_o,seed_reference,-1,yahoo_033g1_033g2_033g3_n1000_s00,yahoo_033g1_033g2_033g3_n1000_s00,0.00921329390257597,0.0014209329383447766
structural_all_o,seed_reference,-1,yahoo_025g1_075g2_000g3_n1000_s00,yahoo_025g1_075g2_000g3_n1000_s00,0.24756214022636414,-0.0382695347070694
structural_all_o,seed_reference,-1,yahoo_025g1_050g2_025g3_n1000_s00,yahoo_025g1_050g2_025g3_n1000_s00,0.11546345800161362,-0.04912590980529785
structural_all_o,seed_reference,-1,yahoo_025g1_025g2_050g3_n1000_s00,yahoo_025g1_025g2_050g3_n1000_s00,-0.08619815111160278,-0.04753783345222473
structural_all_o,seed_reference,-1,yahoo_025g1_000g2_075g3_n1000_s00,yahoo_025g1_000g2_075g3_n1000_s00,-0.2729818522930145,-0.030851755291223526
structural_all_o,seed_reference,-1,yahoo_000g1_100g2_000g3_n1000_s00,yahoo_000g1_100g2_000g3_n1000_s00,0.2864048480987549,-0.20016521215438843
structural_all_o,seed_reference,-1,yahoo_000g1_075g2_025g3_n1000_s00,yahoo_000g1_075g2_025g3_n1000_s00,0.16734156012535095,-0.20901186764240265
structural_all_o,seed_reference,-1,yahoo_000g1_050g2_050g3_n1000_s00,yahoo_000g1_050g2_050g3_n1000_s00,0.021165411919355392,-0.21488948166370392
structural_all_o,seed_reference,-1,yahoo_000g1_025g2_075g3_n1000_s00,yahoo_000g1_025g2_075g3_n1000_s00,-0.16094353795051575,-0.21127447485923767
structural_all_o,seed_reference,-1,yahoo_000g1_000g2_100g3_n1000_s00,yahoo_000g1_000g2_100g3_n1000_s00,-0.3407800495624542,-0.18493670225143433
structural_all_o,seed_aligned,0,/weka/scratch/jhu/cpriebe1/MO/model-taxonomy/results/shared_cache/03_adapters/allenai--OLMo-2-0425-1B-Instruct/yahoo_100g1_000g2_000g3_n1000_s00_r16_i00_b5008_fea27ccee,yahoo_100g1_000g2_000g3_n1000_s00,0.006494671106338501,0.35270270705223083
structural_all_o,seed_aligned,0,/weka/scratch/jhu/cpriebe1/MO/model-taxonomy/results/shared_cache/03_adapters/allenai--OLMo-2-0425-1B-Instruct/yahoo_075g1_025g2_000g3_n1000_s00_r16_i00_b5008_fea27ccee,yahoo_075g1_025g2_000g3_n1000_s00,0.08583462983369827,0.23750601708889008
structural_all_o,seed_aligned,0,/weka/scratch/jhu/cpriebe1/MO/model-taxonomy/results/shared_cache/03_adapters/allenai--OLMo-2-0425-1B-Instruct/yahoo_075g1_000g2_025g3_n1000_s00_r16_i00_b5008_fea27ccee,yahoo_075g1_000g2_025g3_n1000_s00,-0.09094817191362381,0.26114627718925476
structural_all_o,seed_aligned,0,/weka/scratch/jhu/cpriebe1/MO/model-taxonomy/results/shared_cache/03_adapters/allenai--OLMo-2-0425-1B-Instruct/yahoo_050g1_050g2_000g3_n1000_s00_r16_i00_b5008_fea27ccee,yahoo_050g1_050g2_000g3_n1000_s00,0.19281889498233795,0.09598362445831299
structural_all_o,seed_aligned,0,/weka/scratch/jhu/cpriebe1/MO/model-taxonomy/results/shared_cache/03_adapters/allenai--OLMo-2-0425-1B-Instruct/yahoo_050g1_025g2_025g3_n1000_s00_r16_i00_b5008_fea27ccee,yahoo_050g1_025g2_025g3_n1000_s00,0.011362964287400246,0.11691062152385712
structural_all_o,seed_aligned,0,/weka/scratch/jhu/cpriebe1/MO/model-taxonomy/results/shared_cache/03_adapters/allenai--OLMo-2-0425-1B-Instruct/yahoo_050g1_000g2_050g3_n1000_s00_r16_i00_b5008_fea27ccee,yahoo_050g1_000g2_050g3_n1000_s00,-0.1888735294342041,0.12318992614746094
structural_all_o,seed_aligned,0,/weka/scratch/jhu/cpriebe1/MO/model-taxonomy/results/shared_cache/03_adapters/allenai--OLMo-2-0425-1B-Instruct/yahoo_033g1_033g2_033g3_n1000_s00_r16_i00_b5008_fea27ccee,yahoo_033g1_033g2_033g3_n1000_s00,0.010772292502224445,6.348009628709406e-05
structural_all_o,seed_aligned,0,/weka/scratch/jhu/cpriebe1/MO/model-taxonomy/results/shared_cache/03_adapters/allenai--OLMo-2-0425-1B-Instruct/yahoo_025g1_075g2_000g3_n1000_s00_r16_i00_b5008_fea27ccee,yahoo_025g1_075g2_000g3_n1000_s00,0.24495165050029755,-0.03943236172199249
structural_all_o,seed_aligned,0,/weka/scratch/jhu/cpriebe1/MO/model-taxonomy/results/shared_cache/03_adapters/allenai--OLMo-2-0425-1B-Instruct/yahoo_025g1_050g2_025g3_n1000_s00_r16_i00_b5008_fea27ccee,yahoo_025g1_050g2_025g3_n1000_s00,0.11296196281909943,-0.047583892941474915
structural_all_o,seed_aligned,0,/weka/scratch/jhu/cpriebe1/MO/model-taxonomy/results/shared_cache/03_adapters/allenai--OLMo-2-0425-1B-Instruct/yahoo_025g1_025g2_050g3_n1000_s00_r16_i00_b5008_fea27ccee,yahoo_025g1_025g2_050g3_n1000_s00,-0.08740969747304916,-0.042896632105112076
structural_all_o,seed_aligned,0,/weka/scratch/jhu/cpriebe1/MO/model-taxonomy/results/shared_cache/03_adapters/allenai--OLMo-2-0425-1B-Instruct/yahoo_025g1_000g2_075g3_n1000_s00_r16_i00_b5008_fea27ccee,yahoo_025g1_000g2_075g3_n1000_s00,-0.2733459770679474,-0.03038610890507698
structural_all_o,seed_aligned,0,/weka/scratch/jhu/cpriebe1/MO/model-taxonomy/results/shared_cache/03_adapters/allenai--OLMo-2-0425-1B-Instruct/yahoo_000g1_100g2_000g3_n1000_s00_r16_i00_b5008_fea27ccee,yahoo_000g1_100g2_000g3_n1000_s00,0.2832085192203522,-0.20048727095127106
structural_all_o,seed_aligned,0,/weka/scratch/jhu/cpriebe1/MO/model-taxonomy/results/shared_cache/03_adapters/allenai--OLMo-2-0425-1B-Instruct/yahoo_000g1_075g2_025g3_n1000_s00_r16_i00_b5008_fea27ccee,yahoo_000g1_075g2_025g3_n1000_s00,0.16792678833007812,-0.20650269091129303
structural_all_o,seed_aligned,0,/weka/scratch/jhu/cpriebe1/MO/model-taxonomy/results/shared_cache/03_adapters/allenai--OLMo-2-0425-1B-Instruct/yahoo_000g1_050g2_050g3_n1000_s00_r16_i00_b5008_fea27ccee,yahoo_000g1_050g2_050g3_n1000_s00,0.024766813963651657,-0.21433904767036438
structural_all_o,seed_aligned,0,/weka/scratch/jhu/cpriebe1/MO/model-taxonomy/results/shared_cache/03_adapters/allenai--OLMo-2-0425-1B-Instruct/yahoo_000g1_025g2_075g3_n1000_s00_r16_i00_b5008_fea27ccee,yahoo_000g1_025g2_075g3_n1000_s00,-0.1591736227273941,-0.2128220945596695
structural_all_o,seed_aligned,0,/weka/scratch/jhu/cpriebe1/MO/model-taxonomy/results/shared_cache/03_adapters/allenai--OLMo-2-0425-1B-Instruct/yahoo_000g1_000g2_100g3_n1000_s00_r16_i00_b5008_fea27ccee,yahoo_000g1_000g2_100g3_n1000_s00,-0.34134817123413086,-0.19305256009101868
structural_all_o,seed_aligned,1,/weka/scratch/jhu/cpriebe1/MO/model-taxonomy/results/shared_cache/03_adapters/allenai--OLMo-2-0425-1B-Instruct/yahoo_100g1_000g2_000g3_n1000_s00_r16_i01_b5008_fea27ccee,yahoo_100g1_000g2_000g3_n1000_s00,0.0024196761660277843,0.3523924946784973
structural_all_o,seed_aligned,1,/weka/scratch/jhu/cpriebe1/MO/model-taxonomy/results/shared_cache/03_adapters/allenai--OLMo-2-0425-1B-Instruct/yahoo_075g1_025g2_000g3_n1000_s00_r16_i01_b5008_fea27ccee,yahoo_075g1_025g2_000g3_n1000_s00,0.08802887797355652,0.23675106465816498
structural_all_o,seed_aligned,1,/weka/scratch/jhu/cpriebe1/MO/model-taxonomy/results/shared_cache/03_adapters/allenai--OLMo-2-0425-1B-Instruct/yahoo_075g1_000g2_025g3_n1000_s00_r16_i01_b5008_fea27ccee,yahoo_075g1_000g2_025g3_n1000_s00,-0.09005370736122131,0.2576718330383301
structural_all_o,seed_aligned,1,/weka/scratch/jhu/cpriebe1/MO/model-taxonomy/results/shared_cache/03_adapters/allenai--OLMo-2-0425-1B-Instruct/yahoo_050g1_050g2_000g3_n1000_s00_r16_i01_b5008_fea27ccee,yahoo_050g1_050g2_000g3_n1000_s00,0.19017212092876434,0.09923207759857178
structural_all_o,seed_aligned,1,/weka/scratch/jhu/cpriebe1/MO/model-taxonomy/results/shared_cache/03_adapters/allenai--OLMo-2-0425-1B-Instruct/yahoo_050g1_025g2_025g3_n1000_s00_r16_i01_b5008_fea27ccee,yahoo_050g1_025g2_025g3_n1000_s00,0.015045338310301304,0.11843474954366684
structural_all_o,seed_aligned,1,/weka/scratch/jhu/cpriebe1/MO/model-taxonomy/results/shared_cache/03_adapters/allenai--OLMo-2-0425-1B-Instruct/yahoo_050g1_000g2_050g3_n1000_s00_r16_i01_b5008_fea27ccee,yahoo_050g1_000g2_050g3_n1000_s00,-0.1895754039287567,0.12235255539417267
structural_all_o,seed_aligned,1,/weka/scratch/jhu/cpriebe1/MO/model-taxonomy/results/shared_cache/03_adapters/allenai--OLMo-2-0425-1B-Instruct/yahoo_033g1_033g2_033g3_n1000_s00_r16_i01_b5008_fea27ccee,yahoo_033g1_033g2_033g3_n1000_s00,0.003846489591524005,0.00555834686383605
structural_all_o,seed_aligned,1,/weka/scratch/jhu/cpriebe1/MO/model-taxonomy/results/shared_cache/03_adapters/allenai--OLMo-2-0425-1B-Instruct/yahoo_025g1_075g2_000g3_n1000_s00_r16_i01_b5008_fea27ccee,yahoo_025g1_075g2_000g3_n1000_s00,0.24406234920024872,-0.037625398486852646
structural_all_o,seed_aligned,1,/weka/scratch/jhu/cpriebe1/MO/model-taxonomy/results/shared_cache/03_adapters/allenai--OLMo-2-0425-1B-Instruct/yahoo_025g1_050g2_025g3_n1000_s00_r16_i01_b5008_fea27ccee,yahoo_025g1_050g2_025g3_n1000_s00,0.11194005608558655,-0.050078485161066055
structural_all_o,seed_aligned,1,/weka/scratch/jhu/cpriebe1/MO/model-taxonomy/results/shared_cache/03_adapters/allenai--OLMo-2-0425-1B-Instruct/yahoo_025g1_025g2_050g3_n1000_s00_r16_i01_b5008_fea27ccee,yahoo_025g1_025g2_050g3_n1000_s00,-0.08743540942668915,-0.04378707706928253
structural_all_o,seed_aligned,1,/weka/scratch/jhu/cpriebe1/MO/model-taxonomy/results/shared_cache/03_adapters/allenai--OLMo-2-0425-1B-Instruct/yahoo_025g1_000g2_075g3_n1000_s00_r16_i01_b5008_fea27ccee,yahoo_025g1_000g2_075g3_n1000_s00,-0.26945391297340393,-0.03275744989514351
structural_all_o,seed_aligned,1,/weka/scratch/jhu/cpriebe1/MO/model-taxonomy/results/shared_cache/03_adapters/allenai--OLMo-2-0425-1B-Instruct/yahoo_000g1_100g2_000g3_n1000_s00_r16_i01_b5008_fea27ccee,yahoo_000g1_100g2_000g3_n1000_s00,0.29035210609436035,-0.204172745347023
structural_all_o,seed_aligned,1,/weka/scratch/jhu/cpriebe1/MO/model-taxonomy/results/shared_cache/03_adapters/allenai--OLMo-2-0425-1B-Instruct/yahoo_000g1_075g2_025g3_n1000_s00_r16_i01_b5008_fea27ccee,yahoo_000g1_075g2_025g3_n1000_s00,0.16973572969436646,-0.20980651676654816
structural_all_o,seed_aligned,1,/weka/scratch/jhu/cpriebe1/MO/model-taxonomy/results/shared_cache/03_adapters/allenai--OLMo-2-0425-1B-Instruct/yahoo_000g1_050g2_050g3_n1000_s00_r16_i01_b5008_fea27ccee,yahoo_000g1_050g2_050g3_n1000_s00,0.021605240181088448,-0.21666929125785828
structural_all_o,seed_aligned,1,/weka/scratch/jhu/cpriebe1/MO/model-taxonomy/results/shared_cache/03_adapters/allenai--OLMo-2-0425-1B-Instruct/yahoo_000g1_025g2_075g3_n1000_s00_r16_i01_b5008_fea27ccee,yahoo_000g1_025g2_075g3_n1000_s00,-0.16075722873210907,-0.20818611979484558
structural_all_o,seed_aligned,1,/weka/scratch/jhu/cpriebe1/MO/model-taxonomy/results/shared_cache/03_adapters/allenai--OLMo-2-0425-1B-Instruct/yahoo_000g1_000g2_100g3_n1000_s00_r16_i01_b5008_fea27ccee,yahoo_000g1_000g2_100g3_n1000_s00,-0.33993226289749146,-0.18931007385253906
structural_all_o,seed_aligned,2,/weka/scratch/jhu/cpriebe1/MO/model-taxonomy/results/shared_cache/03_adapters/allenai--OLMo-2-0425-1B-Instruct/yahoo_100g1_000g2_000g3_n1000_s00_r16_i02_b5008_fea27ccee,yahoo_100g1_000g2_000g3_n1000_s00,-0.007100592367351055,0.3581942021846771
structural_all_o,seed_aligned,2,/weka/scratch/jhu/cpriebe1/MO/model-taxonomy/results/shared_cache/03_adapters/allenai--OLMo-2-0425-1B-Instruct/yahoo_075g1_025g2_000g3_n1000_s00_r16_i02_b5008_fea27ccee,yahoo_075g1_025g2_000g3_n1000_s00,0.08586437255144119,0.23821905255317688
structural_all_o,seed_aligned,2,/weka/scratch/jhu/cpriebe1/MO/model-taxonomy/results/shared_cache/03_adapters/allenai--OLMo-2-0425-1B-Instruct/yahoo_075g1_000g2_025g3_n1000_s00_r16_i02_b5008_fea27ccee,yahoo_075g1_000g2_025g3_n1000_s00,-0.09430685639381409,0.2545280158519745
structural_all_o,seed_aligned,2,/weka/scratch/jhu/cpriebe1/MO/model-taxonomy/results/shared_cache/03_adapters/allenai--OLMo-2-0425-1B-Instruct/yahoo_050g1_050g2_000g3_n1000_s00_r16_i02_b5008_fea27ccee,yahoo_050g1_050g2_000g3_n1000_s00,0.1934647411108017,0.10028325766324997
structural_all_o,seed_aligned,2,/weka/scratch/jhu/cpriebe1/MO/model-taxonomy/results/shared_cache/03_adapters/allenai--OLMo-2-0425-1B-Instruct/yahoo_050g1_025g2_025g3_n1000_s00_r16_i02_b5008_fea27ccee,yahoo_050g1_025g2_025g3_n1000_s00,0.018066110089421272,0.12001900374889374
structural_all_o,seed_aligned,2,/weka/scratch/jhu/cpriebe1/MO/model-taxonomy/results/shared_cache/03_adapters/allenai--OLMo-2-0425-1B-Instruct/yahoo_050g1_000g2_050g3_n1000_s00_r16_i02_b5008_fea27ccee,yahoo_050g1_000g2_050g3_n1000_s00,-0.18391625583171844,0.1138998419046402
structural_all_o,seed_aligned,2,/weka/scratch/jhu/cpriebe1/MO/model-taxonomy/results/shared_cache/03_adapters/allenai--OLMo-2-0425-1B-Instruct/yahoo_033g1_033g2_033g3_n1000_s00_r16_i02_b5008_fea27ccee,yahoo_033g1_033g2_033g3_n1000_s00,0.012597594410181046,0.00030252683791331947
structural_all_o,seed_aligned,2,/weka/scratch/jhu/cpriebe1/MO/model-taxonomy/results/shared_cache/03_adapters/allenai--OLMo-2-0425-1B-Instruct/yahoo_025g1_075g2_000g3_n1000_s00_r16_i02_b5008_fea27ccee,yahoo_025g1_075g2_000g3_n1000_s00,0.24591466784477234,-0.040652964264154434
structural_all_o,seed_aligned,2,/weka/scratch/jhu/cpriebe1/MO/model-taxonomy/results/shared_cache/03_adapters/allenai--OLMo-2-0425-1B-Instruct/yahoo_025g1_050g2_025g3_n1000_s00_r16_i02_b5008_fea27ccee,yahoo_025g1_050g2_025g3_n1000_s00,0.11591832339763641,-0.04906149581074715
structural_all_o,seed_aligned,2,/weka/scratch/jhu/cpriebe1/MO/model-taxonomy/results/shared_cache/03_adapters/allenai--OLMo-2-0425-1B-Instruct/yahoo_025g1_025g2_050g3_n1000_s00_r16_i02_b5008_fea27ccee,yahoo_025g1_025g2_050g3_n1000_s00,-0.08057107031345367,-0.05105204880237579
structural_all_o,seed_aligned,2,/weka/scratch/jhu/cpriebe1/MO/model-taxonomy/results/shared_cache/03_adapters/allenai--OLMo-2-0425-1B-Instruct/yahoo_025g1_000g2_075g3_n1000_s00_r16_i02_b5008_fea27ccee,yahoo_025g1_000g2_075g3_n1000_s00,-0.27085739374160767,-0.029073240235447884
structural_all_o,seed_aligned,2,/weka/scratch/jhu/cpriebe1/MO/model-taxonomy/results/shared_cache/03_adapters/allenai--OLMo-2-0425-1B-Instruct/yahoo_000g1_100g2_000g3_n1000_s00_r16_i02_b5008_fea27ccee,yahoo_000g1_100g2_000g3_n1000_s00,0.28576117753982544,-0.203375905752182
structural_all_o,seed_aligned,2,/weka/scratch/jhu/cpriebe1/MO/model-taxonomy/results/shared_cache/03_adapters/allenai--OLMo-2-0425-1B-Instruct/yahoo_000g1_075g2_025g3_n1000_s00_r16_i02_b5008_fea27ccee,yahoo_000g1_075g2_025g3_n1000_s00,0.16670912504196167,-0.20668944716453552
structural_all_o,seed_aligned,2,/weka/scratch/jhu/cpriebe1/MO/model-taxonomy/results/shared_cache/03_adapters/allenai--OLMo-2-0425-1B-Instruct/yahoo_000g1_050g2_050g3_n1000_s00_r16_i02_b5008_fea27ccee,yahoo_000g1_050g2_050g3_n1000_s00,0.022145478054881096,-0.21463601291179657
structural_all_o,seed_aligned,2,/weka/scratch/jhu/cpriebe1/MO/model-taxonomy/results/shared_cache/03_adapters/allenai--OLMo-2-0425-1B-Instruct/yahoo_000g1_025g2_075g3_n1000_s00_r16_i02_b5008_fea27ccee,yahoo_000g1_025g2_075g3_n1000_s00,-0.16510166227817535,-0.21206268668174744
structural_all_o,seed_aligned,2,/weka/scratch/jhu/cpriebe1/MO/model-taxonomy/results/shared_cache/03_adapters/allenai--OLMo-2-0425-1B-Instruct/yahoo_000g1_000g2_100g3_n1000_s00_r16_i02_b5008_fea27ccee,yahoo_000g1_000g2_100g3_n1000_s00,-0.3445877432823181,-0.17884206771850586
structural_all_o,seed_aligned,3,/weka/scratch/jhu/cpriebe1/MO/model-taxonomy/results/shared_cache/03_adapters/allenai--OLMo-2-0425-1B-Instruct/yahoo_100g1_000g2_000g3_n1000_s00_r16_i03_b5008_fea27ccee,yahoo_100g1_000g2_000g3_n1000_s00,-0.00272071803919971,0.3527540862560272
structural_all_o,seed_aligned,3,/weka/scratch/jhu/cpriebe1/MO/model-taxonomy/results/shared_cache/03_adapters/allenai--OLMo-2-0425-1B-Instruct/yahoo_075g1_025g2_000g3_n1000_s00_r16_i03_b5008_fea27ccee,yahoo_075g1_025g2_000g3_n1000_s00,0.08724212646484375,0.24193479120731354
structural_all_o,seed_aligned,3,/weka/scratch/jhu/cpriebe1/MO/model-taxonomy/results/shared_cache/03_adapters/allenai--OLMo-2-0425-1B-Instruct/yahoo_075g1_000g2_025g3_n1000_s00_r16_i03_b5008_fea27ccee,yahoo_075g1_000g2_025g3_n1000_s00,-0.09055297076702118,0.259378582239151
structural_all_o,seed_aligned,3,/weka/scratch/jhu/cpriebe1/MO/model-taxonomy/results/shared_cache/03_adapters/allenai--OLMo-2-0425-1B-Instruct/yahoo_050g1_050g2_000g3_n1000_s00_r16_i03_b5008_fea27ccee,yahoo_050g1_050g2_000g3_n1000_s00,0.18865348398685455,0.0958947241306305
structural_all_o,seed_aligned,3,/weka/scratch/jhu/cpriebe1/MO/model-taxonomy/results/shared_cache/03_adapters/allenai--OLMo-2-0425-1B-Instruct/yahoo_050g1_025g2_025g3_n1000_s00_r16_i03_b5008_fea27ccee,yahoo_050g1_025g2_025g3_n1000_s00,0.01779799908399582,0.11811958253383636
structural_all_o,seed_aligned,3,/weka/scratch/jhu/cpriebe1/MO/model-taxonomy/results/shared_cache/03_adapters/allenai--OLMo-2-0425-1B-Instruct/yahoo_050g1_000g2_050g3_n1000_s00_r16_i03_b5008_fea27ccee,yahoo_050g1_000g2_050g3_n1000_s00,-0.19105172157287598,0.11809656023979187
structural_all_o,seed_aligned,3,/weka/scratch/jhu/cpriebe1/MO/model-taxonomy/results/shared_cache/03_adapters/allenai--OLMo-2-0425-1B-Instruct/yahoo_033g1_033g2_033g3_n1000_s00_r16_i03_b5008_fea27ccee,yahoo_033g1_033g2_033g3_n1000_s00,0.011766781099140644,0.004994172137230635
structural_all_o,seed_aligned,3,/weka/scratch/jhu/cpriebe1/MO/model-taxonomy/results/shared_cache/03_adapters/allenai--OLMo-2-0425-1B-Instruct/yahoo_025g1_075g2_000g3_n1000_s00_r16_i03_b5008_fea27ccee,yahoo_025g1_075g2_000g3_n1000_s00,0.25125443935394287,-0.041219864040613174
structural_all_o,seed_aligned,3,/weka/scratch/jhu/cpriebe1/MO/model-taxonomy/results/shared_cache/03_adapters/allenai--OLMo-2-0425-1B-Instruct/yahoo_025g1_050g2_025g3_n1000_s00_r16_i03_b5008_fea27ccee,yahoo_025g1_050g2_025g3_n1000_s00,0.12026401609182358,-0.048424091190099716
structural_all_o,seed_aligned,3,/weka/scratch/jhu/cpriebe1/MO/model-taxonomy/results/shared_cache/03_adapters/allenai--OLMo-2-0425-1B-Instruct/yahoo_025g1_025g2_050g3_n1000_s00_r16_i03_b5008_fea27ccee,yahoo_025g1_025g2_050g3_n1000_s00,-0.08639924228191376,-0.05029480531811714
structural_all_o,seed_aligned,3,/weka/scratch/jhu/cpriebe1/MO/model-taxonomy/results/shared_cache/03_adapters/allenai--OLMo-2-0425-1B-Instruct/yahoo_025g1_000g2_075g3_n1000_s00_r16_i03_b5008_fea27ccee,yahoo_025g1_000g2_075g3_n1000_s00,-0.27563008666038513,-0.03183941915631294
structural_all_o,seed_aligned,3,/weka/scratch/jhu/cpriebe1/MO/model-taxonomy/results/shared_cache/03_adapters/allenai--OLMo-2-0425-1B-Instruct/yahoo_000g1_100g2_000g3_n1000_s00_r16_i03_b5008_fea27ccee,yahoo_000g1_100g2_000g3_n1000_s00,0.2816535234451294,-0.20375752449035645
structural_all_o,seed_aligned,3,/weka/scratch/jhu/cpriebe1/MO/model-taxonomy/results/shared_cache/03_adapters/allenai--OLMo-2-0425-1B-Instruct/yahoo_000g1_075g2_025g3_n1000_s00_r16_i03_b5008_fea27ccee,yahoo_000g1_075g2_025g3_n1000_s00,0.16506071388721466,-0.20740874111652374
structural_all_o,seed_aligned,3,/weka/scratch/jhu/cpriebe1/MO/model-taxonomy/results/shared_cache/03_adapters/allenai--OLMo-2-0425-1B-Instruct/yahoo_000g1_050g2_050g3_n1000_s00_r16_i03_b5008_fea27ccee,yahoo_000g1_050g2_050g3_n1000_s00,0.02085866592824459,-0.21244031190872192
structural_all_o,seed_aligned,3,/weka/scratch/jhu/cpriebe1/MO/model-taxonomy/results/shared_cache/03_adapters/allenai--OLMo-2-0425-1B-Instruct/yahoo_000g1_025g2_075g3_n1000_s00_r16_i03_b5008_fea27ccee,yahoo_000g1_025g2_075g3_n1000_s00,-0.15946811437606812,-0.21031081676483154
structural_all_o,seed_aligned,3,/weka/scratch/jhu/cpriebe1/MO/model-taxonomy/results/shared_cache/03_adapters/allenai--OLMo-2-0425-1B-Instruct/yahoo_000g1_000g2_100g3_n1000_s00_r16_i03_b5008_fea27ccee,yahoo_000g1_000g2_100g3_n1000_s00,-0.33872881531715393,-0.1854768693447113
structural_all_o,seed_aligned,4,/weka/scratch/jhu/cpriebe1/MO/model-taxonomy/results/shared_cache/03_adapters/allenai--OLMo-2-0425-1B-Instruct/yahoo_100g1_000g2_000g3_n1000_s00_r16_i04_b5008_fea27ccee,yahoo_100g1_000g2_000g3_n1000_s00,0.0006025403854437172,0.3562183678150177
structural_all_o,seed_aligned,4,/weka/scratch/jhu/cpriebe1/MO/model-taxonomy/results/shared_cache/03_adapters/allenai--OLMo-2-0425-1B-Instruct/yahoo_075g1_025g2_000g3_n1000_s00_r16_i04_b5008_fea27ccee,yahoo_075g1_025g2_000g3_n1000_s00,0.08815578371286392,0.24234962463378906
structural_all_o,seed_aligned,4,/weka/scratch/jhu/cpriebe1/MO/model-taxonomy/results/shared_cache/03_adapters/allenai--OLMo-2-0425-1B-Instruct/yahoo_075g1_000g2_025g3_n1000_s00_r16_i04_b5008_fea27ccee,yahoo_075g1_000g2_025g3_n1000_s00,-0.09324390441179276,0.2551674246788025
structural_all_o,seed_aligned,4,/weka/scratch/jhu/cpriebe1/MO/model-taxonomy/results/shared_cache/03_adapters/allenai--OLMo-2-0425-1B-Instruct/yahoo_050g1_050g2_000g3_n1000_s00_r16_i04_b5008_fea27ccee,yahoo_050g1_050g2_000g3_n1000_s00,0.1912403702735901,0.0950922816991806
structural_all_o,seed_aligned,4,/weka/scratch/jhu/cpriebe1/MO/model-taxonomy/results/shared_cache/03_adapters/allenai--OLMo-2-0425-1B-Instruct/yahoo_050g1_025g2_025g3_n1000_s00_r16_i04_b5008_fea27ccee,yahoo_050g1_025g2_025g3_n1000_s00,0.013073067180812359,0.12049590796232224
structural_all_o,seed_aligned,4,/weka/scratch/jhu/cpriebe1/MO/model-taxonomy/results/shared_cache/03_adapters/allenai--OLMo-2-0425-1B-Instruct/yahoo_050g1_000g2_050g3_n1000_s00_r16_i04_b5008_fea27ccee,yahoo_050g1_000g2_050g3_n1000_s00,-0.18658317625522614,0.11554601043462753
structural_all_o,seed_aligned,4,/weka/scratch/jhu/cpriebe1/MO/model-taxonomy/results/shared_cache/03_adapters/allenai--OLMo-2-0425-1B-Instruct/yahoo_033g1_033g2_033g3_n1000_s00_r16_i04_b5008_fea27ccee,yahoo_033g1_033g2_033g3_n1000_s00,0.011972647160291672,0.0025626439601182938
structural_all_o,seed_aligned,4,/weka/scratch/jhu/cpriebe1/MO/model-taxonomy/results/shared_cache/03_adapters/allenai--OLMo-2-0425-1B-Instruct/yahoo_025g1_075g2_000g3_n1000_s00_r16_i04_b5008_fea27ccee,yahoo_025g1_075g2_000g3_n1000_s00,0.24790416657924652,-0.038006000220775604
structural_all_o,seed_aligned,4,/weka/scratch/jhu/cpriebe1/MO/model-taxonomy/results/shared_cache/03_adapters/allenai--OLMo-2-0425-1B-Instruct/yahoo_025g1_050g2_025g3_n1000_s00_r16_i04_b5008_fea27ccee,yahoo_025g1_050g2_025g3_n1000_s00,0.1169435977935791,-0.04916511848568916
structural_all_o,seed_aligned,4,/weka/scratch/jhu/cpriebe1/MO/model-taxonomy/results/shared_cache/03_adapters/allenai--OLMo-2-0425-1B-Instruct/yahoo_025g1_025g2_050g3_n1000_s00_r16_i04_b5008_fea27ccee,yahoo_025g1_025g2_050g3_n1000_s00,-0.08691655844449997,-0.04846877232193947
structural_all_o,seed_aligned,4,/weka/scratch/jhu/cpriebe1/MO/model-taxonomy/results/shared_cache/03_adapters/allenai--OLMo-2-0425-1B-Instruct/yahoo_025g1_000g2_075g3_n1000_s00_r16_i04_b5008_fea27ccee,yahoo_025g1_000g2_075g3_n1000_s00,-0.2720479667186737,-0.03263522684574127
structural_all_o,seed_aligned,4,/weka/scratch/jhu/cpriebe1/MO/model-taxonomy/results/shared_cache/03_adapters/allenai--OLMo-2-0425-1B-Instruct/yahoo_000g1_100g2_000g3_n1000_s00_r16_i04_b5008_fea27ccee,yahoo_000g1_100g2_000g3_n1000_s00,0.2849251627922058,-0.20230695605278015
structural_all_o,seed_aligned,4,/weka/scratch/jhu/cpriebe1/MO/model-taxonomy/results/shared_cache/03_adapters/allenai--OLMo-2-0425-1B-Instruct/yahoo_000g1_075g2_025g3_n1000_s00_r16_i04_b5008_fea27ccee,yahoo_000g1_075g2_025g3_n1000_s00,0.16572943329811096,-0.2077590674161911
structural_all_o,seed_aligned,4,/weka/scratch/jhu/cpriebe1/MO/model-taxonomy/results/shared_cache/03_adapters/allenai--OLMo-2-0425-1B-Instruct/yahoo_000g1_050g2_050g3_n1000_s00_r16_i04_b5008_fea27ccee,yahoo_000g1_050g2_050g3_n1000_s00,0.021412257105112076,-0.21480631828308105
structural_all_o,seed_aligned,4,/weka/scratch/jhu/cpriebe1/MO/model-taxonomy/results/shared_cache/03_adapters/allenai--OLMo-2-0425-1B-Instruct/yahoo_000g1_025g2_075g3_n1000_s00_r16_i04_b5008_fea27ccee,yahoo_000g1_025g2_075g3_n1000_s00,-0.16193513572216034,-0.210990309715271
structural_all_o,seed_aligned,4,/weka/scratch/jhu/cpriebe1/MO/model-taxonomy/results/shared_cache/03_adapters/allenai--OLMo-2-0425-1B-Instruct/yahoo_000g1_000g2_100g3_n1000_s00_r16_i04_b5008_fea27ccee,yahoo_000g1_000g2_100g3_n1000_s00,-0.3412322998046875,-0.18329448997974396
structural_all_o,seed_aligned,5,/weka/scratch/jhu/cpriebe1/MO/model-taxonomy/results/shared_cache/03_adapters/allenai--OLMo-2-0425-1B-Instruct/yahoo_100g1_000g2_000g3_n1000_s00_r16_i05_b5008_fea27ccee,yahoo_100g1_000g2_000g3_n1000_s00,0.0004405696236062795,0.35424184799194336
structural_all_o,seed_aligned,5,/weka/scratch/jhu/cpriebe1/MO/model-taxonomy/results/shared_cache/03_adapters/allenai--OLMo-2-0425-1B-Instruct/yahoo_075g1_025g2_000g3_n1000_s00_r16_i05_b5008_fea27ccee,yahoo_075g1_025g2_000g3_n1000_s00,0.08751892298460007,0.23509618639945984
structural_all_o,seed_aligned,5,/weka/scratch/jhu/cpriebe1/MO/model-taxonomy/results/shared_cache/03_adapters/allenai--OLMo-2-0425-1B-Instruct/yahoo_075g1_000g2_025g3_n1000_s00_r16_i05_b5008_fea27ccee,yahoo_075g1_000g2_025g3_n1000_s00,-0.08953994512557983,0.25504618883132935
structural_all_o,seed_aligned,5,/weka/scratch/jhu/cpriebe1/MO/model-taxonomy/results/shared_cache/03_adapters/allenai--OLMo-2-0425-1B-Instruct/yahoo_050g1_050g2_000g3_n1000_s00_r16_i05_b5008_fea27ccee,yahoo_050g1_050g2_000g3_n1000_s00,0.18737606704235077,0.09775028377771378
structural_all_o,seed_aligned,5,/weka/scratch/jhu/cpriebe1/MO/model-taxonomy/results/shared_cache/03_adapters/allenai--OLMo-2-0425-1B-Instruct/yahoo_050g1_025g2_025g3_n1000_s00_r16_i05_b5008_fea27ccee,yahoo_050g1_025g2_025g3_n1000_s00,0.013153253123164177,0.11564099788665771
structural_all_o,seed_aligned,5,/weka/scratch/jhu/cpriebe1/MO/model-taxonomy/results/shared_cache/03_adapters/allenai--OLMo-2-0425-1B-Instruct/yahoo_050g1_000g2_050g3_n1000_s00_r16_i05_b5008_fea27ccee,yahoo_050g1_000g2_050g3_n1000_s00,-0.1909937560558319,0.1198643147945404
structural_all_o,seed_aligned,5,/weka/scratch/jhu/cpriebe1/MO/model-taxonomy/results/shared_cache/03_adapters/allenai--OLMo-2-0425-1B-Instruct/yahoo_033g1_033g2_033g3_n1000_s00_r16_i05_b5008_fea27ccee,yahoo_033g1_033g2_033g3_n1000_s00,0.010260104201734066,-8.561580762034282e-05
structural_all_o,seed_aligned,5,/weka/scratch/jhu/cpriebe1/MO/model-taxonomy/results/shared_cache/03_adapters/allenai--OLMo-2-0425-1B-Instruct/yahoo_025g1_075g2_000g3_n1000_s00_r16_i05_b5008_fea27ccee,yahoo_025g1_075g2_000g3_n1000_s00,0.2555553913116455,-0.03531098738312721
structural_all_o,seed_aligned,5,/weka/scratch/jhu/cpriebe1/MO/model-taxonomy/results/shared_cache/03_adapters/allenai--OLMo-2-0425-1B-Instruct/yahoo_025g1_050g2_025g3_n1000_s00_r16_i05_b5008_fea27ccee,yahoo_025g1_050g2_025g3_n1000_s00,0.12440658360719681,-0.042797576636075974
structural_all_o,seed_aligned,5,/weka/scratch/jhu/cpriebe1/MO/model-taxonomy/results/shared_cache/03_adapters/allenai--OLMo-2-0425-1B-Instruct/yahoo_025g1_025g2_050g3_n1000_s00_r16_i05_b5008_fea27ccee,yahoo_025g1_025g2_050g3_n1000_s00,-0.08674740046262741,-0.044161804020404816
structural_all_o,seed_aligned,5,/weka/scratch/jhu/cpriebe1/MO/model-taxonomy/results/shared_cache/03_adapters/allenai--OLMo-2-0425-1B-Instruct/yahoo_025g1_000g2_075g3_n1000_s00_r16_i05_b5008_fea27ccee,yahoo_025g1_000g2_075g3_n1000_s00,-0.27447858452796936,-0.029149286448955536
structural_all_o,seed_aligned,5,/weka/scratch/jhu/cpriebe1/MO/model-taxonomy/results/shared_cache/03_adapters/allenai--OLMo-2-0425-1B-Instruct/yahoo_000g1_100g2_000g3_n1000_s00_r16_i05_b5008_fea27ccee,yahoo_000g1_100g2_000g3_n1000_s00,0.2819068431854248,-0.20454198122024536
structural_all_o,seed_aligned,5,/weka/scratch/jhu/cpriebe1/MO/model-taxonomy/results/shared_cache/03_adapters/allenai--OLMo-2-0425-1B-Instruct/yahoo_000g1_075g2_025g3_n1000_s00_r16_i05_b5008_fea27ccee,yahoo_000g1_075g2_025g3_n1000_s00,0.16511473059654236,-0.2069464474916458
structural_all_o,seed_aligned,5,/weka/scratch/jhu/cpriebe1/MO/model-taxonomy/results/shared_cache/03_adapters/allenai--OLMo-2-0425-1B-Instruct/yahoo_000g1_050g2_050g3_n1000_s00_r16_i05_b5008_fea27ccee,yahoo_000g1_050g2_050g3_n1000_s00,0.018160877749323845,-0.2141840159893036
structural_all_o,seed_aligned,5,/weka/scratch/jhu/cpriebe1/MO/model-taxonomy/results/shared_cache/03_adapters/allenai--OLMo-2-0425-1B-Instruct/yahoo_000g1_025g2_075g3_n1000_s00_r16_i05_b5008_fea27ccee,yahoo_000g1_025g2_075g3_n1000_s00,-0.1634467989206314,-0.21165010333061218
structural_all_o,seed_aligned,5,/weka/scratch/jhu/cpriebe1/MO/model-taxonomy/results/shared_cache/03_adapters/allenai--OLMo-2-0425-1B-Instruct/yahoo_000g1_000g2_100g3_n1000_s00_r16_i05_b5008_fea27ccee,yahoo_000g1_000g2_100g3_n1000_s00,-0.33868685364723206,-0.1888119876384735
structural_all_o,seed_aligned,6,/weka/scratch/jhu/cpriebe1/MO/model-taxonomy/results/shared_cache/03_adapters/allenai--OLMo-2-0425-1B-Instruct/yahoo_100g1_000g2_000g3_n1000_s00_r16_i06_b5008_fea27ccee,yahoo_100g1_000g2_000g3_n1000_s00,-0.000979384989477694,0.35283809900283813
structural_all_o,seed_aligned,6,/weka/scratch/jhu/cpriebe1/MO/model-taxonomy/results/shared_cache/03_adapters/allenai--OLMo-2-0425-1B-Instruct/yahoo_075g1_025g2_000g3_n1000_s00_r16_i06_b5008_fea27ccee,yahoo_075g1_025g2_000g3_n1000_s00,0.08575285226106644,0.2426048219203949
structural_all_o,seed_aligned,6,/weka/scratch/jhu/cpriebe1/MO/model-taxonomy/results/shared_cache/03_adapters/allenai--OLMo-2-0425-1B-Instruct/yahoo_075g1_000g2_025g3_n1000_s00_r16_i06_b5008_fea27ccee,yahoo_075g1_000g2_025g3_n1000_s00,-0.09227000176906586,0.25898808240890503
structural_all_o,seed_aligned,6,/weka/scratch/jhu/cpriebe1/MO/model-taxonomy/results/shared_cache/03_adapters/allenai--OLMo-2-0425-1B-Instruct/yahoo_050g1_050g2_000g3_n1000_s00_r16_i06_b5008_fea27ccee,yahoo_050g1_050g2_000g3_n1000_s00,0.18999506533145905,0.09591099619865417
structural_all_o,seed_aligned,6,/weka/scratch/jhu/cpriebe1/MO/model-taxonomy/results/shared_cache/03_adapters/allenai--OLMo-2-0425-1B-Instruct/yahoo_050g1_025g2_025g3_n1000_s00_r16_i06_b5008_fea27ccee,yahoo_050g1_025g2_025g3_n1000_s00,0.01707279495894909,0.11519098281860352
structural_all_o,seed_aligned,6,/weka/scratch/jhu/cpriebe1/MO/model-taxonomy/results/shared_cache/03_adapters/allenai--OLMo-2-0425-1B-Instruct/yahoo_050g1_000g2_050g3_n1000_s00_r16_i06_b5008_fea27ccee,yahoo_050g1_000g2_050g3_n1000_s00,-0.18787781894207,0.11848072707653046
structural_all_o,seed_aligned,6,/weka/scratch/jhu/cpriebe1/MO/model-taxonomy/results/shared_cache/03_adapters/allenai--OLMo-2-0425-1B-Instruct/yahoo_033g1_033g2_033g3_n1000_s00_r16_i06_b5008_fea27ccee,yahoo_033g1_033g2_033g3_n1000_s00,0.010423925705254078,0.00048639127635397017
structural_all_o,seed_aligned,6,/weka/scratch/jhu/cpriebe1/MO/model-taxonomy/results/shared_cache/03_adapters/allenai--OLMo-2-0425-1B-Instruct/yahoo_025g1_075g2_000g3_n1000_s00_r16_i06_b5008_fea27ccee,yahoo_025g1_075g2_000g3_n1000_s00,0.24990610778331757,-0.03759392723441124
structural_all_o,seed_aligned,6,/weka/scratch/jhu/cpriebe1/MO/model-taxonomy/results/shared_cache/03_adapters/allenai--OLMo-2-0425-1B-Instruct/yahoo_025g1_050g2_025g3_n1000_s00_r16_i06_b5008_fea27ccee,yahoo_025g1_050g2_025g3_n1000_s00,0.11628466844558716,-0.04935766011476517
structural_all_o,seed_aligned,6,/weka/scratch/jhu/cpriebe1/MO/model-taxonomy/results/shared_cache/03_adapters/allenai--OLMo-2-0425-1B-Instruct/yahoo_025g1_025g2_050g3_n1000_s00_r16_i06_b5008_fea27ccee,yahoo_025g1_025g2_050g3_n1000_s00,-0.08884585648775101,-0.04731224477291107
structural_all_o,seed_aligned,6,/weka/scratch/jhu/cpriebe1/MO/model-taxonomy/results/shared_cache/03_adapters/allenai--OLMo-2-0425-1B-Instruct/yahoo_025g1_000g2_075g3_n1000_s00_r16_i06_b5008_fea27ccee,yahoo_025g1_000g2_075g3_n1000_s00,-0.27029919624328613,-0.03354649618268013
structural_all_o,seed_aligned,6,/weka/scratch/jhu/cpriebe1/MO/model-taxonomy/results/shared_cache/03_adapters/allenai--OLMo-2-0425-1B-Instruct/yahoo_000g1_100g2_000g3_n1000_s00_r16_i06_b5008_fea27ccee,yahoo_000g1_100g2_000g3_n1000_s00,0.2865549325942993,-0.19880102574825287
structural_all_o,seed_aligned,6,/weka/scratch/jhu/cpriebe1/MO/model-taxonomy/results/shared_cache/03_adapters/allenai--OLMo-2-0425-1B-Instruct/yahoo_000g1_075g2_025g3_n1000_s00_r16_i06_b5008_fea27ccee,yahoo_000g1_075g2_025g3_n1000_s00,0.1668594628572464,-0.2113635241985321
structural_all_o,seed_aligned,6,/weka/scratch/jhu/cpriebe1/MO/model-taxonomy/results/shared_cache/03_adapters/allenai--OLMo-2-0425-1B-Instruct/yahoo_000g1_050g2_050g3_n1000_s00_r16_i06_b5008_fea27ccee,yahoo_000g1_050g2_050g3_n1000_s00,0.02065359801054001,-0.21318978071212769
structural_all_o,seed_aligned,6,/weka/scratch/jhu/cpriebe1/MO/model-taxonomy/results/shared_cache/03_adapters/allenai--OLMo-2-0425-1B-Instruct/yahoo_000g1_025g2_075g3_n1000_s00_r16_i06_b5008_fea27ccee,yahoo_000g1_025g2_075g3_n1000_s00,-0.16080202162265778,-0.21452417969703674
structural_all_o,seed_aligned,6,/weka/scratch/jhu/cpriebe1/MO/model-taxonomy/results/shared_cache/03_adapters/allenai--OLMo-2-0425-1B-Instruct/yahoo_000g1_000g2_100g3_n1000_s00_r16_i06_b5008_fea27ccee,yahoo_000g1_000g2_100g3_n1000_s00,-0.34242910146713257,-0.17881126701831818
structural_all_o,seed_aligned,7,/weka/scratch/jhu/cpriebe1/MO/model-taxonomy/results/shared_cache/03_adapters/allenai--OLMo-2-0425-1B-Instruct/yahoo_100g1_000g2_000g3_n1000_s00_r16_i07_b5008_fea27ccee,yahoo_100g1_000g2_000g3_n1000_s00,-0.0015712095191702247,0.3564900755882263
structural_all_o,seed_aligned,7,/weka/scratch/jhu/cpriebe1/MO/model-taxonomy/results/shared_cache/03_adapters/allenai--OLMo-2-0425-1B-Instruct/yahoo_075g1_025g2_000g3_n1000_s00_r16_i07_b5008_fea27ccee,yahoo_075g1_025g2_000g3_n1000_s00,0.08852703124284744,0.24048881232738495
structural_all_o,seed_aligned,7,/weka/scratch/jhu/cpriebe1/MO/model-taxonomy/results/shared_cache/03_adapters/allenai--OLMo-2-0425-1B-Instruct/yahoo_075g1_000g2_025g3_n1000_s00_r16_i07_b5008_fea27ccee,yahoo_075g1_000g2_025g3_n1000_s00,-0.09296145290136337,0.2602212429046631
structural_all_o,seed_aligned,7,/weka/scratch/jhu/cpriebe1/MO/model-taxonomy/results/shared_cache/03_adapters/allenai--OLMo-2-0425-1B-Instruct/yahoo_050g1_050g2_000g3_n1000_s00_r16_i07_b5008_fea27ccee,yahoo_050g1_050g2_000g3_n1000_s00,0.19178593158721924,0.09447388350963593
structural_all_o,seed_aligned,7,/weka/scratch/jhu/cpriebe1/MO/model-taxonomy/results/shared_cache/03_adapters/allenai--OLMo-2-0425-1B-Instruct/yahoo_050g1_025g2_025g3_n1000_s00_r16_i07_b5008_fea27ccee,yahoo_050g1_025g2_025g3_n1000_s00,0.011886564083397388,0.11740173399448395
structural_all_o,seed_aligned,7,/weka/scratch/jhu/cpriebe1/MO/model-taxonomy/results/shared_cache/03_adapters/allenai--OLMo-2-0425-1B-Instruct/yahoo_050g1_000g2_050g3_n1000_s00_r16_i07_b5008_fea27ccee,yahoo_050g1_000g2_050g3_n1000_s00,-0.18810321390628815,0.11714281141757965
structural_all_o,seed_aligned,7,/weka/scratch/jhu/cpriebe1/MO/model-taxonomy/results/shared_cache/03_adapters/allenai--OLMo-2-0425-1B-Instruct/yahoo_033g1_033g2_033g3_n1000_s00_r16_i07_b5008_fea27ccee,yahoo_033g1_033g2_033g3_n1000_s00,0.011896469630300999,-0.0004771737440023571
structural_all_o,seed_aligned,7,/weka/scratch/jhu/cpriebe1/MO/model-taxonomy/results/shared_cache/03_adapters/allenai--OLMo-2-0425-1B-Instruct/yahoo_025g1_075g2_000g3_n1000_s00_r16_i07_b5008_fea27ccee,yahoo_025g1_075g2_000g3_n1000_s00,0.24378494918346405,-0.04213599115610123
structural_all_o,seed_aligned,7,/weka/scratch/jhu/cpriebe1/MO/model-taxonomy/results/shared_cache/03_adapters/allenai--OLMo-2-0425-1B-Instruct/yahoo_025g1_050g2_025g3_n1000_s00_r16_i07_b5008_fea27ccee,yahoo_025g1_050g2_025g3_n1000_s00,0.11397182941436768,-0.04951740801334381
structural_all_o,seed_aligned,7,/weka/scratch/jhu/cpriebe1/MO/model-taxonomy/results/shared_cache/03_adapters/allenai--OLMo-2-0425-1B-Instruct/yahoo_025g1_025g2_050g3_n1000_s00_r16_i07_b5008_fea27ccee,yahoo_025g1_025g2_050g3_n1000_s00,-0.08334799110889435,-0.05024699121713638
structural_all_o,seed_aligned,7,/weka/scratch/jhu/cpriebe1/MO/model-taxonomy/results/shared_cache/03_adapters/allenai--OLMo-2-0425-1B-Instruct/yahoo_025g1_000g2_075g3_n1000_s00_r16_i07_b5008_fea27ccee,yahoo_025g1_000g2_075g3_n1000_s00,-0.2731822729110718,-0.028303122147917747
structural_all_o,seed_aligned,7,/weka/scratch/jhu/cpriebe1/MO/model-taxonomy/results/shared_cache/03_adapters/allenai--OLMo-2-0425-1B-Instruct/yahoo_000g1_100g2_000g3_n1000_s00_r16_i07_b5008_fea27ccee,yahoo_000g1_100g2_000g3_n1000_s00,0.2868267893791199,-0.199672669172287
structural_all_o,seed_aligned,7,/weka/scratch/jhu/cpriebe1/MO/model-taxonomy/results/shared_cache/03_adapters/allenai--OLMo-2-0425-1B-Instruct/yahoo_000g1_075g2_025g3_n1000_s00_r16_i07_b5008_fea27ccee,yahoo_000g1_075g2_025g3_n1000_s00,0.16838012635707855,-0.207685649394989
structural_all_o,seed_aligned,7,/weka/scratch/jhu/cpriebe1/MO/model-taxonomy/results/shared_cache/03_adapters/allenai--OLMo-2-0425-1B-Instruct/yahoo_000g1_050g2_050g3_n1000_s00_r16_i07_b5008_fea27ccee,yahoo_000g1_050g2_050g3_n1000_s00,0.02394108846783638,-0.21480107307434082
structural_all_o,seed_aligned,7,/weka/scratch/jhu/cpriebe1/MO/model-taxonomy/results/shared_cache/03_adapters/allenai--OLMo-2-0425-1B-Instruct/yahoo_000g1_025g2_075g3_n1000_s00_r16_i07_b5008_fea27ccee,yahoo_000g1_025g2_075g3_n1000_s00,-0.16039814054965973,-0.2094447910785675
structural_all_o,seed_aligned,7,/weka/scratch/jhu/cpriebe1/MO/model-taxonomy/results/shared_cache/03_adapters/allenai--OLMo-2-0425-1B-Instruct/yahoo_000g1_000g2_100g3_n1000_s00_r16_i07_b5008_fea27ccee,yahoo_000g1_000g2_100g3_n1000_s00,-0.3414364755153656,-0.18393373489379883
structural_all_o,seed_aligned,8,/weka/scratch/jhu/cpriebe1/MO/model-taxonomy/results/shared_cache/03_adapters/allenai--OLMo-2-0425-1B-Instruct/yahoo_100g1_000g2_000g3_n1000_s00_r16_i08_b5008_fea27ccee,yahoo_100g1_000g2_000g3_n1000_s00,0.0008113661897368729,0.35553303360939026
structural_all_o,seed_aligned,8,/weka/scratch/jhu/cpriebe1/MO/model-taxonomy/results/shared_cache/03_adapters/allenai--OLMo-2-0425-1B-Instruct/yahoo_075g1_025g2_000g3_n1000_s00_r16_i08_b5008_fea27ccee,yahoo_075g1_025g2_000g3_n1000_s00,0.08823049813508987,0.24327053129673004
structural_all_o,seed_aligned,8,/weka/scratch/jhu/cpriebe1/MO/model-taxonomy/results/shared_cache/03_adapters/allenai--OLMo-2-0425-1B-Instruct/yahoo_075g1_000g2_025g3_n1000_s00_r16_i08_b5008_fea27ccee,yahoo_075g1_000g2_025g3_n1000_s00,-0.09009383618831635,0.2624723017215729
structural_all_o,seed_aligned,8,/weka/scratch/jhu/cpriebe1/MO/model-taxonomy/results/shared_cache/03_adapters/allenai--OLMo-2-0425-1B-Instruct/yahoo_050g1_050g2_000g3_n1000_s00_r16_i08_b5008_fea27ccee,yahoo_050g1_050g2_000g3_n1000_s00,0.1924581378698349,0.09122605621814728
structural_all_o,seed_aligned,8,/weka/scratch/jhu/cpriebe1/MO/model-taxonomy/results/shared_cache/03_adapters/allenai--OLMo-2-0425-1B-Instruct/yahoo_050g1_025g2_025g3_n1000_s00_r16_i08_b5008_fea27ccee,yahoo_050g1_025g2_025g3_n1000_s00,0.018435528501868248,0.11352718621492386
structural_all_o,seed_aligned,8,/weka/scratch/jhu/cpriebe1/MO/model-taxonomy/results/shared_cache/03_adapters/allenai--OLMo-2-0425-1B-Instruct/yahoo_050g1_000g2_050g3_n1000_s00_r16_i08_b5008_fea27ccee,yahoo_050g1_000g2_050g3_n1000_s00,-0.18699568510055542,0.1165815219283104
structural_all_o,seed_aligned,8,/weka/scratch/jhu/cpriebe1/MO/model-taxonomy/results/shared_cache/03_adapters/allenai--OLMo-2-0425-1B-Instruct/yahoo_033g1_033g2_033g3_n1000_s00_r16_i08_b5008_fea27ccee,yahoo_033g1_033g2_033g3_n1000_s00,0.0038275306578725576,0.0021725562401115894
structural_all_o,seed_aligned,8,/weka/scratch/jhu/cpriebe1/MO/model-taxonomy/results/shared_cache/03_adapters/allenai--OLMo-2-0425-1B-Instruct/yahoo_025g1_075g2_000g3_n1000_s00_r16_i08_b5008_fea27ccee,yahoo_025g1_075g2_000g3_n1000_s00,0.2471262514591217,-0.0359659381210804
structural_all_o,seed_aligned,8,/weka/scratch/jhu/cpriebe1/MO/model-taxonomy/results/shared_cache/03_adapters/allenai--OLMo-2-0425-1B-Instruct/yahoo_025g1_050g2_025g3_n1000_s00_r16_i08_b5008_fea27ccee,yahoo_025g1_050g2_025g3_n1000_s00,0.11547799408435822,-0.05086670443415642
structural_all_o,seed_aligned,8,/weka/scratch/jhu/cpriebe1/MO/model-taxonomy/results/shared_cache/03_adapters/allenai--OLMo-2-0425-1B-Instruct/yahoo_025g1_025g2_050g3_n1000_s00_r16_i08_b5008_fea27ccee,yahoo_025g1_025g2_050g3_n1000_s00,-0.08584018796682358,-0.044931601732969284
structural_all_o,seed_aligned,8,/weka/scratch/jhu/cpriebe1/MO/model-taxonomy/results/shared_cache/03_adapters/allenai--OLMo-2-0425-1B-Instruct/yahoo_025g1_000g2_075g3_n1000_s00_r16_i08_b5008_fea27ccee,yahoo_025g1_000g2_075g3_n1000_s00,-0.2766469120979309,-0.03193962574005127
structural_all_o,seed_aligned,8,/weka/scratch/jhu/cpriebe1/MO/model-taxonomy/results/shared_cache/03_adapters/allenai--OLMo-2-0425-1B-Instruct/yahoo_000g1_100g2_000g3_n1000_s00_r16_i08_b5008_fea27ccee,yahoo_000g1_100g2_000g3_n1000_s00,0.2830392122268677,-0.1985323429107666
structural_all_o,seed_aligned,8,/weka/scratch/jhu/cpriebe1/MO/model-taxonomy/results/shared_cache/03_adapters/allenai--OLMo-2-0425-1B-Instruct/yahoo_000g1_075g2_025g3_n1000_s00_r16_i08_b5008_fea27ccee,yahoo_000g1_075g2_025g3_n1000_s00,0.1688447892665863,-0.20934996008872986
structural_all_o,seed_aligned,8,/weka/scratch/jhu/cpriebe1/MO/model-taxonomy/results/shared_cache/03_adapters/allenai--OLMo-2-0425-1B-Instruct/yahoo_000g1_050g2_050g3_n1000_s00_r16_i08_b5008_fea27ccee,yahoo_000g1_050g2_050g3_n1000_s00,0.019231131300330162,-0.21367478370666504
structural_all_o,seed_aligned,8,/weka/scratch/jhu/cpriebe1/MO/model-taxonomy/results/shared_cache/03_adapters/allenai--OLMo-2-0425-1B-Instruct/yahoo_000g1_025g2_075g3_n1000_s00_r16_i08_b5008_fea27ccee,yahoo_000g1_025g2_075g3_n1000_s00,-0.1619454026222229,-0.2099338173866272
structural_all_o,seed_aligned,8,/weka/scratch/jhu/cpriebe1/MO/model-taxonomy/results/shared_cache/03_adapters/allenai--OLMo-2-0425-1B-Instruct/yahoo_000g1_000g2_100g3_n1000_s00_r16_i08_b5008_fea27ccee,yahoo_000g1_000g2_100g3_n1000_s00,-0.33596041798591614,-0.18958841264247894
structural_all_o,seed_aligned,9,/weka/scratch/jhu/cpriebe1/MO/model-taxonomy/results/shared_cache/03_adapters/allenai--OLMo-2-0425-1B-Instruct/yahoo_100g1_000g2_000g3_n1000_s00_r16_i09_b5008_fea27ccee,yahoo_100g1_000g2_000g3_n1000_s00,0.0016030868282541633,0.3543749749660492
structural_all_o,seed_aligned,9,/weka/scratch/jhu/cpriebe1/MO/model-taxonomy/results/shared_cache/03_adapters/allenai--OLMo-2-0425-1B-Instruct/yahoo_075g1_025g2_000g3_n1000_s00_r16_i09_b5008_fea27ccee,yahoo_075g1_025g2_000g3_n1000_s00,0.08806449919939041,0.23923376202583313
structural_all_o,seed_aligned,9,/weka/scratch/jhu/cpriebe1/MO/model-taxonomy/results/shared_cache/03_adapters/allenai--OLMo-2-0425-1B-Instruct/yahoo_075g1_000g2_025g3_n1000_s00_r16_i09_b5008_fea27ccee,yahoo_075g1_000g2_025g3_n1000_s00,-0.08872316777706146,0.2593063712120056
structural_all_o,seed_aligned,9,/weka/scratch/jhu/cpriebe1/MO/model-taxonomy/results/shared_cache/03_adapters/allenai--OLMo-2-0425-1B-Instruct/yahoo_050g1_050g2_000g3_n1000_s00_r16_i09_b5008_fea27ccee,yahoo_050g1_050g2_000g3_n1000_s00,0.1895618736743927,0.10156531631946564
structural_all_o,seed_aligned,9,/weka/scratch/jhu/cpriebe1/MO/model-taxonomy/results/shared_cache/03_adapters/allenai--OLMo-2-0425-1B-Instruct/yahoo_050g1_025g2_025g3_n1000_s00_r16_i09_b5008_fea27ccee,yahoo_050g1_025g2_025g3_n1000_s00,0.014321322552859783,0.11655748635530472
structural_all_o,seed_aligned,9,/weka/scratch/jhu/cpriebe1/MO/model-taxonomy/results/shared_cache/03_adapters/allenai--OLMo-2-0425-1B-Instruct/yahoo_050g1_000g2_050g3_n1000_s00_r16_i09_b5008_fea27ccee,yahoo_050g1_000g2_050g3_n1000_s00,-0.19212955236434937,0.1171954870223999
structural_all_o,seed_aligned,9,/weka/scratch/jhu/cpriebe1/MO/model-taxonomy/results/shared_cache/03_adapters/allenai--OLMo-2-0425-1B-Instruct/yahoo_033g1_033g2_033g3_n1000_s00_r16_i09_b5008_fea27ccee,yahoo_033g1_033g2_033g3_n1000_s00,0.008721806108951569,0.002909462433308363
structural_all_o,seed_aligned,9,/weka/scratch/jhu/cpriebe1/MO/model-taxonomy/results/shared_cache/03_adapters/allenai--OLMo-2-0425-1B-Instruct/yahoo_025g1_075g2_000g3_n1000_s00_r16_i09_b5008_fea27ccee,yahoo_025g1_075g2_000g3_n1000_s00,0.24822287261486053,-0.035210106521844864
structural_all_o,seed_aligned,9,/weka/scratch/jhu/cpriebe1/MO/model-taxonomy/results/shared_cache/03_adapters/allenai--OLMo-2-0425-1B-Instruct/yahoo_025g1_050g2_025g3_n1000_s00_r16_i09_b5008_fea27ccee,yahoo_025g1_050g2_025g3_n1000_s00,0.11341600120067596,-0.04614969715476036
structural_all_o,seed_aligned,9,/weka/scratch/jhu/cpriebe1/MO/model-taxonomy/results/shared_cache/03_adapters/allenai--OLMo-2-0425-1B-Instruct/yahoo_025g1_025g2_050g3_n1000_s00_r16_i09_b5008_fea27ccee,yahoo_025g1_025g2_050g3_n1000_s00,-0.08712587505578995,-0.04647817835211754
structural_all_o,seed_aligned,9,/weka/scratch/jhu/cpriebe1/MO/model-taxonomy/results/shared_cache/03_adapters/allenai--OLMo-2-0425-1B-Instruct/yahoo_025g1_000g2_075g3_n1000_s00_r16_i09_b5008_fea27ccee,yahoo_025g1_000g2_075g3_n1000_s00,-0.27210578322410583,-0.03312039002776146
structural_all_o,seed_aligned,9,/weka/scratch/jhu/cpriebe1/MO/model-taxonomy/results/shared_cache/03_adapters/allenai--OLMo-2-0425-1B-Instruct/yahoo_000g1_100g2_000g3_n1000_s00_r16_i09_b5008_fea27ccee,yahoo_000g1_100g2_000g3_n1000_s00,0.2849147617816925,-0.20543210208415985
structural_all_o,seed_aligned,9,/weka/scratch/jhu/cpriebe1/MO/model-taxonomy/results/shared_cache/03_adapters/allenai--OLMo-2-0425-1B-Instruct/yahoo_000g1_075g2_025g3_n1000_s00_r16_i09_b5008_fea27ccee,yahoo_000g1_075g2_025g3_n1000_s00,0.16631866991519928,-0.21425965428352356
structural_all_o,seed_aligned,9,/weka/scratch/jhu/cpriebe1/MO/model-taxonomy/results/shared_cache/03_adapters/allenai--OLMo-2-0425-1B-Instruct/yahoo_000g1_050g2_050g3_n1000_s00_r16_i09_b5008_fea27ccee,yahoo_000g1_050g2_050g3_n1000_s00,0.018249941989779472,-0.2155916541814804
structural_all_o,seed_aligned,9,/weka/scratch/jhu/cpriebe1/MO/model-taxonomy/results/shared_cache/03_adapters/allenai--OLMo-2-0425-1B-Instruct/yahoo_000g1_025g2_075g3_n1000_s00_r16_i09_b5008_fea27ccee,yahoo_000g1_025g2_075g3_n1000_s00,-0.1548132449388504,-0.2103436142206192
structural_all_o,seed_aligned,9,/weka/scratch/jhu/cpriebe1/MO/model-taxonomy/results/shared_cache/03_adapters/allenai--OLMo-2-0425-1B-Instruct/yahoo_000g1_000g2_100g3_n1000_s00_r16_i09_b5008_fea27ccee,yahoo_000g1_000g2_100g3_n1000_s00,-0.33849719166755676,-0.1845574826002121
structural_all_o,pool160,-1,/weka/scratch/jhu/cpriebe1/MO/model-taxonomy/results/shared_cache/03_adapters/allenai--OLMo-2-0425-1B-Instruct/yahoo_000g1_000g2_100g3_n1000_s00_r16_i00_b5008_fea27ccee,yahoo_000g1_000g2_100g3_n1000_s00,-0.46975067257881165,0.45915278792381287
structural_all_o,pool160,-1,/weka/scratch/jhu/cpriebe1/MO/model-taxonomy/results/shared_cache/03_adapters/allenai--OLMo-2-0425-1B-Instruct/yahoo_000g1_000g2_100g3_n1000_s00_r16_i01_b5008_fea27ccee,yahoo_000g1_000g2_100g3_n1000_s00,-0.3080552816390991,0.560435950756073
structural_all_o,pool160,-1,/weka/scratch/jhu/cpriebe1/MO/model-taxonomy/results/shared_cache/03_adapters/allenai--OLMo-2-0425-1B-Instruct/yahoo_000g1_000g2_100g3_n1000_s00_r16_i02_b5008_fea27ccee,yahoo_000g1_000g2_100g3_n1000_s00,-0.23314937949180603,0.6058997511863708
structural_all_o,pool160,-1,/weka/scratch/jhu/cpriebe1/MO/model-taxonomy/results/shared_cache/03_adapters/allenai--OLMo-2-0425-1B-Instruct/yahoo_000g1_000g2_100g3_n1000_s00_r16_i03_b5008_fea27ccee,yahoo_000g1_000g2_100g3_n1000_s00,-0.05001859739422798,0.6602219343185425
structural_all_o,pool160,-1,/weka/scratch/jhu/cpriebe1/MO/model-taxonomy/results/shared_cache/03_adapters/allenai--OLMo-2-0425-1B-Instruct/yahoo_000g1_000g2_100g3_n1000_s00_r16_i04_b5008_fea27ccee,yahoo_000g1_000g2_100g3_n1000_s00,-0.6000022888183594,0.28735730051994324
structural_all_o,pool160,-1,/weka/scratch/jhu/cpriebe1/MO/model-taxonomy/results/shared_cache/03_adapters/allenai--OLMo-2-0425-1B-Instruct/yahoo_000g1_000g2_100g3_n1000_s00_r16_i05_b5008_fea27ccee,yahoo_000g1_000g2_100g3_n1000_s00,-0.5245099067687988,0.380011647939682
structural_all_o,pool160,-1,/weka/scratch/jhu/cpriebe1/MO/model-taxonomy/results/shared_cache/03_adapters/allenai--OLMo-2-0425-1B-Instruct/yahoo_000g1_000g2_100g3_n1000_s00_r16_i06_b5008_fea27ccee,yahoo_000g1_000g2_100g3_n1000_s00,-0.37423691153526306,0.5165853500366211
structural_all_o,pool160,-1,/weka/scratch/jhu/cpriebe1/MO/model-taxonomy/results/shared_cache/03_adapters/allenai--OLMo-2-0425-1B-Instruct/yahoo_000g1_000g2_100g3_n1000_s00_r16_i07_b5008_fea27ccee,yahoo_000g1_000g2_100g3_n1000_s00,-0.15051501989364624,0.6285500526428223
structural_all_o,pool160,-1,/weka/scratch/jhu/cpriebe1/MO/model-taxonomy/results/shared_cache/03_adapters/allenai--OLMo-2-0425-1B-Instruct/yahoo_000g1_000g2_100g3_n1000_s00_r16_i08_b5008_fea27ccee,yahoo_000g1_000g2_100g3_n1000_s00,0.021479126065969467,0.6656625866889954
structural_all_o,pool160,-1,/weka/scratch/jhu/cpriebe1/MO/model-taxonomy/results/shared_cache/03_adapters/allenai--OLMo-2-0425-1B-Instruct/yahoo_000g1_000g2_100g3_n1000_s00_r16_i09_b5008_fea27ccee,yahoo_000g1_000g2_100g3_n1000_s00,-0.6371057629585266,0.19282957911491394
structural_all_o,pool160,-1,/weka/scratch/jhu/cpriebe1/MO/model-taxonomy/results/shared_cache/03_adapters/allenai--OLMo-2-0425-1B-Instruct/yahoo_000g1_025g2_075g3_n1000_s00_r16_i00_b5008_fea27ccee,yahoo_000g1_025g2_075g3_n1000_s00,-0.41547831892967224,0.32690706849098206
structural_all_o,pool160,-1,/weka/scratch/jhu/cpriebe1/MO/model-taxonomy/results/shared_cache/03_adapters/allenai--OLMo-2-0425-1B-Instruct/yahoo_000g1_025g2_075g3_n1000_s00_r16_i01_b5008_fea27ccee,yahoo_000g1_025g2_075g3_n1000_s00,-0.2101520448923111,0.42419224977493286
structural_all_o,pool160,-1,/weka/scratch/jhu/cpriebe1/MO/model-taxonomy/results/shared_cache/03_adapters/allenai--OLMo-2-0425-1B-Instruct/yahoo_000g1_025g2_075g3_n1000_s00_r16_i02_b5008_fea27ccee,yahoo_000g1_025g2_075g3_n1000_s00,-0.12476667016744614,0.4843345284461975
structural_all_o,pool160,-1,/weka/scratch/jhu/cpriebe1/MO/model-taxonomy/results/shared_cache/03_adapters/allenai--OLMo-2-0425-1B-Instruct/yahoo_000g1_025g2_075g3_n1000_s00_r16_i03_b5008_fea27ccee,yahoo_000g1_025g2_075g3_n1000_s00,0.16361263394355774,0.5411913394927979
structural_all_o,pool160,-1,/weka/scratch/jhu/cpriebe1/MO/model-taxonomy/results/shared_cache/03_adapters/allenai--OLMo-2-0425-1B-Instruct/yahoo_000g1_025g2_075g3_n1000_s00_r16_i04_b5008_fea27ccee,yahoo_000g1_025g2_075g3_n1000_s00,-0.5477308034896851,0.11942625790834427
structural_all_o,pool160,-1,/weka/scratch/jhu/cpriebe1/MO/model-taxonomy/results/shared_cache/03_adapters/allenai--OLMo-2-0425-1B-Instruct/yahoo_000g1_025g2_075g3_n1000_s00_r16_i05_b5008_fea27ccee,yahoo_000g1_025g2_075g3_n1000_s00,-0.46526899933815,0.22379900515079498
structural_all_o,pool160,-1,/weka/scratch/jhu/cpriebe1/MO/model-taxonomy/results/shared_cache/03_adapters/allenai--OLMo-2-0425-1B-Instruct/yahoo_000g1_025g2_075g3_n1000_s00_r16_i06_b5008_fea27ccee,yahoo_000g1_025g2_075g3_n1000_s00,-0.29954859614372253,0.3771289587020874
structural_all_o,pool160,-1,/weka/scratch/jhu/cpriebe1/MO/model-taxonomy/results/shared_cache/03_adapters/allenai--OLMo-2-0425-1B-Instruct/yahoo_000g1_025g2_075g3_n1000_s00_r16_i07_b5008_fea27ccee,yahoo_000g1_025g2_075g3_n1000_s00,-0.022521475329995155,0.4962976276874542
structural_all_o,pool160,-1,/weka/scratch/jhu/cpriebe1/MO/model-taxonomy/results/shared_cache/03_adapters/allenai--OLMo-2-0425-1B-Instruct/yahoo_000g1_025g2_075g3_n1000_s00_r16_i08_b5008_fea27ccee,yahoo_000g1_025g2_075g3_n1000_s00,0.10889771580696106,0.5395756363868713
structural_all_o,pool160,-1,/weka/scratch/jhu/cpriebe1/MO/model-taxonomy/results/shared_cache/03_adapters/allenai--OLMo-2-0425-1B-Instruct/yahoo_000g1_025g2_075g3_n1000_s00_r16_i09_b5008_fea27ccee,yahoo_000g1_025g2_075g3_n1000_s00,-0.5678352117538452,0.008621043525636196
structural_all_o,pool160,-1,/weka/scratch/jhu/cpriebe1/MO/model-taxonomy/results/shared_cache/03_adapters/allenai--OLMo-2-0425-1B-Instruct/yahoo_000g1_050g2_050g3_n1000_s00_r16_i00_b5008_fea27ccee,yahoo_000g1_050g2_050g3_n1000_s00,0.009985718876123428,-0.44832006096839905
structural_all_o,pool160,-1,/weka/scratch/jhu/cpriebe1/MO/model-taxonomy/results/shared_cache/03_adapters/allenai--OLMo-2-0425-1B-Instruct/yahoo_000g1_050g2_050g3_n1000_s00_r16_i01_b5008_fea27ccee,yahoo_000g1_050g2_050g3_n1000_s00,0.2237914800643921,-0.3323545455932617
structural_all_o,pool160,-1,/weka/scratch/jhu/cpriebe1/MO/model-taxonomy/results/shared_cache/03_adapters/allenai--OLMo-2-0425-1B-Instruct/yahoo_000g1_050g2_050g3_n1000_s00_r16_i02_b5008_fea27ccee,yahoo_000g1_050g2_050g3_n1000_s00,0.32786986231803894,-0.26021474599838257
structural_all_o,pool160,-1,/weka/scratch/jhu/cpriebe1/MO/model-taxonomy/results/shared_cache/03_adapters/allenai--OLMo-2-0425-1B-Instruct/yahoo_000g1_050g2_050g3_n1000_s00_r16_i03_b5008_fea27ccee,yahoo_000g1_050g2_050g3_n1000_s00,0.5093596577644348,-0.05575251206755638
structural_all_o,pool160,-1,/weka/scratch/jhu/cpriebe1/MO/model-taxonomy/results/shared_cache/03_adapters/allenai--OLMo-2-0425-1B-Instruct/yahoo_000g1_050g2_050g3_n1000_s00_r16_i04_b5008_fea27ccee,yahoo_000g1_050g2_050g3_n1000_s00,-0.3765738010406494,-0.40733635425567627
structural_all_o,pool160,-1,/weka/scratch/jhu/cpriebe1/MO/model-taxonomy/results/shared_cache/03_adapters/allenai--OLMo-2-0425-1B-Instruct/yahoo_000g1_050g2_050g3_n1000_s00_r16_i05_b5008_fea27ccee,yahoo_000g1_050g2_050g3_n1000_s00,-0.1189531683921814,-0.4083186984062195
structural_all_o,pool160,-1,/weka/scratch/jhu/cpriebe1/MO/model-taxonomy/results/shared_cache/03_adapters/allenai--OLMo-2-0425-1B-Instruct/yahoo_000g1_050g2_050g3_n1000_s00_r16_i06_b5008_fea27ccee,yahoo_000g1_050g2_050g3_n1000_s00,0.11334709823131561,-0.35057494044303894
structural_all_o,pool160,-1,/weka/scratch/jhu/cpriebe1/MO/model-taxonomy/results/shared_cache/03_adapters/allenai--OLMo-2-0425-1B-Instruct/yahoo_000g1_050g2_050g3_n1000_s00_r16_i07_b5008_fea27ccee,yahoo_000g1_050g2_050g3_n1000_s00,0.40092355012893677,-0.16041581332683563
structural_all_o,pool160,-1,/weka/scratch/jhu/cpriebe1/MO/model-taxonomy/results/shared_cache/03_adapters/allenai--OLMo-2-0425-1B-Instruct/yahoo_000g1_050g2_050g3_n1000_s00_r16_i08_b5008_fea27ccee,yahoo_000g1_050g2_050g3_n1000_s00,0.5643273591995239,0.0517989806830883
structural_all_o,pool160,-1,/weka/scratch/jhu/cpriebe1/MO/model-taxonomy/results/shared_cache/03_adapters/allenai--OLMo-2-0425-1B-Instruct/yahoo_000g1_050g2_050g3_n1000_s00_r16_i09_b5008_fea27ccee,yahoo_000g1_050g2_050g3_n1000_s00,-0.3497088551521301,-0.4387032091617584
structural_all_o,pool160,-1,/weka/scratch/jhu/cpriebe1/MO/model-taxonomy/results/shared_cache/03_adapters/allenai--OLMo-2-0425-1B-Instruct/yahoo_000g1_075g2_025g3_n1000_s00_r16_i00_b5008_fea27ccee,yahoo_000g1_075g2_025g3_n1000_s00,0.10349583625793457,-0.549894392490387
structural_all_o,pool160,-1,/weka/scratch/jhu/cpriebe1/MO/model-taxonomy/results/shared_cache/03_adapters/allenai--OLMo-2-0425-1B-Instruct/yahoo_000g1_075g2_025g3_n1000_s00_r16_i01_b5008_fea27ccee,yahoo_000g1_075g2_025g3_n1000_s00,0.29214298725128174,-0.455148845911026
structural_all_o,pool160,-1,/weka/scratch/jhu/cpriebe1/MO/model-taxonomy/results/shared_cache/03_adapters/allenai--OLMo-2-0425-1B-Instruct/yahoo_000g1_075g2_025g3_n1000_s00_r16_i02_b5008_fea27ccee,yahoo_000g1_075g2_025g3_n1000_s00,0.3807763457298279,-0.39786314964294434
structural_all_o,pool160,-1,/weka/scratch/jhu/cpriebe1/MO/model-taxonomy/results/shared_cache/03_adapters/allenai--OLMo-2-0425-1B-Instruct/yahoo_000g1_075g2_025g3_n1000_s00_r16_i03_b5008_fea27ccee,yahoo_000g1_075g2_025g3_n1000_s00,0.5424367785453796,-0.19736330211162567
structural_all_o,pool160,-1,/weka/scratch/jhu/cpriebe1/MO/model-taxonomy/results/shared_cache/03_adapters/allenai--OLMo-2-0425-1B-Instruct/yahoo_000g1_075g2_025g3_n1000_s00_r16_i04_b5008_fea27ccee,yahoo_000g1_075g2_025g3_n1000_s00,-0.13535191118717194,-0.5560652017593384
structural_all_o,pool160,-1,/weka/scratch/jhu/cpriebe1/MO/model-taxonomy/results/shared_cache/03_adapters/allenai--OLMo-2-0425-1B-Instruct/yahoo_000g1_075g2_025g3_n1000_s00_r16_i05_b5008_fea27ccee,yahoo_000g1_075g2_025g3_n1000_s00,-0.005292455665767193,-0.5522874593734741
structural_all_o,pool160,-1,/weka/scratch/jhu/cpriebe1/MO/model-taxonomy/results/shared_cache/03_adapters/allenai--OLMo-2-0425-1B-Instruct/yahoo_000g1_075g2_025g3_n1000_s00_r16_i06_b5008_fea27ccee,yahoo_000g1_075g2_025g3_n1000_s00,0.20355568826198578,-0.498215913772583
structural_all_o,pool160,-1,/weka/scratch/jhu/cpriebe1/MO/model-taxonomy/results/shared_cache/03_adapters/allenai--OLMo-2-0425-1B-Instruct/yahoo_000g1_075g2_025g3_n1000_s00_r16_i07_b5008_fea27ccee,yahoo_000g1_075g2_025g3_n1000_s00,0.44539159536361694,-0.3087186813354492
structural_all_o,pool160,-1,/weka/scratch/jhu/cpriebe1/MO/model-taxonomy/results/shared_cache/03_adapters/allenai--OLMo-2-0425-1B-Instruct/yahoo_000g1_075g2_025g3_n1000_s00_r16_i08_b5008_fea27ccee,yahoo_000g1_075g2_025g3_n1000_s00,0.5909066796302795,-0.11394321173429489
structural_all_o,pool160,-1,/weka/scratch/jhu/cpriebe1/MO/model-taxonomy/results/shared_cache/03_adapters/allenai--OLMo-2-0425-1B-Instruct/yahoo_000g1_075g2_025g3_n1000_s00_r16_i09_b5008_fea27ccee,yahoo_000g1_075g2_025g3_n1000_s00,-0.2450481802225113,-0.5402185916900635
structural_all_o,pool160,-1,/weka/scratch/jhu/cpriebe1/MO/model-taxonomy/results/shared_cache/03_adapters/allenai--OLMo-2-0425-1B-Instruct/yahoo_000g1_100g2_000g3_n1000_s00_r16_i00_b5008_fea27ccee,yahoo_000g1_100g2_000g3_n1000_s00,0.14527438580989838,-0.6125624179840088
structural_all_o,pool160,-1,/weka/scratch/jhu/cpriebe1/MO/model-taxonomy/results/shared_cache/03_adapters/allenai--OLMo-2-0425-1B-Instruct/yahoo_000g1_100g2_000g3_n1000_s00_r16_i01_b5008_fea27ccee,yahoo_000g1_100g2_000g3_n1000_s00,0.33003681898117065,-0.5250018239021301
structural_all_o,pool160,-1,/weka/scratch/jhu/cpriebe1/MO/model-taxonomy/results/shared_cache/03_adapters/allenai--OLMo-2-0425-1B-Instruct/yahoo_000g1_100g2_000g3_n1000_s00_r16_i02_b5008_fea27ccee,yahoo_000g1_100g2_000g3_n1000_s00,0.41423091292381287,-0.46705934405326843
structural_all_o,pool160,-1,/weka/scratch/jhu/cpriebe1/MO/model-taxonomy/results/shared_cache/03_adapters/allenai--OLMo-2-0425-1B-Instruct/yahoo_000g1_100g2_000g3_n1000_s00_r16_i03_b5008_fea27ccee,yahoo_000g1_100g2_000g3_n1000_s00,0.5795379281044006,-0.2593887448310852
structural_all_o,pool160,-1,/weka/scratch/jhu/cpriebe1/MO/model-taxonomy/results/shared_cache/03_adapters/allenai--OLMo-2-0425-1B-Instruct/yahoo_000g1_100g2_000g3_n1000_s00_r16_i04_b5008_fea27ccee,yahoo_000g1_100g2_000g3_n1000_s00,-0.08655768632888794,-0.6315646171569824
structural_all_o,pool160,-1,/weka/scratch/jhu/cpriebe1/MO/model-taxonomy/results/shared_cache/03_adapters/allenai--OLMo-2-0425-1B-Instruct/yahoo_000g1_100g2_000g3_n1000_s00_r16_i05_b5008_fea27ccee,yahoo_000g1_100g2_000g3_n1000_s00,0.04129401594400406,-0.6236470937728882
structural_all_o,pool160,-1,/weka/scratch/jhu/cpriebe1/MO/model-taxonomy/results/shared_cache/03_adapters/allenai--OLMo-2-0425-1B-Instruct/yahoo_000g1_100g2_000g3_n1000_s00_r16_i06_b5008_fea27ccee,yahoo_000g1_100g2_000g3_n1000_s00,0.24701890349388123,-0.5682334303855896
structural_all_o,pool160,-1,/weka/scratch/jhu/cpriebe1/MO/model-taxonomy/results/shared_cache/03_adapters/allenai--OLMo-2-0425-1B-Instruct/yahoo_000g1_100g2_000g3_n1000_s00_r16_i07_b5008_fea27ccee,yahoo_000g1_100g2_000g3_n1000_s00,0.47914519906044006,-0.3886037766933441
structural_all_o,pool160,-1,/weka/scratch/jhu/cpriebe1/MO/model-taxonomy/results/shared_cache/03_adapters/allenai--OLMo-2-0425-1B-Instruct/yahoo_000g1_100g2_000g3_n1000_s00_r16_i08_b5008_fea27ccee,yahoo_000g1_100g2_000g3_n1000_s00,0.5754801630973816,-0.29449769854545593
structural_all_o,pool160,-1,/weka/scratch/jhu/cpriebe1/MO/model-taxonomy/results/shared_cache/03_adapters/allenai--OLMo-2-0425-1B-Instruct/yahoo_000g1_100g2_000g3_n1000_s00_r16_i09_b5008_fea27ccee,yahoo_000g1_100g2_000g3_n1000_s00,-0.19239570200443268,-0.6137130260467529
structural_all_o,pool160,-1,/weka/scratch/jhu/cpriebe1/MO/model-taxonomy/results/shared_cache/03_adapters/allenai--OLMo-2-0425-1B-Instruct/yahoo_025g1_000g2_075g3_n1000_s00_r16_i00_b5008_fea27ccee,yahoo_025g1_000g2_075g3_n1000_s00,-0.41647353768348694,0.36678341031074524
structural_all_o,pool160,-1,/weka/scratch/jhu/cpriebe1/MO/model-taxonomy/results/shared_cache/03_adapters/allenai--OLMo-2-0425-1B-Instruct/yahoo_025g1_000g2_075g3_n1000_s00_r16_i01_b5008_fea27ccee,yahoo_025g1_000g2_075g3_n1000_s00,-0.2254132628440857,0.4619184732437134
structural_all_o,pool160,-1,/weka/scratch/jhu/cpriebe1/MO/model-taxonomy/results/shared_cache/03_adapters/allenai--OLMo-2-0425-1B-Instruct/yahoo_025g1_000g2_075g3_n1000_s00_r16_i02_b5008_fea27ccee,yahoo_025g1_000g2_075g3_n1000_s00,-0.14271079003810883,0.5159252285957336
structural_all_o,pool160,-1,/weka/scratch/jhu/cpriebe1/MO/model-taxonomy/results/shared_cache/03_adapters/allenai--OLMo-2-0425-1B-Instruct/yahoo_025g1_000g2_075g3_n1000_s00_r16_i03_b5008_fea27ccee,yahoo_025g1_000g2_075g3_n1000_s00,0.12545233964920044,0.5823351740837097
structural_all_o,pool160,-1,/weka/scratch/jhu/cpriebe1/MO/model-taxonomy/results/shared_cache/03_adapters/allenai--OLMo-2-0425-1B-Instruct/yahoo_025g1_000g2_075g3_n1000_s00_r16_i04_b5008_fea27ccee,yahoo_025g1_000g2_075g3_n1000_s00,-0.5487381815910339,0.17848528921604156
structural_all_o,pool160,-1,/weka/scratch/jhu/cpriebe1/MO/model-taxonomy/results/shared_cache/03_adapters/allenai--OLMo-2-0425-1B-Instruct/yahoo_025g1_000g2_075g3_n1000_s00_r16_i05_b5008_fea27ccee,yahoo_025g1_000g2_075g3_n1000_s00,-0.46446216106414795,0.2726144790649414
structural_all_o,pool160,-1,/weka/scratch/jhu/cpriebe1/MO/model-taxonomy/results/shared_cache/03_adapters/allenai--OLMo-2-0425-1B-Instruct/yahoo_025g1_000g2_075g3_n1000_s00_r16_i06_b5008_fea27ccee,yahoo_025g1_000g2_075g3_n1000_s00,-0.306088387966156,0.420482873916626
structural_all_o,pool160,-1,/weka/scratch/jhu/cpriebe1/MO/model-taxonomy/results/shared_cache/03_adapters/allenai--OLMo-2-0425-1B-Instruct/yahoo_025g1_000g2_075g3_n1000_s00_r16_i07_b5008_fea27ccee,yahoo_025g1_000g2_075g3_n1000_s00,-0.04946911707520485,0.535341203212738
structural_all_o,pool160,-1,/weka/scratch/jhu/cpriebe1/MO/model-taxonomy/results/shared_cache/03_adapters/allenai--OLMo-2-0425-1B-Instruct/yahoo_025g1_000g2_075g3_n1000_s00_r16_i08_b5008_fea27ccee,yahoo_025g1_000g2_075g3_n1000_s00,0.0678127184510231,0.5771781802177429
structural_all_o,pool160,-1,/weka/scratch/jhu/cpriebe1/MO/model-taxonomy/results/shared_cache/03_adapters/allenai--OLMo-2-0425-1B-Instruct/yahoo_025g1_000g2_075g3_n1000_s00_r16_i09_b5008_fea27ccee,yahoo_025g1_000g2_075g3_n1000_s00,-0.5766242146492004,0.07853426039218903
structural_all_o,pool160,-1,/weka/scratch/jhu/cpriebe1/MO/model-taxonomy/results/shared_cache/03_adapters/allenai--OLMo-2-0425-1B-Instruct/yahoo_025g1_025g2_050g3_n1000_s00_r16_i00_b5008_fea27ccee,yahoo_025g1_025g2_050g3_n1000_s00,-0.25259003043174744,0.09695149213075638
structural_all_o,pool160,-1,/weka/scratch/jhu/cpriebe1/MO/model-taxonomy/results/shared_cache/03_adapters/allenai--OLMo-2-0425-1B-Instruct/yahoo_025g1_025g2_050g3_n1000_s00_r16_i01_b5008_fea27ccee,yahoo_025g1_025g2_050g3_n1000_s00,-0.03412776067852974,0.17016437649726868
structural_all_o,pool160,-1,/weka/scratch/jhu/cpriebe1/MO/model-taxonomy/results/shared_cache/03_adapters/allenai--OLMo-2-0425-1B-Instruct/yahoo_025g1_025g2_050g3_n1000_s00_r16_i02_b5008_fea27ccee,yahoo_025g1_025g2_050g3_n1000_s00,0.054383862763643265,0.23750852048397064
structural_all_o,pool160,-1,/weka/scratch/jhu/cpriebe1/MO/model-taxonomy/results/shared_cache/03_adapters/allenai--OLMo-2-0425-1B-Instruct/yahoo_025g1_025g2_050g3_n1000_s00_r16_i03_b5008_fea27ccee,yahoo_025g1_025g2_050g3_n1000_s00,0.3261853754520416,0.22673140466213226
structural_all_o,pool160,-1,/weka/scratch/jhu/cpriebe1/MO/model-taxonomy/results/shared_cache/03_adapters/allenai--OLMo-2-0425-1B-Instruct/yahoo_025g1_025g2_050g3_n1000_s00_r16_i04_b5008_fea27ccee,yahoo_025g1_025g2_050g3_n1000_s00,-0.40646982192993164,-0.07380498200654984
structural_all_o,pool160,-1,/weka/scratch/jhu/cpriebe1/MO/model-taxonomy/results/shared_cache/03_adapters/allenai--OLMo-2-0425-1B-Instruct/yahoo_025g1_025g2_050g3_n1000_s00_r16_i05_b5008_fea27ccee,yahoo_025g1_025g2_050g3_n1000_s00,-0.30340197682380676,-0.001086873235180974
structural_all_o,pool160,-1,/weka/scratch/jhu/cpriebe1/MO/model-taxonomy/results/shared_cache/03_adapters/allenai--OLMo-2-0425-1B-Instruct/yahoo_025g1_025g2_050g3_n1000_s00_r16_i06_b5008_fea27ccee,yahoo_025g1_025g2_050g3_n1000_s00,-0.13395805656909943,0.15429113805294037
structural_all_o,pool160,-1,/weka/scratch/jhu/cpriebe1/MO/model-taxonomy/results/shared_cache/03_adapters/allenai--OLMo-2-0425-1B-Instruct/yahoo_025g1_025g2_050g3_n1000_s00_r16_i07_b5008_fea27ccee,yahoo_025g1_025g2_050g3_n1000_s00,0.14885112643241882,0.23376107215881348
structural_all_o,pool160,-1,/weka/scratch/jhu/cpriebe1/MO/model-taxonomy/results/shared_cache/03_adapters/allenai--OLMo-2-0425-1B-Instruct/yahoo_025g1_025g2_050g3_n1000_s00_r16_i08_b5008_fea27ccee,yahoo_025g1_025g2_050g3_n1000_s00,0.35359808802604675,0.27746766805648804
structural_all_o,pool160,-1,/weka/scratch/jhu/cpriebe1/MO/model-taxonomy/results/shared_cache/03_adapters/allenai--OLMo-2-0425-1B-Instruct/yahoo_025g1_025g2_050g3_n1000_s00_r16_i09_b5008_fea27ccee,yahoo_025g1_025g2_050g3_n1000_s00,-0.4082077741622925,-0.25492358207702637
structural_all_o,pool160,-1,/weka/scratch/jhu/cpriebe1/MO/model-taxonomy/results/shared_cache/03_adapters/allenai--OLMo-2-0425-1B-Instruct/yahoo_025g1_050g2_025g3_n1000_s00_r16_i00_b5008_fea27ccee,yahoo_025g1_050g2_025g3_n1000_s00,-0.006506151985377073,-0.33133378624916077
structural_all_o,pool160,-1,/weka/scratch/jhu/cpriebe1/MO/model-taxonomy/results/shared_cache/03_adapters/allenai--OLMo-2-0425-1B-Instruct/yahoo_025g1_050g2_025g3_n1000_s00_r16_i01_b5008_fea27ccee,yahoo_025g1_050g2_025g3_n1000_s00,0.16765640676021576,-0.20796406269073486
structural_all_o,pool160,-1,/weka/scratch/jhu/cpriebe1/MO/model-taxonomy/results/shared_cache/03_adapters/allenai--OLMo-2-0425-1B-Instruct/yahoo_025g1_050g2_025g3_n1000_s00_r16_i02_b5008_fea27ccee,yahoo_025g1_050g2_025g3_n1000_s00,0.2511598467826843,-0.1534966379404068
structural_all_o,pool160,-1,/weka/scratch/jhu/cpriebe1/MO/model-taxonomy/results/shared_cache/03_adapters/allenai--OLMo-2-0425-1B-Instruct/yahoo_025g1_050g2_025g3_n1000_s00_r16_i03_b5008_fea27ccee,yahoo_025g1_050g2_025g3_n1000_s00,0.44491350650787354,-0.03834133967757225
structural_all_o,pool160,-1,/weka/scratch/jhu/cpriebe1/MO/model-taxonomy/results/shared_cache/03_adapters/allenai--OLMo-2-0425-1B-Instruct/yahoo_025g1_050g2_025g3_n1000_s00_r16_i04_b5008_fea27ccee,yahoo_025g1_050g2_025g3_n1000_s00,-0.23152410984039307,-0.3574376404285431
structural_all_o,pool160,-1,/weka/scratch/jhu/cpriebe1/MO/model-taxonomy/results/shared_cache/03_adapters/allenai--OLMo-2-0425-1B-Instruct/yahoo_025g1_050g2_025g3_n1000_s00_r16_i05_b5008_fea27ccee,yahoo_025g1_050g2_025g3_n1000_s00,-0.1056085005402565,-0.31071338057518005
structural_all_o,pool160,-1,/weka/scratch/jhu/cpriebe1/MO/model-taxonomy/results/shared_cache/03_adapters/allenai--OLMo-2-0425-1B-Instruct/yahoo_025g1_050g2_025g3_n1000_s00_r16_i06_b5008_fea27ccee,yahoo_025g1_050g2_025g3_n1000_s00,0.06181691959500313,-0.21820753812789917
structural_all_o,pool160,-1,/weka/scratch/jhu/cpriebe1/MO/model-taxonomy/results/shared_cache/03_adapters/allenai--OLMo-2-0425-1B-Instruct/yahoo_025g1_050g2_025g3_n1000_s00_r16_i07_b5008_fea27ccee,yahoo_025g1_050g2_025g3_n1000_s00,0.32254281640052795,-0.08748765289783478
structural_all_o,pool160,-1,/weka/scratch/jhu/cpriebe1/MO/model-taxonomy/results/shared_cache/03_adapters/allenai--OLMo-2-0425-1B-Instruct/yahoo_025g1_050g2_025g3_n1000_s00_r16_i08_b5008_fea27ccee,yahoo_025g1_050g2_025g3_n1000_s00,0.496076762676239,0.046053774654865265
structural_all_o,pool160,-1,/weka/scratch/jhu/cpriebe1/MO/model-taxonomy/results/shared_cache/03_adapters/allenai--OLMo-2-0425-1B-Instruct/yahoo_025g1_050g2_025g3_n1000_s00_r16_i09_b5008_fea27ccee,yahoo_025g1_050g2_025g3_n1000_s00,-0.3026250898838043,-0.3948124647140503
structural_all_o,pool160,-1,/weka/scratch/jhu/cpriebe1/MO/model-taxonomy/results/shared_cache/03_adapters/allenai--OLMo-2-0425-1B-Instruct/yahoo_025g1_075g2_000g3_n1000_s00_r16_i00_b5008_fea27ccee,yahoo_025g1_075g2_000g3_n1000_s00,0.09084005653858185,-0.5107126832008362
structural_all_o,pool160,-1,/weka/scratch/jhu/cpriebe1/MO/model-taxonomy/results/shared_cache/03_adapters/allenai--OLMo-2-0425-1B-Instruct/yahoo_025g1_075g2_000g3_n1000_s00_r16_i01_b5008_fea27ccee,yahoo_025g1_075g2_000g3_n1000_s00,0.2745938003063202,-0.407127320766449
structural_all_o,pool160,-1,/weka/scratch/jhu/cpriebe1/MO/model-taxonomy/results/shared_cache/03_adapters/allenai--OLMo-2-0425-1B-Instruct/yahoo_025g1_075g2_000g3_n1000_s00_r16_i02_b5008_fea27ccee,yahoo_025g1_075g2_000g3_n1000_s00,0.36306002736091614,-0.35197991132736206
structural_all_o,pool160,-1,/weka/scratch/jhu/cpriebe1/MO/model-taxonomy/results/shared_cache/03_adapters/allenai--OLMo-2-0425-1B-Instruct/yahoo_025g1_075g2_000g3_n1000_s00_r16_i03_b5008_fea27ccee,yahoo_025g1_075g2_000g3_n1000_s00,0.5237513780593872,-0.16660906374454498
structural_all_o,pool160,-1,/weka/scratch/jhu/cpriebe1/MO/model-taxonomy/results/shared_cache/03_adapters/allenai--OLMo-2-0425-1B-Instruct/yahoo_025g1_075g2_000g3_n1000_s00_r16_i04_b5008_fea27ccee,yahoo_025g1_075g2_000g3_n1000_s00,-0.15618948638439178,-0.5260410308837891
structural_all_o,pool160,-1,/weka/scratch/jhu/cpriebe1/MO/model-taxonomy/results/shared_cache/03_adapters/allenai--OLMo-2-0425-1B-Instruct/yahoo_025g1_075g2_000g3_n1000_s00_r16_i05_b5008_fea27ccee,yahoo_025g1_075g2_000g3_n1000_s00,-0.01941484771668911,-0.5187081694602966
structural_all_o,pool160,-1,/weka/scratch/jhu/cpriebe1/MO/model-taxonomy/results/shared_cache/03_adapters/allenai--OLMo-2-0425-1B-Instruct/yahoo_025g1_075g2_000g3_n1000_s00_r16_i06_b5008_fea27ccee,yahoo_025g1_075g2_000g3_n1000_s00,0.1880055069923401,-0.45304739475250244
structural_all_o,pool160,-1,/weka/scratch/jhu/cpriebe1/MO/model-taxonomy/results/shared_cache/03_adapters/allenai--OLMo-2-0425-1B-Instruct/yahoo_025g1_075g2_000g3_n1000_s00_r16_i07_b5008_fea27ccee,yahoo_025g1_075g2_000g3_n1000_s00,0.43209630250930786,-0.2663196325302124
structural_all_o,pool160,-1,/weka/scratch/jhu/cpriebe1/MO/model-taxonomy/results/shared_cache/03_adapters/allenai--OLMo-2-0425-1B-Instruct/yahoo_025g1_075g2_000g3_n1000_s00_r16_i08_b5008_fea27ccee,yahoo_025g1_075g2_000g3_n1000_s00,0.5790858268737793,-0.07176761329174042
structural_all_o,pool160,-1,/weka/scratch/jhu/cpriebe1/MO/model-taxonomy/results/shared_cache/03_adapters/allenai--OLMo-2-0425-1B-Instruct/yahoo_025g1_075g2_000g3_n1000_s00_r16_i09_b5008_fea27ccee,yahoo_025g1_075g2_000g3_n1000_s00,-0.26003962755203247,-0.5142730474472046
structural_all_o,pool160,-1,/weka/scratch/jhu/cpriebe1/MO/model-taxonomy/results/shared_cache/03_adapters/allenai--OLMo-2-0425-1B-Instruct/yahoo_033g1_033g2_033g3_n1000_s00_r16_i00_b5008_fea27ccee,yahoo_033g1_033g2_033g3_n1000_s00,-0.1277904361486435,-0.11813933402299881
structural_all_o,pool160,-1,/weka/scratch/jhu/cpriebe1/MO/model-taxonomy/results/shared_cache/03_adapters/allenai--OLMo-2-0425-1B-Instruct/yahoo_033g1_033g2_033g3_n1000_s00_r16_i01_b5008_fea27ccee,yahoo_033g1_033g2_033g3_n1000_s00,0.09293445199728012,-0.05495787784457207
structural_all_o,pool160,-1,/weka/scratch/jhu/cpriebe1/MO/model-taxonomy/results/shared_cache/03_adapters/allenai--OLMo-2-0425-1B-Instruct/yahoo_033g1_033g2_033g3_n1000_s00_r16_i02_b5008_fea27ccee,yahoo_033g1_033g2_033g3_n1000_s00,0.15710221230983734,0.08416381478309631
structural_all_o,pool160,-1,/weka/scratch/jhu/cpriebe1/MO/model-taxonomy/results/shared_cache/03_adapters/allenai--OLMo-2-0425-1B-Instruct/yahoo_033g1_033g2_033g3_n1000_s00_r16_i03_b5008_fea27ccee,yahoo_033g1_033g2_033g3_n1000_s00,0.4175765812397003,0.08838663250207901
structural_all_o,pool160,-1,/weka/scratch/jhu/cpriebe1/MO/model-taxonomy/results/shared_cache/03_adapters/allenai--OLMo-2-0425-1B-Instruct/yahoo_033g1_033g2_033g3_n1000_s00_r16_i04_b5008_fea27ccee,yahoo_033g1_033g2_033g3_n1000_s00,-0.35964077711105347,-0.19780974090099335
structural_all_o,pool160,-1,/weka/scratch/jhu/cpriebe1/MO/model-taxonomy/results/shared_cache/03_adapters/allenai--OLMo-2-0425-1B-Instruct/yahoo_033g1_033g2_033g3_n1000_s00_r16_i05_b5008_fea27ccee,yahoo_033g1_033g2_033g3_n1000_s00,-0.18123666942119598,-0.2007361650466919
structural_all_o,pool160,-1,/weka/scratch/jhu/cpriebe1/MO/model-taxonomy/results/shared_cache/03_adapters/allenai--OLMo-2-0425-1B-Instruct/yahoo_033g1_033g2_033g3_n1000_s00_r16_i06_b5008_fea27ccee,yahoo_033g1_033g2_033g3_n1000_s00,-0.020259873941540718,-0.0643964633345604
structural_all_o,pool160,-1,/weka/scratch/jhu/cpriebe1/MO/model-taxonomy/results/shared_cache/03_adapters/allenai--OLMo-2-0425-1B-Instruct/yahoo_033g1_033g2_033g3_n1000_s00_r16_i07_b5008_fea27ccee,yahoo_033g1_033g2_033g3_n1000_s00,0.27070778608322144,0.039580803364515305
structural_all_o,pool160,-1,/weka/scratch/jhu/cpriebe1/MO/model-taxonomy/results/shared_cache/03_adapters/allenai--OLMo-2-0425-1B-Instruct/yahoo_033g1_033g2_033g3_n1000_s00_r16_i08_b5008_fea27ccee,yahoo_033g1_033g2_033g3_n1000_s00,0.4715802073478699,0.1529250293970108
structural_all_o,pool160,-1,/weka/scratch/jhu/cpriebe1/MO/model-taxonomy/results/shared_cache/03_adapters/allenai--OLMo-2-0425-1B-Instruct/yahoo_033g1_033g2_033g3_n1000_s00_r16_i09_b5008_fea27ccee,yahoo_033g1_033g2_033g3_n1000_s00,-0.36861157417297363,-0.32087433338165283
structural_all_o,pool160,-1,/weka/scratch/jhu/cpriebe1/MO/model-taxonomy/results/shared_cache/03_adapters/allenai--OLMo-2-0425-1B-Instruct/yahoo_050g1_000g2_050g3_n1000_s00_r16_i00_b5008_fea27ccee,yahoo_050g1_000g2_050g3_n1000_s00,-0.34579014778137207,0.23825335502624512
structural_all_o,pool160,-1,/weka/scratch/jhu/cpriebe1/MO/model-taxonomy/results/shared_cache/03_adapters/allenai--OLMo-2-0425-1B-Instruct/yahoo_050g1_000g2_050g3_n1000_s00_r16_i01_b5008_fea27ccee,yahoo_050g1_000g2_050g3_n1000_s00,-0.10264674574136734,0.3338834345340729
structural_all_o,pool160,-1,/weka/scratch/jhu/cpriebe1/MO/model-taxonomy/results/shared_cache/03_adapters/allenai--OLMo-2-0425-1B-Instruct/yahoo_050g1_000g2_050g3_n1000_s00_r16_i02_b5008_fea27ccee,yahoo_050g1_000g2_050g3_n1000_s00,-0.004693314433097839,0.39897620677948
structural_all_o,pool160,-1,/weka/scratch/jhu/cpriebe1/MO/model-taxonomy/results/shared_cache/03_adapters/allenai--OLMo-2-0425-1B-Instruct/yahoo_050g1_000g2_050g3_n1000_s00_r16_i03_b5008_fea27ccee,yahoo_050g1_000g2_050g3_n1000_s00,0.2109491527080536,0.4515416920185089
structural_all_o,pool160,-1,/weka/scratch/jhu/cpriebe1/MO/model-taxonomy/results/shared_cache/03_adapters/allenai--OLMo-2-0425-1B-Instruct/yahoo_050g1_000g2_050g3_n1000_s00_r16_i04_b5008_fea27ccee,yahoo_050g1_000g2_050g3_n1000_s00,-0.4888848662376404,0.03697099909186363
structural_all_o,pool160,-1,/weka/scratch/jhu/cpriebe1/MO/model-taxonomy/results/shared_cache/03_adapters/allenai--OLMo-2-0425-1B-Instruct/yahoo_050g1_000g2_050g3_n1000_s00_r16_i05_b5008_fea27ccee,yahoo_050g1_000g2_050g3_n1000_s00,-0.4036202132701874,0.13648805022239685
structural_all_o,pool160,-1,/weka/scratch/jhu/cpriebe1/MO/model-taxonomy/results/shared_cache/03_adapters/allenai--OLMo-2-0425-1B-Instruct/yahoo_050g1_000g2_050g3_n1000_s00_r16_i06_b5008_fea27ccee,yahoo_050g1_000g2_050g3_n1000_s00,-0.21516665816307068,0.30373334884643555
structural_all_o,pool160,-1,/weka/scratch/jhu/cpriebe1/MO/model-taxonomy/results/shared_cache/03_adapters/allenai--OLMo-2-0425-1B-Instruct/yahoo_050g1_000g2_050g3_n1000_s00_r16_i07_b5008_fea27ccee,yahoo_050g1_000g2_050g3_n1000_s00,0.07701262086629868,0.4121286869049072
structural_all_o,pool160,-1,/weka/scratch/jhu/cpriebe1/MO/model-taxonomy/results/shared_cache/03_adapters/allenai--OLMo-2-0425-1B-Instruct/yahoo_050g1_000g2_050g3_n1000_s00_r16_i08_b5008_fea27ccee,yahoo_050g1_000g2_050g3_n1000_s00,0.28116756677627563,0.4242798089981079
structural_all_o,pool160,-1,/weka/scratch/jhu/cpriebe1/MO/model-taxonomy/results/shared_cache/03_adapters/allenai--OLMo-2-0425-1B-Instruct/yahoo_050g1_000g2_050g3_n1000_s00_r16_i09_b5008_fea27ccee,yahoo_050g1_000g2_050g3_n1000_s00,-0.5073652267456055,-0.10982828587293625
structural_all_o,pool160,-1,/weka/scratch/jhu/cpriebe1/MO/model-taxonomy/results/shared_cache/03_adapters/allenai--OLMo-2-0425-1B-Instruct/yahoo_050g1_025g2_025g3_n1000_s00_r16_i00_b5008_fea27ccee,yahoo_050g1_025g2_025g3_n1000_s00,-0.1865534484386444,-0.010527294129133224
structural_all_o,pool160,-1,/weka/scratch/jhu/cpriebe1/MO/model-taxonomy/results/shared_cache/03_adapters/allenai--OLMo-2-0425-1B-Instruct/yahoo_050g1_025g2_025g3_n1000_s00_r16_i01_b5008_fea27ccee,yahoo_050g1_025g2_025g3_n1000_s00,0.06057899817824364,0.03016212210059166
structural_all_o,pool160,-1,/weka/scratch/jhu/cpriebe1/MO/model-taxonomy/results/shared_cache/03_adapters/allenai--OLMo-2-0425-1B-Instruct/yahoo_050g1_025g2_025g3_n1000_s00_r16_i02_b5008_fea27ccee,yahoo_050g1_025g2_025g3_n1000_s00,0.12433808296918869,0.1592334508895874
structural_all_o,pool160,-1,/weka/scratch/jhu/cpriebe1/MO/model-taxonomy/results/shared_cache/03_adapters/allenai--OLMo-2-0425-1B-Instruct/yahoo_050g1_025g2_025g3_n1000_s00_r16_i03_b5008_fea27ccee,yahoo_050g1_025g2_025g3_n1000_s00,0.40164685249328613,0.14955070614814758
structural_all_o,pool160,-1,/weka/scratch/jhu/cpriebe1/MO/model-taxonomy/results/shared_cache/03_adapters/allenai--OLMo-2-0425-1B-Instruct/yahoo_050g1_025g2_025g3_n1000_s00_r16_i04_b5008_fea27ccee,yahoo_050g1_025g2_025g3_n1000_s00,-0.3831646740436554,-0.14358751475811005
structural_all_o,pool160,-1,/weka/scratch/jhu/cpriebe1/MO/model-taxonomy/results/shared_cache/03_adapters/allenai--OLMo-2-0425-1B-Instruct/yahoo_050g1_025g2_025g3_n1000_s00_r16_i05_b5008_fea27ccee,yahoo_050g1_025g2_025g3_n1000_s00,-0.21592099964618683,-0.12868835031986237
structural_all_o,pool160,-1,/weka/scratch/jhu/cpriebe1/MO/model-taxonomy/results/shared_cache/03_adapters/allenai--OLMo-2-0425-1B-Instruct/yahoo_050g1_025g2_025g3_n1000_s00_r16_i06_b5008_fea27ccee,yahoo_050g1_025g2_025g3_n1000_s00,-0.06070551648736,0.036126166582107544
structural_all_o,pool160,-1,/weka/scratch/jhu/cpriebe1/MO/model-taxonomy/results/shared_cache/03_adapters/allenai--OLMo-2-0425-1B-Instruct/yahoo_050g1_025g2_025g3_n1000_s00_r16_i07_b5008_fea27ccee,yahoo_050g1_025g2_025g3_n1000_s00,0.24908341467380524,0.11881226301193237
structural_all_o,pool160,-1,/weka/scratch/jhu/cpriebe1/MO/model-taxonomy/results/shared_cache/03_adapters/allenai--OLMo-2-0425-1B-Instruct/yahoo_050g1_025g2_025g3_n1000_s00_r16_i08_b5008_fea27ccee,yahoo_050g1_025g2_025g3_n1000_s00,0.4327359199523926,0.21827298402786255
structural_all_o,pool160,-1,/weka/scratch/jhu/cpriebe1/MO/model-taxonomy/results/shared_cache/03_adapters/allenai--OLMo-2-0425-1B-Instruct/yahoo_050g1_025g2_025g3_n1000_s00_r16_i09_b5008_fea27ccee,yahoo_050g1_025g2_025g3_n1000_s00,-0.3735855221748352,-0.2815050482749939
structural_all_o,pool160,-1,/weka/scratch/jhu/cpriebe1/MO/model-taxonomy/results/shared_cache/03_adapters/allenai--OLMo-2-0425-1B-Instruct/yahoo_050g1_050g2_000g3_n1000_s00_r16_i00_b5008_fea27ccee,yahoo_050g1_050g2_000g3_n1000_s00,0.007572317961603403,-0.3826427161693573
structural_all_o,pool160,-1,/weka/scratch/jhu/cpriebe1/MO/model-taxonomy/results/shared_cache/03_adapters/allenai--OLMo-2-0425-1B-Instruct/yahoo_050g1_050g2_000g3_n1000_s00_r16_i01_b5008_fea27ccee,yahoo_050g1_050g2_000g3_n1000_s00,0.20455564558506012,-0.2506811022758484
structural_all_o,pool160,-1,/weka/scratch/jhu/cpriebe1/MO/model-taxonomy/results/shared_cache/03_adapters/allenai--OLMo-2-0425-1B-Instruct/yahoo_050g1_050g2_000g3_n1000_s00_r16_i02_b5008_fea27ccee,yahoo_050g1_050g2_000g3_n1000_s00,0.3036315441131592,-0.18557727336883545
structural_all_o,pool160,-1,/weka/scratch/jhu/cpriebe1/MO/model-taxonomy/results/shared_cache/03_adapters/allenai--OLMo-2-0425-1B-Instruct/yahoo_050g1_050g2_000g3_n1000_s00_r16_i03_b5008_fea27ccee,yahoo_050g1_050g2_000g3_n1000_s00,0.5057525038719177,-0.018478257581591606
structural_all_o,pool160,-1,/weka/scratch/jhu/cpriebe1/MO/model-taxonomy/results/shared_cache/03_adapters/allenai--OLMo-2-0425-1B-Instruct/yahoo_050g1_050g2_000g3_n1000_s00_r16_i04_b5008_fea27ccee,yahoo_050g1_050g2_000g3_n1000_s00,-0.23621776700019836,-0.41562262177467346
structural_all_o,pool160,-1,/weka/scratch/jhu/cpriebe1/MO/model-taxonomy/results/shared_cache/03_adapters/allenai--OLMo-2-0425-1B-Instruct/yahoo_050g1_050g2_000g3_n1000_s00_r16_i05_b5008_fea27ccee,yahoo_050g1_050g2_000g3_n1000_s00,-0.1104445829987526,-0.346161812543869
structural_all_o,pool160,-1,/weka/scratch/jhu/cpriebe1/MO/model-taxonomy/results/shared_cache/03_adapters/allenai--OLMo-2-0425-1B-Instruct/yahoo_050g1_050g2_000g3_n1000_s00_r16_i06_b5008_fea27ccee,yahoo_050g1_050g2_000g3_n1000_s00,0.08704739063978195,-0.2554234266281128
structural_all_o,pool160,-1,/weka/scratch/jhu/cpriebe1/MO/model-taxonomy/results/shared_cache/03_adapters/allenai--OLMo-2-0425-1B-Instruct/yahoo_050g1_050g2_000g3_n1000_s00_r16_i07_b5008_fea27ccee,yahoo_050g1_050g2_000g3_n1000_s00,0.373989999294281,-0.09923945367336273
structural_all_o,pool160,-1,/weka/scratch/jhu/cpriebe1/MO/model-taxonomy/results/shared_cache/03_adapters/allenai--OLMo-2-0425-1B-Instruct/yahoo_050g1_050g2_000g3_n1000_s00_r16_i08_b5008_fea27ccee,yahoo_050g1_050g2_000g3_n1000_s00,0.5429059863090515,0.0727371796965599
structural_all_o,pool160,-1,/weka/scratch/jhu/cpriebe1/MO/model-taxonomy/results/shared_cache/03_adapters/allenai--OLMo-2-0425-1B-Instruct/yahoo_050g1_050g2_000g3_n1000_s00_r16_i09_b5008_fea27ccee,yahoo_050g1_050g2_000g3_n1000_s00,-0.3085203468799591,-0.43129363656044006
structural_all_o,pool160,-1,/weka/scratch/jhu/cpriebe1/MO/model-taxonomy/results/shared_cache/03_adapters/allenai--OLMo-2-0425-1B-Instruct/yahoo_075g1_000g2_025g3_n1000_s00_r16_i00_b5008_fea27ccee,yahoo_075g1_000g2_025g3_n1000_s00,-0.33674660325050354,0.18087665736675262
structural_all_o,pool160,-1,/weka/scratch/jhu/cpriebe1/MO/model-taxonomy/results/shared_cache/03_adapters/allenai--OLMo-2-0425-1B-Instruct/yahoo_075g1_000g2_025g3_n1000_s00_r16_i01_b5008_fea27ccee,yahoo_075g1_000g2_025g3_n1000_s00,-0.02911314181983471,0.3105737566947937
structural_all_o,pool160,-1,/weka/scratch/jhu/cpriebe1/MO/model-taxonomy/results/shared_cache/03_adapters/allenai--OLMo-2-0425-1B-Instruct/yahoo_075g1_000g2_025g3_n1000_s00_r16_i02_b5008_fea27ccee,yahoo_075g1_000g2_025g3_n1000_s00,0.1336742788553238,0.3846243619918823
structural_all_o,pool160,-1,/weka/scratch/jhu/cpriebe1/MO/model-taxonomy/results/shared_cache/03_adapters/allenai--OLMo-2-0425-1B-Instruct/yahoo_075g1_000g2_025g3_n1000_s00_r16_i03_b5008_fea27ccee,yahoo_075g1_000g2_025g3_n1000_s00,0.4366932809352875,0.34455811977386475
structural_all_o,pool160,-1,/weka/scratch/jhu/cpriebe1/MO/model-taxonomy/results/shared_cache/03_adapters/allenai--OLMo-2-0425-1B-Instruct/yahoo_075g1_000g2_025g3_n1000_s00_r16_i04_b5008_fea27ccee,yahoo_075g1_000g2_025g3_n1000_s00,-0.5105344653129578,-0.05409270524978638
structural_all_o,pool160,-1,/weka/scratch/jhu/cpriebe1/MO/model-taxonomy/results/shared_cache/03_adapters/allenai--OLMo-2-0425-1B-Instruct/yahoo_075g1_000g2_025g3_n1000_s00_r16_i05_b5008_fea27ccee,yahoo_075g1_000g2_025g3_n1000_s00,-0.3986239731311798,0.062202733010053635
structural_all_o,pool160,-1,/weka/scratch/jhu/cpriebe1/MO/model-taxonomy/results/shared_cache/03_adapters/allenai--OLMo-2-0425-1B-Instruct/yahoo_075g1_000g2_025g3_n1000_s00_r16_i06_b5008_fea27ccee,yahoo_075g1_000g2_025g3_n1000_s00,-0.16889560222625732,0.26666420698165894
structural_all_o,pool160,-1,/weka/scratch/jhu/cpriebe1/MO/model-taxonomy/results/shared_cache/03_adapters/allenai--OLMo-2-0425-1B-Instruct/yahoo_075g1_000g2_025g3_n1000_s00_r16_i07_b5008_fea27ccee,yahoo_075g1_000g2_025g3_n1000_s00,0.24533216655254364,0.375469833612442
structural_all_o,pool160,-1,/weka/scratch/jhu/cpriebe1/MO/model-taxonomy/results/shared_cache/03_adapters/allenai--OLMo-2-0425-1B-Instruct/yahoo_075g1_000g2_025g3_n1000_s00_r16_i08_b5008_fea27ccee,yahoo_075g1_000g2_025g3_n1000_s00,0.4152020215988159,0.3900861442089081
structural_all_o,pool160,-1,/weka/scratch/jhu/cpriebe1/MO/model-taxonomy/results/shared_cache/03_adapters/allenai--OLMo-2-0425-1B-Instruct/yahoo_075g1_000g2_025g3_n1000_s00_r16_i09_b5008_fea27ccee,yahoo_075g1_000g2_025g3_n1000_s00,-0.5191690921783447,-0.2340906858444214
structural_all_o,pool160,-1,/weka/scratch/jhu/cpriebe1/MO/model-taxonomy/results/shared_cache/03_adapters/allenai--OLMo-2-0425-1B-Instruct/yahoo_075g1_025g2_000g3_n1000_s00_r16_i00_b5008_fea27ccee,yahoo_075g1_025g2_000g3_n1000_s00,-0.22848279774188995,-0.0263994000852108
structural_all_o,pool160,-1,/weka/scratch/jhu/cpriebe1/MO/model-taxonomy/results/shared_cache/03_adapters/allenai--OLMo-2-0425-1B-Instruct/yahoo_075g1_025g2_000g3_n1000_s00_r16_i01_b5008_fea27ccee,yahoo_075g1_025g2_000g3_n1000_s00,0.1173299252986908,0.02068726159632206
structural_all_o,pool160,-1,/weka/scratch/jhu/cpriebe1/MO/model-taxonomy/results/shared_cache/03_adapters/allenai--OLMo-2-0425-1B-Instruct/yahoo_075g1_025g2_000g3_n1000_s00_r16_i02_b5008_fea27ccee,yahoo_075g1_025g2_000g3_n1000_s00,0.2225310355424881,0.25307488441467285
structural_all_o,pool160,-1,/weka/scratch/jhu/cpriebe1/MO/model-taxonomy/results/shared_cache/03_adapters/allenai--OLMo-2-0425-1B-Instruct/yahoo_075g1_025g2_000g3_n1000_s00_r16_i03_b5008_fea27ccee,yahoo_075g1_025g2_000g3_n1000_s00,0.5191543102264404,0.2044527530670166
structural_all_o,pool160,-1,/weka/scratch/jhu/cpriebe1/MO/model-taxonomy/results/shared_cache/03_adapters/allenai--OLMo-2-0425-1B-Instruct/yahoo_075g1_025g2_000g3_n1000_s00_r16_i04_b5008_fea27ccee,yahoo_075g1_025g2_000g3_n1000_s00,-0.4587863087654114,-0.19111326336860657
structural_all_o,pool160,-1,/weka/scratch/jhu/cpriebe1/MO/model-taxonomy/results/shared_cache/03_adapters/allenai--OLMo-2-0425-1B-Instruct/yahoo_075g1_025g2_000g3_n1000_s00_r16_i05_b5008_fea27ccee,yahoo_075g1_025g2_000g3_n1000_s00,-0.2624499797821045,-0.16975224018096924
structural_all_o,pool160,-1,/weka/scratch/jhu/cpriebe1/MO/model-taxonomy/results/shared_cache/03_adapters/allenai--OLMo-2-0425-1B-Instruct/yahoo_075g1_025g2_000g3_n1000_s00_r16_i06_b5008_fea27ccee,yahoo_075g1_025g2_000g3_n1000_s00,-0.04835919663310051,0.06804510951042175
structural_all_o,pool160,-1,/weka/scratch/jhu/cpriebe1/MO/model-taxonomy/results/shared_cache/03_adapters/allenai--OLMo-2-0425-1B-Instruct/yahoo_075g1_025g2_000g3_n1000_s00_r16_i07_b5008_fea27ccee,yahoo_075g1_025g2_000g3_n1000_s00,0.3155525028705597,0.1677013635635376
structural_all_o,pool160,-1,/weka/scratch/jhu/cpriebe1/MO/model-taxonomy/results/shared_cache/03_adapters/allenai--OLMo-2-0425-1B-Instruct/yahoo_075g1_025g2_000g3_n1000_s00_r16_i08_b5008_fea27ccee,yahoo_075g1_025g2_000g3_n1000_s00,0.5056965947151184,0.2493533343076706
structural_all_o,pool160,-1,/weka/scratch/jhu/cpriebe1/MO/model-taxonomy/results/shared_cache/03_adapters/allenai--OLMo-2-0425-1B-Instruct/yahoo_075g1_025g2_000g3_n1000_s00_r16_i09_b5008_fea27ccee,yahoo_075g1_025g2_000g3_n1000_s00,-0.44708535075187683,-0.3211263120174408
structural_all_o,pool160,-1,/weka/scratch/jhu/cpriebe1/MO/model-taxonomy/results/shared_cache/03_adapters/allenai--OLMo-2-0425-1B-Instruct/yahoo_100g1_000g2_000g3_n1000_s00_r16_i00_b5008_fea27ccee,yahoo_100g1_000g2_000g3_n1000_s00,-0.596673846244812,-0.031033195555210114
structural_all_o,pool160,-1,/weka/scratch/jhu/cpriebe1/MO/model-taxonomy/results/shared_cache/03_adapters/allenai--OLMo-2-0425-1B-Instruct/yahoo_100g1_000g2_000g3_n1000_s00_r16_i01_b5008_fea27ccee,yahoo_100g1_000g2_000g3_n1000_s00,0.33167847990989685,0.46698734164237976
structural_all_o,pool160,-1,/weka/scratch/jhu/cpriebe1/MO/model-taxonomy/results/shared_cache/03_adapters/allenai--OLMo-2-0425-1B-Instruct/yahoo_100g1_000g2_000g3_n1000_s00_r16_i02_b5008_fea27ccee,yahoo_100g1_000g2_000g3_n1000_s00,0.32339024543762207,0.5091308355331421
structural_all_o,pool160,-1,/weka/scratch/jhu/cpriebe1/MO/model-taxonomy/results/shared_cache/03_adapters/allenai--OLMo-2-0425-1B-Instruct/yahoo_100g1_000g2_000g3_n1000_s00_r16_i03_b5008_fea27ccee,yahoo_100g1_000g2_000g3_n1000_s00,0.5258533358573914,0.34362924098968506
structural_all_o,pool160,-1,/weka/scratch/jhu/cpriebe1/MO/model-taxonomy/results/shared_cache/03_adapters/allenai--OLMo-2-0425-1B-Instruct/yahoo_100g1_000g2_000g3_n1000_s00_r16_i04_b5008_fea27ccee,yahoo_100g1_000g2_000g3_n1000_s00,-0.6021243333816528,-0.13699261844158173
structural_all_o,pool160,-1,/weka/scratch/jhu/cpriebe1/MO/model-taxonomy/results/shared_cache/03_adapters/allenai--OLMo-2-0425-1B-Instruct/yahoo_100g1_000g2_000g3_n1000_s00_r16_i05_b5008_fea27ccee,yahoo_100g1_000g2_000g3_n1000_s00,-0.5725484490394592,-0.14342883229255676
structural_all_o,pool160,-1,/weka/scratch/jhu/cpriebe1/MO/model-taxonomy/results/shared_cache/03_adapters/allenai--OLMo-2-0425-1B-Instruct/yahoo_100g1_000g2_000g3_n1000_s00_r16_i06_b5008_fea27ccee,yahoo_100g1_000g2_000g3_n1000_s00,0.24897713959217072,0.5257891416549683
structural_all_o,pool160,-1,/weka/scratch/jhu/cpriebe1/MO/model-taxonomy/results/shared_cache/03_adapters/allenai--OLMo-2-0425-1B-Instruct/yahoo_100g1_000g2_000g3_n1000_s00_r16_i07_b5008_fea27ccee,yahoo_100g1_000g2_000g3_n1000_s00,0.39989736676216125,0.44679540395736694
structural_all_o,pool160,-1,/weka/scratch/jhu/cpriebe1/MO/model-taxonomy/results/shared_cache/03_adapters/allenai--OLMo-2-0425-1B-Instruct/yahoo_100g1_000g2_000g3_n1000_s00_r16_i08_b5008_fea27ccee,yahoo_100g1_000g2_000g3_n1000_s00,0.4924325942993164,0.4014236629009247
structural_all_o,pool160,-1,/weka/scratch/jhu/cpriebe1/MO/model-taxonomy/results/shared_cache/03_adapters/allenai--OLMo-2-0425-1B-Instruct/yahoo_100g1_000g2_000g3_n1000_s00_r16_i09_b5008_fea27ccee,yahoo_100g1_000g2_000g3_n1000_s00,-0.5508825182914734,-0.28446292877197266
structural_all_o,mean_after,-1,yahoo_000g1_000g2_100g3_n1000_s00,yahoo_000g1_000g2_100g3_n1000_s00,-0.33258649706840515,0.49567070603370667
structural_all_o,mean_after,-1,yahoo_000g1_025g2_075g3_n1000_s00,yahoo_000g1_025g2_075g3_n1000_s00,-0.23807917535305023,0.35414737462997437
structural_all_o,mean_after,-1,yahoo_000g1_050g2_050g3_n1000_s00,yahoo_000g1_050g2_050g3_n1000_s00,0.13043688237667084,-0.2810191810131073
structural_all_o,mean_after,-1,yahoo_000g1_075g2_025g3_n1000_s00,yahoo_000g1_075g2_025g3_n1000_s00,0.21730133891105652,-0.4169718623161316
structural_all_o,mean_after,-1,yahoo_000g1_100g2_000g3_n1000_s00,yahoo_000g1_100g2_000g3_n1000_s00,0.25330650806427,-0.49842721223831177
structural_all_o,mean_after,-1,yahoo_025g1_000g2_075g3_n1000_s00,yahoo_025g1_000g2_075g3_n1000_s00,-0.25367143750190735,0.39895984530448914
structural_all_o,mean_after,-1,yahoo_025g1_025g2_050g3_n1000_s00,yahoo_025g1_025g2_050g3_n1000_s00,-0.06557369977235794,0.10670602321624756
structural_all_o,mean_after,-1,yahoo_025g1_050g2_025g3_n1000_s00,yahoo_025g1_050g2_025g3_n1000_s00,0.10979024320840836,-0.205374076962471
structural_all_o,mean_after,-1,yahoo_025g1_075g2_000g3_n1000_s00,yahoo_025g1_075g2_000g3_n1000_s00,0.20157890021800995,-0.37865859270095825
structural_all_o,mean_after,-1,yahoo_033g1_033g2_033g3_n1000_s00,yahoo_033g1_033g2_033g3_n1000_s00,0.03523619472980499,-0.05918576568365097
structural_all_o,mean_after,-1,yahoo_050g1_000g2_050g3_n1000_s00,yahoo_050g1_000g2_050g3_n1000_s00,-0.1499037742614746,0.2626427412033081
structural_all_o,mean_after,-1,yahoo_050g1_025g2_025g3_n1000_s00,yahoo_050g1_025g2_025g3_n1000_s00,0.004845311399549246,0.014784947969019413
structural_all_o,mean_after,-1,yahoo_050g1_050g2_000g3_n1000_s00,yahoo_050g1_050g2_000g3_n1000_s00,0.13702726364135742,-0.23123830556869507
structural_all_o,mean_after,-1,yahoo_075g1_000g2_025g3_n1000_s00,yahoo_075g1_000g2_025g3_n1000_s00,-0.07321811467409134,0.20268723368644714
structural_all_o,mean_after,-1,yahoo_075g1_025g2_000g3_n1000_s00,yahoo_075g1_025g2_000g3_n1000_s00,0.023510072380304337,0.0254923477768898
structural_all_o,mean_after,-1,yahoo_100g1_000g2_000g3_n1000_s00,yahoo_100g1_000g2_000g3_n1000_s00,5.470564275075369e-17,0.20978380739688873
structural_all_o,mean_after_aligned,-1,yahoo_000g1_000g2_100g3_n1000_s00,yahoo_000g1_000g2_100g3_n1000_s00,-0.2409120798110962,0.3590436279773712
structural_all_o,mean_after_aligned,-1,yahoo_000g1_025g2_075g3_n1000_s00,yahoo_000g1_025g2_075g3_n1000_s00,-0.172454833984375,0.25652989745140076
structural_all_o,mean_after_aligned,-1,yahoo_000g1_050g2_050g3_n1000_s00,yahoo_000g1_050g2_050g3_n1000_s00,0.0944831594824791,-0.20355883240699768
structural_all_o,mean_after_aligned,-1,yahoo_000g1_075g2_025g3_n1000_s00,yahoo_000g1_075g2_025g3_n1000_s00,0.15740421414375305,-0.30203741788864136
structural_all_o,mean_after_aligned,-1,yahoo_000g1_100g2_000g3_n1000_s00,yahoo_000g1_100g2_000g3_n1000_s00,0.18348488211631775,-0.361040323972702
structural_all_o,mean_after_aligned,-1,yahoo_025g1_000g2_075g3_n1000_s00,yahoo_025g1_000g2_075g3_n1000_s00,-0.1837492436170578,0.28899022936820984
structural_all_o,mean_after_aligned,-1,yahoo_025g1_025g2_050g3_n1000_s00,yahoo_025g1_025g2_050g3_n1000_s00,-0.0474989116191864,0.07729348540306091
structural_all_o,mean_after_aligned,-1,yahoo_025g1_050g2_025g3_n1000_s00,yahoo_025g1_050g2_025g3_n1000_s00,0.07952757179737091,-0.14876459538936615
structural_all_o,mean_after_aligned,-1,yahoo_025g1_075g2_000g3_n1000_s00,yahoo_025g1_075g2_000g3_n1000_s00,0.14601552486419678,-0.27428483963012695
structural_all_o,mean_after_aligned,-1,yahoo_033g1_033g2_033g3_n1000_s00,yahoo_033g1_033g2_033g3_n1000_s00,0.025523662567138672,-0.04287175461649895
structural_all_o,mean_after_aligned,-1,yahoo_050g1_000g2_050g3_n1000_s00,yahoo_050g1_000g2_050g3_n1000_s00,-0.10858418047428131,0.19024766981601715
structural_all_o,mean_after_aligned,-1,yahoo_050g1_025g2_025g3_n1000_s00,yahoo_050g1_025g2_025g3_n1000_s00,0.0035097466316074133,0.010709610767662525
structural_all_o,mean_after_aligned,-1,yahoo_050g1_050g2_000g3_n1000_s00,yahoo_050g1_050g2_000g3_n1000_s00,0.0992569550871849,-0.1674995869398117
structural_all_o,mean_after_aligned,-1,yahoo_075g1_000g2_025g3_n1000_s00,yahoo_075g1_000g2_025g3_n1000_s00,-0.05303621292114258,0.1468183696269989
structural_all_o,mean_after_aligned,-1,yahoo_075g1_025g2_000g3_n1000_s00,yahoo_075g1_025g2_000g3_n1000_s00,0.017029738053679466,0.018465615808963776
structural_all_o,mean_after_aligned,-1,yahoo_100g1_000g2_000g3_n1000_s00,yahoo_100g1_000g2_000g3_n1000_s00,2.0419431531265544e-17,0.15195883810520172
structural_all_o,mean_before_aligned,-1,yahoo_000g1_000g2_100g3_n1000_s00,yahoo_000g1_000g2_100g3_n1000_s00,-0.27328044176101685,0.09398052096366882
structural_all_o,mean_before_aligned,-1,yahoo_000g1_025g2_075g3_n1000_s00,yahoo_000g1_025g2_075g3_n1000_s00,-0.19713157415390015,-0.018060799688100815
structural_all_o,mean_before_aligned,-1,yahoo_000g1_050g2_050g3_n1000_s00,yahoo_000g1_050g2_050g3_n1000_s00,-0.10735782980918884,-0.11990086734294891
structural_all_o,mean_before_aligned,-1,yahoo_000g1_075g2_025g3_n1000_s00,yahoo_000g1_075g2_025g3_n1000_s00,-0.030475962907075882,-0.1972227543592453
structural_all_o,mean_before_aligned,-1,yahoo_000g1_100g2_000g3_n1000_s00,yahoo_000g1_100g2_000g3_n1000_s00,0.03437523916363716,-0.2581576108932495
structural_all_o,mean_before_aligned,-1,yahoo_025g1_000g2_075g3_n1000_s00,yahoo_025g1_000g2_075g3_n1000_s00,-0.1544918268918991,0.13438287377357483
structural_all_o,mean_before_aligned,-1,yahoo_025g1_025g2_050g3_n1000_s00,yahoo_025g1_025g2_050g3_n1000_s00,-0.0695415511727333,0.02338920347392559
structural_all_o,mean_before_aligned,-1,yahoo_025g1_050g2_025g3_n1000_s00,yahoo_025g1_050g2_025g3_n1000_s00,0.031197426840662956,-0.08816835284233093
structural_all_o,mean_before_aligned,-1,yahoo_025g1_075g2_000g3_n1000_s00,yahoo_025g1_075g2_000g3_n1000_s00,0.10372054576873779,-0.15524990856647491
structural_all_o,mean_before_aligned,-1,yahoo_033g1_033g2_033g3_n1000_s00,yahoo_033g1_033g2_033g3_n1000_s00,0.005422711372375488,-0.0043441979214549065
structural_all_o,mean_before_aligned,-1,yahoo_050g1_000g2_050g3_n1000_s00,yahoo_050g1_000g2_050g3_n1000_s00,-0.02998257800936699,0.16321343183517456
structural_all_o,mean_before_aligned,-1,yahoo_050g1_025g2_025g3_n1000_s00,yahoo_050g1_025g2_025g3_n1000_s00,0.07165040820837021,0.050842322409152985
structural_all_o,mean_before_aligned,-1,yahoo_050g1_050g2_000g3_n1000_s00,yahoo_050g1_050g2_000g3_n1000_s00,0.14900970458984375,-0.05594909191131592
structural_all_o,mean_before_aligned,-1,yahoo_075g1_000g2_025g3_n1000_s00,yahoo_075g1_000g2_025g3_n1000_s00,0.09616624563932419,0.1802084743976593
structural_all_o,mean_before_aligned,-1,yahoo_075g1_025g2_000g3_n1000_s00,yahoo_075g1_025g2_000g3_n1000_s00,0.17566396296024323,0.07268577814102173
structural_all_o,mean_before_aligned,-1,yahoo_100g1_000g2_000g3_n1000_s00,yahoo_100g1_000g2_000g3_n1000_s00,0.1950555145740509,0.17835094034671783
functional_all,mean_before,-1,/weka/scratch/jhu/cpriebe1/MO/model-taxonomy/results/shared_cache/03_adapters/allenai--OLMo-2-0425-1B-Instruct/yahoo_100g1_000g2_000g3_n1000_s00_r16_i00_b5008_fea27ccee,yahoo_100g1_000g2_000g3_n1000_s00,-1.6371901963603733e-18,0.019578086212277412
functional_all,mean_before,-1,/weka/scratch/jhu/cpriebe1/MO/model-taxonomy/results/shared_cache/03_adapters/allenai--OLMo-2-0425-1B-Instruct/yahoo_075g1_025g2_000g3_n1000_s00_r16_i00_b5008_fea27ccee,yahoo_075g1_025g2_000g3_n1000_s00,0.004384757950901985,0.012382966466248035
functional_all,mean_before,-1,/weka/scratch/jhu/cpriebe1/MO/model-taxonomy/results/shared_cache/03_adapters/allenai--OLMo-2-0425-1B-Instruct/yahoo_075g1_000g2_025g3_n1000_s00_r16_i00_b5008_fea27ccee,yahoo_075g1_000g2_025g3_n1000_s00,-0.005417339038103819,0.014069740660488605
functional_all,mean_before,-1,/weka/scratch/jhu/cpriebe1/MO/model-taxonomy/results/shared_cache/03_adapters/allenai--OLMo-2-0425-1B-Instruct/yahoo_050g1_050g2_000g3_n1000_s00_r16_i00_b5008_fea27ccee,yahoo_050g1_050g2_000g3_n1000_s00,0.009547825902700424,0.004457343369722366
functional_all,mean_before,-1,/weka/scratch/jhu/cpriebe1/MO/model-taxonomy/results/shared_cache/03_adapters/allenai--OLMo-2-0425-1B-Instruct/yahoo_050g1_025g2_025g3_n1000_s00_r16_i00_b5008_fea27ccee,yahoo_050g1_025g2_025g3_n1000_s00,1.2673951914621284e-06,0.006205596495419741
functional_all,mean_before,-1,/weka/scratch/jhu/cpriebe1/MO/model-taxonomy/results/shared_cache/03_adapters/allenai--OLMo-2-0425-1B-Instruct/yahoo_050g1_000g2_050g3_n1000_s00_r16_i00_b5008_fea27ccee,yahoo_050g1_000g2_050g3_n1000_s00,-0.011572171002626419,0.006925581488758326
functional_all,mean_before,-1,/weka/scratch/jhu/cpriebe1/MO/model-taxonomy/results/shared_cache/03_adapters/allenai--OLMo-2-0425-1B-Instruct/yahoo_033g1_033g2_033g3_n1000_s00_r16_i00_b5008_fea27ccee,yahoo_033g1_033g2_033g3_n1000_s00,0.0005471150507219136,-0.000303835840895772
functional_all,mean_before,-1,/weka/scratch/jhu/cpriebe1/MO/model-taxonomy/results/shared_cache/03_adapters/allenai--OLMo-2-0425-1B-Instruct/yahoo_025g1_075g2_000g3_n1000_s00_r16_i00_b5008_fea27ccee,yahoo_025g1_075g2_000g3_n1000_s00,0.013458332978188992,-0.0022378917783498764
functional_all,mean_before,-1,/weka/scratch/jhu/cpriebe1/MO/model-taxonomy/results/shared_cache/03_adapters/allenai--OLMo-2-0425-1B-Instruct/yahoo_025g1_050g2_025g3_n1000_s00_r16_i00_b5008_fea27ccee,yahoo_025g1_050g2_025g3_n1000_s00,0.005625256337225437,-0.0027422639541327953
functional_all,mean_before,-1,/weka/scratch/jhu/cpriebe1/MO/model-taxonomy/results/shared_cache/03_adapters/allenai--OLMo-2-0425-1B-Instruct/yahoo_025g1_025g2_050g3_n1000_s00_r16_i00_b5008_fea27ccee,yahoo_025g1_025g2_050g3_n1000_s00,-0.004848277196288109,-0.0019071961287409067
functional_all,mean_before,-1,/weka/scratch/jhu/cpriebe1/MO/model-taxonomy/results/shared_cache/03_adapters/allenai--OLMo-2-0425-1B-Instruct/yahoo_025g1_000g2_075g3_n1000_s00_r16_i00_b5008_fea27ccee,yahoo_025g1_000g2_075g3_n1000_s00,-0.014901481568813324,-0.0019048177637159824
functional_all,mean_before,-1,/weka/scratch/jhu/cpriebe1/MO/model-taxonomy/results/shared_cache/03_adapters/allenai--OLMo-2-0425-1B-Instruct/yahoo_000g1_100g2_000g3_n1000_s00_r16_i00_b5008_fea27ccee,yahoo_000g1_100g2_000g3_n1000_s00,0.018601739779114723,-0.010917536914348602
functional_all,mean_before,-1,/weka/scratch/jhu/cpriebe1/MO/model-taxonomy/results/shared_cache/03_adapters/allenai--OLMo-2-0425-1B-Instruct/yahoo_000g1_075g2_025g3_n1000_s00_r16_i00_b5008_fea27ccee,yahoo_000g1_075g2_025g3_n1000_s00,0.010030102916061878,-0.010357635095715523
functional_all,mean_before,-1,/weka/scratch/jhu/cpriebe1/MO/model-taxonomy/results/shared_cache/03_adapters/allenai--OLMo-2-0425-1B-Instruct/yahoo_000g1_050g2_050g3_n1000_s00_r16_i00_b5008_fea27ccee,yahoo_000g1_050g2_050g3_n1000_s00,0.0014360506320372224,-0.011211149394512177
functional_all,mean_before,-1,/weka/scratch/jhu/cpriebe1/MO/model-taxonomy/results/shared_cache/03_adapters/allenai--OLMo-2-0425-1B-Instruct/yahoo_000g1_025g2_075g3_n1000_s00_r16_i00_b5008_fea27ccee,yahoo_000g1_025g2_075g3_n1000_s00,-0.0086756506934762,-0.010977527126669884
functional_all,mean_before,-1,/weka/scratch/jhu/cpriebe1/MO/model-taxonomy/results/shared_cache/03_adapters/allenai--OLMo-2-0425-1B-Instruct/yahoo_000g1_000g2_100g3_n1000_s00_r16_i00_b5008_fea27ccee,yahoo_000g1_000g2_100g3_n1000_s00,-0.018217530101537704,-0.011059461161494255
functional_all,seed_mean,-1,yahoo_000g1_000g2_100g3_n1000_s00,yahoo_000g1_000g2_100g3_n1000_s00,-0.33135080337524414,-0.19835099577903748
functional_all,seed_mean,-1,yahoo_000g1_025g2_075g3_n1000_s00,yahoo_000g1_025g2_075g3_n1000_s00,-0.1580445021390915,-0.1982506513595581
functional_all,seed_mean,-1,yahoo_000g1_050g2_050g3_n1000_s00,yahoo_000g1_050g2_050g3_n1000_s00,0.02516900934278965,-0.20327818393707275
functional_all,seed_mean,-1,yahoo_000g1_075g2_025g3_n1000_s00,yahoo_000g1_075g2_025g3_n1000_s00,0.18098734319210052,-0.18846967816352844
functional_all,seed_mean,-1,yahoo_000g1_100g2_000g3_n1000_s00,yahoo_000g1_100g2_000g3_n1000_s00,0.3358950912952423,-0.19995565712451935
functional_all,seed_mean,-1,yahoo_025g1_000g2_075g3_n1000_s00,yahoo_025g1_000g2_075g3_n1000_s00,-0.27000516653060913,-0.03343828395009041
functional_all,seed_mean,-1,yahoo_025g1_025g2_050g3_n1000_s00,yahoo_025g1_025g2_050g3_n1000_s00,-0.08769816905260086,-0.0342998206615448
functional_all,seed_mean,-1,yahoo_025g1_050g2_025g3_n1000_s00,yahoo_025g1_050g2_025g3_n1000_s00,0.10201140493154526,-0.05001448467373848
functional_all,seed_mean,-1,yahoo_025g1_075g2_000g3_n1000_s00,yahoo_025g1_075g2_000g3_n1000_s00,0.24389925599098206,-0.041519999504089355
functional_all,seed_mean,-1,yahoo_033g1_033g2_033g3_n1000_s00,yahoo_033g1_033g2_033g3_n1000_s00,0.010211406275629997,-0.005499276332557201
functional_all,seed_mean,-1,yahoo_050g1_000g2_050g3_n1000_s00,yahoo_050g1_000g2_050g3_n1000_s00,-0.2090480774641037,0.1261984258890152
functional_all,seed_mean,-1,yahoo_050g1_025g2_025g3_n1000_s00,yahoo_050g1_025g2_025g3_n1000_s00,0.0011393441818654537,0.11250568926334381
functional_all,seed_mean,-1,yahoo_050g1_050g2_000g3_n1000_s00,yahoo_050g1_050g2_000g3_n1000_s00,0.17361801862716675,0.08020254224538803
functional_all,seed_mean,-1,yahoo_075g1_000g2_025g3_n1000_s00,yahoo_075g1_000g2_025g3_n1000_s00,-0.09722800552845001,0.25517910718917847
functional_all,seed_mean,-1,yahoo_075g1_025g2_000g3_n1000_s00,yahoo_075g1_025g2_000g3_n1000_s00,0.0804438516497612,0.22421596944332123
functional_all,seed_mean,-1,yahoo_100g1_000g2_000g3_n1000_s00,yahoo_100g1_000g2_000g3_n1000_s00,-1.472970773812772e-17,0.3547753095626831
functional_all,seed_reference,-1,yahoo_100g1_000g2_000g3_n1000_s00,yahoo_100g1_000g2_000g3_n1000_s00,0.001482906169258058,0.35485410690307617
functional_all,seed_reference,-1,yahoo_075g1_025g2_000g3_n1000_s00,yahoo_075g1_025g2_000g3_n1000_s00,0.08041196316480637,0.22410999238491058
functional_all,seed_reference,-1,yahoo_075g1_000g2_025g3_n1000_s00,yahoo_075g1_000g2_025g3_n1000_s00,-0.09712395071983337,0.2554253339767456
functional_all,seed_reference,-1,yahoo_050g1_050g2_000g3_n1000_s00,yahoo_050g1_050g2_000g3_n1000_s00,0.17339260876178741,0.08006645739078522
functional_all,seed_reference,-1,yahoo_050g1_025g2_025g3_n1000_s00,yahoo_050g1_025g2_025g3_n1000_s00,0.0004930052673444152,0.11247675120830536
functional_all,seed_reference,-1,yahoo_050g1_000g2_050g3_n1000_s00,yahoo_050g1_000g2_050g3_n1000_s00,-0.20922181010246277,0.12640313804149628
functional_all,seed_reference,-1,yahoo_033g1_033g2_033g3_n1000_s00,yahoo_033g1_033g2_033g3_n1000_s00,0.00989348441362381,-0.005548486951738596
functional_all,seed_reference,-1,yahoo_025g1_075g2_000g3_n1000_s00,yahoo_025g1_075g2_000g3_n1000_s00,0.24376368522644043,-0.04158131778240204
functional_all,seed_reference,-1,yahoo_025g1_050g2_025g3_n1000_s00,yahoo_025g1_050g2_025g3_n1000_s00,0.1017504408955574,-0.05012979358434677
functional_all,seed_reference,-1,yahoo_025g1_025g2_050g3_n1000_s00,yahoo_025g1_025g2_050g3_n1000_s00,-0.08801981061697006,-0.03420083597302437
functional_all,seed_reference,-1,yahoo_025g1_000g2_075g3_n1000_s00,yahoo_025g1_000g2_075g3_n1000_s00,-0.270234614610672,-0.03339626267552376
functional_all,seed_reference,-1,yahoo_000g1_100g2_000g3_n1000_s00,yahoo_000g1_100g2_000g3_n1000_s00,0.3363308608531952,-0.19929003715515137
functional_all,seed_reference,-1,yahoo_000g1_075g2_025g3_n1000_s00,yahoo_000g1_075g2_025g3_n1000_s00,0.18101176619529724,-0.1884925365447998
functional_all,seed_reference,-1,yahoo_000g1_050g2_050g3_n1000_s00,yahoo_000g1_050g2_050g3_n1000_s00,0.025179347023367882,-0.20331160724163055
functional_all,seed_reference,-1,yahoo_000g1_025g2_075g3_n1000_s00,yahoo_000g1_025g2_075g3_n1000_s00,-0.15807822346687317,-0.19831129908561707
functional_all,seed_reference,-1,yahoo_000g1_000g2_100g3_n1000_s00,yahoo_000g1_000g2_100g3_n1000_s00,-0.3310316205024719,-0.19907361268997192
functional_all,seed_aligned,0,/weka/scratch/jhu/cpriebe1/MO/model-taxonomy/results/shared_cache/03_adapters/allenai--OLMo-2-0425-1B-Instruct/yahoo_100g1_000g2_000g3_n1000_s00_r16_i00_b5008_fea27ccee,yahoo_100g1_000g2_000g3_n1000_s00,-0.0027127363719046116,0.3546547591686249
functional_all,seed_aligned,0,/weka/scratch/jhu/cpriebe1/MO/model-taxonomy/results/shared_cache/03_adapters/allenai--OLMo-2-0425-1B-Instruct/yahoo_075g1_025g2_000g3_n1000_s00_r16_i00_b5008_fea27ccee,yahoo_075g1_025g2_000g3_n1000_s00,0.0777372270822525,0.22580179572105408
functional_all,seed_aligned,0,/weka/scratch/jhu/cpriebe1/MO/model-taxonomy/results/shared_cache/03_adapters/allenai--OLMo-2-0425-1B-Instruct/yahoo_075g1_000g2_025g3_n1000_s00_r16_i00_b5008_fea27ccee,yahoo_075g1_000g2_025g3_n1000_s00,-0.09695441275835037,0.2539259195327759
functional_all,seed_aligned,0,/weka/scratch/jhu/cpriebe1/MO/model-taxonomy/results/shared_cache/03_adapters/allenai--OLMo-2-0425-1B-Instruct/yahoo_050g1_050g2_000g3_n1000_s00_r16_i00_b5008_fea27ccee,yahoo_050g1_050g2_000g3_n1000_s00,0.1796189695596695,0.08434614539146423
functional_all,seed_aligned,0,/weka/scratch/jhu/cpriebe1/MO/model-taxonomy/results/shared_cache/03_adapters/allenai--OLMo-2-0425-1B-Instruct/yahoo_050g1_025g2_025g3_n1000_s00_r16_i00_b5008_fea27ccee,yahoo_050g1_025g2_025g3_n1000_s00,0.0007688576588407159,0.11499819159507751
functional_all,seed_aligned,0,/weka/scratch/jhu/cpriebe1/MO/model-taxonomy/results/shared_cache/03_adapters/allenai--OLMo-2-0425-1B-Instruct/yahoo_050g1_000g2_050g3_n1000_s00_r16_i00_b5008_fea27ccee,yahoo_050g1_000g2_050g3_n1000_s00,-0.20715029537677765,0.12741145491600037
functional_all,seed_aligned,0,/weka/scratch/jhu/cpriebe1/MO/model-taxonomy/results/shared_cache/03_adapters/allenai--OLMo-2-0425-1B-Instruct/yahoo_033g1_033g2_033g3_n1000_s00_r16_i00_b5008_fea27ccee,yahoo_033g1_033g2_033g3_n1000_s00,0.012477601878345013,-0.0042527467012405396
functional_all,seed_aligned,0,/weka/scratch/jhu/cpriebe1/MO/model-taxonomy/results/shared_cache/03_adapters/allenai--OLMo-2-0425-1B-Instruct/yahoo_025g1_075g2_000g3_n1000_s00_r16_i00_b5008_fea27ccee,yahoo_025g1_075g2_000g3_n1000_s00,0.24216192960739136,-0.042169731110334396
functional_all,seed_aligned,0,/weka/scratch/jhu/cpriebe1/MO/model-taxonomy/results/shared_cache/03_adapters/allenai--OLMo-2-0425-1B-Instruct/yahoo_025g1_050g2_025g3_n1000_s00_r16_i00_b5008_fea27ccee,yahoo_025g1_050g2_025g3_n1000_s00,0.10072329640388489,-0.04828788712620735
functional_all,seed_aligned,0,/weka/scratch/jhu/cpriebe1/MO/model-taxonomy/results/shared_cache/03_adapters/allenai--OLMo-2-0425-1B-Instruct/yahoo_025g1_025g2_050g3_n1000_s00_r16_i00_b5008_fea27ccee,yahoo_025g1_025g2_050g3_n1000_s00,-0.08466457575559616,-0.03471682593226433
functional_all,seed_aligned,0,/weka/scratch/jhu/cpriebe1/MO/model-taxonomy/results/shared_cache/03_adapters/allenai--OLMo-2-0425-1B-Instruct/yahoo_025g1_000g2_075g3_n1000_s00_r16_i00_b5008_fea27ccee,yahoo_025g1_000g2_075g3_n1000_s00,-0.26816943287849426,-0.03384685888886452
functional_all,seed_aligned,0,/weka/scratch/jhu/cpriebe1/MO/model-taxonomy/results/shared_cache/03_adapters/allenai--OLMo-2-0425-1B-Instruct/yahoo_000g1_100g2_000g3_n1000_s00_r16_i00_b5008_fea27ccee,yahoo_000g1_100g2_000g3_n1000_s00,0.33008015155792236,-0.20245058834552765
functional_all,seed_aligned,0,/weka/scratch/jhu/cpriebe1/MO/model-taxonomy/results/shared_cache/03_adapters/allenai--OLMo-2-0425-1B-Instruct/yahoo_000g1_075g2_025g3_n1000_s00_r16_i00_b5008_fea27ccee,yahoo_000g1_075g2_025g3_n1000_s00,0.18002308905124664,-0.18698006868362427
functional_all,seed_aligned,0,/weka/scratch/jhu/cpriebe1/MO/model-taxonomy/results/shared_cache/03_adapters/allenai--OLMo-2-0425-1B-Instruct/yahoo_000g1_050g2_050g3_n1000_s00_r16_i00_b5008_fea27ccee,yahoo_000g1_050g2_050g3_n1000_s00,0.027220748364925385,-0.2101617455482483
functional_all,seed_aligned,0,/weka/scratch/jhu/cpriebe1/MO/model-taxonomy/results/shared_cache/03_adapters/allenai--OLMo-2-0425-1B-Instruct/yahoo_000g1_025g2_075g3_n1000_s00_r16_i00_b5008_fea27ccee,yahoo_000g1_025g2_075g3_n1000_s00,-0.15995660424232483,-0.1999264806509018
functional_all,seed_aligned,0,/weka/scratch/jhu/cpriebe1/MO/model-taxonomy/results/shared_cache/03_adapters/allenai--OLMo-2-0425-1B-Instruct/yahoo_000g1_000g2_100g3_n1000_s00_r16_i00_b5008_fea27ccee,yahoo_000g1_000g2_100g3_n1000_s00,-0.33120378851890564,-0.1983453780412674
functional_all,seed_aligned,1,/weka/scratch/jhu/cpriebe1/MO/model-taxonomy/results/shared_cache/03_adapters/allenai--OLMo-2-0425-1B-Instruct/yahoo_100g1_000g2_000g3_n1000_s00_r16_i01_b5008_fea27ccee,yahoo_100g1_000g2_000g3_n1000_s00,0.000489176600240171,0.36344674229621887
functional_all,seed_aligned,1,/weka/scratch/jhu/cpriebe1/MO/model-taxonomy/results/shared_cache/03_adapters/allenai--OLMo-2-0425-1B-Instruct/yahoo_075g1_025g2_000g3_n1000_s00_r16_i01_b5008_fea27ccee,yahoo_075g1_025g2_000g3_n1000_s00,0.0806647390127182,0.2246449589729309
functional_all,seed_aligned,1,/weka/scratch/jhu/cpriebe1/MO/model-taxonomy/results/shared_cache/03_adapters/allenai--OLMo-2-0425-1B-Instruct/yahoo_075g1_000g2_025g3_n1000_s00_r16_i01_b5008_fea27ccee,yahoo_075g1_000g2_025g3_n1000_s00,-0.09729833900928497,0.2586445212364197
functional_all,seed_aligned,1,/weka/scratch/jhu/cpriebe1/MO/model-taxonomy/results/shared_cache/03_adapters/allenai--OLMo-2-0425-1B-Instruct/yahoo_050g1_050g2_000g3_n1000_s00_r16_i01_b5008_fea27ccee,yahoo_050g1_050g2_000g3_n1000_s00,0.17012178897857666,0.07872550934553146
functional_all,seed_aligned,1,/weka/scratch/jhu/cpriebe1/MO/model-taxonomy/results/shared_cache/03_adapters/allenai--OLMo-2-0425-1B-Instruct/yahoo_050g1_025g2_025g3_n1000_s00_r16_i01_b5008_fea27ccee,yahoo_050g1_025g2_025g3_n1000_s00,0.001370592974126339,0.11244665831327438
functional_all,seed_aligned,1,/weka/scratch/jhu/cpriebe1/MO/model-taxonomy/results/shared_cache/03_adapters/allenai--OLMo-2-0425-1B-Instruct/yahoo_050g1_000g2_050g3_n1000_s00_r16_i01_b5008_fea27ccee,yahoo_050g1_000g2_050g3_n1000_s00,-0.20623940229415894,0.12470276653766632
functional_all,seed_aligned,1,/weka/scratch/jhu/cpriebe1/MO/model-taxonomy/results/shared_cache/03_adapters/allenai--OLMo-2-0425-1B-Instruct/yahoo_033g1_033g2_033g3_n1000_s00_r16_i01_b5008_fea27ccee,yahoo_033g1_033g2_033g3_n1000_s00,0.008784100413322449,-0.0045515126548707485
functional_all,seed_aligned,1,/weka/scratch/jhu/cpriebe1/MO/model-taxonomy/results/shared_cache/03_adapters/allenai--OLMo-2-0425-1B-Instruct/yahoo_025g1_075g2_000g3_n1000_s00_r16_i01_b5008_fea27ccee,yahoo_025g1_075g2_000g3_n1000_s00,0.24500998854637146,-0.04150201007723808
functional_all,seed_aligned,1,/weka/scratch/jhu/cpriebe1/MO/model-taxonomy/results/shared_cache/03_adapters/allenai--OLMo-2-0425-1B-Instruct/yahoo_025g1_050g2_025g3_n1000_s00_r16_i01_b5008_fea27ccee,yahoo_025g1_050g2_025g3_n1000_s00,0.10174138844013214,-0.05054527893662453
functional_all,seed_aligned,1,/weka/scratch/jhu/cpriebe1/MO/model-taxonomy/results/shared_cache/03_adapters/allenai--OLMo-2-0425-1B-Instruct/yahoo_025g1_025g2_050g3_n1000_s00_r16_i01_b5008_fea27ccee,yahoo_025g1_025g2_050g3_n1000_s00,-0.08770151436328888,-0.033405207097530365
functional_all,seed_aligned,1,/weka/scratch/jhu/cpriebe1/MO/model-taxonomy/results/shared_cache/03_adapters/allenai--OLMo-2-0425-1B-Instruct/yahoo_025g1_000g2_075g3_n1000_s00_r16_i01_b5008_fea27ccee,yahoo_025g1_000g2_075g3_n1000_s00,-0.2646419405937195,-0.0341317392885685
functional_all,seed_aligned,1,/weka/scratch/jhu/cpriebe1/MO/model-taxonomy/results/shared_cache/03_adapters/allenai--OLMo-2-0425-1B-Instruct/yahoo_000g1_100g2_000g3_n1000_s00_r16_i01_b5008_fea27ccee,yahoo_000g1_100g2_000g3_n1000_s00,0.3287465572357178,-0.2009871006011963
functional_all,seed_aligned,1,/weka/scratch/jhu/cpriebe1/MO/model-taxonomy/results/shared_cache/03_adapters/allenai--OLMo-2-0425-1B-Instruct/yahoo_000g1_075g2_025g3_n1000_s00_r16_i01_b5008_fea27ccee,yahoo_000g1_075g2_025g3_n1000_s00,0.17879274487495422,-0.191422700881958
functional_all,seed_aligned,1,/weka/scratch/jhu/cpriebe1/MO/model-taxonomy/results/shared_cache/03_adapters/allenai--OLMo-2-0425-1B-Instruct/yahoo_000g1_050g2_050g3_n1000_s00_r16_i01_b5008_fea27ccee,yahoo_000g1_050g2_050g3_n1000_s00,0.025001434609293938,-0.2024720311164856
functional_all,seed_aligned,1,/weka/scratch/jhu/cpriebe1/MO/model-taxonomy/results/shared_cache/03_adapters/allenai--OLMo-2-0425-1B-Instruct/yahoo_000g1_025g2_075g3_n1000_s00_r16_i01_b5008_fea27ccee,yahoo_000g1_025g2_075g3_n1000_s00,-0.15305718779563904,-0.19950710237026215
functional_all,seed_aligned,1,/weka/scratch/jhu/cpriebe1/MO/model-taxonomy/results/shared_cache/03_adapters/allenai--OLMo-2-0425-1B-Instruct/yahoo_000g1_000g2_100g3_n1000_s00_r16_i01_b5008_fea27ccee,yahoo_000g1_000g2_100g3_n1000_s00,-0.33178406953811646,-0.2040865123271942
functional_all,seed_aligned,2,/weka/scratch/jhu/cpriebe1/MO/model-taxonomy/results/shared_cache/03_adapters/allenai--OLMo-2-0425-1B-Instruct/yahoo_100g1_000g2_000g3_n1000_s00_r16_i02_b5008_fea27ccee,yahoo_100g1_000g2_000g3_n1000_s00,-0.0019108400447294116,0.3525427281856537
functional_all,seed_aligned,2,/weka/scratch/jhu/cpriebe1/MO/model-taxonomy/results/shared_cache/03_adapters/allenai--OLMo-2-0425-1B-Instruct/yahoo_075g1_025g2_000g3_n1000_s00_r16_i02_b5008_fea27ccee,yahoo_075g1_025g2_000g3_n1000_s00,0.08024713397026062,0.22277113795280457
functional_all,seed_aligned,2,/weka/scratch/jhu/cpriebe1/MO/model-taxonomy/results/shared_cache/03_adapters/allenai--OLMo-2-0425-1B-Instruct/yahoo_075g1_000g2_025g3_n1000_s00_r16_i02_b5008_fea27ccee,yahoo_075g1_000g2_025g3_n1000_s00,-0.09807649254798889,0.2503032684326172
functional_all,seed_aligned,2,/weka/scratch/jhu/cpriebe1/MO/model-taxonomy/results/shared_cache/03_adapters/allenai--OLMo-2-0425-1B-Instruct/yahoo_050g1_050g2_000g3_n1000_s00_r16_i02_b5008_fea27ccee,yahoo_050g1_050g2_000g3_n1000_s00,0.18179257214069366,0.08336279541254044
functional_all,seed_aligned,2,/weka/scratch/jhu/cpriebe1/MO/model-taxonomy/results/shared_cache/03_adapters/allenai--OLMo-2-0425-1B-Instruct/yahoo_050g1_025g2_025g3_n1000_s00_r16_i02_b5008_fea27ccee,yahoo_050g1_025g2_025g3_n1000_s00,0.0017007155111059546,0.11387503892183304
functional_all,seed_aligned,2,/weka/scratch/jhu/cpriebe1/MO/model-taxonomy/results/shared_cache/03_adapters/allenai--OLMo-2-0425-1B-Instruct/yahoo_050g1_000g2_050g3_n1000_s00_r16_i02_b5008_fea27ccee,yahoo_050g1_000g2_050g3_n1000_s00,-0.20795753598213196,0.12389753758907318
functional_all,seed_aligned,2,/weka/scratch/jhu/cpriebe1/MO/model-taxonomy/results/shared_cache/03_adapters/allenai--OLMo-2-0425-1B-Instruct/yahoo_033g1_033g2_033g3_n1000_s00_r16_i02_b5008_fea27ccee,yahoo_033g1_033g2_033g3_n1000_s00,0.009703750722110271,-0.004855273757129908
functional_all,seed_aligned,2,/weka/scratch/jhu/cpriebe1/MO/model-taxonomy/results/shared_cache/03_adapters/allenai--OLMo-2-0425-1B-Instruct/yahoo_025g1_075g2_000g3_n1000_s00_r16_i02_b5008_fea27ccee,yahoo_025g1_075g2_000g3_n1000_s00,0.24257506430149078,-0.04137219861149788
functional_all,seed_aligned,2,/weka/scratch/jhu/cpriebe1/MO/model-taxonomy/results/shared_cache/03_adapters/allenai--OLMo-2-0425-1B-Instruct/yahoo_025g1_050g2_025g3_n1000_s00_r16_i02_b5008_fea27ccee,yahoo_025g1_050g2_025g3_n1000_s00,0.10022036731243134,-0.04873194918036461
functional_all,seed_aligned,2,/weka/scratch/jhu/cpriebe1/MO/model-taxonomy/results/shared_cache/03_adapters/allenai--OLMo-2-0425-1B-Instruct/yahoo_025g1_025g2_050g3_n1000_s00_r16_i02_b5008_fea27ccee,yahoo_025g1_025g2_050g3_n1000_s00,-0.08931738883256912,-0.033576078712940216
functional_all,seed_aligned,2,/weka/scratch/jhu/cpriebe1/MO/model-taxonomy/results/shared_cache/03_adapters/allenai--OLMo-2-0425-1B-Instruct/yahoo_025g1_000g2_075g3_n1000_s00_r16_i02_b5008_fea27ccee,yahoo_025g1_000g2_075g3_n1000_s00,-0.2703950107097626,-0.031439051032066345
functional_all,seed_aligned,2,/weka/scratch/jhu/cpriebe1/MO/model-taxonomy/results/shared_cache/03_adapters/allenai--OLMo-2-0425-1B-Instruct/yahoo_000g1_100g2_000g3_n1000_s00_r16_i02_b5008_fea27ccee,yahoo_000g1_100g2_000g3_n1000_s00,0.33949822187423706,-0.19982153177261353
functional_all,seed_aligned,2,/weka/scratch/jhu/cpriebe1/MO/model-taxonomy/results/shared_cache/03_adapters/allenai--OLMo-2-0425-1B-Instruct/yahoo_000g1_075g2_025g3_n1000_s00_r16_i02_b5008_fea27ccee,yahoo_000g1_075g2_025g3_n1000_s00,0.18114109337329865,-0.18923169374465942
functional_all,seed_aligned,2,/weka/scratch/jhu/cpriebe1/MO/model-taxonomy/results/shared_cache/03_adapters/allenai--OLMo-2-0425-1B-Instruct/yahoo_000g1_050g2_050g3_n1000_s00_r16_i02_b5008_fea27ccee,yahoo_000g1_050g2_050g3_n1000_s00,0.02414642460644245,-0.2027946263551712
functional_all,seed_aligned,2,/weka/scratch/jhu/cpriebe1/MO/model-taxonomy/results/shared_cache/03_adapters/allenai--OLMo-2-0425-1B-Instruct/yahoo_000g1_025g2_075g3_n1000_s00_r16_i02_b5008_fea27ccee,yahoo_000g1_025g2_075g3_n1000_s00,-0.16268229484558105,-0.19789330661296844
functional_all,seed_aligned,2,/weka/scratch/jhu/cpriebe1/MO/model-taxonomy/results/shared_cache/03_adapters/allenai--OLMo-2-0425-1B-Instruct/yahoo_000g1_000g2_100g3_n1000_s00_r16_i02_b5008_fea27ccee,yahoo_000g1_000g2_100g3_n1000_s00,-0.3306857943534851,-0.19703683257102966
functional_all,seed_aligned,3,/weka/scratch/jhu/cpriebe1/MO/model-taxonomy/results/shared_cache/03_adapters/allenai--OLMo-2-0425-1B-Instruct/yahoo_100g1_000g2_000g3_n1000_s00_r16_i03_b5008_fea27ccee,yahoo_100g1_000g2_000g3_n1000_s00,-0.0043068621307611465,0.3500550389289856
functional_all,seed_aligned,3,/weka/scratch/jhu/cpriebe1/MO/model-taxonomy/results/shared_cache/03_adapters/allenai--OLMo-2-0425-1B-Instruct/yahoo_075g1_025g2_000g3_n1000_s00_r16_i03_b5008_fea27ccee,yahoo_075g1_025g2_000g3_n1000_s00,0.08113287389278412,0.22526176273822784
functional_all,seed_aligned,3,/weka/scratch/jhu/cpriebe1/MO/model-taxonomy/results/shared_cache/03_adapters/allenai--OLMo-2-0425-1B-Instruct/yahoo_075g1_000g2_025g3_n1000_s00_r16_i03_b5008_fea27ccee,yahoo_075g1_000g2_025g3_n1000_s00,-0.09976515918970108,0.2566031813621521
functional_all,seed_aligned,3,/weka/scratch/jhu/cpriebe1/MO/model-taxonomy/results/shared_cache/03_adapters/allenai--OLMo-2-0425-1B-Instruct/yahoo_050g1_050g2_000g3_n1000_s00_r16_i03_b5008_fea27ccee,yahoo_050g1_050g2_000g3_n1000_s00,0.17456233501434326,0.07836482673883438
functional_all,seed_aligned,3,/weka/scratch/jhu/cpriebe1/MO/model-taxonomy/results/shared_cache/03_adapters/allenai--OLMo-2-0425-1B-Instruct/yahoo_050g1_025g2_025g3_n1000_s00_r16_i03_b5008_fea27ccee,yahoo_050g1_025g2_025g3_n1000_s00,0.004887102637439966,0.11145070195198059
functional_all,seed_aligned,3,/weka/scratch/jhu/cpriebe1/MO/model-taxonomy/results/shared_cache/03_adapters/allenai--OLMo-2-0425-1B-Instruct/yahoo_050g1_000g2_050g3_n1000_s00_r16_i03_b5008_fea27ccee,yahoo_050g1_000g2_050g3_n1000_s00,-0.21268875896930695,0.12582015991210938
functional_all,seed_aligned,3,/weka/scratch/jhu/cpriebe1/MO/model-taxonomy/results/shared_cache/03_adapters/allenai--OLMo-2-0425-1B-Instruct/yahoo_033g1_033g2_033g3_n1000_s00_r16_i03_b5008_fea27ccee,yahoo_033g1_033g2_033g3_n1000_s00,0.010743813589215279,-0.007456565275788307
functional_all,seed_aligned,3,/weka/scratch/jhu/cpriebe1/MO/model-taxonomy/results/shared_cache/03_adapters/allenai--OLMo-2-0425-1B-Instruct/yahoo_025g1_075g2_000g3_n1000_s00_r16_i03_b5008_fea27ccee,yahoo_025g1_075g2_000g3_n1000_s00,0.24309727549552917,-0.04349360242486
functional_all,seed_aligned,3,/weka/scratch/jhu/cpriebe1/MO/model-taxonomy/results/shared_cache/03_adapters/allenai--OLMo-2-0425-1B-Instruct/yahoo_025g1_050g2_025g3_n1000_s00_r16_i03_b5008_fea27ccee,yahoo_025g1_050g2_025g3_n1000_s00,0.10283461213111877,-0.05280707776546478
functional_all,seed_aligned,3,/weka/scratch/jhu/cpriebe1/MO/model-taxonomy/results/shared_cache/03_adapters/allenai--OLMo-2-0425-1B-Instruct/yahoo_025g1_025g2_050g3_n1000_s00_r16_i03_b5008_fea27ccee,yahoo_025g1_025g2_050g3_n1000_s00,-0.08799220621585846,-0.03296076878905296
functional_all,seed_aligned,3,/weka/scratch/jhu/cpriebe1/MO/model-taxonomy/results/shared_cache/03_adapters/allenai--OLMo-2-0425-1B-Instruct/yahoo_025g1_000g2_075g3_n1000_s00_r16_i03_b5008_fea27ccee,yahoo_025g1_000g2_075g3_n1000_s00,-0.2675693929195404,-0.03140583261847496
functional_all,seed_aligned,3,/weka/scratch/jhu/cpriebe1/MO/model-taxonomy/results/shared_cache/03_adapters/allenai--OLMo-2-0425-1B-Instruct/yahoo_000g1_100g2_000g3_n1000_s00_r16_i03_b5008_fea27ccee,yahoo_000g1_100g2_000g3_n1000_s00,0.3386135697364807,-0.19760744273662567
functional_all,seed_aligned,3,/weka/scratch/jhu/cpriebe1/MO/model-taxonomy/results/shared_cache/03_adapters/allenai--OLMo-2-0425-1B-Instruct/yahoo_000g1_075g2_025g3_n1000_s00_r16_i03_b5008_fea27ccee,yahoo_000g1_075g2_025g3_n1000_s00,0.18394620716571808,-0.1909879595041275
functional_all,seed_aligned,3,/weka/scratch/jhu/cpriebe1/MO/model-taxonomy/results/shared_cache/03_adapters/allenai--OLMo-2-0425-1B-Instruct/yahoo_000g1_050g2_050g3_n1000_s00_r16_i03_b5008_fea27ccee,yahoo_000g1_050g2_050g3_n1000_s00,0.024862131103873253,-0.1994132399559021
functional_all,seed_aligned,3,/weka/scratch/jhu/cpriebe1/MO/model-taxonomy/results/shared_cache/03_adapters/allenai--OLMo-2-0425-1B-Instruct/yahoo_000g1_025g2_075g3_n1000_s00_r16_i03_b5008_fea27ccee,yahoo_000g1_025g2_075g3_n1000_s00,-0.15719328820705414,-0.1952323466539383
functional_all,seed_aligned,3,/weka/scratch/jhu/cpriebe1/MO/model-taxonomy/results/shared_cache/03_adapters/allenai--OLMo-2-0425-1B-Instruct/yahoo_000g1_000g2_100g3_n1000_s00_r16_i03_b5008_fea27ccee,yahoo_000g1_000g2_100g3_n1000_s00,-0.33516424894332886,-0.19619081914424896
functional_all,seed_aligned,4,/weka/scratch/jhu/cpriebe1/MO/model-taxonomy/results/shared_cache/03_adapters/allenai--OLMo-2-0425-1B-Instruct/yahoo_100g1_000g2_000g3_n1000_s00_r16_i04_b5008_fea27ccee,yahoo_100g1_000g2_000g3_n1000_s00,0.0013616415672004223,0.3509717881679535
functional_all,seed_aligned,4,/weka/scratch/jhu/cpriebe1/MO/model-taxonomy/results/shared_cache/03_adapters/allenai--OLMo-2-0425-1B-Instruct/yahoo_075g1_025g2_000g3_n1000_s00_r16_i04_b5008_fea27ccee,yahoo_075g1_025g2_000g3_n1000_s00,0.07839872688055038,0.2216668725013733
functional_all,seed_aligned,4,/weka/scratch/jhu/cpriebe1/MO/model-taxonomy/results/shared_cache/03_adapters/allenai--OLMo-2-0425-1B-Instruct/yahoo_075g1_000g2_025g3_n1000_s00_r16_i04_b5008_fea27ccee,yahoo_075g1_000g2_025g3_n1000_s00,-0.09915954619646072,0.2570035755634308
functional_all,seed_aligned,4,/weka/scratch/jhu/cpriebe1/MO/model-taxonomy/results/shared_cache/03_adapters/allenai--OLMo-2-0425-1B-Instruct/yahoo_050g1_050g2_000g3_n1000_s00_r16_i04_b5008_fea27ccee,yahoo_050g1_050g2_000g3_n1000_s00,0.1729588806629181,0.07918357104063034
functional_all,seed_aligned,4,/weka/scratch/jhu/cpriebe1/MO/model-taxonomy/results/shared_cache/03_adapters/allenai--OLMo-2-0425-1B-Instruct/yahoo_050g1_025g2_025g3_n1000_s00_r16_i04_b5008_fea27ccee,yahoo_050g1_025g2_025g3_n1000_s00,-0.0007896047900430858,0.10883308202028275
functional_all,seed_aligned,4,/weka/scratch/jhu/cpriebe1/MO/model-taxonomy/results/shared_cache/03_adapters/allenai--OLMo-2-0425-1B-Instruct/yahoo_050g1_000g2_050g3_n1000_s00_r16_i04_b5008_fea27ccee,yahoo_050g1_000g2_050g3_n1000_s00,-0.2078811675310135,0.12339025735855103
functional_all,seed_aligned,4,/weka/scratch/jhu/cpriebe1/MO/model-taxonomy/results/shared_cache/03_adapters/allenai--OLMo-2-0425-1B-Instruct/yahoo_033g1_033g2_033g3_n1000_s00_r16_i04_b5008_fea27ccee,yahoo_033g1_033g2_033g3_n1000_s00,0.012089349329471588,-0.005394932348281145
functional_all,seed_aligned,4,/weka/scratch/jhu/cpriebe1/MO/model-taxonomy/results/shared_cache/03_adapters/allenai--OLMo-2-0425-1B-Instruct/yahoo_025g1_075g2_000g3_n1000_s00_r16_i04_b5008_fea27ccee,yahoo_025g1_075g2_000g3_n1000_s00,0.24269837141036987,-0.03943309932947159
functional_all,seed_aligned,4,/weka/scratch/jhu/cpriebe1/MO/model-taxonomy/results/shared_cache/03_adapters/allenai--OLMo-2-0425-1B-Instruct/yahoo_025g1_050g2_025g3_n1000_s00_r16_i04_b5008_fea27ccee,yahoo_025g1_050g2_025g3_n1000_s00,0.10239564627408981,-0.05093299597501755
functional_all,seed_aligned,4,/weka/scratch/jhu/cpriebe1/MO/model-taxonomy/results/shared_cache/03_adapters/allenai--OLMo-2-0425-1B-Instruct/yahoo_025g1_025g2_050g3_n1000_s00_r16_i04_b5008_fea27ccee,yahoo_025g1_025g2_050g3_n1000_s00,-0.0892992615699768,-0.03463537618517876
functional_all,seed_aligned,4,/weka/scratch/jhu/cpriebe1/MO/model-taxonomy/results/shared_cache/03_adapters/allenai--OLMo-2-0425-1B-Instruct/yahoo_025g1_000g2_075g3_n1000_s00_r16_i04_b5008_fea27ccee,yahoo_025g1_000g2_075g3_n1000_s00,-0.2712271213531494,-0.030484065413475037
functional_all,seed_aligned,4,/weka/scratch/jhu/cpriebe1/MO/model-taxonomy/results/shared_cache/03_adapters/allenai--OLMo-2-0425-1B-Instruct/yahoo_000g1_100g2_000g3_n1000_s00_r16_i04_b5008_fea27ccee,yahoo_000g1_100g2_000g3_n1000_s00,0.3429220914840698,-0.19883275032043457
functional_all,seed_aligned,4,/weka/scratch/jhu/cpriebe1/MO/model-taxonomy/results/shared_cache/03_adapters/allenai--OLMo-2-0425-1B-Instruct/yahoo_000g1_075g2_025g3_n1000_s00_r16_i04_b5008_fea27ccee,yahoo_000g1_075g2_025g3_n1000_s00,0.18537436425685883,-0.19032533466815948
functional_all,seed_aligned,4,/weka/scratch/jhu/cpriebe1/MO/model-taxonomy/results/shared_cache/03_adapters/allenai--OLMo-2-0425-1B-Instruct/yahoo_000g1_050g2_050g3_n1000_s00_r16_i04_b5008_fea27ccee,yahoo_000g1_050g2_050g3_n1000_s00,0.023235086351633072,-0.20082026720046997
functional_all,seed_aligned,4,/weka/scratch/jhu/cpriebe1/MO/model-taxonomy/results/shared_cache/03_adapters/allenai--OLMo-2-0425-1B-Instruct/yahoo_000g1_025g2_075g3_n1000_s00_r16_i04_b5008_fea27ccee,yahoo_000g1_025g2_075g3_n1000_s00,-0.15898822247982025,-0.1937800943851471
functional_all,seed_aligned,4,/weka/scratch/jhu/cpriebe1/MO/model-taxonomy/results/shared_cache/03_adapters/allenai--OLMo-2-0425-1B-Instruct/yahoo_000g1_000g2_100g3_n1000_s00_r16_i04_b5008_fea27ccee,yahoo_000g1_000g2_100g3_n1000_s00,-0.3340892195701599,-0.19641026854515076
functional_all,seed_aligned,5,/weka/scratch/jhu/cpriebe1/MO/model-taxonomy/results/shared_cache/03_adapters/allenai--OLMo-2-0425-1B-Instruct/yahoo_100g1_000g2_000g3_n1000_s00_r16_i05_b5008_fea27ccee,yahoo_100g1_000g2_000g3_n1000_s00,0.0008235615096054971,0.35898280143737793
functional_all,seed_aligned,5,/weka/scratch/jhu/cpriebe1/MO/model-taxonomy/results/shared_cache/03_adapters/allenai--OLMo-2-0425-1B-Instruct/yahoo_075g1_025g2_000g3_n1000_s00_r16_i05_b5008_fea27ccee,yahoo_075g1_025g2_000g3_n1000_s00,0.0822400450706482,0.22838734090328217
functional_all,seed_aligned,5,/weka/scratch/jhu/cpriebe1/MO/model-taxonomy/results/shared_cache/03_adapters/allenai--OLMo-2-0425-1B-Instruct/yahoo_075g1_000g2_025g3_n1000_s00_r16_i05_b5008_fea27ccee,yahoo_075g1_000g2_025g3_n1000_s00,-0.09524136036634445,0.25328460335731506
functional_all,seed_aligned,5,/weka/scratch/jhu/cpriebe1/MO/model-taxonomy/results/shared_cache/03_adapters/allenai--OLMo-2-0425-1B-Instruct/yahoo_050g1_050g2_000g3_n1000_s00_r16_i05_b5008_fea27ccee,yahoo_050g1_050g2_000g3_n1000_s00,0.17222018539905548,0.07969507575035095
functional_all,seed_aligned,5,/weka/scratch/jhu/cpriebe1/MO/model-taxonomy/results/shared_cache/03_adapters/allenai--OLMo-2-0425-1B-Instruct/yahoo_050g1_025g2_025g3_n1000_s00_r16_i05_b5008_fea27ccee,yahoo_050g1_025g2_025g3_n1000_s00,0.002820386318489909,0.11389627307653427
functional_all,seed_aligned,5,/weka/scratch/jhu/cpriebe1/MO/model-taxonomy/results/shared_cache/03_adapters/allenai--OLMo-2-0425-1B-Instruct/yahoo_050g1_000g2_050g3_n1000_s00_r16_i05_b5008_fea27ccee,yahoo_050g1_000g2_050g3_n1000_s00,-0.21223069727420807,0.1325726956129074
functional_all,seed_aligned,5,/weka/scratch/jhu/cpriebe1/MO/model-taxonomy/results/shared_cache/03_adapters/allenai--OLMo-2-0425-1B-Instruct/yahoo_033g1_033g2_033g3_n1000_s00_r16_i05_b5008_fea27ccee,yahoo_033g1_033g2_033g3_n1000_s00,0.007573527283966541,-0.004356298595666885
functional_all,seed_aligned,5,/weka/scratch/jhu/cpriebe1/MO/model-taxonomy/results/shared_cache/03_adapters/allenai--OLMo-2-0425-1B-Instruct/yahoo_025g1_075g2_000g3_n1000_s00_r16_i05_b5008_fea27ccee,yahoo_025g1_075g2_000g3_n1000_s00,0.2425273060798645,-0.044695138931274414
functional_all,seed_aligned,5,/weka/scratch/jhu/cpriebe1/MO/model-taxonomy/results/shared_cache/03_adapters/allenai--OLMo-2-0425-1B-Instruct/yahoo_025g1_050g2_025g3_n1000_s00_r16_i05_b5008_fea27ccee,yahoo_025g1_050g2_025g3_n1000_s00,0.10201670229434967,-0.0521245077252388
functional_all,seed_aligned,5,/weka/scratch/jhu/cpriebe1/MO/model-taxonomy/results/shared_cache/03_adapters/allenai--OLMo-2-0425-1B-Instruct/yahoo_025g1_025g2_050g3_n1000_s00_r16_i05_b5008_fea27ccee,yahoo_025g1_025g2_050g3_n1000_s00,-0.08692767471075058,-0.03589189052581787
functional_all,seed_aligned,5,/weka/scratch/jhu/cpriebe1/MO/model-taxonomy/results/shared_cache/03_adapters/allenai--OLMo-2-0425-1B-Instruct/yahoo_025g1_000g2_075g3_n1000_s00_r16_i05_b5008_fea27ccee,yahoo_025g1_000g2_075g3_n1000_s00,-0.2715857923030853,-0.03757862374186516
functional_all,seed_aligned,5,/weka/scratch/jhu/cpriebe1/MO/model-taxonomy/results/shared_cache/03_adapters/allenai--OLMo-2-0425-1B-Instruct/yahoo_000g1_100g2_000g3_n1000_s00_r16_i05_b5008_fea27ccee,yahoo_000g1_100g2_000g3_n1000_s00,0.331749826669693,-0.19948835670948029
functional_all,seed_aligned,5,/weka/scratch/jhu/cpriebe1/MO/model-taxonomy/results/shared_cache/03_adapters/allenai--OLMo-2-0425-1B-Instruct/yahoo_000g1_075g2_025g3_n1000_s00_r16_i05_b5008_fea27ccee,yahoo_000g1_075g2_025g3_n1000_s00,0.17833560705184937,-0.18847723305225372
functional_all,seed_aligned,5,/weka/scratch/jhu/cpriebe1/MO/model-taxonomy/results/shared_cache/03_adapters/allenai--OLMo-2-0425-1B-Instruct/yahoo_000g1_050g2_050g3_n1000_s00_r16_i05_b5008_fea27ccee,yahoo_000g1_050g2_050g3_n1000_s00,0.02667662873864174,-0.20447921752929688
functional_all,seed_aligned,5,/weka/scratch/jhu/cpriebe1/MO/model-taxonomy/results/shared_cache/03_adapters/allenai--OLMo-2-0425-1B-Instruct/yahoo_000g1_025g2_075g3_n1000_s00_r16_i05_b5008_fea27ccee,yahoo_000g1_025g2_075g3_n1000_s00,-0.15735262632369995,-0.19954243302345276
functional_all,seed_aligned,5,/weka/scratch/jhu/cpriebe1/MO/model-taxonomy/results/shared_cache/03_adapters/allenai--OLMo-2-0425-1B-Instruct/yahoo_000g1_000g2_100g3_n1000_s00_r16_i05_b5008_fea27ccee,yahoo_000g1_000g2_100g3_n1000_s00,-0.32364556193351746,-0.2001851201057434
functional_all,seed_aligned,6,/weka/scratch/jhu/cpriebe1/MO/model-taxonomy/results/shared_cache/03_adapters/allenai--OLMo-2-0425-1B-Instruct/yahoo_100g1_000g2_000g3_n1000_s00_r16_i06_b5008_fea27ccee,yahoo_100g1_000g2_000g3_n1000_s00,0.004374091047793627,0.35010001063346863
functional_all,seed_aligned,6,/weka/scratch/jhu/cpriebe1/MO/model-taxonomy/results/shared_cache/03_adapters/allenai--OLMo-2-0425-1B-Instruct/yahoo_075g1_025g2_000g3_n1000_s00_r16_i06_b5008_fea27ccee,yahoo_075g1_025g2_000g3_n1000_s00,0.08242341876029968,0.22041407227516174
functional_all,seed_aligned,6,/weka/scratch/jhu/cpriebe1/MO/model-taxonomy/results/shared_cache/03_adapters/allenai--OLMo-2-0425-1B-Instruct/yahoo_075g1_000g2_025g3_n1000_s00_r16_i06_b5008_fea27ccee,yahoo_075g1_000g2_025g3_n1000_s00,-0.09795832633972168,0.253683477640152
functional_all,seed_aligned,6,/weka/scratch/jhu/cpriebe1/MO/model-taxonomy/results/shared_cache/03_adapters/allenai--OLMo-2-0425-1B-Instruct/yahoo_050g1_050g2_000g3_n1000_s00_r16_i06_b5008_fea27ccee,yahoo_050g1_050g2_000g3_n1000_s00,0.17303498089313507,0.08239750564098358
functional_all,seed_aligned,6,/weka/scratch/jhu/cpriebe1/MO/model-taxonomy/results/shared_cache/03_adapters/allenai--OLMo-2-0425-1B-Instruct/yahoo_050g1_025g2_025g3_n1000_s00_r16_i06_b5008_fea27ccee,yahoo_050g1_025g2_025g3_n1000_s00,-0.00020982895512133837,0.11322939395904541
functional_all,seed_aligned,6,/weka/scratch/jhu/cpriebe1/MO/model-taxonomy/results/shared_cache/03_adapters/allenai--OLMo-2-0425-1B-Instruct/yahoo_050g1_000g2_050g3_n1000_s00_r16_i06_b5008_fea27ccee,yahoo_050g1_000g2_050g3_n1000_s00,-0.20950444042682648,0.1274683028459549
functional_all,seed_aligned,6,/weka/scratch/jhu/cpriebe1/MO/model-taxonomy/results/shared_cache/03_adapters/allenai--OLMo-2-0425-1B-Instruct/yahoo_033g1_033g2_033g3_n1000_s00_r16_i06_b5008_fea27ccee,yahoo_033g1_033g2_033g3_n1000_s00,0.010747049003839493,-0.0031404271721839905
functional_all,seed_aligned,6,/weka/scratch/jhu/cpriebe1/MO/model-taxonomy/results/shared_cache/03_adapters/allenai--OLMo-2-0425-1B-Instruct/yahoo_025g1_075g2_000g3_n1000_s00_r16_i06_b5008_fea27ccee,yahoo_025g1_075g2_000g3_n1000_s00,0.2447892278432846,-0.04063500091433525
functional_all,seed_aligned,6,/weka/scratch/jhu/cpriebe1/MO/model-taxonomy/results/shared_cache/03_adapters/allenai--OLMo-2-0425-1B-Instruct/yahoo_025g1_050g2_025g3_n1000_s00_r16_i06_b5008_fea27ccee,yahoo_025g1_050g2_025g3_n1000_s00,0.0992279201745987,-0.046515949070453644
functional_all,seed_aligned,6,/weka/scratch/jhu/cpriebe1/MO/model-taxonomy/results/shared_cache/03_adapters/allenai--OLMo-2-0425-1B-Instruct/yahoo_025g1_025g2_050g3_n1000_s00_r16_i06_b5008_fea27ccee,yahoo_025g1_025g2_050g3_n1000_s00,-0.08792730420827866,-0.03440879285335541
functional_all,seed_aligned,6,/weka/scratch/jhu/cpriebe1/MO/model-taxonomy/results/shared_cache/03_adapters/allenai--OLMo-2-0425-1B-Instruct/yahoo_025g1_000g2_075g3_n1000_s00_r16_i06_b5008_fea27ccee,yahoo_025g1_000g2_075g3_n1000_s00,-0.274086594581604,-0.03334784135222435
functional_all,seed_aligned,6,/weka/scratch/jhu/cpriebe1/MO/model-taxonomy/results/shared_cache/03_adapters/allenai--OLMo-2-0425-1B-Instruct/yahoo_000g1_100g2_000g3_n1000_s00_r16_i06_b5008_fea27ccee,yahoo_000g1_100g2_000g3_n1000_s00,0.3395567834377289,-0.2009773999452591
functional_all,seed_aligned,6,/weka/scratch/jhu/cpriebe1/MO/model-taxonomy/results/shared_cache/03_adapters/allenai--OLMo-2-0425-1B-Instruct/yahoo_000g1_075g2_025g3_n1000_s00_r16_i06_b5008_fea27ccee,yahoo_000g1_075g2_025g3_n1000_s00,0.1796877086162567,-0.18549279868602753
functional_all,seed_aligned,6,/weka/scratch/jhu/cpriebe1/MO/model-taxonomy/results/shared_cache/03_adapters/allenai--OLMo-2-0425-1B-Instruct/yahoo_000g1_050g2_050g3_n1000_s00_r16_i06_b5008_fea27ccee,yahoo_000g1_050g2_050g3_n1000_s00,0.025289786979556084,-0.20423679053783417
functional_all,seed_aligned,6,/weka/scratch/jhu/cpriebe1/MO/model-taxonomy/results/shared_cache/03_adapters/allenai--OLMo-2-0425-1B-Instruct/yahoo_000g1_025g2_075g3_n1000_s00_r16_i06_b5008_fea27ccee,yahoo_000g1_025g2_075g3_n1000_s00,-0.15678372979164124,-0.19849224388599396
functional_all,seed_aligned,6,/weka/scratch/jhu/cpriebe1/MO/model-taxonomy/results/shared_cache/03_adapters/allenai--OLMo-2-0425-1B-Instruct/yahoo_000g1_000g2_100g3_n1000_s00_r16_i06_b5008_fea27ccee,yahoo_000g1_000g2_100g3_n1000_s00,-0.3326607048511505,-0.20004552602767944
functional_all,seed_aligned,7,/weka/scratch/jhu/cpriebe1/MO/model-taxonomy/results/shared_cache/03_adapters/allenai--OLMo-2-0425-1B-Instruct/yahoo_100g1_000g2_000g3_n1000_s00_r16_i07_b5008_fea27ccee,yahoo_100g1_000g2_000g3_n1000_s00,0.0016323112649843097,0.3577654957771301
functional_all,seed_aligned,7,/weka/scratch/jhu/cpriebe1/MO/model-taxonomy/results/shared_cache/03_adapters/allenai--OLMo-2-0425-1B-Instruct/yahoo_075g1_025g2_000g3_n1000_s00_r16_i07_b5008_fea27ccee,yahoo_075g1_025g2_000g3_n1000_s00,0.08108965307474136,0.22287742793560028
functional_all,seed_aligned,7,/weka/scratch/jhu/cpriebe1/MO/model-taxonomy/results/shared_cache/03_adapters/allenai--OLMo-2-0425-1B-Instruct/yahoo_075g1_000g2_025g3_n1000_s00_r16_i07_b5008_fea27ccee,yahoo_075g1_000g2_025g3_n1000_s00,-0.09469769150018692,0.2546149790287018
functional_all,seed_aligned,7,/weka/scratch/jhu/cpriebe1/MO/model-taxonomy/results/shared_cache/03_adapters/allenai--OLMo-2-0425-1B-Instruct/yahoo_050g1_050g2_000g3_n1000_s00_r16_i07_b5008_fea27ccee,yahoo_050g1_050g2_000g3_n1000_s00,0.16865204274654388,0.0761440247297287
functional_all,seed_aligned,7,/weka/scratch/jhu/cpriebe1/MO/model-taxonomy/results/shared_cache/03_adapters/allenai--OLMo-2-0425-1B-Instruct/yahoo_050g1_025g2_025g3_n1000_s00_r16_i07_b5008_fea27ccee,yahoo_050g1_025g2_025g3_n1000_s00,-0.0011604506289586425,0.11060086637735367
functional_all,seed_aligned,7,/weka/scratch/jhu/cpriebe1/MO/model-taxonomy/results/shared_cache/03_adapters/allenai--OLMo-2-0425-1B-Instruct/yahoo_050g1_000g2_050g3_n1000_s00_r16_i07_b5008_fea27ccee,yahoo_050g1_000g2_050g3_n1000_s00,-0.21427065134048462,0.12596477568149567
functional_all,seed_aligned,7,/weka/scratch/jhu/cpriebe1/MO/model-taxonomy/results/shared_cache/03_adapters/allenai--OLMo-2-0425-1B-Instruct/yahoo_033g1_033g2_033g3_n1000_s00_r16_i07_b5008_fea27ccee,yahoo_033g1_033g2_033g3_n1000_s00,0.011554150842130184,-0.006157074589282274
functional_all,seed_aligned,7,/weka/scratch/jhu/cpriebe1/MO/model-taxonomy/results/shared_cache/03_adapters/allenai--OLMo-2-0425-1B-Instruct/yahoo_025g1_075g2_000g3_n1000_s00_r16_i07_b5008_fea27ccee,yahoo_025g1_075g2_000g3_n1000_s00,0.24795816838741302,-0.03953441232442856
functional_all,seed_aligned,7,/weka/scratch/jhu/cpriebe1/MO/model-taxonomy/results/shared_cache/03_adapters/allenai--OLMo-2-0425-1B-Instruct/yahoo_025g1_050g2_025g3_n1000_s00_r16_i07_b5008_fea27ccee,yahoo_025g1_050g2_025g3_n1000_s00,0.10509788244962692,-0.05017172172665596
functional_all,seed_aligned,7,/weka/scratch/jhu/cpriebe1/MO/model-taxonomy/results/shared_cache/03_adapters/allenai--OLMo-2-0425-1B-Instruct/yahoo_025g1_025g2_050g3_n1000_s00_r16_i07_b5008_fea27ccee,yahoo_025g1_025g2_050g3_n1000_s00,-0.08824232965707779,-0.036326974630355835
functional_all,seed_aligned,7,/weka/scratch/jhu/cpriebe1/MO/model-taxonomy/results/shared_cache/03_adapters/allenai--OLMo-2-0425-1B-Instruct/yahoo_025g1_000g2_075g3_n1000_s00_r16_i07_b5008_fea27ccee,yahoo_025g1_000g2_075g3_n1000_s00,-0.26747626066207886,-0.035166334360837936
functional_all,seed_aligned,7,/weka/scratch/jhu/cpriebe1/MO/model-taxonomy/results/shared_cache/03_adapters/allenai--OLMo-2-0425-1B-Instruct/yahoo_000g1_100g2_000g3_n1000_s00_r16_i07_b5008_fea27ccee,yahoo_000g1_100g2_000g3_n1000_s00,0.3350098431110382,-0.1978658139705658
functional_all,seed_aligned,7,/weka/scratch/jhu/cpriebe1/MO/model-taxonomy/results/shared_cache/03_adapters/allenai--OLMo-2-0425-1B-Instruct/yahoo_000g1_075g2_025g3_n1000_s00_r16_i07_b5008_fea27ccee,yahoo_000g1_075g2_025g3_n1000_s00,0.18253277242183685,-0.1876244843006134
functional_all,seed_aligned,7,/weka/scratch/jhu/cpriebe1/MO/model-taxonomy/results/shared_cache/03_adapters/allenai--OLMo-2-0425-1B-Instruct/yahoo_000g1_050g2_050g3_n1000_s00_r16_i07_b5008_fea27ccee,yahoo_000g1_050g2_050g3_n1000_s00,0.023578952997922897,-0.20184554159641266
functional_all,seed_aligned,7,/weka/scratch/jhu/cpriebe1/MO/model-taxonomy/results/shared_cache/03_adapters/allenai--OLMo-2-0425-1B-Instruct/yahoo_000g1_025g2_075g3_n1000_s00_r16_i07_b5008_fea27ccee,yahoo_000g1_025g2_075g3_n1000_s00,-0.1571589708328247,-0.1979992687702179
functional_all,seed_aligned,7,/weka/scratch/jhu/cpriebe1/MO/model-taxonomy/results/shared_cache/03_adapters/allenai--OLMo-2-0425-1B-Instruct/yahoo_000g1_000g2_100g3_n1000_s00_r16_i07_b5008_fea27ccee,yahoo_000g1_000g2_100g3_n1000_s00,-0.3340994119644165,-0.19527599215507507
functional_all,seed_aligned,8,/weka/scratch/jhu/cpriebe1/MO/model-taxonomy/results/shared_cache/03_adapters/allenai--OLMo-2-0425-1B-Instruct/yahoo_100g1_000g2_000g3_n1000_s00_r16_i08_b5008_fea27ccee,yahoo_100g1_000g2_000g3_n1000_s00,0.00021714449394494295,0.3517451286315918
functional_all,seed_aligned,8,/weka/scratch/jhu/cpriebe1/MO/model-taxonomy/results/shared_cache/03_adapters/allenai--OLMo-2-0425-1B-Instruct/yahoo_075g1_025g2_000g3_n1000_s00_r16_i08_b5008_fea27ccee,yahoo_075g1_025g2_000g3_n1000_s00,0.07932811975479126,0.2240479588508606
functional_all,seed_aligned,8,/weka/scratch/jhu/cpriebe1/MO/model-taxonomy/results/shared_cache/03_adapters/allenai--OLMo-2-0425-1B-Instruct/yahoo_075g1_000g2_025g3_n1000_s00_r16_i08_b5008_fea27ccee,yahoo_075g1_000g2_025g3_n1000_s00,-0.09693828970193863,0.2579464614391327
functional_all,seed_aligned,8,/weka/scratch/jhu/cpriebe1/MO/model-taxonomy/results/shared_cache/03_adapters/allenai--OLMo-2-0425-1B-Instruct/yahoo_050g1_050g2_000g3_n1000_s00_r16_i08_b5008_fea27ccee,yahoo_050g1_050g2_000g3_n1000_s00,0.1703498214483261,0.0794890820980072
functional_all,seed_aligned,8,/weka/scratch/jhu/cpriebe1/MO/model-taxonomy/results/shared_cache/03_adapters/allenai--OLMo-2-0425-1B-Instruct/yahoo_050g1_025g2_025g3_n1000_s00_r16_i08_b5008_fea27ccee,yahoo_050g1_025g2_025g3_n1000_s00,0.0026298135053366423,0.11291834712028503
functional_all,seed_aligned,8,/weka/scratch/jhu/cpriebe1/MO/model-taxonomy/results/shared_cache/03_adapters/allenai--OLMo-2-0425-1B-Instruct/yahoo_050g1_000g2_050g3_n1000_s00_r16_i08_b5008_fea27ccee,yahoo_050g1_000g2_050g3_n1000_s00,-0.20610247552394867,0.125290185213089
functional_all,seed_aligned,8,/weka/scratch/jhu/cpriebe1/MO/model-taxonomy/results/shared_cache/03_adapters/allenai--OLMo-2-0425-1B-Instruct/yahoo_033g1_033g2_033g3_n1000_s00_r16_i08_b5008_fea27ccee,yahoo_033g1_033g2_033g3_n1000_s00,0.0087232431396842,-0.007994825951755047
functional_all,seed_aligned,8,/weka/scratch/jhu/cpriebe1/MO/model-taxonomy/results/shared_cache/03_adapters/allenai--OLMo-2-0425-1B-Instruct/yahoo_025g1_075g2_000g3_n1000_s00_r16_i08_b5008_fea27ccee,yahoo_025g1_075g2_000g3_n1000_s00,0.24509143829345703,-0.0418449267745018
functional_all,seed_aligned,8,/weka/scratch/jhu/cpriebe1/MO/model-taxonomy/results/shared_cache/03_adapters/allenai--OLMo-2-0425-1B-Instruct/yahoo_025g1_050g2_025g3_n1000_s00_r16_i08_b5008_fea27ccee,yahoo_025g1_050g2_025g3_n1000_s00,0.10258263349533081,-0.04881995543837547
functional_all,seed_aligned,8,/weka/scratch/jhu/cpriebe1/MO/model-taxonomy/results/shared_cache/03_adapters/allenai--OLMo-2-0425-1B-Instruct/yahoo_025g1_025g2_050g3_n1000_s00_r16_i08_b5008_fea27ccee,yahoo_025g1_025g2_050g3_n1000_s00,-0.08631729334592819,-0.03459922596812248
functional_all,seed_aligned,8,/weka/scratch/jhu/cpriebe1/MO/model-taxonomy/results/shared_cache/03_adapters/allenai--OLMo-2-0425-1B-Instruct/yahoo_025g1_000g2_075g3_n1000_s00_r16_i08_b5008_fea27ccee,yahoo_025g1_000g2_075g3_n1000_s00,-0.27442437410354614,-0.031797099858522415
functional_all,seed_aligned,8,/weka/scratch/jhu/cpriebe1/MO/model-taxonomy/results/shared_cache/03_adapters/allenai--OLMo-2-0425-1B-Instruct/yahoo_000g1_100g2_000g3_n1000_s00_r16_i08_b5008_fea27ccee,yahoo_000g1_100g2_000g3_n1000_s00,0.3371236324310303,-0.20013520121574402
functional_all,seed_aligned,8,/weka/scratch/jhu/cpriebe1/MO/model-taxonomy/results/shared_cache/03_adapters/allenai--OLMo-2-0425-1B-Instruct/yahoo_000g1_075g2_025g3_n1000_s00_r16_i08_b5008_fea27ccee,yahoo_000g1_075g2_025g3_n1000_s00,0.181573286652565,-0.18597586452960968
functional_all,seed_aligned,8,/weka/scratch/jhu/cpriebe1/MO/model-taxonomy/results/shared_cache/03_adapters/allenai--OLMo-2-0425-1B-Instruct/yahoo_000g1_050g2_050g3_n1000_s00_r16_i08_b5008_fea27ccee,yahoo_000g1_050g2_050g3_n1000_s00,0.027289772406220436,-0.2022259533405304
functional_all,seed_aligned,8,/weka/scratch/jhu/cpriebe1/MO/model-taxonomy/results/shared_cache/03_adapters/allenai--OLMo-2-0425-1B-Instruct/yahoo_000g1_025g2_075g3_n1000_s00_r16_i08_b5008_fea27ccee,yahoo_000g1_025g2_075g3_n1000_s00,-0.15923887491226196,-0.20118944346904755
functional_all,seed_aligned,8,/weka/scratch/jhu/cpriebe1/MO/model-taxonomy/results/shared_cache/03_adapters/allenai--OLMo-2-0425-1B-Instruct/yahoo_000g1_000g2_100g3_n1000_s00_r16_i08_b5008_fea27ccee,yahoo_000g1_000g2_100g3_n1000_s00,-0.3318876028060913,-0.19685468077659607
functional_all,seed_aligned,9,/weka/scratch/jhu/cpriebe1/MO/model-taxonomy/results/shared_cache/03_adapters/allenai--OLMo-2-0425-1B-Instruct/yahoo_100g1_000g2_000g3_n1000_s00_r16_i09_b5008_fea27ccee,yahoo_100g1_000g2_000g3_n1000_s00,3.2514097256353125e-05,0.3574884235858917
functional_all,seed_aligned,9,/weka/scratch/jhu/cpriebe1/MO/model-taxonomy/results/shared_cache/03_adapters/allenai--OLMo-2-0425-1B-Instruct/yahoo_075g1_025g2_000g3_n1000_s00_r16_i09_b5008_fea27ccee,yahoo_075g1_025g2_000g3_n1000_s00,0.08117654174566269,0.22628630697727203
functional_all,seed_aligned,9,/weka/scratch/jhu/cpriebe1/MO/model-taxonomy/results/shared_cache/03_adapters/allenai--OLMo-2-0425-1B-Instruct/yahoo_075g1_000g2_025g3_n1000_s00_r16_i09_b5008_fea27ccee,yahoo_075g1_000g2_025g3_n1000_s00,-0.09619047492742538,0.2557811141014099
functional_all,seed_aligned,9,/weka/scratch/jhu/cpriebe1/MO/model-taxonomy/results/shared_cache/03_adapters/allenai--OLMo-2-0425-1B-Instruct/yahoo_050g1_050g2_000g3_n1000_s00_r16_i09_b5008_fea27ccee,yahoo_050g1_050g2_000g3_n1000_s00,0.17286863923072815,0.08031690120697021
functional_all,seed_aligned,9,/weka/scratch/jhu/cpriebe1/MO/model-taxonomy/results/shared_cache/03_adapters/allenai--OLMo-2-0425-1B-Instruct/yahoo_050g1_025g2_025g3_n1000_s00_r16_i09_b5008_fea27ccee,yahoo_050g1_025g2_025g3_n1000_s00,-0.0006241345545277,0.11280832439661026
functional_all,seed_aligned,9,/weka/scratch/jhu/cpriebe1/MO/model-taxonomy/results/shared_cache/03_adapters/allenai--OLMo-2-0425-1B-Instruct/yahoo_050g1_000g2_050g3_n1000_s00_r16_i09_b5008_fea27ccee,yahoo_050g1_000g2_050g3_n1000_s00,-0.20645534992218018,0.12546603381633759
functional_all,seed_aligned,9,/weka/scratch/jhu/cpriebe1/MO/model-taxonomy/results/shared_cache/03_adapters/allenai--OLMo-2-0425-1B-Instruct/yahoo_033g1_033g2_033g3_n1000_s00_r16_i09_b5008_fea27ccee,yahoo_033g1_033g2_033g3_n1000_s00,0.009717484936118126,-0.006833105813711882
functional_all,seed_aligned,9,/weka/scratch/jhu/cpriebe1/MO/model-taxonomy/results/shared_cache/03_adapters/allenai--OLMo-2-0425-1B-Instruct/yahoo_025g1_075g2_000g3_n1000_s00_r16_i09_b5008_fea27ccee,yahoo_025g1_075g2_000g3_n1000_s00,0.24308377504348755,-0.04051988571882248
functional_all,seed_aligned,9,/weka/scratch/jhu/cpriebe1/MO/model-taxonomy/results/shared_cache/03_adapters/allenai--OLMo-2-0425-1B-Instruct/yahoo_025g1_050g2_025g3_n1000_s00_r16_i09_b5008_fea27ccee,yahoo_025g1_050g2_025g3_n1000_s00,0.10327360033988953,-0.051207542419433594
functional_all,seed_aligned,9,/weka/scratch/jhu/cpriebe1/MO/model-taxonomy/results/shared_cache/03_adapters/allenai--OLMo-2-0425-1B-Instruct/yahoo_025g1_025g2_050g3_n1000_s00_r16_i09_b5008_fea27ccee,yahoo_025g1_025g2_050g3_n1000_s00,-0.08859213441610336,-0.03247706592082977
functional_all,seed_aligned,9,/weka/scratch/jhu/cpriebe1/MO/model-taxonomy/results/shared_cache/03_adapters/allenai--OLMo-2-0425-1B-Instruct/yahoo_025g1_000g2_075g3_n1000_s00_r16_i09_b5008_fea27ccee,yahoo_025g1_000g2_075g3_n1000_s00,-0.2704755961894989,-0.035185400396585464
functional_all,seed_aligned,9,/weka/scratch/jhu/cpriebe1/MO/model-taxonomy/results/shared_cache/03_adapters/allenai--OLMo-2-0425-1B-Instruct/yahoo_000g1_100g2_000g3_n1000_s00_r16_i09_b5008_fea27ccee,yahoo_000g1_100g2_000g3_n1000_s00,0.335650235414505,-0.20139043033123016
functional_all,seed_aligned,9,/weka/scratch/jhu/cpriebe1/MO/model-taxonomy/results/shared_cache/03_adapters/allenai--OLMo-2-0425-1B-Instruct/yahoo_000g1_075g2_025g3_n1000_s00_r16_i09_b5008_fea27ccee,yahoo_000g1_075g2_025g3_n1000_s00,0.17846661806106567,-0.18817861378192902
functional_all,seed_aligned,9,/weka/scratch/jhu/cpriebe1/MO/model-taxonomy/results/shared_cache/03_adapters/allenai--OLMo-2-0425-1B-Instruct/yahoo_000g1_050g2_050g3_n1000_s00_r16_i09_b5008_fea27ccee,yahoo_000g1_050g2_050g3_n1000_s00,0.024389168247580528,-0.20433244109153748
functional_all,seed_aligned,9,/weka/scratch/jhu/cpriebe1/MO/model-taxonomy/results/shared_cache/03_adapters/allenai--OLMo-2-0425-1B-Instruct/yahoo_000g1_025g2_075g3_n1000_s00_r16_i09_b5008_fea27ccee,yahoo_000g1_025g2_075g3_n1000_s00,-0.15803322196006775,-0.19894377887248993
functional_all,seed_aligned,9,/weka/scratch/jhu/cpriebe1/MO/model-taxonomy/results/shared_cache/03_adapters/allenai--OLMo-2-0425-1B-Instruct/yahoo_000g1_000g2_100g3_n1000_s00_r16_i09_b5008_fea27ccee,yahoo_000g1_000g2_100g3_n1000_s00,-0.32828763127326965,-0.19907890260219574
functional_all,pool160,-1,/weka/scratch/jhu/cpriebe1/MO/model-taxonomy/results/shared_cache/03_adapters/allenai--OLMo-2-0425-1B-Instruct/yahoo_000g1_000g2_100g3_n1000_s00_r16_i00_b5008_fea27ccee,yahoo_000g1_000g2_100g3_n1000_s00,-0.01835043914616108,-0.011159811168909073
functional_all,pool160,-1,/weka/scratch/jhu/cpriebe1/MO/model-taxonomy/results/shared_cache/03_adapters/allenai--OLMo-2-0425-1B-Instruct/yahoo_000g1_000g2_100g3_n1000_s00_r16_i01_b5008_fea27ccee,yahoo_000g1_000g2_100g3_n1000_s00,-0.018763964995741844,-0.011363656260073185
functional_all,pool160,-1,/weka/scratch/jhu/cpriebe1/MO/model-taxonomy/results/shared_cache/03_adapters/allenai--OLMo-2-0425-1B-Instruct/yahoo_000g1_000g2_100g3_n1000_s00_r16_i02_b5008_fea27ccee,yahoo_000g1_000g2_100g3_n1000_s00,-0.018154887482523918,-0.011352038010954857
functional_all,pool160,-1,/weka/scratch/jhu/cpriebe1/MO/model-taxonomy/results/shared_cache/03_adapters/allenai--OLMo-2-0425-1B-Instruct/yahoo_000g1_000g2_100g3_n1000_s00_r16_i03_b5008_fea27ccee,yahoo_000g1_000g2_100g3_n1000_s00,-0.018607553094625473,-0.011726942844688892
functional_all,pool160,-1,/weka/scratch/jhu/cpriebe1/MO/model-taxonomy/results/shared_cache/03_adapters/allenai--OLMo-2-0425-1B-Instruct/yahoo_000g1_000g2_100g3_n1000_s00_r16_i04_b5008_fea27ccee,yahoo_000g1_000g2_100g3_n1000_s00,-0.01854216307401657,-0.011357640847563744
functional_all,pool160,-1,/weka/scratch/jhu/cpriebe1/MO/model-taxonomy/results/shared_cache/03_adapters/allenai--OLMo-2-0425-1B-Instruct/yahoo_000g1_000g2_100g3_n1000_s00_r16_i05_b5008_fea27ccee,yahoo_000g1_000g2_100g3_n1000_s00,-0.01820235513150692,-0.010778289288282394
functional_all,pool160,-1,/weka/scratch/jhu/cpriebe1/MO/model-taxonomy/results/shared_cache/03_adapters/allenai--OLMo-2-0425-1B-Instruct/yahoo_000g1_000g2_100g3_n1000_s00_r16_i06_b5008_fea27ccee,yahoo_000g1_000g2_100g3_n1000_s00,-0.019112180918455124,-0.010795027017593384
functional_all,pool160,-1,/weka/scratch/jhu/cpriebe1/MO/model-taxonomy/results/shared_cache/03_adapters/allenai--OLMo-2-0425-1B-Instruct/yahoo_000g1_000g2_100g3_n1000_s00_r16_i07_b5008_fea27ccee,yahoo_000g1_000g2_100g3_n1000_s00,-0.01832587458193302,-0.010751057416200638
functional_all,pool160,-1,/weka/scratch/jhu/cpriebe1/MO/model-taxonomy/results/shared_cache/03_adapters/allenai--OLMo-2-0425-1B-Instruct/yahoo_000g1_000g2_100g3_n1000_s00_r16_i08_b5008_fea27ccee,yahoo_000g1_000g2_100g3_n1000_s00,-0.01885993964970112,-0.010927613824605942
functional_all,pool160,-1,/weka/scratch/jhu/cpriebe1/MO/model-taxonomy/results/shared_cache/03_adapters/allenai--OLMo-2-0425-1B-Instruct/yahoo_000g1_000g2_100g3_n1000_s00_r16_i09_b5008_fea27ccee,yahoo_000g1_000g2_100g3_n1000_s00,-0.018506309017539024,-0.011223197914659977
functional_all,pool160,-1,/weka/scratch/jhu/cpriebe1/MO/model-taxonomy/results/shared_cache/03_adapters/allenai--OLMo-2-0425-1B-Instruct/yahoo_000g1_025g2_075g3_n1000_s00_r16_i00_b5008_fea27ccee,yahoo_000g1_025g2_075g3_n1000_s00,-0.008829227648675442,-0.011540628969669342
functional_all,pool160,-1,/weka/scratch/jhu/cpriebe1/MO/model-taxonomy/results/shared_cache/03_adapters/allenai--OLMo-2-0425-1B-Instruct/yahoo_000g1_025g2_075g3_n1000_s00_r16_i01_b5008_fea27ccee,yahoo_000g1_025g2_075g3_n1000_s00,-0.008403141051530838,-0.011379136703908443
functional_all,pool160,-1,/weka/scratch/jhu/cpriebe1/MO/model-taxonomy/results/shared_cache/03_adapters/allenai--OLMo-2-0425-1B-Instruct/yahoo_000g1_025g2_075g3_n1000_s00_r16_i02_b5008_fea27ccee,yahoo_000g1_025g2_075g3_n1000_s00,-0.009042634628713131,-0.011356375180184841
functional_all,pool160,-1,/weka/scratch/jhu/cpriebe1/MO/model-taxonomy/results/shared_cache/03_adapters/allenai--OLMo-2-0425-1B-Instruct/yahoo_000g1_025g2_075g3_n1000_s00_r16_i03_b5008_fea27ccee,yahoo_000g1_025g2_075g3_n1000_s00,-0.008661952801048756,-0.011262932792305946
functional_all,pool160,-1,/weka/scratch/jhu/cpriebe1/MO/model-taxonomy/results/shared_cache/03_adapters/allenai--OLMo-2-0425-1B-Instruct/yahoo_000g1_025g2_075g3_n1000_s00_r16_i04_b5008_fea27ccee,yahoo_000g1_025g2_075g3_n1000_s00,-0.008859878405928612,-0.01113650668412447
functional_all,pool160,-1,/weka/scratch/jhu/cpriebe1/MO/model-taxonomy/results/shared_cache/03_adapters/allenai--OLMo-2-0425-1B-Instruct/yahoo_000g1_025g2_075g3_n1000_s00_r16_i05_b5008_fea27ccee,yahoo_000g1_025g2_075g3_n1000_s00,-0.008905111812055111,-0.011035100556910038
functional_all,pool160,-1,/weka/scratch/jhu/cpriebe1/MO/model-taxonomy/results/shared_cache/03_adapters/allenai--OLMo-2-0425-1B-Instruct/yahoo_000g1_025g2_075g3_n1000_s00_r16_i06_b5008_fea27ccee,yahoo_000g1_025g2_075g3_n1000_s00,-0.00905879121273756,-0.011246763169765472
functional_all,pool160,-1,/weka/scratch/jhu/cpriebe1/MO/model-taxonomy/results/shared_cache/03_adapters/allenai--OLMo-2-0425-1B-Instruct/yahoo_000g1_025g2_075g3_n1000_s00_r16_i07_b5008_fea27ccee,yahoo_000g1_025g2_075g3_n1000_s00,-0.008575878106057644,-0.010964162647724152
functional_all,pool160,-1,/weka/scratch/jhu/cpriebe1/MO/model-taxonomy/results/shared_cache/03_adapters/allenai--OLMo-2-0425-1B-Instruct/yahoo_000g1_025g2_075g3_n1000_s00_r16_i08_b5008_fea27ccee,yahoo_000g1_025g2_075g3_n1000_s00,-0.009126748889684677,-0.011687168851494789
functional_all,pool160,-1,/weka/scratch/jhu/cpriebe1/MO/model-taxonomy/results/shared_cache/03_adapters/allenai--OLMo-2-0425-1B-Instruct/yahoo_000g1_025g2_075g3_n1000_s00_r16_i09_b5008_fea27ccee,yahoo_000g1_025g2_075g3_n1000_s00,-0.008613662794232368,-0.011654424481093884
functional_all,pool160,-1,/weka/scratch/jhu/cpriebe1/MO/model-taxonomy/results/shared_cache/03_adapters/allenai--OLMo-2-0425-1B-Instruct/yahoo_000g1_050g2_050g3_n1000_s00_r16_i00_b5008_fea27ccee,yahoo_000g1_050g2_050g3_n1000_s00,0.0015264245448634028,-0.012075426988303661
functional_all,pool160,-1,/weka/scratch/jhu/cpriebe1/MO/model-taxonomy/results/shared_cache/03_adapters/allenai--OLMo-2-0425-1B-Instruct/yahoo_000g1_050g2_050g3_n1000_s00_r16_i01_b5008_fea27ccee,yahoo_000g1_050g2_050g3_n1000_s00,0.0013693722430616617,-0.011690300889313221
functional_all,pool160,-1,/weka/scratch/jhu/cpriebe1/MO/model-taxonomy/results/shared_cache/03_adapters/allenai--OLMo-2-0425-1B-Instruct/yahoo_000g1_050g2_050g3_n1000_s00_r16_i02_b5008_fea27ccee,yahoo_000g1_050g2_050g3_n1000_s00,0.0013904996449127793,-0.01145925559103489
functional_all,pool160,-1,/weka/scratch/jhu/cpriebe1/MO/model-taxonomy/results/shared_cache/03_adapters/allenai--OLMo-2-0425-1B-Instruct/yahoo_000g1_050g2_050g3_n1000_s00_r16_i03_b5008_fea27ccee,yahoo_000g1_050g2_050g3_n1000_s00,0.0015125453937798738,-0.011363744735717773
functional_all,pool160,-1,/weka/scratch/jhu/cpriebe1/MO/model-taxonomy/results/shared_cache/03_adapters/allenai--OLMo-2-0425-1B-Instruct/yahoo_000g1_050g2_050g3_n1000_s00_r16_i04_b5008_fea27ccee,yahoo_000g1_050g2_050g3_n1000_s00,0.0012189579429104924,-0.011339228600263596
functional_all,pool160,-1,/weka/scratch/jhu/cpriebe1/MO/model-taxonomy/results/shared_cache/03_adapters/allenai--OLMo-2-0425-1B-Instruct/yahoo_000g1_050g2_050g3_n1000_s00_r16_i05_b5008_fea27ccee,yahoo_000g1_050g2_050g3_n1000_s00,0.001570930820889771,-0.01172721665352583
functional_all,pool160,-1,/weka/scratch/jhu/cpriebe1/MO/model-taxonomy/results/shared_cache/03_adapters/allenai--OLMo-2-0425-1B-Instruct/yahoo_000g1_050g2_050g3_n1000_s00_r16_i06_b5008_fea27ccee,yahoo_000g1_050g2_050g3_n1000_s00,0.0010842351475730538,-0.011610795743763447
functional_all,pool160,-1,/weka/scratch/jhu/cpriebe1/MO/model-taxonomy/results/shared_cache/03_adapters/allenai--OLMo-2-0425-1B-Instruct/yahoo_000g1_050g2_050g3_n1000_s00_r16_i07_b5008_fea27ccee,yahoo_000g1_050g2_050g3_n1000_s00,0.0013909466797485948,-0.011202462948858738
functional_all,pool160,-1,/weka/scratch/jhu/cpriebe1/MO/model-taxonomy/results/shared_cache/03_adapters/allenai--OLMo-2-0425-1B-Instruct/yahoo_000g1_050g2_050g3_n1000_s00_r16_i08_b5008_fea27ccee,yahoo_000g1_050g2_050g3_n1000_s00,0.0012306980788707733,-0.01181738916784525
functional_all,pool160,-1,/weka/scratch/jhu/cpriebe1/MO/model-taxonomy/results/shared_cache/03_adapters/allenai--OLMo-2-0425-1B-Instruct/yahoo_000g1_050g2_050g3_n1000_s00_r16_i09_b5008_fea27ccee,yahoo_000g1_050g2_050g3_n1000_s00,0.0015383491991087794,-0.011878031305968761
functional_all,pool160,-1,/weka/scratch/jhu/cpriebe1/MO/model-taxonomy/results/shared_cache/03_adapters/allenai--OLMo-2-0425-1B-Instruct/yahoo_000g1_075g2_025g3_n1000_s00_r16_i00_b5008_fea27ccee,yahoo_000g1_075g2_025g3_n1000_s00,0.010029424913227558,-0.010462514124810696
functional_all,pool160,-1,/weka/scratch/jhu/cpriebe1/MO/model-taxonomy/results/shared_cache/03_adapters/allenai--OLMo-2-0425-1B-Instruct/yahoo_000g1_075g2_025g3_n1000_s00_r16_i01_b5008_fea27ccee,yahoo_000g1_075g2_025g3_n1000_s00,0.009965214878320694,-0.010973071679472923
functional_all,pool160,-1,/weka/scratch/jhu/cpriebe1/MO/model-taxonomy/results/shared_cache/03_adapters/allenai--OLMo-2-0425-1B-Instruct/yahoo_000g1_075g2_025g3_n1000_s00_r16_i02_b5008_fea27ccee,yahoo_000g1_075g2_025g3_n1000_s00,0.010255935601890087,-0.010689474642276764
functional_all,pool160,-1,/weka/scratch/jhu/cpriebe1/MO/model-taxonomy/results/shared_cache/03_adapters/allenai--OLMo-2-0425-1B-Instruct/yahoo_000g1_075g2_025g3_n1000_s00_r16_i03_b5008_fea27ccee,yahoo_000g1_075g2_025g3_n1000_s00,0.010349443182349205,-0.010954372584819794
functional_all,pool160,-1,/weka/scratch/jhu/cpriebe1/MO/model-taxonomy/results/shared_cache/03_adapters/allenai--OLMo-2-0425-1B-Instruct/yahoo_000g1_075g2_025g3_n1000_s00_r16_i04_b5008_fea27ccee,yahoo_000g1_075g2_025g3_n1000_s00,0.010484936647117138,-0.010654191486537457
functional_all,pool160,-1,/weka/scratch/jhu/cpriebe1/MO/model-taxonomy/results/shared_cache/03_adapters/allenai--OLMo-2-0425-1B-Instruct/yahoo_000g1_075g2_025g3_n1000_s00_r16_i05_b5008_fea27ccee,yahoo_000g1_075g2_025g3_n1000_s00,0.010024945251643658,-0.010548506863415241
functional_all,pool160,-1,/weka/scratch/jhu/cpriebe1/MO/model-taxonomy/results/shared_cache/03_adapters/allenai--OLMo-2-0425-1B-Instruct/yahoo_000g1_075g2_025g3_n1000_s00_r16_i06_b5008_fea27ccee,yahoo_000g1_075g2_025g3_n1000_s00,0.009724745526909828,-0.010666081681847572
functional_all,pool160,-1,/weka/scratch/jhu/cpriebe1/MO/model-taxonomy/results/shared_cache/03_adapters/allenai--OLMo-2-0425-1B-Instruct/yahoo_000g1_075g2_025g3_n1000_s00_r16_i07_b5008_fea27ccee,yahoo_000g1_075g2_025g3_n1000_s00,0.010298401117324829,-0.0104516064748168
functional_all,pool160,-1,/weka/scratch/jhu/cpriebe1/MO/model-taxonomy/results/shared_cache/03_adapters/allenai--OLMo-2-0425-1B-Instruct/yahoo_000g1_075g2_025g3_n1000_s00_r16_i08_b5008_fea27ccee,yahoo_000g1_075g2_025g3_n1000_s00,0.009852083399891853,-0.01083668228238821
functional_all,pool160,-1,/weka/scratch/jhu/cpriebe1/MO/model-taxonomy/results/shared_cache/03_adapters/allenai--OLMo-2-0425-1B-Instruct/yahoo_000g1_075g2_025g3_n1000_s00_r16_i09_b5008_fea27ccee,yahoo_000g1_075g2_025g3_n1000_s00,0.010245610028505325,-0.010775399394333363
functional_all,pool160,-1,/weka/scratch/jhu/cpriebe1/MO/model-taxonomy/results/shared_cache/03_adapters/allenai--OLMo-2-0425-1B-Instruct/yahoo_000g1_100g2_000g3_n1000_s00_r16_i00_b5008_fea27ccee,yahoo_000g1_100g2_000g3_n1000_s00,0.018521146848797798,-0.011119934730231762
functional_all,pool160,-1,/weka/scratch/jhu/cpriebe1/MO/model-taxonomy/results/shared_cache/03_adapters/allenai--OLMo-2-0425-1B-Instruct/yahoo_000g1_100g2_000g3_n1000_s00_r16_i01_b5008_fea27ccee,yahoo_000g1_100g2_000g3_n1000_s00,0.018625006079673767,-0.010915624909102917
functional_all,pool160,-1,/weka/scratch/jhu/cpriebe1/MO/model-taxonomy/results/shared_cache/03_adapters/allenai--OLMo-2-0425-1B-Instruct/yahoo_000g1_100g2_000g3_n1000_s00_r16_i02_b5008_fea27ccee,yahoo_000g1_100g2_000g3_n1000_s00,0.019104909151792526,-0.010847051627933979
functional_all,pool160,-1,/weka/scratch/jhu/cpriebe1/MO/model-taxonomy/results/shared_cache/03_adapters/allenai--OLMo-2-0425-1B-Instruct/yahoo_000g1_100g2_000g3_n1000_s00_r16_i03_b5008_fea27ccee,yahoo_000g1_100g2_000g3_n1000_s00,0.019138941541314125,-0.011006662622094154
functional_all,pool160,-1,/weka/scratch/jhu/cpriebe1/MO/model-taxonomy/results/shared_cache/03_adapters/allenai--OLMo-2-0425-1B-Instruct/yahoo_000g1_100g2_000g3_n1000_s00_r16_i04_b5008_fea27ccee,yahoo_000g1_100g2_000g3_n1000_s00,0.019591912627220154,-0.010758060030639172
functional_all,pool160,-1,/weka/scratch/jhu/cpriebe1/MO/model-taxonomy/results/shared_cache/03_adapters/allenai--OLMo-2-0425-1B-Instruct/yahoo_000g1_100g2_000g3_n1000_s00_r16_i05_b5008_fea27ccee,yahoo_000g1_100g2_000g3_n1000_s00,0.01891566999256611,-0.011236445978283882
functional_all,pool160,-1,/weka/scratch/jhu/cpriebe1/MO/model-taxonomy/results/shared_cache/03_adapters/allenai--OLMo-2-0425-1B-Instruct/yahoo_000g1_100g2_000g3_n1000_s00_r16_i06_b5008_fea27ccee,yahoo_000g1_100g2_000g3_n1000_s00,0.018605202436447144,-0.011583761312067509
functional_all,pool160,-1,/weka/scratch/jhu/cpriebe1/MO/model-taxonomy/results/shared_cache/03_adapters/allenai--OLMo-2-0425-1B-Instruct/yahoo_000g1_100g2_000g3_n1000_s00_r16_i07_b5008_fea27ccee,yahoo_000g1_100g2_000g3_n1000_s00,0.019044147804379463,-0.010067246854305267
functional_all,pool160,-1,/weka/scratch/jhu/cpriebe1/MO/model-taxonomy/results/shared_cache/03_adapters/allenai--OLMo-2-0425-1B-Instruct/yahoo_000g1_100g2_000g3_n1000_s00_r16_i08_b5008_fea27ccee,yahoo_000g1_100g2_000g3_n1000_s00,0.018738742917776108,-0.011356201954185963
functional_all,pool160,-1,/weka/scratch/jhu/cpriebe1/MO/model-taxonomy/results/shared_cache/03_adapters/allenai--OLMo-2-0425-1B-Instruct/yahoo_000g1_100g2_000g3_n1000_s00_r16_i09_b5008_fea27ccee,yahoo_000g1_100g2_000g3_n1000_s00,0.019514722749590874,-0.011150356382131577
functional_all,pool160,-1,/weka/scratch/jhu/cpriebe1/MO/model-taxonomy/results/shared_cache/03_adapters/allenai--OLMo-2-0425-1B-Instruct/yahoo_025g1_000g2_075g3_n1000_s00_r16_i00_b5008_fea27ccee,yahoo_025g1_000g2_075g3_n1000_s00,-0.015198488719761372,-0.0018631548155099154
functional_all,pool160,-1,/weka/scratch/jhu/cpriebe1/MO/model-taxonomy/results/shared_cache/03_adapters/allenai--OLMo-2-0425-1B-Instruct/yahoo_025g1_000g2_075g3_n1000_s00_r16_i01_b5008_fea27ccee,yahoo_025g1_000g2_075g3_n1000_s00,-0.014724023640155792,-0.0019173563923686743
functional_all,pool160,-1,/weka/scratch/jhu/cpriebe1/MO/model-taxonomy/results/shared_cache/03_adapters/allenai--OLMo-2-0425-1B-Instruct/yahoo_025g1_000g2_075g3_n1000_s00_r16_i02_b5008_fea27ccee,yahoo_025g1_000g2_075g3_n1000_s00,-0.015162242576479912,-0.0019929155241698027
functional_all,pool160,-1,/weka/scratch/jhu/cpriebe1/MO/model-taxonomy/results/shared_cache/03_adapters/allenai--OLMo-2-0425-1B-Instruct/yahoo_025g1_000g2_075g3_n1000_s00_r16_i03_b5008_fea27ccee,yahoo_025g1_000g2_075g3_n1000_s00,-0.014856306836009026,-0.0019245791481807828
functional_all,pool160,-1,/weka/scratch/jhu/cpriebe1/MO/model-taxonomy/results/shared_cache/03_adapters/allenai--OLMo-2-0425-1B-Instruct/yahoo_025g1_000g2_075g3_n1000_s00_r16_i04_b5008_fea27ccee,yahoo_025g1_000g2_075g3_n1000_s00,-0.015446268022060394,-0.0018168153474107385
functional_all,pool160,-1,/weka/scratch/jhu/cpriebe1/MO/model-taxonomy/results/shared_cache/03_adapters/allenai--OLMo-2-0425-1B-Instruct/yahoo_025g1_000g2_075g3_n1000_s00_r16_i05_b5008_fea27ccee,yahoo_025g1_000g2_075g3_n1000_s00,-0.015317700803279877,-0.001686582574620843
functional_all,pool160,-1,/weka/scratch/jhu/cpriebe1/MO/model-taxonomy/results/shared_cache/03_adapters/allenai--OLMo-2-0425-1B-Instruct/yahoo_025g1_000g2_075g3_n1000_s00_r16_i06_b5008_fea27ccee,yahoo_025g1_000g2_075g3_n1000_s00,-0.015873510390520096,-0.0017343588406220078
functional_all,pool160,-1,/weka/scratch/jhu/cpriebe1/MO/model-taxonomy/results/shared_cache/03_adapters/allenai--OLMo-2-0425-1B-Instruct/yahoo_025g1_000g2_075g3_n1000_s00_r16_i07_b5008_fea27ccee,yahoo_025g1_000g2_075g3_n1000_s00,-0.014828342013061047,-0.001743273576721549
functional_all,pool160,-1,/weka/scratch/jhu/cpriebe1/MO/model-taxonomy/results/shared_cache/03_adapters/allenai--OLMo-2-0425-1B-Instruct/yahoo_025g1_000g2_075g3_n1000_s00_r16_i08_b5008_fea27ccee,yahoo_025g1_000g2_075g3_n1000_s00,-0.015669064596295357,-0.0015899016289040446
functional_all,pool160,-1,/weka/scratch/jhu/cpriebe1/MO/model-taxonomy/results/shared_cache/03_adapters/allenai--OLMo-2-0425-1B-Instruct/yahoo_025g1_000g2_075g3_n1000_s00_r16_i09_b5008_fea27ccee,yahoo_025g1_000g2_075g3_n1000_s00,-0.01546496618539095,-0.0020601293072104454
functional_all,pool160,-1,/weka/scratch/jhu/cpriebe1/MO/model-taxonomy/results/shared_cache/03_adapters/allenai--OLMo-2-0425-1B-Instruct/yahoo_025g1_025g2_050g3_n1000_s00_r16_i00_b5008_fea27ccee,yahoo_025g1_025g2_050g3_n1000_s00,-0.004776207264512777,-0.002074318705126643
functional_all,pool160,-1,/weka/scratch/jhu/cpriebe1/MO/model-taxonomy/results/shared_cache/03_adapters/allenai--OLMo-2-0425-1B-Instruct/yahoo_025g1_025g2_050g3_n1000_s00_r16_i01_b5008_fea27ccee,yahoo_025g1_025g2_050g3_n1000_s00,-0.004858223255723715,-0.0021816028747707605
functional_all,pool160,-1,/weka/scratch/jhu/cpriebe1/MO/model-taxonomy/results/shared_cache/03_adapters/allenai--OLMo-2-0425-1B-Instruct/yahoo_025g1_025g2_050g3_n1000_s00_r16_i02_b5008_fea27ccee,yahoo_025g1_025g2_050g3_n1000_s00,-0.004985324572771788,-0.0019191666506230831
functional_all,pool160,-1,/weka/scratch/jhu/cpriebe1/MO/model-taxonomy/results/shared_cache/03_adapters/allenai--OLMo-2-0425-1B-Instruct/yahoo_025g1_025g2_050g3_n1000_s00_r16_i03_b5008_fea27ccee,yahoo_025g1_025g2_050g3_n1000_s00,-0.00495353015139699,-0.0020866470877081156
functional_all,pool160,-1,/weka/scratch/jhu/cpriebe1/MO/model-taxonomy/results/shared_cache/03_adapters/allenai--OLMo-2-0425-1B-Instruct/yahoo_025g1_025g2_050g3_n1000_s00_r16_i04_b5008_fea27ccee,yahoo_025g1_025g2_050g3_n1000_s00,-0.005290116649121046,-0.0018402647692710161
functional_all,pool160,-1,/weka/scratch/jhu/cpriebe1/MO/model-taxonomy/results/shared_cache/03_adapters/allenai--OLMo-2-0425-1B-Instruct/yahoo_025g1_025g2_050g3_n1000_s00_r16_i05_b5008_fea27ccee,yahoo_025g1_025g2_050g3_n1000_s00,-0.005081597715616226,-0.0022346205078065395
functional_all,pool160,-1,/weka/scratch/jhu/cpriebe1/MO/model-taxonomy/results/shared_cache/03_adapters/allenai--OLMo-2-0425-1B-Instruct/yahoo_025g1_025g2_050g3_n1000_s00_r16_i06_b5008_fea27ccee,yahoo_025g1_025g2_050g3_n1000_s00,-0.0052953120321035385,-0.0020648303907364607
functional_all,pool160,-1,/weka/scratch/jhu/cpriebe1/MO/model-taxonomy/results/shared_cache/03_adapters/allenai--OLMo-2-0425-1B-Instruct/yahoo_025g1_025g2_050g3_n1000_s00_r16_i07_b5008_fea27ccee,yahoo_025g1_025g2_050g3_n1000_s00,-0.00491723557934165,-0.0018179991748183966
functional_all,pool160,-1,/weka/scratch/jhu/cpriebe1/MO/model-taxonomy/results/shared_cache/03_adapters/allenai--OLMo-2-0425-1B-Instruct/yahoo_025g1_025g2_050g3_n1000_s00_r16_i08_b5008_fea27ccee,yahoo_025g1_025g2_050g3_n1000_s00,-0.00527197727933526,-0.0019488953985273838
functional_all,pool160,-1,/weka/scratch/jhu/cpriebe1/MO/model-taxonomy/results/shared_cache/03_adapters/allenai--OLMo-2-0425-1B-Instruct/yahoo_025g1_025g2_050g3_n1000_s00_r16_i09_b5008_fea27ccee,yahoo_025g1_025g2_050g3_n1000_s00,-0.005082790739834309,-0.0019455075962468982
functional_all,pool160,-1,/weka/scratch/jhu/cpriebe1/MO/model-taxonomy/results/shared_cache/03_adapters/allenai--OLMo-2-0425-1B-Instruct/yahoo_025g1_050g2_025g3_n1000_s00_r16_i00_b5008_fea27ccee,yahoo_025g1_050g2_025g3_n1000_s00,0.005603263154625893,-0.0027940133586525917
functional_all,pool160,-1,/weka/scratch/jhu/cpriebe1/MO/model-taxonomy/results/shared_cache/03_adapters/allenai--OLMo-2-0425-1B-Instruct/yahoo_025g1_050g2_025g3_n1000_s00_r16_i01_b5008_fea27ccee,yahoo_025g1_050g2_025g3_n1000_s00,0.005724257789552212,-0.0030767014250159264
functional_all,pool160,-1,/weka/scratch/jhu/cpriebe1/MO/model-taxonomy/results/shared_cache/03_adapters/allenai--OLMo-2-0425-1B-Instruct/yahoo_025g1_050g2_025g3_n1000_s00_r16_i02_b5008_fea27ccee,yahoo_025g1_050g2_025g3_n1000_s00,0.005784587934613228,-0.0026865180116146803
functional_all,pool160,-1,/weka/scratch/jhu/cpriebe1/MO/model-taxonomy/results/shared_cache/03_adapters/allenai--OLMo-2-0425-1B-Instruct/yahoo_025g1_050g2_025g3_n1000_s00_r16_i03_b5008_fea27ccee,yahoo_025g1_050g2_025g3_n1000_s00,0.005821340251713991,-0.003050000173971057
functional_all,pool160,-1,/weka/scratch/jhu/cpriebe1/MO/model-taxonomy/results/shared_cache/03_adapters/allenai--OLMo-2-0425-1B-Instruct/yahoo_025g1_050g2_025g3_n1000_s00_r16_i04_b5008_fea27ccee,yahoo_025g1_050g2_025g3_n1000_s00,0.005738467909395695,-0.0028107711113989353
functional_all,pool160,-1,/weka/scratch/jhu/cpriebe1/MO/model-taxonomy/results/shared_cache/03_adapters/allenai--OLMo-2-0425-1B-Instruct/yahoo_025g1_050g2_025g3_n1000_s00_r16_i05_b5008_fea27ccee,yahoo_025g1_050g2_025g3_n1000_s00,0.005964365322142839,-0.003020153846591711
functional_all,pool160,-1,/weka/scratch/jhu/cpriebe1/MO/model-taxonomy/results/shared_cache/03_adapters/allenai--OLMo-2-0425-1B-Instruct/yahoo_025g1_050g2_025g3_n1000_s00_r16_i06_b5008_fea27ccee,yahoo_025g1_050g2_025g3_n1000_s00,0.00530920410528779,-0.002717413706704974
functional_all,pool160,-1,/weka/scratch/jhu/cpriebe1/MO/model-taxonomy/results/shared_cache/03_adapters/allenai--OLMo-2-0425-1B-Instruct/yahoo_025g1_050g2_025g3_n1000_s00_r16_i07_b5008_fea27ccee,yahoo_025g1_050g2_025g3_n1000_s00,0.006006717216223478,-0.0026310214307159185
functional_all,pool160,-1,/weka/scratch/jhu/cpriebe1/MO/model-taxonomy/results/shared_cache/03_adapters/allenai--OLMo-2-0425-1B-Instruct/yahoo_025g1_050g2_025g3_n1000_s00_r16_i08_b5008_fea27ccee,yahoo_025g1_050g2_025g3_n1000_s00,0.005574924871325493,-0.00295049324631691
functional_all,pool160,-1,/weka/scratch/jhu/cpriebe1/MO/model-taxonomy/results/shared_cache/03_adapters/allenai--OLMo-2-0425-1B-Instruct/yahoo_025g1_050g2_025g3_n1000_s00_r16_i09_b5008_fea27ccee,yahoo_025g1_050g2_025g3_n1000_s00,0.006245880853384733,-0.0029700601007789373
functional_all,pool160,-1,/weka/scratch/jhu/cpriebe1/MO/model-taxonomy/results/shared_cache/03_adapters/allenai--OLMo-2-0425-1B-Instruct/yahoo_025g1_075g2_000g3_n1000_s00_r16_i00_b5008_fea27ccee,yahoo_025g1_075g2_000g3_n1000_s00,0.013544789515435696,-0.002361027291044593
functional_all,pool160,-1,/weka/scratch/jhu/cpriebe1/MO/model-taxonomy/results/shared_cache/03_adapters/allenai--OLMo-2-0425-1B-Instruct/yahoo_025g1_075g2_000g3_n1000_s00_r16_i01_b5008_fea27ccee,yahoo_025g1_075g2_000g3_n1000_s00,0.014042859897017479,-0.0022118338383734226
functional_all,pool160,-1,/weka/scratch/jhu/cpriebe1/MO/model-taxonomy/results/shared_cache/03_adapters/allenai--OLMo-2-0425-1B-Instruct/yahoo_025g1_075g2_000g3_n1000_s00_r16_i02_b5008_fea27ccee,yahoo_025g1_075g2_000g3_n1000_s00,0.013837730512022972,-0.0019268725300207734
functional_all,pool160,-1,/weka/scratch/jhu/cpriebe1/MO/model-taxonomy/results/shared_cache/03_adapters/allenai--OLMo-2-0425-1B-Instruct/yahoo_025g1_075g2_000g3_n1000_s00_r16_i03_b5008_fea27ccee,yahoo_025g1_075g2_000g3_n1000_s00,0.013849928975105286,-0.00230586901307106
functional_all,pool160,-1,/weka/scratch/jhu/cpriebe1/MO/model-taxonomy/results/shared_cache/03_adapters/allenai--OLMo-2-0425-1B-Instruct/yahoo_025g1_075g2_000g3_n1000_s00_r16_i04_b5008_fea27ccee,yahoo_025g1_075g2_000g3_n1000_s00,0.01370854303240776,-0.0020369114354252815
functional_all,pool160,-1,/weka/scratch/jhu/cpriebe1/MO/model-taxonomy/results/shared_cache/03_adapters/allenai--OLMo-2-0425-1B-Instruct/yahoo_025g1_075g2_000g3_n1000_s00_r16_i05_b5008_fea27ccee,yahoo_025g1_075g2_000g3_n1000_s00,0.013841136358678341,-0.0024147124495357275
functional_all,pool160,-1,/weka/scratch/jhu/cpriebe1/MO/model-taxonomy/results/shared_cache/03_adapters/allenai--OLMo-2-0425-1B-Instruct/yahoo_025g1_075g2_000g3_n1000_s00_r16_i06_b5008_fea27ccee,yahoo_025g1_075g2_000g3_n1000_s00,0.013536608777940273,-0.0022272849455475807
functional_all,pool160,-1,/weka/scratch/jhu/cpriebe1/MO/model-taxonomy/results/shared_cache/03_adapters/allenai--OLMo-2-0425-1B-Instruct/yahoo_025g1_075g2_000g3_n1000_s00_r16_i07_b5008_fea27ccee,yahoo_025g1_075g2_000g3_n1000_s00,0.014034086838364601,-0.0019329212373122573
functional_all,pool160,-1,/weka/scratch/jhu/cpriebe1/MO/model-taxonomy/results/shared_cache/03_adapters/allenai--OLMo-2-0425-1B-Instruct/yahoo_025g1_075g2_000g3_n1000_s00_r16_i08_b5008_fea27ccee,yahoo_025g1_075g2_000g3_n1000_s00,0.013579058460891247,-0.0024950429797172546
functional_all,pool160,-1,/weka/scratch/jhu/cpriebe1/MO/model-taxonomy/results/shared_cache/03_adapters/allenai--OLMo-2-0425-1B-Instruct/yahoo_025g1_075g2_000g3_n1000_s00_r16_i09_b5008_fea27ccee,yahoo_025g1_075g2_000g3_n1000_s00,0.014252088032662868,-0.002096691634505987
functional_all,pool160,-1,/weka/scratch/jhu/cpriebe1/MO/model-taxonomy/results/shared_cache/03_adapters/allenai--OLMo-2-0425-1B-Instruct/yahoo_033g1_033g2_033g3_n1000_s00_r16_i00_b5008_fea27ccee,yahoo_033g1_033g2_033g3_n1000_s00,0.0006622289074584842,-0.00034980132477357984
functional_all,pool160,-1,/weka/scratch/jhu/cpriebe1/MO/model-taxonomy/results/shared_cache/03_adapters/allenai--OLMo-2-0425-1B-Instruct/yahoo_033g1_033g2_033g3_n1000_s00_r16_i01_b5008_fea27ccee,yahoo_033g1_033g2_033g3_n1000_s00,0.0006113608833402395,-0.000495062384288758
functional_all,pool160,-1,/weka/scratch/jhu/cpriebe1/MO/model-taxonomy/results/shared_cache/03_adapters/allenai--OLMo-2-0425-1B-Instruct/yahoo_033g1_033g2_033g3_n1000_s00_r16_i02_b5008_fea27ccee,yahoo_033g1_033g2_033g3_n1000_s00,0.0005163412424735725,-0.0002891095355153084
functional_all,pool160,-1,/weka/scratch/jhu/cpriebe1/MO/model-taxonomy/results/shared_cache/03_adapters/allenai--OLMo-2-0425-1B-Instruct/yahoo_033g1_033g2_033g3_n1000_s00_r16_i03_b5008_fea27ccee,yahoo_033g1_033g2_033g3_n1000_s00,0.0005160138243809342,-0.0006448504864238203
functional_all,pool160,-1,/weka/scratch/jhu/cpriebe1/MO/model-taxonomy/results/shared_cache/03_adapters/allenai--OLMo-2-0425-1B-Instruct/yahoo_033g1_033g2_033g3_n1000_s00_r16_i04_b5008_fea27ccee,yahoo_033g1_033g2_033g3_n1000_s00,0.0005717446911148727,-0.00018432334763929248
functional_all,pool160,-1,/weka/scratch/jhu/cpriebe1/MO/model-taxonomy/results/shared_cache/03_adapters/allenai--OLMo-2-0425-1B-Instruct/yahoo_033g1_033g2_033g3_n1000_s00_r16_i05_b5008_fea27ccee,yahoo_033g1_033g2_033g3_n1000_s00,0.00047003020881675184,-0.00013321085134521127
functional_all,pool160,-1,/weka/scratch/jhu/cpriebe1/MO/model-taxonomy/results/shared_cache/03_adapters/allenai--OLMo-2-0425-1B-Instruct/yahoo_033g1_033g2_033g3_n1000_s00_r16_i06_b5008_fea27ccee,yahoo_033g1_033g2_033g3_n1000_s00,0.0003070305101573467,-0.0002854891063179821
functional_all,pool160,-1,/weka/scratch/jhu/cpriebe1/MO/model-taxonomy/results/shared_cache/03_adapters/allenai--OLMo-2-0425-1B-Instruct/yahoo_033g1_033g2_033g3_n1000_s00_r16_i07_b5008_fea27ccee,yahoo_033g1_033g2_033g3_n1000_s00,0.0007692222134210169,-0.00024304240650963038
functional_all,pool160,-1,/weka/scratch/jhu/cpriebe1/MO/model-taxonomy/results/shared_cache/03_adapters/allenai--OLMo-2-0425-1B-Instruct/yahoo_033g1_033g2_033g3_n1000_s00_r16_i08_b5008_fea27ccee,yahoo_033g1_033g2_033g3_n1000_s00,0.00024683671654202044,-0.0005613093380816281
functional_all,pool160,-1,/weka/scratch/jhu/cpriebe1/MO/model-taxonomy/results/shared_cache/03_adapters/allenai--OLMo-2-0425-1B-Instruct/yahoo_033g1_033g2_033g3_n1000_s00_r16_i09_b5008_fea27ccee,yahoo_033g1_033g2_033g3_n1000_s00,0.0007940646610222757,-0.0004111053713131696
functional_all,pool160,-1,/weka/scratch/jhu/cpriebe1/MO/model-taxonomy/results/shared_cache/03_adapters/allenai--OLMo-2-0425-1B-Instruct/yahoo_050g1_000g2_050g3_n1000_s00_r16_i00_b5008_fea27ccee,yahoo_050g1_000g2_050g3_n1000_s00,-0.01176391076296568,0.007188184652477503
functional_all,pool160,-1,/weka/scratch/jhu/cpriebe1/MO/model-taxonomy/results/shared_cache/03_adapters/allenai--OLMo-2-0425-1B-Instruct/yahoo_050g1_000g2_050g3_n1000_s00_r16_i01_b5008_fea27ccee,yahoo_050g1_000g2_050g3_n1000_s00,-0.01150266919285059,0.007027612067759037
functional_all,pool160,-1,/weka/scratch/jhu/cpriebe1/MO/model-taxonomy/results/shared_cache/03_adapters/allenai--OLMo-2-0425-1B-Instruct/yahoo_050g1_000g2_050g3_n1000_s00_r16_i02_b5008_fea27ccee,yahoo_050g1_000g2_050g3_n1000_s00,-0.0116080641746521,0.006732852663844824
functional_all,pool160,-1,/weka/scratch/jhu/cpriebe1/MO/model-taxonomy/results/shared_cache/03_adapters/allenai--OLMo-2-0425-1B-Instruct/yahoo_050g1_000g2_050g3_n1000_s00_r16_i03_b5008_fea27ccee,yahoo_050g1_000g2_050g3_n1000_s00,-0.011952896602451801,0.006822227966040373
functional_all,pool160,-1,/weka/scratch/jhu/cpriebe1/MO/model-taxonomy/results/shared_cache/03_adapters/allenai--OLMo-2-0425-1B-Instruct/yahoo_050g1_000g2_050g3_n1000_s00_r16_i04_b5008_fea27ccee,yahoo_050g1_000g2_050g3_n1000_s00,-0.011874222196638584,0.006948807276785374
functional_all,pool160,-1,/weka/scratch/jhu/cpriebe1/MO/model-taxonomy/results/shared_cache/03_adapters/allenai--OLMo-2-0425-1B-Instruct/yahoo_050g1_000g2_050g3_n1000_s00_r16_i05_b5008_fea27ccee,yahoo_050g1_000g2_050g3_n1000_s00,-0.012327497825026512,0.007785335183143616
functional_all,pool160,-1,/weka/scratch/jhu/cpriebe1/MO/model-taxonomy/results/shared_cache/03_adapters/allenai--OLMo-2-0425-1B-Instruct/yahoo_050g1_000g2_050g3_n1000_s00_r16_i06_b5008_fea27ccee,yahoo_050g1_000g2_050g3_n1000_s00,-0.01203872635960579,0.0070190723054111
functional_all,pool160,-1,/weka/scratch/jhu/cpriebe1/MO/model-taxonomy/results/shared_cache/03_adapters/allenai--OLMo-2-0425-1B-Instruct/yahoo_050g1_000g2_050g3_n1000_s00_r16_i07_b5008_fea27ccee,yahoo_050g1_000g2_050g3_n1000_s00,-0.01193489134311676,0.007238587364554405
functional_all,pool160,-1,/weka/scratch/jhu/cpriebe1/MO/model-taxonomy/results/shared_cache/03_adapters/allenai--OLMo-2-0425-1B-Instruct/yahoo_050g1_000g2_050g3_n1000_s00_r16_i08_b5008_fea27ccee,yahoo_050g1_000g2_050g3_n1000_s00,-0.012039088644087315,0.007232981268316507
functional_all,pool160,-1,/weka/scratch/jhu/cpriebe1/MO/model-taxonomy/results/shared_cache/03_adapters/allenai--OLMo-2-0425-1B-Instruct/yahoo_050g1_000g2_050g3_n1000_s00_r16_i09_b5008_fea27ccee,yahoo_050g1_000g2_050g3_n1000_s00,-0.01204962469637394,0.0073686689138412476
functional_all,pool160,-1,/weka/scratch/jhu/cpriebe1/MO/model-taxonomy/results/shared_cache/03_adapters/allenai--OLMo-2-0425-1B-Instruct/yahoo_050g1_025g2_025g3_n1000_s00_r16_i00_b5008_fea27ccee,yahoo_050g1_025g2_025g3_n1000_s00,-0.00027902197325602174,0.006444804836064577
functional_all,pool160,-1,/weka/scratch/jhu/cpriebe1/MO/model-taxonomy/results/shared_cache/03_adapters/allenai--OLMo-2-0425-1B-Instruct/yahoo_050g1_025g2_025g3_n1000_s00_r16_i01_b5008_fea27ccee,yahoo_050g1_025g2_025g3_n1000_s00,0.0002793810854200274,0.006317956373095512
functional_all,pool160,-1,/weka/scratch/jhu/cpriebe1/MO/model-taxonomy/results/shared_cache/03_adapters/allenai--OLMo-2-0425-1B-Instruct/yahoo_050g1_025g2_025g3_n1000_s00_r16_i02_b5008_fea27ccee,yahoo_050g1_025g2_025g3_n1000_s00,6.378058606060222e-05,0.006576464511454105
functional_all,pool160,-1,/weka/scratch/jhu/cpriebe1/MO/model-taxonomy/results/shared_cache/03_adapters/allenai--OLMo-2-0425-1B-Instruct/yahoo_050g1_025g2_025g3_n1000_s00_r16_i03_b5008_fea27ccee,yahoo_050g1_025g2_025g3_n1000_s00,0.0003849309869110584,0.006289761979132891
functional_all,pool160,-1,/weka/scratch/jhu/cpriebe1/MO/model-taxonomy/results/shared_cache/03_adapters/allenai--OLMo-2-0425-1B-Instruct/yahoo_050g1_025g2_025g3_n1000_s00_r16_i04_b5008_fea27ccee,yahoo_050g1_025g2_025g3_n1000_s00,-0.0002792779414448887,0.00619502505287528
functional_all,pool160,-1,/weka/scratch/jhu/cpriebe1/MO/model-taxonomy/results/shared_cache/03_adapters/allenai--OLMo-2-0425-1B-Instruct/yahoo_050g1_025g2_025g3_n1000_s00_r16_i05_b5008_fea27ccee,yahoo_050g1_025g2_025g3_n1000_s00,0.00024199784093070775,0.006573304068297148
functional_all,pool160,-1,/weka/scratch/jhu/cpriebe1/MO/model-taxonomy/results/shared_cache/03_adapters/allenai--OLMo-2-0425-1B-Instruct/yahoo_050g1_025g2_025g3_n1000_s00_r16_i06_b5008_fea27ccee,yahoo_050g1_025g2_025g3_n1000_s00,-0.0003508395457174629,0.006245954893529415
functional_all,pool160,-1,/weka/scratch/jhu/cpriebe1/MO/model-taxonomy/results/shared_cache/03_adapters/allenai--OLMo-2-0425-1B-Instruct/yahoo_050g1_025g2_025g3_n1000_s00_r16_i07_b5008_fea27ccee,yahoo_050g1_025g2_025g3_n1000_s00,0.00010619237582432106,0.006324084009975195
functional_all,pool160,-1,/weka/scratch/jhu/cpriebe1/MO/model-taxonomy/results/shared_cache/03_adapters/allenai--OLMo-2-0425-1B-Instruct/yahoo_050g1_025g2_025g3_n1000_s00_r16_i08_b5008_fea27ccee,yahoo_050g1_025g2_025g3_n1000_s00,-0.00013185050920583308,0.006578613538295031
functional_all,pool160,-1,/weka/scratch/jhu/cpriebe1/MO/model-taxonomy/results/shared_cache/03_adapters/allenai--OLMo-2-0425-1B-Instruct/yahoo_050g1_025g2_025g3_n1000_s00_r16_i09_b5008_fea27ccee,yahoo_050g1_025g2_025g3_n1000_s00,4.6826218749629334e-05,0.0067244525998830795
functional_all,pool160,-1,/weka/scratch/jhu/cpriebe1/MO/model-taxonomy/results/shared_cache/03_adapters/allenai--OLMo-2-0425-1B-Instruct/yahoo_050g1_050g2_000g3_n1000_s00_r16_i00_b5008_fea27ccee,yahoo_050g1_050g2_000g3_n1000_s00,0.010291538201272488,0.004986260086297989
functional_all,pool160,-1,/weka/scratch/jhu/cpriebe1/MO/model-taxonomy/results/shared_cache/03_adapters/allenai--OLMo-2-0425-1B-Instruct/yahoo_050g1_050g2_000g3_n1000_s00_r16_i01_b5008_fea27ccee,yahoo_050g1_050g2_000g3_n1000_s00,0.009758716449141502,0.004473173525184393
functional_all,pool160,-1,/weka/scratch/jhu/cpriebe1/MO/model-taxonomy/results/shared_cache/03_adapters/allenai--OLMo-2-0425-1B-Instruct/yahoo_050g1_050g2_000g3_n1000_s00_r16_i02_b5008_fea27ccee,yahoo_050g1_050g2_000g3_n1000_s00,0.010473988950252533,0.00486492644995451
functional_all,pool160,-1,/weka/scratch/jhu/cpriebe1/MO/model-taxonomy/results/shared_cache/03_adapters/allenai--OLMo-2-0425-1B-Instruct/yahoo_050g1_050g2_000g3_n1000_s00_r16_i03_b5008_fea27ccee,yahoo_050g1_050g2_000g3_n1000_s00,0.009989931248128414,0.004450235050171614
functional_all,pool160,-1,/weka/scratch/jhu/cpriebe1/MO/model-taxonomy/results/shared_cache/03_adapters/allenai--OLMo-2-0425-1B-Instruct/yahoo_050g1_050g2_000g3_n1000_s00_r16_i04_b5008_fea27ccee,yahoo_050g1_050g2_000g3_n1000_s00,0.009768868796527386,0.004670439753681421
functional_all,pool160,-1,/weka/scratch/jhu/cpriebe1/MO/model-taxonomy/results/shared_cache/03_adapters/allenai--OLMo-2-0425-1B-Instruct/yahoo_050g1_050g2_000g3_n1000_s00_r16_i05_b5008_fea27ccee,yahoo_050g1_050g2_000g3_n1000_s00,0.00992247648537159,0.0047433641739189625
functional_all,pool160,-1,/weka/scratch/jhu/cpriebe1/MO/model-taxonomy/results/shared_cache/03_adapters/allenai--OLMo-2-0425-1B-Instruct/yahoo_050g1_050g2_000g3_n1000_s00_r16_i06_b5008_fea27ccee,yahoo_050g1_050g2_000g3_n1000_s00,0.009292577393352985,0.004610125906765461
functional_all,pool160,-1,/weka/scratch/jhu/cpriebe1/MO/model-taxonomy/results/shared_cache/03_adapters/allenai--OLMo-2-0425-1B-Instruct/yahoo_050g1_050g2_000g3_n1000_s00_r16_i07_b5008_fea27ccee,yahoo_050g1_050g2_000g3_n1000_s00,0.009622524492442608,0.004391931928694248
functional_all,pool160,-1,/weka/scratch/jhu/cpriebe1/MO/model-taxonomy/results/shared_cache/03_adapters/allenai--OLMo-2-0425-1B-Instruct/yahoo_050g1_050g2_000g3_n1000_s00_r16_i08_b5008_fea27ccee,yahoo_050g1_050g2_000g3_n1000_s00,0.009463946335017681,0.004532522056251764
functional_all,pool160,-1,/weka/scratch/jhu/cpriebe1/MO/model-taxonomy/results/shared_cache/03_adapters/allenai--OLMo-2-0425-1B-Instruct/yahoo_050g1_050g2_000g3_n1000_s00_r16_i09_b5008_fea27ccee,yahoo_050g1_050g2_000g3_n1000_s00,0.010336421430110931,0.004794361535459757
functional_all,pool160,-1,/weka/scratch/jhu/cpriebe1/MO/model-taxonomy/results/shared_cache/03_adapters/allenai--OLMo-2-0425-1B-Instruct/yahoo_075g1_000g2_025g3_n1000_s00_r16_i00_b5008_fea27ccee,yahoo_075g1_000g2_025g3_n1000_s00,-0.00560628529638052,0.014053725637495518
functional_all,pool160,-1,/weka/scratch/jhu/cpriebe1/MO/model-taxonomy/results/shared_cache/03_adapters/allenai--OLMo-2-0425-1B-Instruct/yahoo_075g1_000g2_025g3_n1000_s00_r16_i01_b5008_fea27ccee,yahoo_075g1_000g2_025g3_n1000_s00,-0.0054031843319535255,0.01457927655428648
functional_all,pool160,-1,/weka/scratch/jhu/cpriebe1/MO/model-taxonomy/results/shared_cache/03_adapters/allenai--OLMo-2-0425-1B-Instruct/yahoo_075g1_000g2_025g3_n1000_s00_r16_i02_b5008_fea27ccee,yahoo_075g1_000g2_025g3_n1000_s00,-0.00551022682338953,0.013866563327610493
functional_all,pool160,-1,/weka/scratch/jhu/cpriebe1/MO/model-taxonomy/results/shared_cache/03_adapters/allenai--OLMo-2-0425-1B-Instruct/yahoo_075g1_000g2_025g3_n1000_s00_r16_i03_b5008_fea27ccee,yahoo_075g1_000g2_025g3_n1000_s00,-0.005752321798354387,0.014293471351265907
functional_all,pool160,-1,/weka/scratch/jhu/cpriebe1/MO/model-taxonomy/results/shared_cache/03_adapters/allenai--OLMo-2-0425-1B-Instruct/yahoo_075g1_000g2_025g3_n1000_s00_r16_i04_b5008_fea27ccee,yahoo_075g1_000g2_025g3_n1000_s00,-0.005966891068965197,0.014489536173641682
functional_all,pool160,-1,/weka/scratch/jhu/cpriebe1/MO/model-taxonomy/results/shared_cache/03_adapters/allenai--OLMo-2-0425-1B-Instruct/yahoo_075g1_000g2_025g3_n1000_s00_r16_i05_b5008_fea27ccee,yahoo_075g1_000g2_025g3_n1000_s00,-0.005451491568237543,0.01443454995751381
functional_all,pool160,-1,/weka/scratch/jhu/cpriebe1/MO/model-taxonomy/results/shared_cache/03_adapters/allenai--OLMo-2-0425-1B-Instruct/yahoo_075g1_000g2_025g3_n1000_s00_r16_i06_b5008_fea27ccee,yahoo_075g1_000g2_025g3_n1000_s00,-0.0059135230258107185,0.014136004261672497
functional_all,pool160,-1,/weka/scratch/jhu/cpriebe1/MO/model-taxonomy/results/shared_cache/03_adapters/allenai--OLMo-2-0425-1B-Instruct/yahoo_075g1_000g2_025g3_n1000_s00_r16_i07_b5008_fea27ccee,yahoo_075g1_000g2_025g3_n1000_s00,-0.005249187350273132,0.014152441173791885
functional_all,pool160,-1,/weka/scratch/jhu/cpriebe1/MO/model-taxonomy/results/shared_cache/03_adapters/allenai--OLMo-2-0425-1B-Instruct/yahoo_075g1_000g2_025g3_n1000_s00_r16_i08_b5008_fea27ccee,yahoo_075g1_000g2_025g3_n1000_s00,-0.005821739323437214,0.014559519477188587
functional_all,pool160,-1,/weka/scratch/jhu/cpriebe1/MO/model-taxonomy/results/shared_cache/03_adapters/allenai--OLMo-2-0425-1B-Instruct/yahoo_075g1_000g2_025g3_n1000_s00_r16_i09_b5008_fea27ccee,yahoo_075g1_000g2_025g3_n1000_s00,-0.005655206274241209,0.014543010853230953
functional_all,pool160,-1,/weka/scratch/jhu/cpriebe1/MO/model-taxonomy/results/shared_cache/03_adapters/allenai--OLMo-2-0425-1B-Instruct/yahoo_075g1_025g2_000g3_n1000_s00_r16_i00_b5008_fea27ccee,yahoo_075g1_025g2_000g3_n1000_s00,0.004344233777374029,0.012540632858872414
functional_all,pool160,-1,/weka/scratch/jhu/cpriebe1/MO/model-taxonomy/results/shared_cache/03_adapters/allenai--OLMo-2-0425-1B-Instruct/yahoo_075g1_025g2_000g3_n1000_s00_r16_i01_b5008_fea27ccee,yahoo_075g1_025g2_000g3_n1000_s00,0.004869435913860798,0.01266133226454258
functional_all,pool160,-1,/weka/scratch/jhu/cpriebe1/MO/model-taxonomy/results/shared_cache/03_adapters/allenai--OLMo-2-0425-1B-Instruct/yahoo_075g1_025g2_000g3_n1000_s00_r16_i02_b5008_fea27ccee,yahoo_075g1_025g2_000g3_n1000_s00,0.0047258599661290646,0.012419014237821102
functional_all,pool160,-1,/weka/scratch/jhu/cpriebe1/MO/model-taxonomy/results/shared_cache/03_adapters/allenai--OLMo-2-0425-1B-Instruct/yahoo_075g1_025g2_000g3_n1000_s00_r16_i03_b5008_fea27ccee,yahoo_075g1_025g2_000g3_n1000_s00,0.004979388322681189,0.012664924375712872
functional_all,pool160,-1,/weka/scratch/jhu/cpriebe1/MO/model-taxonomy/results/shared_cache/03_adapters/allenai--OLMo-2-0425-1B-Instruct/yahoo_075g1_025g2_000g3_n1000_s00_r16_i04_b5008_fea27ccee,yahoo_075g1_025g2_000g3_n1000_s00,0.004463451448827982,0.012527034617960453
functional_all,pool160,-1,/weka/scratch/jhu/cpriebe1/MO/model-taxonomy/results/shared_cache/03_adapters/allenai--OLMo-2-0425-1B-Instruct/yahoo_075g1_025g2_000g3_n1000_s00_r16_i05_b5008_fea27ccee,yahoo_075g1_025g2_000g3_n1000_s00,0.0047933729365468025,0.013075732626020908
functional_all,pool160,-1,/weka/scratch/jhu/cpriebe1/MO/model-taxonomy/results/shared_cache/03_adapters/allenai--OLMo-2-0425-1B-Instruct/yahoo_075g1_025g2_000g3_n1000_s00_r16_i06_b5008_fea27ccee,yahoo_075g1_025g2_000g3_n1000_s00,0.004314272664487362,0.012305970303714275
functional_all,pool160,-1,/weka/scratch/jhu/cpriebe1/MO/model-taxonomy/results/shared_cache/03_adapters/allenai--OLMo-2-0425-1B-Instruct/yahoo_075g1_025g2_000g3_n1000_s00_r16_i07_b5008_fea27ccee,yahoo_075g1_025g2_000g3_n1000_s00,0.004835703410208225,0.012453483417630196
functional_all,pool160,-1,/weka/scratch/jhu/cpriebe1/MO/model-taxonomy/results/shared_cache/03_adapters/allenai--OLMo-2-0425-1B-Instruct/yahoo_075g1_025g2_000g3_n1000_s00_r16_i08_b5008_fea27ccee,yahoo_075g1_025g2_000g3_n1000_s00,0.004354372620582581,0.012735513038933277
functional_all,pool160,-1,/weka/scratch/jhu/cpriebe1/MO/model-taxonomy/results/shared_cache/03_adapters/allenai--OLMo-2-0425-1B-Instruct/yahoo_075g1_025g2_000g3_n1000_s00_r16_i09_b5008_fea27ccee,yahoo_075g1_025g2_000g3_n1000_s00,0.004965560976415873,0.012930652126669884
functional_all,pool160,-1,/weka/scratch/jhu/cpriebe1/MO/model-taxonomy/results/shared_cache/03_adapters/allenai--OLMo-2-0425-1B-Instruct/yahoo_100g1_000g2_000g3_n1000_s00_r16_i00_b5008_fea27ccee,yahoo_100g1_000g2_000g3_n1000_s00,-2.862821929738857e-05,0.019731001928448677
functional_all,pool160,-1,/weka/scratch/jhu/cpriebe1/MO/model-taxonomy/results/shared_cache/03_adapters/allenai--OLMo-2-0425-1B-Instruct/yahoo_100g1_000g2_000g3_n1000_s00_r16_i01_b5008_fea27ccee,yahoo_100g1_000g2_000g3_n1000_s00,0.0003071320243179798,0.020452991127967834
functional_all,pool160,-1,/weka/scratch/jhu/cpriebe1/MO/model-taxonomy/results/shared_cache/03_adapters/allenai--OLMo-2-0425-1B-Instruct/yahoo_100g1_000g2_000g3_n1000_s00_r16_i02_b5008_fea27ccee,yahoo_100g1_000g2_000g3_n1000_s00,0.00023351497657131404,0.01960855722427368
functional_all,pool160,-1,/weka/scratch/jhu/cpriebe1/MO/model-taxonomy/results/shared_cache/03_adapters/allenai--OLMo-2-0425-1B-Instruct/yahoo_100g1_000g2_000g3_n1000_s00_r16_i03_b5008_fea27ccee,yahoo_100g1_000g2_000g3_n1000_s00,-0.00024696713080629706,0.019565701484680176
functional_all,pool160,-1,/weka/scratch/jhu/cpriebe1/MO/model-taxonomy/results/shared_cache/03_adapters/allenai--OLMo-2-0425-1B-Instruct/yahoo_100g1_000g2_000g3_n1000_s00_r16_i04_b5008_fea27ccee,yahoo_100g1_000g2_000g3_n1000_s00,-0.00027504790341481566,0.01985146850347519
functional_all,pool160,-1,/weka/scratch/jhu/cpriebe1/MO/model-taxonomy/results/shared_cache/03_adapters/allenai--OLMo-2-0425-1B-Instruct/yahoo_100g1_000g2_000g3_n1000_s00_r16_i05_b5008_fea27ccee,yahoo_100g1_000g2_000g3_n1000_s00,0.00015902578888926655,0.020330213010311127
functional_all,pool160,-1,/weka/scratch/jhu/cpriebe1/MO/model-taxonomy/results/shared_cache/03_adapters/allenai--OLMo-2-0425-1B-Instruct/yahoo_100g1_000g2_000g3_n1000_s00_r16_i06_b5008_fea27ccee,yahoo_100g1_000g2_000g3_n1000_s00,-0.00012988393427804112,0.019582068547606468
functional_all,pool160,-1,/weka/scratch/jhu/cpriebe1/MO/model-taxonomy/results/shared_cache/03_adapters/allenai--OLMo-2-0425-1B-Instruct/yahoo_100g1_000g2_000g3_n1000_s00_r16_i07_b5008_fea27ccee,yahoo_100g1_000g2_000g3_n1000_s00,0.00045536275138147175,0.02001645602285862
functional_all,pool160,-1,/weka/scratch/jhu/cpriebe1/MO/model-taxonomy/results/shared_cache/03_adapters/allenai--OLMo-2-0425-1B-Instruct/yahoo_100g1_000g2_000g3_n1000_s00_r16_i08_b5008_fea27ccee,yahoo_100g1_000g2_000g3_n1000_s00,-0.0004585558199323714,0.019780414178967476
functional_all,pool160,-1,/weka/scratch/jhu/cpriebe1/MO/model-taxonomy/results/shared_cache/03_adapters/allenai--OLMo-2-0425-1B-Instruct/yahoo_100g1_000g2_000g3_n1000_s00_r16_i09_b5008_fea27ccee,yahoo_100g1_000g2_000g3_n1000_s00,-1.595253161212895e-05,0.020178768783807755
functional_all,mean_after,-1,yahoo_000g1_000g2_100g3_n1000_s00,yahoo_000g1_000g2_100g3_n1000_s00,-0.018542565405368805,-0.011143527925014496
functional_all,mean_after,-1,yahoo_000g1_025g2_075g3_n1000_s00,yahoo_000g1_025g2_075g3_n1000_s00,-0.008807702921330929,-0.011326320469379425
functional_all,mean_after,-1,yahoo_000g1_050g2_050g3_n1000_s00,yahoo_000g1_050g2_050g3_n1000_s00,0.0013832958647981286,-0.011616385541856289
functional_all,mean_after,-1,yahoo_000g1_075g2_025g3_n1000_s00,yahoo_000g1_075g2_025g3_n1000_s00,0.010123074986040592,-0.010701189748942852
functional_all,mean_after,-1,yahoo_000g1_100g2_000g3_n1000_s00,yahoo_000g1_100g2_000g3_n1000_s00,0.01898004114627838,-0.011004135012626648
functional_all,mean_after,-1,yahoo_025g1_000g2_075g3_n1000_s00,yahoo_025g1_000g2_075g3_n1000_s00,-0.01525409147143364,-0.0018329067388549447
functional_all,mean_after,-1,yahoo_025g1_025g2_050g3_n1000_s00,yahoo_025g1_025g2_050g3_n1000_s00,-0.005051231477409601,-0.002011385280638933
functional_all,mean_after,-1,yahoo_025g1_050g2_025g3_n1000_s00,yahoo_025g1_050g2_025g3_n1000_s00,0.005777300801128149,-0.002870714757591486
functional_all,mean_after,-1,yahoo_025g1_075g2_000g3_n1000_s00,yahoo_025g1_075g2_000g3_n1000_s00,0.01382268313318491,-0.0022009166423231363
functional_all,mean_after,-1,yahoo_033g1_033g2_033g3_n1000_s00,yahoo_033g1_033g2_033g3_n1000_s00,0.0005464873975142837,-0.00035973041667602956
functional_all,mean_after,-1,yahoo_050g1_000g2_050g3_n1000_s00,yahoo_050g1_000g2_050g3_n1000_s00,-0.011909158900380135,0.00713643291965127
functional_all,mean_after,-1,yahoo_050g1_025g2_025g3_n1000_s00,yahoo_050g1_025g2_025g3_n1000_s00,8.211887688958086e-06,0.006427042186260223
functional_all,mean_after,-1,yahoo_050g1_050g2_000g3_n1000_s00,yahoo_050g1_050g2_000g3_n1000_s00,0.009892098605632782,0.004651734139770269
functional_all,mean_after,-1,yahoo_075g1_000g2_025g3_n1000_s00,yahoo_075g1_000g2_025g3_n1000_s00,-0.0056330058723688126,0.014310809783637524
functional_all,mean_after,-1,yahoo_075g1_025g2_000g3_n1000_s00,yahoo_075g1_025g2_000g3_n1000_s00,0.004664564970880747,0.012631428427994251
functional_all,mean_after,-1,yahoo_100g1_000g2_000g3_n1000_s00,yahoo_100g1_000g2_000g3_n1000_s00,-2.751343338055504e-19,0.01990976370871067
functional_all,mean_after_aligned,-1,yahoo_000g1_000g2_100g3_n1000_s00,yahoo_000g1_000g2_100g3_n1000_s00,-0.3287975788116455,-0.19759751856327057
functional_all,mean_after_aligned,-1,yahoo_000g1_025g2_075g3_n1000_s00,yahoo_000g1_025g2_075g3_n1000_s00,-0.1561785638332367,-0.20083880424499512
functional_all,mean_after_aligned,-1,yahoo_000g1_050g2_050g3_n1000_s00,yahoo_000g1_050g2_050g3_n1000_s00,0.024528661742806435,-0.2059822529554367
functional_all,mean_after_aligned,-1,yahoo_000g1_075g2_025g3_n1000_s00,yahoo_000g1_075g2_025g3_n1000_s00,0.17950280010700226,-0.1897539645433426
functional_all,mean_after_aligned,-1,yahoo_000g1_100g2_000g3_n1000_s00,yahoo_000g1_100g2_000g3_n1000_s00,0.3365548849105835,-0.1951257884502411
functional_all,mean_after_aligned,-1,yahoo_025g1_000g2_075g3_n1000_s00,yahoo_025g1_000g2_075g3_n1000_s00,-0.2704862058162689,-0.03250117599964142
functional_all,mean_after_aligned,-1,yahoo_025g1_025g2_050g3_n1000_s00,yahoo_025g1_025g2_050g3_n1000_s00,-0.08956865221261978,-0.03566597029566765
functional_all,mean_after_aligned,-1,yahoo_025g1_050g2_025g3_n1000_s00,yahoo_025g1_050g2_025g3_n1000_s00,0.10244334489107132,-0.05090363323688507
functional_all,mean_after_aligned,-1,yahoo_025g1_075g2_000g3_n1000_s00,yahoo_025g1_075g2_000g3_n1000_s00,0.24510440230369568,-0.03902674466371536
functional_all,mean_after_aligned,-1,yahoo_033g1_033g2_033g3_n1000_s00,yahoo_033g1_033g2_033g3_n1000_s00,0.009690338745713234,-0.0063787540420889854
functional_all,mean_after_aligned,-1,yahoo_050g1_000g2_050g3_n1000_s00,yahoo_050g1_000g2_050g3_n1000_s00,-0.21117371320724487,0.12654352188110352
functional_all,mean_after_aligned,-1,yahoo_050g1_025g2_025g3_n1000_s00,yahoo_050g1_025g2_025g3_n1000_s00,0.00014561429270543158,0.11396458745002747
functional_all,mean_after_aligned,-1,yahoo_050g1_050g2_000g3_n1000_s00,yahoo_050g1_050g2_000g3_n1000_s00,0.17540711164474487,0.08248475193977356
functional_all,mean_after_aligned,-1,yahoo_075g1_000g2_025g3_n1000_s00,yahoo_075g1_000g2_025g3_n1000_s00,-0.09988469630479813,0.25375989079475403
functional_all,mean_after_aligned,-1,yahoo_075g1_025g2_000g3_n1000_s00,yahoo_075g1_025g2_000g3_n1000_s00,0.08271227031946182,0.22398103773593903
functional_all,mean_after_aligned,-1,yahoo_100g1_000g2_000g3_n1000_s00,yahoo_100g1_000g2_000g3_n1000_s00,-3.8744984382028656e-17,0.35304078459739685
functional_all,mean_before_aligned,-1,yahoo_000g1_000g2_100g3_n1000_s00,yahoo_000g1_000g2_100g3_n1000_s00,-0.33035916090011597,-0.20015482604503632
functional_all,mean_before_aligned,-1,yahoo_000g1_025g2_075g3_n1000_s00,yahoo_000g1_025g2_075g3_n1000_s00,-0.15741680562496185,-0.1988224983215332
functional_all,mean_before_aligned,-1,yahoo_000g1_050g2_050g3_n1000_s00,yahoo_000g1_050g2_050g3_n1000_s00,0.025848185643553734,-0.20321857929229736
functional_all,mean_before_aligned,-1,yahoo_000g1_075g2_025g3_n1000_s00,yahoo_000g1_075g2_025g3_n1000_s00,0.18162406980991364,-0.18788664042949677
functional_all,mean_before_aligned,-1,yahoo_000g1_100g2_000g3_n1000_s00,yahoo_000g1_100g2_000g3_n1000_s00,0.33697107434272766,-0.1981717050075531
functional_all,mean_before_aligned,-1,yahoo_025g1_000g2_075g3_n1000_s00,yahoo_025g1_000g2_075g3_n1000_s00,-0.27011123299598694,-0.03428526222705841
functional_all,mean_before_aligned,-1,yahoo_025g1_025g2_050g3_n1000_s00,yahoo_025g1_025g2_050g3_n1000_s00,-0.08790273219347,-0.03448924422264099
functional_all,mean_before_aligned,-1,yahoo_025g1_050g2_025g3_n1000_s00,yahoo_025g1_050g2_025g3_n1000_s00,0.10191062837839127,-0.049791961908340454
functional_all,mean_before_aligned,-1,yahoo_025g1_075g2_000g3_n1000_s00,yahoo_025g1_075g2_000g3_n1000_s00,0.24388869106769562,-0.040775854140520096
functional_all,mean_before_aligned,-1,yahoo_033g1_033g2_033g3_n1000_s00,yahoo_033g1_033g2_033g3_n1000_s00,0.009911282919347286,-0.005515602882951498
functional_all,mean_before_aligned,-1,yahoo_050g1_000g2_050g3_n1000_s00,yahoo_050g1_000g2_050g3_n1000_s00,-0.20962809026241302,0.12570734322071075
functional_all,mean_before_aligned,-1,yahoo_050g1_025g2_025g3_n1000_s00,yahoo_050g1_025g2_025g3_n1000_s00,0.00012227389379404485,0.11247282475233078
functional_all,mean_before_aligned,-1,yahoo_050g1_050g2_000g3_n1000_s00,yahoo_050g1_050g2_000g3_n1000_s00,0.1731201559305191,0.0806339904665947
functional_all,mean_before_aligned,-1,yahoo_075g1_000g2_025g3_n1000_s00,yahoo_075g1_000g2_025g3_n1000_s00,-0.09796099364757538,0.255092591047287
functional_all,mean_before_aligned,-1,yahoo_075g1_025g2_000g3_n1000_s00,yahoo_075g1_025g2_000g3_n1000_s00,0.07966935634613037,0.22436393797397614
functional_all,mean_before_aligned,-1,yahoo_100g1_000g2_000g3_n1000_s00,yahoo_100g1_000g2_000g3_n1000_s00,0.00031329234479926527,0.3548415005207062
behavioral,mean_before,-1,/weka/scratch/jhu/cpriebe1/MO/model-taxonomy/results/shared_cache/03_adapters/allenai--OLMo-2-0425-1B-Instruct/yahoo_100g1_000g2_000g3_n1000_s00_r16_i00_b5008_fea27ccee,yahoo_100g1_000g2_000g3_n1000_s00,-1.6839227990423223e-18,0.019819127395749092
behavioral,mean_before,-1,/weka/scratch/jhu/cpriebe1/MO/model-taxonomy/results/shared_cache/03_adapters/allenai--OLMo-2-0425-1B-Instruct/yahoo_075g1_025g2_000g3_n1000_s00_r16_i00_b5008_fea27ccee,yahoo_075g1_025g2_000g3_n1000_s00,0.007115628570318222,0.014814724214375019
behavioral,mean_before,-1,/weka/scratch/jhu/cpriebe1/MO/model-taxonomy/results/shared_cache/03_adapters/allenai--OLMo-2-0425-1B-Instruct/yahoo_075g1_000g2_025g3_n1000_s00_r16_i00_b5008_fea27ccee,yahoo_075g1_000g2_025g3_n1000_s00,-0.012129971757531166,0.014491240493953228
behavioral,mean_before,-1,/weka/scratch/jhu/cpriebe1/MO/model-taxonomy/results/shared_cache/03_adapters/allenai--OLMo-2-0425-1B-Instruct/yahoo_050g1_050g2_000g3_n1000_s00_r16_i00_b5008_fea27ccee,yahoo_050g1_050g2_000g3_n1000_s00,0.008282870054244995,0.0033407395239919424
behavioral,mean_before,-1,/weka/scratch/jhu/cpriebe1/MO/model-taxonomy/results/shared_cache/03_adapters/allenai--OLMo-2-0425-1B-Instruct/yahoo_050g1_025g2_025g3_n1000_s00_r16_i00_b5008_fea27ccee,yahoo_050g1_025g2_025g3_n1000_s00,-0.004949361085891724,0.009518466889858246
behavioral,mean_before,-1,/weka/scratch/jhu/cpriebe1/MO/model-taxonomy/results/shared_cache/03_adapters/allenai--OLMo-2-0425-1B-Instruct/yahoo_050g1_000g2_050g3_n1000_s00_r16_i00_b5008_fea27ccee,yahoo_050g1_000g2_050g3_n1000_s00,-0.01614423096179962,0.006723024416714907
behavioral,mean_before,-1,/weka/scratch/jhu/cpriebe1/MO/model-taxonomy/results/shared_cache/03_adapters/allenai--OLMo-2-0425-1B-Instruct/yahoo_033g1_033g2_033g3_n1000_s00_r16_i00_b5008_fea27ccee,yahoo_033g1_033g2_033g3_n1000_s00,-0.0017533614300191402,-0.0012340097455307841
behavioral,mean_before,-1,/weka/scratch/jhu/cpriebe1/MO/model-taxonomy/results/shared_cache/03_adapters/allenai--OLMo-2-0425-1B-Instruct/yahoo_025g1_075g2_000g3_n1000_s00_r16_i00_b5008_fea27ccee,yahoo_025g1_075g2_000g3_n1000_s00,0.019667839631438255,-0.0013347676722332835
behavioral,mean_before,-1,/weka/scratch/jhu/cpriebe1/MO/model-taxonomy/results/shared_cache/03_adapters/allenai--OLMo-2-0425-1B-Instruct/yahoo_025g1_050g2_025g3_n1000_s00_r16_i00_b5008_fea27ccee,yahoo_025g1_050g2_025g3_n1000_s00,0.007638764102011919,-0.008848021738231182
behavioral,mean_before,-1,/weka/scratch/jhu/cpriebe1/MO/model-taxonomy/results/shared_cache/03_adapters/allenai--OLMo-2-0425-1B-Instruct/yahoo_025g1_025g2_050g3_n1000_s00_r16_i00_b5008_fea27ccee,yahoo_025g1_025g2_050g3_n1000_s00,-0.00740079116076231,-0.009040097706019878
behavioral,mean_before,-1,/weka/scratch/jhu/cpriebe1/MO/model-taxonomy/results/shared_cache/03_adapters/allenai--OLMo-2-0425-1B-Instruct/yahoo_025g1_000g2_075g3_n1000_s00_r16_i00_b5008_fea27ccee,yahoo_025g1_000g2_075g3_n1000_s00,-0.01769230142235756,-0.002446643775328994
behavioral,mean_before,-1,/weka/scratch/jhu/cpriebe1/MO/model-taxonomy/results/shared_cache/03_adapters/allenai--OLMo-2-0425-1B-Instruct/yahoo_000g1_100g2_000g3_n1000_s00_r16_i00_b5008_fea27ccee,yahoo_000g1_100g2_000g3_n1000_s00,0.01909685879945755,0.009286508895456791
behavioral,mean_before,-1,/weka/scratch/jhu/cpriebe1/MO/model-taxonomy/results/shared_cache/03_adapters/allenai--OLMo-2-0425-1B-Instruct/yahoo_000g1_075g2_025g3_n1000_s00_r16_i00_b5008_fea27ccee,yahoo_000g1_075g2_025g3_n1000_s00,0.01654592528939247,-0.0091983238235116
behavioral,mean_before,-1,/weka/scratch/jhu/cpriebe1/MO/model-taxonomy/results/shared_cache/03_adapters/allenai--OLMo-2-0425-1B-Instruct/yahoo_000g1_050g2_050g3_n1000_s00_r16_i00_b5008_fea27ccee,yahoo_000g1_050g2_050g3_n1000_s00,0.004968134220689535,-0.018566904589533806
behavioral,mean_before,-1,/weka/scratch/jhu/cpriebe1/MO/model-taxonomy/results/shared_cache/03_adapters/allenai--OLMo-2-0425-1B-Instruct/yahoo_000g1_025g2_075g3_n1000_s00_r16_i00_b5008_fea27ccee,yahoo_000g1_025g2_075g3_n1000_s00,-0.005030840169638395,-0.01661263033747673
behavioral,mean_before,-1,/weka/scratch/jhu/cpriebe1/MO/model-taxonomy/results/shared_cache/03_adapters/allenai--OLMo-2-0425-1B-Instruct/yahoo_000g1_000g2_100g3_n1000_s00_r16_i00_b5008_fea27ccee,yahoo_000g1_000g2_100g3_n1000_s00,-0.018215162679553032,-0.01071243267506361
behavioral,seed_mean,-1,yahoo_000g1_000g2_100g3_n1000_s00,yahoo_000g1_000g2_100g3_n1000_s00,-0.15557534992694855,0.09556615352630615
behavioral,seed_mean,-1,yahoo_000g1_025g2_075g3_n1000_s00,yahoo_000g1_025g2_075g3_n1000_s00,-0.09610307961702347,-0.11614520847797394
behavioral,seed_mean,-1,yahoo_000g1_050g2_050g3_n1000_s00,yahoo_000g1_050g2_050g3_n1000_s00,-0.002572322729974985,-0.17477446794509888
behavioral,seed_mean,-1,yahoo_000g1_075g2_025g3_n1000_s00,yahoo_000g1_075g2_025g3_n1000_s00,0.14508748054504395,-0.10102248936891556
behavioral,seed_mean,-1,yahoo_000g1_100g2_000g3_n1000_s00,yahoo_000g1_100g2_000g3_n1000_s00,0.1566426008939743,-0.034220900386571884
behavioral,seed_mean,-1,yahoo_025g1_000g2_075g3_n1000_s00,yahoo_025g1_000g2_075g3_n1000_s00,-0.1788577288389206,-0.021404875442385674
behavioral,seed_mean,-1,yahoo_025g1_025g2_050g3_n1000_s00,yahoo_025g1_025g2_050g3_n1000_s00,-0.10786531120538712,-0.061840374022722244
behavioral,seed_mean,-1,yahoo_025g1_050g2_025g3_n1000_s00,yahoo_025g1_050g2_025g3_n1000_s00,0.08144164830446243,-0.08085335046052933
behavioral,seed_mean,-1,yahoo_025g1_075g2_000g3_n1000_s00,yahoo_025g1_075g2_000g3_n1000_s00,0.18595245480537415,-0.005800202954560518
behavioral,seed_mean,-1,yahoo_033g1_033g2_033g3_n1000_s00,yahoo_033g1_033g2_033g3_n1000_s00,-0.01126142404973507,-0.008623851463198662
behavioral,seed_mean,-1,yahoo_050g1_000g2_050g3_n1000_s00,yahoo_050g1_000g2_050g3_n1000_s00,-0.12167143821716309,0.08399496227502823
behavioral,seed_mean,-1,yahoo_050g1_025g2_025g3_n1000_s00,yahoo_050g1_025g2_025g3_n1000_s00,-0.041927799582481384,0.07459309697151184
behavioral,seed_mean,-1,yahoo_050g1_050g2_000g3_n1000_s00,yahoo_050g1_050g2_000g3_n1000_s00,0.08975423872470856,-0.050211984664201736
behavioral,seed_mean,-1,yahoo_075g1_000g2_025g3_n1000_s00,yahoo_075g1_000g2_025g3_n1000_s00,-0.031513579189777374,0.05554245784878731
behavioral,seed_mean,-1,yahoo_075g1_025g2_000g3_n1000_s00,yahoo_075g1_025g2_000g3_n1000_s00,0.08846961706876755,0.143877774477005
behavioral,seed_mean,-1,yahoo_100g1_000g2_000g3_n1000_s00,yahoo_100g1_000g2_000g3_n1000_s00,-2.084577199950395e-17,0.2013232707977295
behavioral,seed_reference,-1,yahoo_100g1_000g2_000g3_n1000_s00,yahoo_100g1_000g2_000g3_n1000_s00,0.08056192100048065,0.28657424449920654
behavioral,seed_reference,-1,yahoo_075g1_025g2_000g3_n1000_s00,yahoo_075g1_025g2_000g3_n1000_s00,0.1631080061197281,0.1852891594171524
behavioral,seed_reference,-1,yahoo_075g1_000g2_025g3_n1000_s00,yahoo_075g1_000g2_025g3_n1000_s00,-0.11648824065923691,0.2588423788547516
behavioral,seed_reference,-1,yahoo_050g1_050g2_000g3_n1000_s00,yahoo_050g1_050g2_000g3_n1000_s00,0.1333456039428711,0.014636666513979435
behavioral,seed_reference,-1,yahoo_050g1_025g2_025g3_n1000_s00,yahoo_050g1_025g2_025g3_n1000_s00,-0.0328739732503891,0.15775050222873688
behavioral,seed_reference,-1,yahoo_050g1_000g2_050g3_n1000_s00,yahoo_050g1_000g2_050g3_n1000_s00,-0.20610901713371277,0.16283541917800903
behavioral,seed_reference,-1,yahoo_033g1_033g2_033g3_n1000_s00,yahoo_033g1_033g2_033g3_n1000_s00,-0.03036876581609249,-0.010715974494814873
behavioral,seed_reference,-1,yahoo_025g1_075g2_000g3_n1000_s00,yahoo_025g1_075g2_000g3_n1000_s00,0.27896106243133545,-0.09924700111150742
behavioral,seed_reference,-1,yahoo_025g1_050g2_025g3_n1000_s00,yahoo_025g1_050g2_025g3_n1000_s00,0.07448659837245941,-0.15898825228214264
behavioral,seed_reference,-1,yahoo_025g1_025g2_050g3_n1000_s00,yahoo_025g1_025g2_050g3_n1000_s00,-0.14375828206539154,-0.100631944835186
behavioral,seed_reference,-1,yahoo_025g1_000g2_075g3_n1000_s00,yahoo_025g1_000g2_075g3_n1000_s00,-0.2657666802406311,0.036539483815431595
behavioral,seed_reference,-1,yahoo_000g1_100g2_000g3_n1000_s00,yahoo_000g1_100g2_000g3_n1000_s00,0.3138789236545563,0.05665207281708717
behavioral,seed_reference,-1,yahoo_000g1_075g2_025g3_n1000_s00,yahoo_000g1_075g2_025g3_n1000_s00,0.20185557007789612,-0.20025978982448578
behavioral,seed_reference,-1,yahoo_000g1_050g2_050g3_n1000_s00,yahoo_000g1_050g2_050g3_n1000_s00,-0.003635181812569499,-0.28866249322891235
behavioral,seed_reference,-1,yahoo_000g1_025g2_075g3_n1000_s00,yahoo_000g1_025g2_075g3_n1000_s00,-0.14027129113674164,-0.21976032853126526
behavioral,seed_reference,-1,yahoo_000g1_000g2_100g3_n1000_s00,yahoo_000g1_000g2_100g3_n1000_s00,-0.30692625045776367,-0.0808541551232338
behavioral,seed_aligned,0,/weka/scratch/jhu/cpriebe1/MO/model-taxonomy/results/shared_cache/03_adapters/allenai--OLMo-2-0425-1B-Instruct/yahoo_100g1_000g2_000g3_n1000_s00_r16_i00_b5008_fea27ccee,yahoo_100g1_000g2_000g3_n1000_s00,-0.0004902306827716529,0.2869860529899597
behavioral,seed_aligned,0,/weka/scratch/jhu/cpriebe1/MO/model-taxonomy/results/shared_cache/03_adapters/allenai--OLMo-2-0425-1B-Instruct/yahoo_075g1_025g2_000g3_n1000_s00_r16_i00_b5008_fea27ccee,yahoo_075g1_025g2_000g3_n1000_s00,0.12570218741893768,0.2078448235988617
behavioral,seed_aligned,0,/weka/scratch/jhu/cpriebe1/MO/model-taxonomy/results/shared_cache/03_adapters/allenai--OLMo-2-0425-1B-Instruct/yahoo_075g1_000g2_025g3_n1000_s00_r16_i00_b5008_fea27ccee,yahoo_075g1_000g2_025g3_n1000_s00,-0.13201752305030823,0.22198370099067688
behavioral,seed_aligned,0,/weka/scratch/jhu/cpriebe1/MO/model-taxonomy/results/shared_cache/03_adapters/allenai--OLMo-2-0425-1B-Instruct/yahoo_050g1_050g2_000g3_n1000_s00_r16_i00_b5008_fea27ccee,yahoo_050g1_050g2_000g3_n1000_s00,0.19249992072582245,0.10085354000329971
behavioral,seed_aligned,0,/weka/scratch/jhu/cpriebe1/MO/model-taxonomy/results/shared_cache/03_adapters/allenai--OLMo-2-0425-1B-Instruct/yahoo_050g1_025g2_025g3_n1000_s00_r16_i00_b5008_fea27ccee,yahoo_050g1_025g2_025g3_n1000_s00,0.010326378978788853,0.13366055488586426
behavioral,seed_aligned,0,/weka/scratch/jhu/cpriebe1/MO/model-taxonomy/results/shared_cache/03_adapters/allenai--OLMo-2-0425-1B-Instruct/yahoo_050g1_000g2_050g3_n1000_s00_r16_i00_b5008_fea27ccee,yahoo_050g1_000g2_050g3_n1000_s00,-0.1759462207555771,0.1189023107290268
behavioral,seed_aligned,0,/weka/scratch/jhu/cpriebe1/MO/model-taxonomy/results/shared_cache/03_adapters/allenai--OLMo-2-0425-1B-Instruct/yahoo_033g1_033g2_033g3_n1000_s00_r16_i00_b5008_fea27ccee,yahoo_033g1_033g2_033g3_n1000_s00,0.015114499256014824,-0.01968732289969921
behavioral,seed_aligned,0,/weka/scratch/jhu/cpriebe1/MO/model-taxonomy/results/shared_cache/03_adapters/allenai--OLMo-2-0425-1B-Instruct/yahoo_025g1_075g2_000g3_n1000_s00_r16_i00_b5008_fea27ccee,yahoo_025g1_075g2_000g3_n1000_s00,0.27011772990226746,-0.00926174409687519
behavioral,seed_aligned,0,/weka/scratch/jhu/cpriebe1/MO/model-taxonomy/results/shared_cache/03_adapters/allenai--OLMo-2-0425-1B-Instruct/yahoo_025g1_050g2_025g3_n1000_s00_r16_i00_b5008_fea27ccee,yahoo_025g1_050g2_025g3_n1000_s00,0.1178802028298378,-0.054672252386808395
behavioral,seed_aligned,0,/weka/scratch/jhu/cpriebe1/MO/model-taxonomy/results/shared_cache/03_adapters/allenai--OLMo-2-0425-1B-Instruct/yahoo_025g1_025g2_050g3_n1000_s00_r16_i00_b5008_fea27ccee,yahoo_025g1_025g2_050g3_n1000_s00,-0.09622625261545181,-0.07941103726625443
behavioral,seed_aligned,0,/weka/scratch/jhu/cpriebe1/MO/model-taxonomy/results/shared_cache/03_adapters/allenai--OLMo-2-0425-1B-Instruct/yahoo_025g1_000g2_075g3_n1000_s00_r16_i00_b5008_fea27ccee,yahoo_025g1_000g2_075g3_n1000_s00,-0.25261783599853516,-0.08183516561985016
behavioral,seed_aligned,0,/weka/scratch/jhu/cpriebe1/MO/model-taxonomy/results/shared_cache/03_adapters/allenai--OLMo-2-0425-1B-Instruct/yahoo_000g1_100g2_000g3_n1000_s00_r16_i00_b5008_fea27ccee,yahoo_000g1_100g2_000g3_n1000_s00,0.25102391839027405,-0.16266398131847382
behavioral,seed_aligned,0,/weka/scratch/jhu/cpriebe1/MO/model-taxonomy/results/shared_cache/03_adapters/allenai--OLMo-2-0425-1B-Instruct/yahoo_000g1_075g2_025g3_n1000_s00_r16_i00_b5008_fea27ccee,yahoo_000g1_075g2_025g3_n1000_s00,0.12620627880096436,-0.23707783222198486
behavioral,seed_aligned,0,/weka/scratch/jhu/cpriebe1/MO/model-taxonomy/results/shared_cache/03_adapters/allenai--OLMo-2-0425-1B-Instruct/yahoo_000g1_050g2_050g3_n1000_s00_r16_i00_b5008_fea27ccee,yahoo_000g1_050g2_050g3_n1000_s00,-0.0112787876278162,-0.2357473373413086
behavioral,seed_aligned,0,/weka/scratch/jhu/cpriebe1/MO/model-taxonomy/results/shared_cache/03_adapters/allenai--OLMo-2-0425-1B-Instruct/yahoo_000g1_025g2_075g3_n1000_s00_r16_i00_b5008_fea27ccee,yahoo_000g1_025g2_075g3_n1000_s00,-0.15280410647392273,-0.20698650181293488
behavioral,seed_aligned,0,/weka/scratch/jhu/cpriebe1/MO/model-taxonomy/results/shared_cache/03_adapters/allenai--OLMo-2-0425-1B-Instruct/yahoo_000g1_000g2_100g3_n1000_s00_r16_i00_b5008_fea27ccee,yahoo_000g1_000g2_100g3_n1000_s00,-0.2874901592731476,0.01711217500269413
behavioral,seed_aligned,1,/weka/scratch/jhu/cpriebe1/MO/model-taxonomy/results/shared_cache/03_adapters/allenai--OLMo-2-0425-1B-Instruct/yahoo_100g1_000g2_000g3_n1000_s00_r16_i01_b5008_fea27ccee,yahoo_100g1_000g2_000g3_n1000_s00,-0.07459700107574463,0.1971147060394287
behavioral,seed_aligned,1,/weka/scratch/jhu/cpriebe1/MO/model-taxonomy/results/shared_cache/03_adapters/allenai--OLMo-2-0425-1B-Instruct/yahoo_075g1_025g2_000g3_n1000_s00_r16_i01_b5008_fea27ccee,yahoo_075g1_025g2_000g3_n1000_s00,0.020185038447380066,0.03726819530129433
behavioral,seed_aligned,1,/weka/scratch/jhu/cpriebe1/MO/model-taxonomy/results/shared_cache/03_adapters/allenai--OLMo-2-0425-1B-Instruct/yahoo_075g1_000g2_025g3_n1000_s00_r16_i01_b5008_fea27ccee,yahoo_075g1_000g2_025g3_n1000_s00,0.09040176868438721,0.05207950994372368
behavioral,seed_aligned,1,/weka/scratch/jhu/cpriebe1/MO/model-taxonomy/results/shared_cache/03_adapters/allenai--OLMo-2-0425-1B-Instruct/yahoo_050g1_050g2_000g3_n1000_s00_r16_i01_b5008_fea27ccee,yahoo_050g1_050g2_000g3_n1000_s00,0.1583201140165329,-0.031346023082733154
behavioral,seed_aligned,1,/weka/scratch/jhu/cpriebe1/MO/model-taxonomy/results/shared_cache/03_adapters/allenai--OLMo-2-0425-1B-Instruct/yahoo_050g1_025g2_025g3_n1000_s00_r16_i01_b5008_fea27ccee,yahoo_050g1_025g2_025g3_n1000_s00,-0.1324089616537094,0.14485499262809753
behavioral,seed_aligned,1,/weka/scratch/jhu/cpriebe1/MO/model-taxonomy/results/shared_cache/03_adapters/allenai--OLMo-2-0425-1B-Instruct/yahoo_050g1_000g2_050g3_n1000_s00_r16_i01_b5008_fea27ccee,yahoo_050g1_000g2_050g3_n1000_s00,-0.20382602512836456,0.12302064150571823
behavioral,seed_aligned,1,/weka/scratch/jhu/cpriebe1/MO/model-taxonomy/results/shared_cache/03_adapters/allenai--OLMo-2-0425-1B-Instruct/yahoo_033g1_033g2_033g3_n1000_s00_r16_i01_b5008_fea27ccee,yahoo_033g1_033g2_033g3_n1000_s00,-0.01096394844353199,-0.0652514323592186
behavioral,seed_aligned,1,/weka/scratch/jhu/cpriebe1/MO/model-taxonomy/results/shared_cache/03_adapters/allenai--OLMo-2-0425-1B-Instruct/yahoo_025g1_075g2_000g3_n1000_s00_r16_i01_b5008_fea27ccee,yahoo_025g1_075g2_000g3_n1000_s00,0.15862290561199188,-0.10480884462594986
behavioral,seed_aligned,1,/weka/scratch/jhu/cpriebe1/MO/model-taxonomy/results/shared_cache/03_adapters/allenai--OLMo-2-0425-1B-Instruct/yahoo_025g1_050g2_025g3_n1000_s00_r16_i01_b5008_fea27ccee,yahoo_025g1_050g2_025g3_n1000_s00,0.06602347642183304,-0.09009353816509247
behavioral,seed_aligned,1,/weka/scratch/jhu/cpriebe1/MO/model-taxonomy/results/shared_cache/03_adapters/allenai--OLMo-2-0425-1B-Instruct/yahoo_025g1_025g2_050g3_n1000_s00_r16_i01_b5008_fea27ccee,yahoo_025g1_025g2_050g3_n1000_s00,-0.09937067329883575,-0.07378441095352173
behavioral,seed_aligned,1,/weka/scratch/jhu/cpriebe1/MO/model-taxonomy/results/shared_cache/03_adapters/allenai--OLMo-2-0425-1B-Instruct/yahoo_025g1_000g2_075g3_n1000_s00_r16_i01_b5008_fea27ccee,yahoo_025g1_000g2_075g3_n1000_s00,-0.17749960720539093,-0.0765596255660057
behavioral,seed_aligned,1,/weka/scratch/jhu/cpriebe1/MO/model-taxonomy/results/shared_cache/03_adapters/allenai--OLMo-2-0425-1B-Instruct/yahoo_000g1_100g2_000g3_n1000_s00_r16_i01_b5008_fea27ccee,yahoo_000g1_100g2_000g3_n1000_s00,0.19115659594535828,0.16769811511039734
behavioral,seed_aligned,1,/weka/scratch/jhu/cpriebe1/MO/model-taxonomy/results/shared_cache/03_adapters/allenai--OLMo-2-0425-1B-Instruct/yahoo_000g1_075g2_025g3_n1000_s00_r16_i01_b5008_fea27ccee,yahoo_000g1_075g2_025g3_n1000_s00,0.0996364876627922,-0.18250693380832672
behavioral,seed_aligned,1,/weka/scratch/jhu/cpriebe1/MO/model-taxonomy/results/shared_cache/03_adapters/allenai--OLMo-2-0425-1B-Instruct/yahoo_000g1_050g2_050g3_n1000_s00_r16_i01_b5008_fea27ccee,yahoo_000g1_050g2_050g3_n1000_s00,-0.0062899659387767315,-0.1770394742488861
behavioral,seed_aligned,1,/weka/scratch/jhu/cpriebe1/MO/model-taxonomy/results/shared_cache/03_adapters/allenai--OLMo-2-0425-1B-Instruct/yahoo_000g1_025g2_075g3_n1000_s00_r16_i01_b5008_fea27ccee,yahoo_000g1_025g2_075g3_n1000_s00,-0.09817006438970566,-0.15916378796100616
behavioral,seed_aligned,1,/weka/scratch/jhu/cpriebe1/MO/model-taxonomy/results/shared_cache/03_adapters/allenai--OLMo-2-0425-1B-Instruct/yahoo_000g1_000g2_100g3_n1000_s00_r16_i01_b5008_fea27ccee,yahoo_000g1_000g2_100g3_n1000_s00,0.018779870122671127,0.2385178953409195
behavioral,seed_aligned,2,/weka/scratch/jhu/cpriebe1/MO/model-taxonomy/results/shared_cache/03_adapters/allenai--OLMo-2-0425-1B-Instruct/yahoo_100g1_000g2_000g3_n1000_s00_r16_i02_b5008_fea27ccee,yahoo_100g1_000g2_000g3_n1000_s00,0.06303682178258896,0.2646971642971039
behavioral,seed_aligned,2,/weka/scratch/jhu/cpriebe1/MO/model-taxonomy/results/shared_cache/03_adapters/allenai--OLMo-2-0425-1B-Instruct/yahoo_075g1_025g2_000g3_n1000_s00_r16_i02_b5008_fea27ccee,yahoo_075g1_025g2_000g3_n1000_s00,0.1379898488521576,0.21174320578575134
behavioral,seed_aligned,2,/weka/scratch/jhu/cpriebe1/MO/model-taxonomy/results/shared_cache/03_adapters/allenai--OLMo-2-0425-1B-Instruct/yahoo_075g1_000g2_025g3_n1000_s00_r16_i02_b5008_fea27ccee,yahoo_075g1_000g2_025g3_n1000_s00,-0.09453855454921722,0.14243033528327942
behavioral,seed_aligned,2,/weka/scratch/jhu/cpriebe1/MO/model-taxonomy/results/shared_cache/03_adapters/allenai--OLMo-2-0425-1B-Instruct/yahoo_050g1_050g2_000g3_n1000_s00_r16_i02_b5008_fea27ccee,yahoo_050g1_050g2_000g3_n1000_s00,0.08466123789548874,-0.15559715032577515
behavioral,seed_aligned,2,/weka/scratch/jhu/cpriebe1/MO/model-taxonomy/results/shared_cache/03_adapters/allenai--OLMo-2-0425-1B-Instruct/yahoo_050g1_025g2_025g3_n1000_s00_r16_i02_b5008_fea27ccee,yahoo_050g1_025g2_025g3_n1000_s00,-0.016588717699050903,0.02679465152323246
behavioral,seed_aligned,2,/weka/scratch/jhu/cpriebe1/MO/model-taxonomy/results/shared_cache/03_adapters/allenai--OLMo-2-0425-1B-Instruct/yahoo_050g1_000g2_050g3_n1000_s00_r16_i02_b5008_fea27ccee,yahoo_050g1_000g2_050g3_n1000_s00,-0.15439845621585846,0.033818598836660385
behavioral,seed_aligned,2,/weka/scratch/jhu/cpriebe1/MO/model-taxonomy/results/shared_cache/03_adapters/allenai--OLMo-2-0425-1B-Instruct/yahoo_033g1_033g2_033g3_n1000_s00_r16_i02_b5008_fea27ccee,yahoo_033g1_033g2_033g3_n1000_s00,-0.00798221305012703,-0.0784592255949974
behavioral,seed_aligned,2,/weka/scratch/jhu/cpriebe1/MO/model-taxonomy/results/shared_cache/03_adapters/allenai--OLMo-2-0425-1B-Instruct/yahoo_025g1_075g2_000g3_n1000_s00_r16_i02_b5008_fea27ccee,yahoo_025g1_075g2_000g3_n1000_s00,0.24372370541095734,0.11839950829744339
behavioral,seed_aligned,2,/weka/scratch/jhu/cpriebe1/MO/model-taxonomy/results/shared_cache/03_adapters/allenai--OLMo-2-0425-1B-Instruct/yahoo_025g1_050g2_025g3_n1000_s00_r16_i02_b5008_fea27ccee,yahoo_025g1_050g2_025g3_n1000_s00,0.019042816013097763,-0.19309145212173462
behavioral,seed_aligned,2,/weka/scratch/jhu/cpriebe1/MO/model-taxonomy/results/shared_cache/03_adapters/allenai--OLMo-2-0425-1B-Instruct/yahoo_025g1_025g2_050g3_n1000_s00_r16_i02_b5008_fea27ccee,yahoo_025g1_025g2_050g3_n1000_s00,-0.11230859905481339,-0.09863661974668503
behavioral,seed_aligned,2,/weka/scratch/jhu/cpriebe1/MO/model-taxonomy/results/shared_cache/03_adapters/allenai--OLMo-2-0425-1B-Instruct/yahoo_025g1_000g2_075g3_n1000_s00_r16_i02_b5008_fea27ccee,yahoo_025g1_000g2_075g3_n1000_s00,-0.24458874762058258,-0.0015267981216311455
behavioral,seed_aligned,2,/weka/scratch/jhu/cpriebe1/MO/model-taxonomy/results/shared_cache/03_adapters/allenai--OLMo-2-0425-1B-Instruct/yahoo_000g1_100g2_000g3_n1000_s00_r16_i02_b5008_fea27ccee,yahoo_000g1_100g2_000g3_n1000_s00,0.29205313324928284,0.010550751350820065
behavioral,seed_aligned,2,/weka/scratch/jhu/cpriebe1/MO/model-taxonomy/results/shared_cache/03_adapters/allenai--OLMo-2-0425-1B-Instruct/yahoo_000g1_075g2_025g3_n1000_s00_r16_i02_b5008_fea27ccee,yahoo_000g1_075g2_025g3_n1000_s00,0.2601372301578522,-0.0706413984298706
behavioral,seed_aligned,2,/weka/scratch/jhu/cpriebe1/MO/model-taxonomy/results/shared_cache/03_adapters/allenai--OLMo-2-0425-1B-Instruct/yahoo_000g1_050g2_050g3_n1000_s00_r16_i02_b5008_fea27ccee,yahoo_000g1_050g2_050g3_n1000_s00,-0.0653613731265068,-0.22288107872009277
behavioral,seed_aligned,2,/weka/scratch/jhu/cpriebe1/MO/model-taxonomy/results/shared_cache/03_adapters/allenai--OLMo-2-0425-1B-Instruct/yahoo_000g1_025g2_075g3_n1000_s00_r16_i02_b5008_fea27ccee,yahoo_000g1_025g2_075g3_n1000_s00,-0.1947067379951477,-0.12820148468017578
behavioral,seed_aligned,2,/weka/scratch/jhu/cpriebe1/MO/model-taxonomy/results/shared_cache/03_adapters/allenai--OLMo-2-0425-1B-Instruct/yahoo_000g1_000g2_100g3_n1000_s00_r16_i02_b5008_fea27ccee,yahoo_000g1_000g2_100g3_n1000_s00,-0.2101714164018631,0.14060096442699432
behavioral,seed_aligned,3,/weka/scratch/jhu/cpriebe1/MO/model-taxonomy/results/shared_cache/03_adapters/allenai--OLMo-2-0425-1B-Instruct/yahoo_100g1_000g2_000g3_n1000_s00_r16_i03_b5008_fea27ccee,yahoo_100g1_000g2_000g3_n1000_s00,-0.06745412200689316,0.16336433589458466
behavioral,seed_aligned,3,/weka/scratch/jhu/cpriebe1/MO/model-taxonomy/results/shared_cache/03_adapters/allenai--OLMo-2-0425-1B-Instruct/yahoo_075g1_025g2_000g3_n1000_s00_r16_i03_b5008_fea27ccee,yahoo_075g1_025g2_000g3_n1000_s00,-0.0016089176060631871,0.13885492086410522
behavioral,seed_aligned,3,/weka/scratch/jhu/cpriebe1/MO/model-taxonomy/results/shared_cache/03_adapters/allenai--OLMo-2-0425-1B-Instruct/yahoo_075g1_000g2_025g3_n1000_s00_r16_i03_b5008_fea27ccee,yahoo_075g1_000g2_025g3_n1000_s00,0.14217853546142578,0.16228508949279785
behavioral,seed_aligned,3,/weka/scratch/jhu/cpriebe1/MO/model-taxonomy/results/shared_cache/03_adapters/allenai--OLMo-2-0425-1B-Instruct/yahoo_050g1_050g2_000g3_n1000_s00_r16_i03_b5008_fea27ccee,yahoo_050g1_050g2_000g3_n1000_s00,0.04447079449892044,-0.0016465296503156424
behavioral,seed_aligned,3,/weka/scratch/jhu/cpriebe1/MO/model-taxonomy/results/shared_cache/03_adapters/allenai--OLMo-2-0425-1B-Instruct/yahoo_050g1_025g2_025g3_n1000_s00_r16_i03_b5008_fea27ccee,yahoo_050g1_025g2_025g3_n1000_s00,-0.018635384738445282,0.06229781731963158
behavioral,seed_aligned,3,/weka/scratch/jhu/cpriebe1/MO/model-taxonomy/results/shared_cache/03_adapters/allenai--OLMo-2-0425-1B-Instruct/yahoo_050g1_000g2_050g3_n1000_s00_r16_i03_b5008_fea27ccee,yahoo_050g1_000g2_050g3_n1000_s00,-0.13423186540603638,0.10384786874055862
behavioral,seed_aligned,3,/weka/scratch/jhu/cpriebe1/MO/model-taxonomy/results/shared_cache/03_adapters/allenai--OLMo-2-0425-1B-Instruct/yahoo_033g1_033g2_033g3_n1000_s00_r16_i03_b5008_fea27ccee,yahoo_033g1_033g2_033g3_n1000_s00,-0.016526157036423683,-0.058188874274492264
behavioral,seed_aligned,3,/weka/scratch/jhu/cpriebe1/MO/model-taxonomy/results/shared_cache/03_adapters/allenai--OLMo-2-0425-1B-Instruct/yahoo_025g1_075g2_000g3_n1000_s00_r16_i03_b5008_fea27ccee,yahoo_025g1_075g2_000g3_n1000_s00,0.21434085071086884,0.051893264055252075
behavioral,seed_aligned,3,/weka/scratch/jhu/cpriebe1/MO/model-taxonomy/results/shared_cache/03_adapters/allenai--OLMo-2-0425-1B-Instruct/yahoo_025g1_050g2_025g3_n1000_s00_r16_i03_b5008_fea27ccee,yahoo_025g1_050g2_025g3_n1000_s00,0.17717763781547546,-0.0894995927810669
behavioral,seed_aligned,3,/weka/scratch/jhu/cpriebe1/MO/model-taxonomy/results/shared_cache/03_adapters/allenai--OLMo-2-0425-1B-Instruct/yahoo_025g1_025g2_050g3_n1000_s00_r16_i03_b5008_fea27ccee,yahoo_025g1_025g2_050g3_n1000_s00,-0.09011030197143555,-0.013505281880497932
behavioral,seed_aligned,3,/weka/scratch/jhu/cpriebe1/MO/model-taxonomy/results/shared_cache/03_adapters/allenai--OLMo-2-0425-1B-Instruct/yahoo_025g1_000g2_075g3_n1000_s00_r16_i03_b5008_fea27ccee,yahoo_025g1_000g2_075g3_n1000_s00,-0.1727430522441864,-0.04190326854586601
behavioral,seed_aligned,3,/weka/scratch/jhu/cpriebe1/MO/model-taxonomy/results/shared_cache/03_adapters/allenai--OLMo-2-0425-1B-Instruct/yahoo_000g1_100g2_000g3_n1000_s00_r16_i03_b5008_fea27ccee,yahoo_000g1_100g2_000g3_n1000_s00,0.04287882149219513,-0.17883236706256866
behavioral,seed_aligned,3,/weka/scratch/jhu/cpriebe1/MO/model-taxonomy/results/shared_cache/03_adapters/allenai--OLMo-2-0425-1B-Instruct/yahoo_000g1_075g2_025g3_n1000_s00_r16_i03_b5008_fea27ccee,yahoo_000g1_075g2_025g3_n1000_s00,-0.023561852052807808,-0.17077350616455078
behavioral,seed_aligned,3,/weka/scratch/jhu/cpriebe1/MO/model-taxonomy/results/shared_cache/03_adapters/allenai--OLMo-2-0425-1B-Instruct/yahoo_000g1_050g2_050g3_n1000_s00_r16_i03_b5008_fea27ccee,yahoo_000g1_050g2_050g3_n1000_s00,0.20928825438022614,-0.03710981458425522
behavioral,seed_aligned,3,/weka/scratch/jhu/cpriebe1/MO/model-taxonomy/results/shared_cache/03_adapters/allenai--OLMo-2-0425-1B-Instruct/yahoo_000g1_025g2_075g3_n1000_s00_r16_i03_b5008_fea27ccee,yahoo_000g1_025g2_075g3_n1000_s00,-0.11688891053199768,-0.11514553427696228
behavioral,seed_aligned,3,/weka/scratch/jhu/cpriebe1/MO/model-taxonomy/results/shared_cache/03_adapters/allenai--OLMo-2-0425-1B-Instruct/yahoo_000g1_000g2_100g3_n1000_s00_r16_i03_b5008_fea27ccee,yahoo_000g1_000g2_100g3_n1000_s00,-0.18857431411743164,0.02406143769621849
behavioral,seed_aligned,4,/weka/scratch/jhu/cpriebe1/MO/model-taxonomy/results/shared_cache/03_adapters/allenai--OLMo-2-0425-1B-Instruct/yahoo_100g1_000g2_000g3_n1000_s00_r16_i04_b5008_fea27ccee,yahoo_100g1_000g2_000g3_n1000_s00,-0.0004348205402493477,0.18826159834861755
behavioral,seed_aligned,4,/weka/scratch/jhu/cpriebe1/MO/model-taxonomy/results/shared_cache/03_adapters/allenai--OLMo-2-0425-1B-Instruct/yahoo_075g1_025g2_000g3_n1000_s00_r16_i04_b5008_fea27ccee,yahoo_075g1_025g2_000g3_n1000_s00,0.07309355586767197,0.16552504897117615
behavioral,seed_aligned,4,/weka/scratch/jhu/cpriebe1/MO/model-taxonomy/results/shared_cache/03_adapters/allenai--OLMo-2-0425-1B-Instruct/yahoo_075g1_000g2_025g3_n1000_s00_r16_i04_b5008_fea27ccee,yahoo_075g1_000g2_025g3_n1000_s00,-0.08032944798469543,-0.1518365442752838
behavioral,seed_aligned,4,/weka/scratch/jhu/cpriebe1/MO/model-taxonomy/results/shared_cache/03_adapters/allenai--OLMo-2-0425-1B-Instruct/yahoo_050g1_050g2_000g3_n1000_s00_r16_i04_b5008_fea27ccee,yahoo_050g1_050g2_000g3_n1000_s00,0.07556386291980743,-0.21208779513835907
behavioral,seed_aligned,4,/weka/scratch/jhu/cpriebe1/MO/model-taxonomy/results/shared_cache/03_adapters/allenai--OLMo-2-0425-1B-Instruct/yahoo_050g1_025g2_025g3_n1000_s00_r16_i04_b5008_fea27ccee,yahoo_050g1_025g2_025g3_n1000_s00,-0.01663930155336857,0.049620721489191055
behavioral,seed_aligned,4,/weka/scratch/jhu/cpriebe1/MO/model-taxonomy/results/shared_cache/03_adapters/allenai--OLMo-2-0425-1B-Instruct/yahoo_050g1_000g2_050g3_n1000_s00_r16_i04_b5008_fea27ccee,yahoo_050g1_000g2_050g3_n1000_s00,-0.07433124631643295,0.15059444308280945
behavioral,seed_aligned,4,/weka/scratch/jhu/cpriebe1/MO/model-taxonomy/results/shared_cache/03_adapters/allenai--OLMo-2-0425-1B-Instruct/yahoo_033g1_033g2_033g3_n1000_s00_r16_i04_b5008_fea27ccee,yahoo_033g1_033g2_033g3_n1000_s00,0.060505229979753494,0.06324609369039536
behavioral,seed_aligned,4,/weka/scratch/jhu/cpriebe1/MO/model-taxonomy/results/shared_cache/03_adapters/allenai--OLMo-2-0425-1B-Instruct/yahoo_025g1_075g2_000g3_n1000_s00_r16_i04_b5008_fea27ccee,yahoo_025g1_075g2_000g3_n1000_s00,0.16769325733184814,0.0865803137421608
behavioral,seed_aligned,4,/weka/scratch/jhu/cpriebe1/MO/model-taxonomy/results/shared_cache/03_adapters/allenai--OLMo-2-0425-1B-Instruct/yahoo_025g1_050g2_025g3_n1000_s00_r16_i04_b5008_fea27ccee,yahoo_025g1_050g2_025g3_n1000_s00,0.08655727654695511,-0.011879253201186657
behavioral,seed_aligned,4,/weka/scratch/jhu/cpriebe1/MO/model-taxonomy/results/shared_cache/03_adapters/allenai--OLMo-2-0425-1B-Instruct/yahoo_025g1_025g2_050g3_n1000_s00_r16_i04_b5008_fea27ccee,yahoo_025g1_025g2_050g3_n1000_s00,-0.1760706901550293,-0.089996837079525
behavioral,seed_aligned,4,/weka/scratch/jhu/cpriebe1/MO/model-taxonomy/results/shared_cache/03_adapters/allenai--OLMo-2-0425-1B-Instruct/yahoo_025g1_000g2_075g3_n1000_s00_r16_i04_b5008_fea27ccee,yahoo_025g1_000g2_075g3_n1000_s00,-0.15897399187088013,0.06388498097658157
behavioral,seed_aligned,4,/weka/scratch/jhu/cpriebe1/MO/model-taxonomy/results/shared_cache/03_adapters/allenai--OLMo-2-0425-1B-Instruct/yahoo_000g1_100g2_000g3_n1000_s00_r16_i04_b5008_fea27ccee,yahoo_000g1_100g2_000g3_n1000_s00,0.21367380023002625,0.006079421378672123
behavioral,seed_aligned,4,/weka/scratch/jhu/cpriebe1/MO/model-taxonomy/results/shared_cache/03_adapters/allenai--OLMo-2-0425-1B-Instruct/yahoo_000g1_075g2_025g3_n1000_s00_r16_i04_b5008_fea27ccee,yahoo_000g1_075g2_025g3_n1000_s00,0.16978643834590912,-0.052296362817287445
behavioral,seed_aligned,4,/weka/scratch/jhu/cpriebe1/MO/model-taxonomy/results/shared_cache/03_adapters/allenai--OLMo-2-0425-1B-Instruct/yahoo_000g1_050g2_050g3_n1000_s00_r16_i04_b5008_fea27ccee,yahoo_000g1_050g2_050g3_n1000_s00,-0.024470139294862747,-0.22077663242816925
behavioral,seed_aligned,4,/weka/scratch/jhu/cpriebe1/MO/model-taxonomy/results/shared_cache/03_adapters/allenai--OLMo-2-0425-1B-Instruct/yahoo_000g1_025g2_075g3_n1000_s00_r16_i04_b5008_fea27ccee,yahoo_000g1_025g2_075g3_n1000_s00,-0.1572657972574234,-0.16013692319393158
behavioral,seed_aligned,4,/weka/scratch/jhu/cpriebe1/MO/model-taxonomy/results/shared_cache/03_adapters/allenai--OLMo-2-0425-1B-Instruct/yahoo_000g1_000g2_100g3_n1000_s00_r16_i04_b5008_fea27ccee,yahoo_000g1_000g2_100g3_n1000_s00,-0.15835800766944885,0.1252177208662033
behavioral,seed_aligned,5,/weka/scratch/jhu/cpriebe1/MO/model-taxonomy/results/shared_cache/03_adapters/allenai--OLMo-2-0425-1B-Instruct/yahoo_100g1_000g2_000g3_n1000_s00_r16_i05_b5008_fea27ccee,yahoo_100g1_000g2_000g3_n1000_s00,0.09578022360801697,0.18960358202457428
behavioral,seed_aligned,5,/weka/scratch/jhu/cpriebe1/MO/model-taxonomy/results/shared_cache/03_adapters/allenai--OLMo-2-0425-1B-Instruct/yahoo_075g1_025g2_000g3_n1000_s00_r16_i05_b5008_fea27ccee,yahoo_075g1_025g2_000g3_n1000_s00,0.14180241525173187,0.12111687660217285
behavioral,seed_aligned,5,/weka/scratch/jhu/cpriebe1/MO/model-taxonomy/results/shared_cache/03_adapters/allenai--OLMo-2-0425-1B-Instruct/yahoo_075g1_000g2_025g3_n1000_s00_r16_i05_b5008_fea27ccee,yahoo_075g1_000g2_025g3_n1000_s00,0.009482716210186481,0.1786571443080902
behavioral,seed_aligned,5,/weka/scratch/jhu/cpriebe1/MO/model-taxonomy/results/shared_cache/03_adapters/allenai--OLMo-2-0425-1B-Instruct/yahoo_050g1_050g2_000g3_n1000_s00_r16_i05_b5008_fea27ccee,yahoo_050g1_050g2_000g3_n1000_s00,0.15343104302883148,0.03890954703092575
behavioral,seed_aligned,5,/weka/scratch/jhu/cpriebe1/MO/model-taxonomy/results/shared_cache/03_adapters/allenai--OLMo-2-0425-1B-Instruct/yahoo_050g1_025g2_025g3_n1000_s00_r16_i05_b5008_fea27ccee,yahoo_050g1_025g2_025g3_n1000_s00,-0.17993152141571045,0.1516238898038864
behavioral,seed_aligned,5,/weka/scratch/jhu/cpriebe1/MO/model-taxonomy/results/shared_cache/03_adapters/allenai--OLMo-2-0425-1B-Instruct/yahoo_050g1_000g2_050g3_n1000_s00_r16_i05_b5008_fea27ccee,yahoo_050g1_000g2_050g3_n1000_s00,-0.0007542348466813564,0.10809733718633652
behavioral,seed_aligned,5,/weka/scratch/jhu/cpriebe1/MO/model-taxonomy/results/shared_cache/03_adapters/allenai--OLMo-2-0425-1B-Instruct/yahoo_033g1_033g2_033g3_n1000_s00_r16_i05_b5008_fea27ccee,yahoo_033g1_033g2_033g3_n1000_s00,-0.21351304650306702,0.07679595798254013
behavioral,seed_aligned,5,/weka/scratch/jhu/cpriebe1/MO/model-taxonomy/results/shared_cache/03_adapters/allenai--OLMo-2-0425-1B-Instruct/yahoo_025g1_075g2_000g3_n1000_s00_r16_i05_b5008_fea27ccee,yahoo_025g1_075g2_000g3_n1000_s00,0.16939963400363922,-0.09411651641130447
behavioral,seed_aligned,5,/weka/scratch/jhu/cpriebe1/MO/model-taxonomy/results/shared_cache/03_adapters/allenai--OLMo-2-0425-1B-Instruct/yahoo_025g1_050g2_025g3_n1000_s00_r16_i05_b5008_fea27ccee,yahoo_025g1_050g2_025g3_n1000_s00,0.06218717619776726,-0.023758605122566223
behavioral,seed_aligned,5,/weka/scratch/jhu/cpriebe1/MO/model-taxonomy/results/shared_cache/03_adapters/allenai--OLMo-2-0425-1B-Instruct/yahoo_025g1_025g2_050g3_n1000_s00_r16_i05_b5008_fea27ccee,yahoo_025g1_025g2_050g3_n1000_s00,-0.19822223484516144,0.00596121558919549
behavioral,seed_aligned,5,/weka/scratch/jhu/cpriebe1/MO/model-taxonomy/results/shared_cache/03_adapters/allenai--OLMo-2-0425-1B-Instruct/yahoo_025g1_000g2_075g3_n1000_s00_r16_i05_b5008_fea27ccee,yahoo_025g1_000g2_075g3_n1000_s00,-0.1970994770526886,-0.16057267785072327
behavioral,seed_aligned,5,/weka/scratch/jhu/cpriebe1/MO/model-taxonomy/results/shared_cache/03_adapters/allenai--OLMo-2-0425-1B-Instruct/yahoo_000g1_100g2_000g3_n1000_s00_r16_i05_b5008_fea27ccee,yahoo_000g1_100g2_000g3_n1000_s00,0.12977218627929688,-0.17698465287685394
behavioral,seed_aligned,5,/weka/scratch/jhu/cpriebe1/MO/model-taxonomy/results/shared_cache/03_adapters/allenai--OLMo-2-0425-1B-Instruct/yahoo_000g1_075g2_025g3_n1000_s00_r16_i05_b5008_fea27ccee,yahoo_000g1_075g2_025g3_n1000_s00,0.20740820467472076,-0.048407331109046936
behavioral,seed_aligned,5,/weka/scratch/jhu/cpriebe1/MO/model-taxonomy/results/shared_cache/03_adapters/allenai--OLMo-2-0425-1B-Instruct/yahoo_000g1_050g2_050g3_n1000_s00_r16_i05_b5008_fea27ccee,yahoo_000g1_050g2_050g3_n1000_s00,0.048679888248443604,-0.11490735411643982
behavioral,seed_aligned,5,/weka/scratch/jhu/cpriebe1/MO/model-taxonomy/results/shared_cache/03_adapters/allenai--OLMo-2-0425-1B-Instruct/yahoo_000g1_025g2_075g3_n1000_s00_r16_i05_b5008_fea27ccee,yahoo_000g1_025g2_075g3_n1000_s00,-0.008688529022037983,-0.15816809237003326
behavioral,seed_aligned,5,/weka/scratch/jhu/cpriebe1/MO/model-taxonomy/results/shared_cache/03_adapters/allenai--OLMo-2-0425-1B-Instruct/yahoo_000g1_000g2_100g3_n1000_s00_r16_i05_b5008_fea27ccee,yahoo_000g1_000g2_100g3_n1000_s00,-0.21973444521427155,-0.09385033696889877
behavioral,seed_aligned,6,/weka/scratch/jhu/cpriebe1/MO/model-taxonomy/results/shared_cache/03_adapters/allenai--OLMo-2-0425-1B-Instruct/yahoo_100g1_000g2_000g3_n1000_s00_r16_i06_b5008_fea27ccee,yahoo_100g1_000g2_000g3_n1000_s00,-0.05970336124300957,0.13329969346523285
behavioral,seed_aligned,6,/weka/scratch/jhu/cpriebe1/MO/model-taxonomy/results/shared_cache/03_adapters/allenai--OLMo-2-0425-1B-Instruct/yahoo_075g1_025g2_000g3_n1000_s00_r16_i06_b5008_fea27ccee,yahoo_075g1_025g2_000g3_n1000_s00,0.11273769289255142,0.06044786423444748
behavioral,seed_aligned,6,/weka/scratch/jhu/cpriebe1/MO/model-taxonomy/results/shared_cache/03_adapters/allenai--OLMo-2-0425-1B-Instruct/yahoo_075g1_000g2_025g3_n1000_s00_r16_i06_b5008_fea27ccee,yahoo_075g1_000g2_025g3_n1000_s00,0.05680367723107338,0.07213734090328217
behavioral,seed_aligned,6,/weka/scratch/jhu/cpriebe1/MO/model-taxonomy/results/shared_cache/03_adapters/allenai--OLMo-2-0425-1B-Instruct/yahoo_050g1_050g2_000g3_n1000_s00_r16_i06_b5008_fea27ccee,yahoo_050g1_050g2_000g3_n1000_s00,0.11710057407617569,0.00026561703998595476
behavioral,seed_aligned,6,/weka/scratch/jhu/cpriebe1/MO/model-taxonomy/results/shared_cache/03_adapters/allenai--OLMo-2-0425-1B-Instruct/yahoo_050g1_025g2_025g3_n1000_s00_r16_i06_b5008_fea27ccee,yahoo_050g1_025g2_025g3_n1000_s00,-0.12826402485370636,0.0629933699965477
behavioral,seed_aligned,6,/weka/scratch/jhu/cpriebe1/MO/model-taxonomy/results/shared_cache/03_adapters/allenai--OLMo-2-0425-1B-Instruct/yahoo_050g1_000g2_050g3_n1000_s00_r16_i06_b5008_fea27ccee,yahoo_050g1_000g2_050g3_n1000_s00,-0.11709447205066681,0.12363950163125992
behavioral,seed_aligned,6,/weka/scratch/jhu/cpriebe1/MO/model-taxonomy/results/shared_cache/03_adapters/allenai--OLMo-2-0425-1B-Instruct/yahoo_033g1_033g2_033g3_n1000_s00_r16_i06_b5008_fea27ccee,yahoo_033g1_033g2_033g3_n1000_s00,0.02852458506822586,-0.004889736417680979
behavioral,seed_aligned,6,/weka/scratch/jhu/cpriebe1/MO/model-taxonomy/results/shared_cache/03_adapters/allenai--OLMo-2-0425-1B-Instruct/yahoo_025g1_075g2_000g3_n1000_s00_r16_i06_b5008_fea27ccee,yahoo_025g1_075g2_000g3_n1000_s00,0.13167890906333923,-0.055914152413606644
behavioral,seed_aligned,6,/weka/scratch/jhu/cpriebe1/MO/model-taxonomy/results/shared_cache/03_adapters/allenai--OLMo-2-0425-1B-Instruct/yahoo_025g1_050g2_025g3_n1000_s00_r16_i06_b5008_fea27ccee,yahoo_025g1_050g2_025g3_n1000_s00,0.06455048173666,-0.05473252013325691
behavioral,seed_aligned,6,/weka/scratch/jhu/cpriebe1/MO/model-taxonomy/results/shared_cache/03_adapters/allenai--OLMo-2-0425-1B-Instruct/yahoo_025g1_025g2_050g3_n1000_s00_r16_i06_b5008_fea27ccee,yahoo_025g1_025g2_050g3_n1000_s00,-0.025901267305016518,-0.03976493328809738
behavioral,seed_aligned,6,/weka/scratch/jhu/cpriebe1/MO/model-taxonomy/results/shared_cache/03_adapters/allenai--OLMo-2-0425-1B-Instruct/yahoo_025g1_000g2_075g3_n1000_s00_r16_i06_b5008_fea27ccee,yahoo_025g1_000g2_075g3_n1000_s00,-0.08724697679281235,-0.0948587954044342
behavioral,seed_aligned,6,/weka/scratch/jhu/cpriebe1/MO/model-taxonomy/results/shared_cache/03_adapters/allenai--OLMo-2-0425-1B-Instruct/yahoo_000g1_100g2_000g3_n1000_s00_r16_i06_b5008_fea27ccee,yahoo_000g1_100g2_000g3_n1000_s00,-0.17278918623924255,-0.020029429346323013
behavioral,seed_aligned,6,/weka/scratch/jhu/cpriebe1/MO/model-taxonomy/results/shared_cache/03_adapters/allenai--OLMo-2-0425-1B-Instruct/yahoo_000g1_075g2_025g3_n1000_s00_r16_i06_b5008_fea27ccee,yahoo_000g1_075g2_025g3_n1000_s00,0.08356698602437973,-0.11591457575559616
behavioral,seed_aligned,6,/weka/scratch/jhu/cpriebe1/MO/model-taxonomy/results/shared_cache/03_adapters/allenai--OLMo-2-0425-1B-Instruct/yahoo_000g1_050g2_050g3_n1000_s00_r16_i06_b5008_fea27ccee,yahoo_000g1_050g2_050g3_n1000_s00,0.024938123300671577,-0.1274627447128296
behavioral,seed_aligned,6,/weka/scratch/jhu/cpriebe1/MO/model-taxonomy/results/shared_cache/03_adapters/allenai--OLMo-2-0425-1B-Instruct/yahoo_000g1_025g2_075g3_n1000_s00_r16_i06_b5008_fea27ccee,yahoo_000g1_025g2_075g3_n1000_s00,-0.03157404065132141,-0.11114248633384705
behavioral,seed_aligned,6,/weka/scratch/jhu/cpriebe1/MO/model-taxonomy/results/shared_cache/03_adapters/allenai--OLMo-2-0425-1B-Instruct/yahoo_000g1_000g2_100g3_n1000_s00_r16_i06_b5008_fea27ccee,yahoo_000g1_000g2_100g3_n1000_s00,0.0026723097544163465,0.17192596197128296
behavioral,seed_aligned,7,/weka/scratch/jhu/cpriebe1/MO/model-taxonomy/results/shared_cache/03_adapters/allenai--OLMo-2-0425-1B-Instruct/yahoo_100g1_000g2_000g3_n1000_s00_r16_i07_b5008_fea27ccee,yahoo_100g1_000g2_000g3_n1000_s00,0.05518166348338127,0.23867352306842804
behavioral,seed_aligned,7,/weka/scratch/jhu/cpriebe1/MO/model-taxonomy/results/shared_cache/03_adapters/allenai--OLMo-2-0425-1B-Instruct/yahoo_075g1_025g2_000g3_n1000_s00_r16_i07_b5008_fea27ccee,yahoo_075g1_025g2_000g3_n1000_s00,0.1252484768629074,0.1816161572933197
behavioral,seed_aligned,7,/weka/scratch/jhu/cpriebe1/MO/model-taxonomy/results/shared_cache/03_adapters/allenai--OLMo-2-0425-1B-Instruct/yahoo_075g1_000g2_025g3_n1000_s00_r16_i07_b5008_fea27ccee,yahoo_075g1_000g2_025g3_n1000_s00,-0.06635081022977829,0.1093972846865654
behavioral,seed_aligned,7,/weka/scratch/jhu/cpriebe1/MO/model-taxonomy/results/shared_cache/03_adapters/allenai--OLMo-2-0425-1B-Instruct/yahoo_050g1_050g2_000g3_n1000_s00_r16_i07_b5008_fea27ccee,yahoo_050g1_050g2_000g3_n1000_s00,0.0825355276465416,-0.16823866963386536
behavioral,seed_aligned,7,/weka/scratch/jhu/cpriebe1/MO/model-taxonomy/results/shared_cache/03_adapters/allenai--OLMo-2-0425-1B-Instruct/yahoo_050g1_025g2_025g3_n1000_s00_r16_i07_b5008_fea27ccee,yahoo_050g1_025g2_025g3_n1000_s00,0.024864068254828453,-0.06388885527849197
behavioral,seed_aligned,7,/weka/scratch/jhu/cpriebe1/MO/model-taxonomy/results/shared_cache/03_adapters/allenai--OLMo-2-0425-1B-Instruct/yahoo_050g1_000g2_050g3_n1000_s00_r16_i07_b5008_fea27ccee,yahoo_050g1_000g2_050g3_n1000_s00,-0.1996532678604126,-0.08252120018005371
behavioral,seed_aligned,7,/weka/scratch/jhu/cpriebe1/MO/model-taxonomy/results/shared_cache/03_adapters/allenai--OLMo-2-0425-1B-Instruct/yahoo_033g1_033g2_033g3_n1000_s00_r16_i07_b5008_fea27ccee,yahoo_033g1_033g2_033g3_n1000_s00,-0.02319386787712574,-0.012304798699915409
behavioral,seed_aligned,7,/weka/scratch/jhu/cpriebe1/MO/model-taxonomy/results/shared_cache/03_adapters/allenai--OLMo-2-0425-1B-Instruct/yahoo_025g1_075g2_000g3_n1000_s00_r16_i07_b5008_fea27ccee,yahoo_025g1_075g2_000g3_n1000_s00,0.22233833372592926,0.10948392748832703
behavioral,seed_aligned,7,/weka/scratch/jhu/cpriebe1/MO/model-taxonomy/results/shared_cache/03_adapters/allenai--OLMo-2-0425-1B-Instruct/yahoo_025g1_050g2_025g3_n1000_s00_r16_i07_b5008_fea27ccee,yahoo_025g1_050g2_025g3_n1000_s00,0.005709364078938961,-0.163995623588562
behavioral,seed_aligned,7,/weka/scratch/jhu/cpriebe1/MO/model-taxonomy/results/shared_cache/03_adapters/allenai--OLMo-2-0425-1B-Instruct/yahoo_025g1_025g2_050g3_n1000_s00_r16_i07_b5008_fea27ccee,yahoo_025g1_025g2_050g3_n1000_s00,-0.11346244812011719,-0.10762549936771393
behavioral,seed_aligned,7,/weka/scratch/jhu/cpriebe1/MO/model-taxonomy/results/shared_cache/03_adapters/allenai--OLMo-2-0425-1B-Instruct/yahoo_025g1_000g2_075g3_n1000_s00_r16_i07_b5008_fea27ccee,yahoo_025g1_000g2_075g3_n1000_s00,-0.2154533714056015,0.04652644693851471
behavioral,seed_aligned,7,/weka/scratch/jhu/cpriebe1/MO/model-taxonomy/results/shared_cache/03_adapters/allenai--OLMo-2-0425-1B-Instruct/yahoo_000g1_100g2_000g3_n1000_s00_r16_i07_b5008_fea27ccee,yahoo_000g1_100g2_000g3_n1000_s00,0.24375304579734802,0.02327701821923256
behavioral,seed_aligned,7,/weka/scratch/jhu/cpriebe1/MO/model-taxonomy/results/shared_cache/03_adapters/allenai--OLMo-2-0425-1B-Instruct/yahoo_000g1_075g2_025g3_n1000_s00_r16_i07_b5008_fea27ccee,yahoo_000g1_075g2_025g3_n1000_s00,0.2385641187429428,-0.05860724300146103
behavioral,seed_aligned,7,/weka/scratch/jhu/cpriebe1/MO/model-taxonomy/results/shared_cache/03_adapters/allenai--OLMo-2-0425-1B-Instruct/yahoo_000g1_050g2_050g3_n1000_s00_r16_i07_b5008_fea27ccee,yahoo_000g1_050g2_050g3_n1000_s00,-0.07094518095254898,-0.19916430115699768
behavioral,seed_aligned,7,/weka/scratch/jhu/cpriebe1/MO/model-taxonomy/results/shared_cache/03_adapters/allenai--OLMo-2-0425-1B-Instruct/yahoo_000g1_025g2_075g3_n1000_s00_r16_i07_b5008_fea27ccee,yahoo_000g1_025g2_075g3_n1000_s00,-0.1359960436820984,0.0007695687818340957
behavioral,seed_aligned,7,/weka/scratch/jhu/cpriebe1/MO/model-taxonomy/results/shared_cache/03_adapters/allenai--OLMo-2-0425-1B-Instruct/yahoo_000g1_000g2_100g3_n1000_s00_r16_i07_b5008_fea27ccee,yahoo_000g1_000g2_100g3_n1000_s00,-0.17313963174819946,0.14660224318504333
behavioral,seed_aligned,8,/weka/scratch/jhu/cpriebe1/MO/model-taxonomy/results/shared_cache/03_adapters/allenai--OLMo-2-0425-1B-Instruct/yahoo_100g1_000g2_000g3_n1000_s00_r16_i08_b5008_fea27ccee,yahoo_100g1_000g2_000g3_n1000_s00,-0.04676714912056923,0.16985316574573517
behavioral,seed_aligned,8,/weka/scratch/jhu/cpriebe1/MO/model-taxonomy/results/shared_cache/03_adapters/allenai--OLMo-2-0425-1B-Instruct/yahoo_075g1_025g2_000g3_n1000_s00_r16_i08_b5008_fea27ccee,yahoo_075g1_025g2_000g3_n1000_s00,0.03879096731543541,0.16133272647857666
behavioral,seed_aligned,8,/weka/scratch/jhu/cpriebe1/MO/model-taxonomy/results/shared_cache/03_adapters/allenai--OLMo-2-0425-1B-Instruct/yahoo_075g1_000g2_025g3_n1000_s00_r16_i08_b5008_fea27ccee,yahoo_075g1_000g2_025g3_n1000_s00,-0.023987067863345146,-0.1750195026397705
behavioral,seed_aligned,8,/weka/scratch/jhu/cpriebe1/MO/model-taxonomy/results/shared_cache/03_adapters/allenai--OLMo-2-0425-1B-Instruct/yahoo_050g1_050g2_000g3_n1000_s00_r16_i08_b5008_fea27ccee,yahoo_050g1_050g2_000g3_n1000_s00,0.10645692050457001,0.1048821285367012
behavioral,seed_aligned,8,/weka/scratch/jhu/cpriebe1/MO/model-taxonomy/results/shared_cache/03_adapters/allenai--OLMo-2-0425-1B-Instruct/yahoo_050g1_025g2_025g3_n1000_s00_r16_i08_b5008_fea27ccee,yahoo_050g1_025g2_025g3_n1000_s00,0.021674325689673424,0.09364638477563858
behavioral,seed_aligned,8,/weka/scratch/jhu/cpriebe1/MO/model-taxonomy/results/shared_cache/03_adapters/allenai--OLMo-2-0425-1B-Instruct/yahoo_050g1_000g2_050g3_n1000_s00_r16_i08_b5008_fea27ccee,yahoo_050g1_000g2_050g3_n1000_s00,-0.10646314918994904,-0.011600877158343792
behavioral,seed_aligned,8,/weka/scratch/jhu/cpriebe1/MO/model-taxonomy/results/shared_cache/03_adapters/allenai--OLMo-2-0425-1B-Instruct/yahoo_033g1_033g2_033g3_n1000_s00_r16_i08_b5008_fea27ccee,yahoo_033g1_033g2_033g3_n1000_s00,0.036680225282907486,0.009648305363953114
behavioral,seed_aligned,8,/weka/scratch/jhu/cpriebe1/MO/model-taxonomy/results/shared_cache/03_adapters/allenai--OLMo-2-0425-1B-Instruct/yahoo_025g1_075g2_000g3_n1000_s00_r16_i08_b5008_fea27ccee,yahoo_025g1_075g2_000g3_n1000_s00,0.09459272772073746,-0.20672042667865753
behavioral,seed_aligned,8,/weka/scratch/jhu/cpriebe1/MO/model-taxonomy/results/shared_cache/03_adapters/allenai--OLMo-2-0425-1B-Instruct/yahoo_025g1_050g2_025g3_n1000_s00_r16_i08_b5008_fea27ccee,yahoo_025g1_050g2_025g3_n1000_s00,0.10992744565010071,-0.15029163658618927
behavioral,seed_aligned,8,/weka/scratch/jhu/cpriebe1/MO/model-taxonomy/results/shared_cache/03_adapters/allenai--OLMo-2-0425-1B-Instruct/yahoo_025g1_025g2_050g3_n1000_s00_r16_i08_b5008_fea27ccee,yahoo_025g1_025g2_050g3_n1000_s00,-0.03776390850543976,-0.009564722888171673
behavioral,seed_aligned,8,/weka/scratch/jhu/cpriebe1/MO/model-taxonomy/results/shared_cache/03_adapters/allenai--OLMo-2-0425-1B-Instruct/yahoo_025g1_000g2_075g3_n1000_s00_r16_i08_b5008_fea27ccee,yahoo_025g1_000g2_075g3_n1000_s00,-0.16735997796058655,-0.006195102818310261
behavioral,seed_aligned,8,/weka/scratch/jhu/cpriebe1/MO/model-taxonomy/results/shared_cache/03_adapters/allenai--OLMo-2-0425-1B-Instruct/yahoo_000g1_100g2_000g3_n1000_s00_r16_i08_b5008_fea27ccee,yahoo_000g1_100g2_000g3_n1000_s00,0.17326298356056213,0.048450250178575516
behavioral,seed_aligned,8,/weka/scratch/jhu/cpriebe1/MO/model-taxonomy/results/shared_cache/03_adapters/allenai--OLMo-2-0425-1B-Instruct/yahoo_000g1_075g2_025g3_n1000_s00_r16_i08_b5008_fea27ccee,yahoo_000g1_075g2_025g3_n1000_s00,0.1476452350616455,-0.0014235530979931355
behavioral,seed_aligned,8,/weka/scratch/jhu/cpriebe1/MO/model-taxonomy/results/shared_cache/03_adapters/allenai--OLMo-2-0425-1B-Instruct/yahoo_000g1_050g2_050g3_n1000_s00_r16_i08_b5008_fea27ccee,yahoo_000g1_050g2_050g3_n1000_s00,-0.09063110500574112,-0.1940610557794571
behavioral,seed_aligned,8,/weka/scratch/jhu/cpriebe1/MO/model-taxonomy/results/shared_cache/03_adapters/allenai--OLMo-2-0425-1B-Instruct/yahoo_000g1_025g2_075g3_n1000_s00_r16_i08_b5008_fea27ccee,yahoo_000g1_025g2_075g3_n1000_s00,-0.08535691350698471,0.07629126310348511
behavioral,seed_aligned,8,/weka/scratch/jhu/cpriebe1/MO/model-taxonomy/results/shared_cache/03_adapters/allenai--OLMo-2-0425-1B-Instruct/yahoo_000g1_000g2_100g3_n1000_s00_r16_i08_b5008_fea27ccee,yahoo_000g1_000g2_100g3_n1000_s00,-0.17070156335830688,0.09077263623476028
behavioral,seed_aligned,9,/weka/scratch/jhu/cpriebe1/MO/model-taxonomy/results/shared_cache/03_adapters/allenai--OLMo-2-0425-1B-Instruct/yahoo_100g1_000g2_000g3_n1000_s00_r16_i09_b5008_fea27ccee,yahoo_100g1_000g2_000g3_n1000_s00,0.03544797748327255,0.18137887120246887
behavioral,seed_aligned,9,/weka/scratch/jhu/cpriebe1/MO/model-taxonomy/results/shared_cache/03_adapters/allenai--OLMo-2-0425-1B-Instruct/yahoo_075g1_025g2_000g3_n1000_s00_r16_i09_b5008_fea27ccee,yahoo_075g1_025g2_000g3_n1000_s00,0.11075486242771149,0.15302786231040955
behavioral,seed_aligned,9,/weka/scratch/jhu/cpriebe1/MO/model-taxonomy/results/shared_cache/03_adapters/allenai--OLMo-2-0425-1B-Instruct/yahoo_075g1_000g2_025g3_n1000_s00_r16_i09_b5008_fea27ccee,yahoo_075g1_000g2_025g3_n1000_s00,-0.21677909791469574,-0.056689776480197906
behavioral,seed_aligned,9,/weka/scratch/jhu/cpriebe1/MO/model-taxonomy/results/shared_cache/03_adapters/allenai--OLMo-2-0425-1B-Instruct/yahoo_050g1_050g2_000g3_n1000_s00_r16_i09_b5008_fea27ccee,yahoo_050g1_050g2_000g3_n1000_s00,-0.11749760806560516,-0.17811451852321625
behavioral,seed_aligned,9,/weka/scratch/jhu/cpriebe1/MO/model-taxonomy/results/shared_cache/03_adapters/allenai--OLMo-2-0425-1B-Instruct/yahoo_050g1_025g2_025g3_n1000_s00_r16_i09_b5008_fea27ccee,yahoo_050g1_025g2_025g3_n1000_s00,0.01632513850927353,0.08432742208242416
behavioral,seed_aligned,9,/weka/scratch/jhu/cpriebe1/MO/model-taxonomy/results/shared_cache/03_adapters/allenai--OLMo-2-0425-1B-Instruct/yahoo_050g1_000g2_050g3_n1000_s00_r16_i09_b5008_fea27ccee,yahoo_050g1_000g2_050g3_n1000_s00,-0.050015415996313095,0.17215096950531006
behavioral,seed_aligned,9,/weka/scratch/jhu/cpriebe1/MO/model-taxonomy/results/shared_cache/03_adapters/allenai--OLMo-2-0425-1B-Instruct/yahoo_033g1_033g2_033g3_n1000_s00_r16_i09_b5008_fea27ccee,yahoo_033g1_033g2_033g3_n1000_s00,0.0187404565513134,0.0028525139205157757
behavioral,seed_aligned,9,/weka/scratch/jhu/cpriebe1/MO/model-taxonomy/results/shared_cache/03_adapters/allenai--OLMo-2-0425-1B-Instruct/yahoo_025g1_075g2_000g3_n1000_s00_r16_i09_b5008_fea27ccee,yahoo_025g1_075g2_000g3_n1000_s00,0.1870165467262268,0.04646262153983116
behavioral,seed_aligned,9,/weka/scratch/jhu/cpriebe1/MO/model-taxonomy/results/shared_cache/03_adapters/allenai--OLMo-2-0425-1B-Instruct/yahoo_025g1_050g2_025g3_n1000_s00_r16_i09_b5008_fea27ccee,yahoo_025g1_050g2_025g3_n1000_s00,0.10536056756973267,0.0234809722751379
behavioral,seed_aligned,9,/weka/scratch/jhu/cpriebe1/MO/model-taxonomy/results/shared_cache/03_adapters/allenai--OLMo-2-0425-1B-Instruct/yahoo_025g1_025g2_050g3_n1000_s00_r16_i09_b5008_fea27ccee,yahoo_025g1_025g2_050g3_n1000_s00,-0.129216730594635,-0.11207560449838638
behavioral,seed_aligned,9,/weka/scratch/jhu/cpriebe1/MO/model-taxonomy/results/shared_cache/03_adapters/allenai--OLMo-2-0425-1B-Instruct/yahoo_025g1_000g2_075g3_n1000_s00_r16_i09_b5008_fea27ccee,yahoo_025g1_000g2_075g3_n1000_s00,-0.11499421298503876,0.13899126648902893
behavioral,seed_aligned,9,/weka/scratch/jhu/cpriebe1/MO/model-taxonomy/results/shared_cache/03_adapters/allenai--OLMo-2-0425-1B-Instruct/yahoo_000g1_100g2_000g3_n1000_s00_r16_i09_b5008_fea27ccee,yahoo_000g1_100g2_000g3_n1000_s00,0.20164068043231964,-0.05975411832332611
behavioral,seed_aligned,9,/weka/scratch/jhu/cpriebe1/MO/model-taxonomy/results/shared_cache/03_adapters/allenai--OLMo-2-0425-1B-Instruct/yahoo_000g1_075g2_025g3_n1000_s00_r16_i09_b5008_fea27ccee,yahoo_000g1_075g2_025g3_n1000_s00,0.1414855420589447,-0.07257619500160217
behavioral,seed_aligned,9,/weka/scratch/jhu/cpriebe1/MO/model-taxonomy/results/shared_cache/03_adapters/allenai--OLMo-2-0425-1B-Instruct/yahoo_000g1_050g2_050g3_n1000_s00_r16_i09_b5008_fea27ccee,yahoo_000g1_050g2_050g3_n1000_s00,-0.03965293616056442,-0.21859495341777802
behavioral,seed_aligned,9,/weka/scratch/jhu/cpriebe1/MO/model-taxonomy/results/shared_cache/03_adapters/allenai--OLMo-2-0425-1B-Instruct/yahoo_000g1_025g2_075g3_n1000_s00_r16_i09_b5008_fea27ccee,yahoo_000g1_025g2_075g3_n1000_s00,0.020420333370566368,-0.19956816732883453
behavioral,seed_aligned,9,/weka/scratch/jhu/cpriebe1/MO/model-taxonomy/results/shared_cache/03_adapters/allenai--OLMo-2-0425-1B-Instruct/yahoo_000g1_000g2_100g3_n1000_s00_r16_i09_b5008_fea27ccee,yahoo_000g1_000g2_100g3_n1000_s00,-0.1690361499786377,0.09470082074403763
behavioral,pool160,-1,/weka/scratch/jhu/cpriebe1/MO/model-taxonomy/results/shared_cache/03_adapters/allenai--OLMo-2-0425-1B-Instruct/yahoo_000g1_000g2_100g3_n1000_s00_r16_i00_b5008_fea27ccee,yahoo_000g1_000g2_100g3_n1000_s00,-0.014424179680645466,0.01612791046500206
behavioral,pool160,-1,/weka/scratch/jhu/cpriebe1/MO/model-taxonomy/results/shared_cache/03_adapters/allenai--OLMo-2-0425-1B-Instruct/yahoo_000g1_000g2_100g3_n1000_s00_r16_i01_b5008_fea27ccee,yahoo_000g1_000g2_100g3_n1000_s00,-0.015276947058737278,0.017678378149867058
behavioral,pool160,-1,/weka/scratch/jhu/cpriebe1/MO/model-taxonomy/results/shared_cache/03_adapters/allenai--OLMo-2-0425-1B-Instruct/yahoo_000g1_000g2_100g3_n1000_s00_r16_i02_b5008_fea27ccee,yahoo_000g1_000g2_100g3_n1000_s00,-0.0029115495271980762,0.017975421622395515
behavioral,pool160,-1,/weka/scratch/jhu/cpriebe1/MO/model-taxonomy/results/shared_cache/03_adapters/allenai--OLMo-2-0425-1B-Instruct/yahoo_000g1_000g2_100g3_n1000_s00_r16_i03_b5008_fea27ccee,yahoo_000g1_000g2_100g3_n1000_s00,-0.0025945676025003195,0.017021847888827324
behavioral,pool160,-1,/weka/scratch/jhu/cpriebe1/MO/model-taxonomy/results/shared_cache/03_adapters/allenai--OLMo-2-0425-1B-Instruct/yahoo_000g1_000g2_100g3_n1000_s00_r16_i04_b5008_fea27ccee,yahoo_000g1_000g2_100g3_n1000_s00,-0.0019692035857588053,0.018465373665094376
behavioral,pool160,-1,/weka/scratch/jhu/cpriebe1/MO/model-taxonomy/results/shared_cache/03_adapters/allenai--OLMo-2-0425-1B-Instruct/yahoo_000g1_000g2_100g3_n1000_s00_r16_i05_b5008_fea27ccee,yahoo_000g1_000g2_100g3_n1000_s00,-0.015315146185457706,0.015669256448745728
behavioral,pool160,-1,/weka/scratch/jhu/cpriebe1/MO/model-taxonomy/results/shared_cache/03_adapters/allenai--OLMo-2-0425-1B-Instruct/yahoo_000g1_000g2_100g3_n1000_s00_r16_i06_b5008_fea27ccee,yahoo_000g1_000g2_100g3_n1000_s00,-0.01647382229566574,0.015593067742884159
behavioral,pool160,-1,/weka/scratch/jhu/cpriebe1/MO/model-taxonomy/results/shared_cache/03_adapters/allenai--OLMo-2-0425-1B-Instruct/yahoo_000g1_000g2_100g3_n1000_s00_r16_i07_b5008_fea27ccee,yahoo_000g1_000g2_100g3_n1000_s00,-0.0015472270315513015,0.019237961620092392
behavioral,pool160,-1,/weka/scratch/jhu/cpriebe1/MO/model-taxonomy/results/shared_cache/03_adapters/allenai--OLMo-2-0425-1B-Instruct/yahoo_000g1_000g2_100g3_n1000_s00_r16_i08_b5008_fea27ccee,yahoo_000g1_000g2_100g3_n1000_s00,-0.0011232640827074647,0.020534547045826912
behavioral,pool160,-1,/weka/scratch/jhu/cpriebe1/MO/model-taxonomy/results/shared_cache/03_adapters/allenai--OLMo-2-0425-1B-Instruct/yahoo_000g1_000g2_100g3_n1000_s00_r16_i09_b5008_fea27ccee,yahoo_000g1_000g2_100g3_n1000_s00,-0.0025910872500389814,0.02051544561982155
behavioral,pool160,-1,/weka/scratch/jhu/cpriebe1/MO/model-taxonomy/results/shared_cache/03_adapters/allenai--OLMo-2-0425-1B-Instruct/yahoo_000g1_025g2_075g3_n1000_s00_r16_i00_b5008_fea27ccee,yahoo_000g1_025g2_075g3_n1000_s00,-0.01990409754216671,-0.0009460673900321126
behavioral,pool160,-1,/weka/scratch/jhu/cpriebe1/MO/model-taxonomy/results/shared_cache/03_adapters/allenai--OLMo-2-0425-1B-Instruct/yahoo_000g1_025g2_075g3_n1000_s00_r16_i01_b5008_fea27ccee,yahoo_000g1_025g2_075g3_n1000_s00,0.0013258326798677444,0.011477606371045113
behavioral,pool160,-1,/weka/scratch/jhu/cpriebe1/MO/model-taxonomy/results/shared_cache/03_adapters/allenai--OLMo-2-0425-1B-Instruct/yahoo_000g1_025g2_075g3_n1000_s00_r16_i02_b5008_fea27ccee,yahoo_000g1_025g2_075g3_n1000_s00,-0.00021269831631798297,0.009731962345540524
behavioral,pool160,-1,/weka/scratch/jhu/cpriebe1/MO/model-taxonomy/results/shared_cache/03_adapters/allenai--OLMo-2-0425-1B-Instruct/yahoo_000g1_025g2_075g3_n1000_s00_r16_i03_b5008_fea27ccee,yahoo_000g1_025g2_075g3_n1000_s00,0.00031744642183184624,0.011105566285550594
behavioral,pool160,-1,/weka/scratch/jhu/cpriebe1/MO/model-taxonomy/results/shared_cache/03_adapters/allenai--OLMo-2-0425-1B-Instruct/yahoo_000g1_025g2_075g3_n1000_s00_r16_i04_b5008_fea27ccee,yahoo_000g1_025g2_075g3_n1000_s00,-0.0207204706966877,0.0013842532644048333
behavioral,pool160,-1,/weka/scratch/jhu/cpriebe1/MO/model-taxonomy/results/shared_cache/03_adapters/allenai--OLMo-2-0425-1B-Instruct/yahoo_000g1_025g2_075g3_n1000_s00_r16_i05_b5008_fea27ccee,yahoo_000g1_025g2_075g3_n1000_s00,0.0001579572563059628,0.006158776115626097
behavioral,pool160,-1,/weka/scratch/jhu/cpriebe1/MO/model-taxonomy/results/shared_cache/03_adapters/allenai--OLMo-2-0425-1B-Instruct/yahoo_000g1_025g2_075g3_n1000_s00_r16_i06_b5008_fea27ccee,yahoo_000g1_025g2_075g3_n1000_s00,5.9905323723796755e-05,0.008746865205466747
behavioral,pool160,-1,/weka/scratch/jhu/cpriebe1/MO/model-taxonomy/results/shared_cache/03_adapters/allenai--OLMo-2-0425-1B-Instruct/yahoo_000g1_025g2_075g3_n1000_s00_r16_i07_b5008_fea27ccee,yahoo_000g1_025g2_075g3_n1000_s00,0.0005453126505017281,0.007287532091140747
behavioral,pool160,-1,/weka/scratch/jhu/cpriebe1/MO/model-taxonomy/results/shared_cache/03_adapters/allenai--OLMo-2-0425-1B-Instruct/yahoo_000g1_025g2_075g3_n1000_s00_r16_i08_b5008_fea27ccee,yahoo_000g1_025g2_075g3_n1000_s00,0.001368607161566615,0.009369149804115295
behavioral,pool160,-1,/weka/scratch/jhu/cpriebe1/MO/model-taxonomy/results/shared_cache/03_adapters/allenai--OLMo-2-0425-1B-Instruct/yahoo_000g1_025g2_075g3_n1000_s00_r16_i09_b5008_fea27ccee,yahoo_000g1_025g2_075g3_n1000_s00,-0.02099405974149704,-0.000139607596793212
behavioral,pool160,-1,/weka/scratch/jhu/cpriebe1/MO/model-taxonomy/results/shared_cache/03_adapters/allenai--OLMo-2-0425-1B-Instruct/yahoo_000g1_050g2_050g3_n1000_s00_r16_i00_b5008_fea27ccee,yahoo_000g1_050g2_050g3_n1000_s00,-0.020079774782061577,-0.009639854542911053
behavioral,pool160,-1,/weka/scratch/jhu/cpriebe1/MO/model-taxonomy/results/shared_cache/03_adapters/allenai--OLMo-2-0425-1B-Instruct/yahoo_000g1_050g2_050g3_n1000_s00_r16_i01_b5008_fea27ccee,yahoo_000g1_050g2_050g3_n1000_s00,0.002811350394040346,-0.00878909695893526
behavioral,pool160,-1,/weka/scratch/jhu/cpriebe1/MO/model-taxonomy/results/shared_cache/03_adapters/allenai--OLMo-2-0425-1B-Instruct/yahoo_000g1_050g2_050g3_n1000_s00_r16_i02_b5008_fea27ccee,yahoo_000g1_050g2_050g3_n1000_s00,0.005685629788786173,-0.011303898878395557
behavioral,pool160,-1,/weka/scratch/jhu/cpriebe1/MO/model-taxonomy/results/shared_cache/03_adapters/allenai--OLMo-2-0425-1B-Instruct/yahoo_000g1_050g2_050g3_n1000_s00_r16_i03_b5008_fea27ccee,yahoo_000g1_050g2_050g3_n1000_s00,-0.01764567568898201,-0.009871336631476879
behavioral,pool160,-1,/weka/scratch/jhu/cpriebe1/MO/model-taxonomy/results/shared_cache/03_adapters/allenai--OLMo-2-0425-1B-Instruct/yahoo_000g1_050g2_050g3_n1000_s00_r16_i04_b5008_fea27ccee,yahoo_000g1_050g2_050g3_n1000_s00,-0.01773953065276146,-0.011202876456081867
behavioral,pool160,-1,/weka/scratch/jhu/cpriebe1/MO/model-taxonomy/results/shared_cache/03_adapters/allenai--OLMo-2-0425-1B-Instruct/yahoo_000g1_050g2_050g3_n1000_s00_r16_i05_b5008_fea27ccee,yahoo_000g1_050g2_050g3_n1000_s00,0.0034492372069507837,-0.008554164320230484
behavioral,pool160,-1,/weka/scratch/jhu/cpriebe1/MO/model-taxonomy/results/shared_cache/03_adapters/allenai--OLMo-2-0425-1B-Instruct/yahoo_000g1_050g2_050g3_n1000_s00_r16_i06_b5008_fea27ccee,yahoo_000g1_050g2_050g3_n1000_s00,0.004597069695591927,-0.011924685910344124
behavioral,pool160,-1,/weka/scratch/jhu/cpriebe1/MO/model-taxonomy/results/shared_cache/03_adapters/allenai--OLMo-2-0425-1B-Instruct/yahoo_000g1_050g2_050g3_n1000_s00_r16_i07_b5008_fea27ccee,yahoo_000g1_050g2_050g3_n1000_s00,0.004211130551993847,-0.010320216417312622
behavioral,pool160,-1,/weka/scratch/jhu/cpriebe1/MO/model-taxonomy/results/shared_cache/03_adapters/allenai--OLMo-2-0425-1B-Instruct/yahoo_000g1_050g2_050g3_n1000_s00_r16_i08_b5008_fea27ccee,yahoo_000g1_050g2_050g3_n1000_s00,-0.01939464546740055,-0.009911124594509602
behavioral,pool160,-1,/weka/scratch/jhu/cpriebe1/MO/model-taxonomy/results/shared_cache/03_adapters/allenai--OLMo-2-0425-1B-Instruct/yahoo_000g1_050g2_050g3_n1000_s00_r16_i09_b5008_fea27ccee,yahoo_000g1_050g2_050g3_n1000_s00,-0.01838494837284088,-0.011770532466471195
behavioral,pool160,-1,/weka/scratch/jhu/cpriebe1/MO/model-taxonomy/results/shared_cache/03_adapters/allenai--OLMo-2-0425-1B-Instruct/yahoo_000g1_075g2_025g3_n1000_s00_r16_i00_b5008_fea27ccee,yahoo_000g1_075g2_025g3_n1000_s00,-0.015276203863322735,-0.0170771311968565
behavioral,pool160,-1,/weka/scratch/jhu/cpriebe1/MO/model-taxonomy/results/shared_cache/03_adapters/allenai--OLMo-2-0425-1B-Instruct/yahoo_000g1_075g2_025g3_n1000_s00_r16_i01_b5008_fea27ccee,yahoo_000g1_075g2_025g3_n1000_s00,0.01218933705240488,-0.01551814191043377
behavioral,pool160,-1,/weka/scratch/jhu/cpriebe1/MO/model-taxonomy/results/shared_cache/03_adapters/allenai--OLMo-2-0425-1B-Instruct/yahoo_000g1_075g2_025g3_n1000_s00_r16_i02_b5008_fea27ccee,yahoo_000g1_075g2_025g3_n1000_s00,-0.0130238626152277,-0.016325993463397026
behavioral,pool160,-1,/weka/scratch/jhu/cpriebe1/MO/model-taxonomy/results/shared_cache/03_adapters/allenai--OLMo-2-0425-1B-Instruct/yahoo_000g1_075g2_025g3_n1000_s00_r16_i03_b5008_fea27ccee,yahoo_000g1_075g2_025g3_n1000_s00,0.010481186211109161,-0.015663260594010353
behavioral,pool160,-1,/weka/scratch/jhu/cpriebe1/MO/model-taxonomy/results/shared_cache/03_adapters/allenai--OLMo-2-0425-1B-Instruct/yahoo_000g1_075g2_025g3_n1000_s00_r16_i04_b5008_fea27ccee,yahoo_000g1_075g2_025g3_n1000_s00,0.013596401549875736,-0.015240564942359924
behavioral,pool160,-1,/weka/scratch/jhu/cpriebe1/MO/model-taxonomy/results/shared_cache/03_adapters/allenai--OLMo-2-0425-1B-Instruct/yahoo_000g1_075g2_025g3_n1000_s00_r16_i05_b5008_fea27ccee,yahoo_000g1_075g2_025g3_n1000_s00,0.011815911158919334,-0.014898468740284443
behavioral,pool160,-1,/weka/scratch/jhu/cpriebe1/MO/model-taxonomy/results/shared_cache/03_adapters/allenai--OLMo-2-0425-1B-Instruct/yahoo_000g1_075g2_025g3_n1000_s00_r16_i06_b5008_fea27ccee,yahoo_000g1_075g2_025g3_n1000_s00,0.010303170420229435,-0.013851527124643326
behavioral,pool160,-1,/weka/scratch/jhu/cpriebe1/MO/model-taxonomy/results/shared_cache/03_adapters/allenai--OLMo-2-0425-1B-Instruct/yahoo_000g1_075g2_025g3_n1000_s00_r16_i07_b5008_fea27ccee,yahoo_000g1_075g2_025g3_n1000_s00,-0.009745802730321884,-0.015083733946084976
behavioral,pool160,-1,/weka/scratch/jhu/cpriebe1/MO/model-taxonomy/results/shared_cache/03_adapters/allenai--OLMo-2-0425-1B-Instruct/yahoo_000g1_075g2_025g3_n1000_s00_r16_i08_b5008_fea27ccee,yahoo_000g1_075g2_025g3_n1000_s00,0.012607350014150143,-0.014073722995817661
behavioral,pool160,-1,/weka/scratch/jhu/cpriebe1/MO/model-taxonomy/results/shared_cache/03_adapters/allenai--OLMo-2-0425-1B-Instruct/yahoo_000g1_075g2_025g3_n1000_s00_r16_i09_b5008_fea27ccee,yahoo_000g1_075g2_025g3_n1000_s00,0.00964293722063303,-0.015442685224115849
behavioral,pool160,-1,/weka/scratch/jhu/cpriebe1/MO/model-taxonomy/results/shared_cache/03_adapters/allenai--OLMo-2-0425-1B-Instruct/yahoo_000g1_100g2_000g3_n1000_s00_r16_i00_b5008_fea27ccee,yahoo_000g1_100g2_000g3_n1000_s00,-0.007473973091691732,-0.02086418867111206
behavioral,pool160,-1,/weka/scratch/jhu/cpriebe1/MO/model-taxonomy/results/shared_cache/03_adapters/allenai--OLMo-2-0425-1B-Instruct/yahoo_000g1_100g2_000g3_n1000_s00_r16_i01_b5008_fea27ccee,yahoo_000g1_100g2_000g3_n1000_s00,-0.00794877577573061,-0.022307472303509712
behavioral,pool160,-1,/weka/scratch/jhu/cpriebe1/MO/model-taxonomy/results/shared_cache/03_adapters/allenai--OLMo-2-0425-1B-Instruct/yahoo_000g1_100g2_000g3_n1000_s00_r16_i02_b5008_fea27ccee,yahoo_000g1_100g2_000g3_n1000_s00,-0.007138991262763739,-0.022730078548192978
behavioral,pool160,-1,/weka/scratch/jhu/cpriebe1/MO/model-taxonomy/results/shared_cache/03_adapters/allenai--OLMo-2-0425-1B-Instruct/yahoo_000g1_100g2_000g3_n1000_s00_r16_i03_b5008_fea27ccee,yahoo_000g1_100g2_000g3_n1000_s00,0.007956735789775848,-0.01925104670226574
behavioral,pool160,-1,/weka/scratch/jhu/cpriebe1/MO/model-taxonomy/results/shared_cache/03_adapters/allenai--OLMo-2-0425-1B-Instruct/yahoo_000g1_100g2_000g3_n1000_s00_r16_i04_b5008_fea27ccee,yahoo_000g1_100g2_000g3_n1000_s00,0.009305214509367943,-0.018777841702103615
behavioral,pool160,-1,/weka/scratch/jhu/cpriebe1/MO/model-taxonomy/results/shared_cache/03_adapters/allenai--OLMo-2-0425-1B-Instruct/yahoo_000g1_100g2_000g3_n1000_s00_r16_i05_b5008_fea27ccee,yahoo_000g1_100g2_000g3_n1000_s00,0.007107315119355917,-0.017923763021826744
behavioral,pool160,-1,/weka/scratch/jhu/cpriebe1/MO/model-taxonomy/results/shared_cache/03_adapters/allenai--OLMo-2-0425-1B-Instruct/yahoo_000g1_100g2_000g3_n1000_s00_r16_i06_b5008_fea27ccee,yahoo_000g1_100g2_000g3_n1000_s00,-0.006380245555192232,-0.021805573254823685
behavioral,pool160,-1,/weka/scratch/jhu/cpriebe1/MO/model-taxonomy/results/shared_cache/03_adapters/allenai--OLMo-2-0425-1B-Instruct/yahoo_000g1_100g2_000g3_n1000_s00_r16_i07_b5008_fea27ccee,yahoo_000g1_100g2_000g3_n1000_s00,-0.0062957098707556725,-0.01976075954735279
behavioral,pool160,-1,/weka/scratch/jhu/cpriebe1/MO/model-taxonomy/results/shared_cache/03_adapters/allenai--OLMo-2-0425-1B-Instruct/yahoo_000g1_100g2_000g3_n1000_s00_r16_i08_b5008_fea27ccee,yahoo_000g1_100g2_000g3_n1000_s00,0.0060285949148237705,-0.01757468841969967
behavioral,pool160,-1,/weka/scratch/jhu/cpriebe1/MO/model-taxonomy/results/shared_cache/03_adapters/allenai--OLMo-2-0425-1B-Instruct/yahoo_000g1_100g2_000g3_n1000_s00_r16_i09_b5008_fea27ccee,yahoo_000g1_100g2_000g3_n1000_s00,0.006716469302773476,-0.0190531425178051
behavioral,pool160,-1,/weka/scratch/jhu/cpriebe1/MO/model-taxonomy/results/shared_cache/03_adapters/allenai--OLMo-2-0425-1B-Instruct/yahoo_025g1_000g2_075g3_n1000_s00_r16_i00_b5008_fea27ccee,yahoo_025g1_000g2_075g3_n1000_s00,-0.020740406587719917,0.012183818966150284
behavioral,pool160,-1,/weka/scratch/jhu/cpriebe1/MO/model-taxonomy/results/shared_cache/03_adapters/allenai--OLMo-2-0425-1B-Instruct/yahoo_025g1_000g2_075g3_n1000_s00_r16_i01_b5008_fea27ccee,yahoo_025g1_000g2_075g3_n1000_s00,0.003437331411987543,0.01898076757788658
behavioral,pool160,-1,/weka/scratch/jhu/cpriebe1/MO/model-taxonomy/results/shared_cache/03_adapters/allenai--OLMo-2-0425-1B-Instruct/yahoo_025g1_000g2_075g3_n1000_s00_r16_i02_b5008_fea27ccee,yahoo_025g1_000g2_075g3_n1000_s00,0.005910112056881189,0.01856682449579239
behavioral,pool160,-1,/weka/scratch/jhu/cpriebe1/MO/model-taxonomy/results/shared_cache/03_adapters/allenai--OLMo-2-0425-1B-Instruct/yahoo_025g1_000g2_075g3_n1000_s00_r16_i03_b5008_fea27ccee,yahoo_025g1_000g2_075g3_n1000_s00,0.0025197516661137342,0.016755154356360435
behavioral,pool160,-1,/weka/scratch/jhu/cpriebe1/MO/model-taxonomy/results/shared_cache/03_adapters/allenai--OLMo-2-0425-1B-Instruct/yahoo_025g1_000g2_075g3_n1000_s00_r16_i04_b5008_fea27ccee,yahoo_025g1_000g2_075g3_n1000_s00,0.004594702739268541,0.01980212703347206
behavioral,pool160,-1,/weka/scratch/jhu/cpriebe1/MO/model-taxonomy/results/shared_cache/03_adapters/allenai--OLMo-2-0425-1B-Instruct/yahoo_025g1_000g2_075g3_n1000_s00_r16_i05_b5008_fea27ccee,yahoo_025g1_000g2_075g3_n1000_s00,-0.019243396818637848,0.013794283382594585
behavioral,pool160,-1,/weka/scratch/jhu/cpriebe1/MO/model-taxonomy/results/shared_cache/03_adapters/allenai--OLMo-2-0425-1B-Instruct/yahoo_025g1_000g2_075g3_n1000_s00_r16_i06_b5008_fea27ccee,yahoo_025g1_000g2_075g3_n1000_s00,0.0022047259844839573,0.019340859726071358
behavioral,pool160,-1,/weka/scratch/jhu/cpriebe1/MO/model-taxonomy/results/shared_cache/03_adapters/allenai--OLMo-2-0425-1B-Instruct/yahoo_025g1_000g2_075g3_n1000_s00_r16_i07_b5008_fea27ccee,yahoo_025g1_000g2_075g3_n1000_s00,0.004306670278310776,0.017564618960022926
behavioral,pool160,-1,/weka/scratch/jhu/cpriebe1/MO/model-taxonomy/results/shared_cache/03_adapters/allenai--OLMo-2-0425-1B-Instruct/yahoo_025g1_000g2_075g3_n1000_s00_r16_i08_b5008_fea27ccee,yahoo_025g1_000g2_075g3_n1000_s00,0.0027973263058811426,0.018085326999425888
behavioral,pool160,-1,/weka/scratch/jhu/cpriebe1/MO/model-taxonomy/results/shared_cache/03_adapters/allenai--OLMo-2-0425-1B-Instruct/yahoo_025g1_000g2_075g3_n1000_s00_r16_i09_b5008_fea27ccee,yahoo_025g1_000g2_075g3_n1000_s00,0.00456245057284832,0.01870059408247471
behavioral,pool160,-1,/weka/scratch/jhu/cpriebe1/MO/model-taxonomy/results/shared_cache/03_adapters/allenai--OLMo-2-0425-1B-Instruct/yahoo_025g1_025g2_050g3_n1000_s00_r16_i00_b5008_fea27ccee,yahoo_025g1_025g2_050g3_n1000_s00,-0.02021609991788864,-0.0047267647460103035
behavioral,pool160,-1,/weka/scratch/jhu/cpriebe1/MO/model-taxonomy/results/shared_cache/03_adapters/allenai--OLMo-2-0425-1B-Instruct/yahoo_025g1_025g2_050g3_n1000_s00_r16_i01_b5008_fea27ccee,yahoo_025g1_025g2_050g3_n1000_s00,0.006069974508136511,0.008740868419408798
behavioral,pool160,-1,/weka/scratch/jhu/cpriebe1/MO/model-taxonomy/results/shared_cache/03_adapters/allenai--OLMo-2-0425-1B-Instruct/yahoo_025g1_025g2_050g3_n1000_s00_r16_i02_b5008_fea27ccee,yahoo_025g1_025g2_050g3_n1000_s00,0.004956573247909546,0.005087180063128471
behavioral,pool160,-1,/weka/scratch/jhu/cpriebe1/MO/model-taxonomy/results/shared_cache/03_adapters/allenai--OLMo-2-0425-1B-Instruct/yahoo_025g1_025g2_050g3_n1000_s00_r16_i03_b5008_fea27ccee,yahoo_025g1_025g2_050g3_n1000_s00,0.006469378713518381,0.005553008057177067
behavioral,pool160,-1,/weka/scratch/jhu/cpriebe1/MO/model-taxonomy/results/shared_cache/03_adapters/allenai--OLMo-2-0425-1B-Instruct/yahoo_025g1_025g2_050g3_n1000_s00_r16_i04_b5008_fea27ccee,yahoo_025g1_025g2_050g3_n1000_s00,-0.013488894328474998,-0.0034775566309690475
behavioral,pool160,-1,/weka/scratch/jhu/cpriebe1/MO/model-taxonomy/results/shared_cache/03_adapters/allenai--OLMo-2-0425-1B-Instruct/yahoo_025g1_025g2_050g3_n1000_s00_r16_i05_b5008_fea27ccee,yahoo_025g1_025g2_050g3_n1000_s00,-0.01644335873425007,-0.003400597255676985
behavioral,pool160,-1,/weka/scratch/jhu/cpriebe1/MO/model-taxonomy/results/shared_cache/03_adapters/allenai--OLMo-2-0425-1B-Instruct/yahoo_025g1_025g2_050g3_n1000_s00_r16_i06_b5008_fea27ccee,yahoo_025g1_025g2_050g3_n1000_s00,0.0052836136892437935,0.007131884340196848
behavioral,pool160,-1,/weka/scratch/jhu/cpriebe1/MO/model-taxonomy/results/shared_cache/03_adapters/allenai--OLMo-2-0425-1B-Instruct/yahoo_025g1_025g2_050g3_n1000_s00_r16_i07_b5008_fea27ccee,yahoo_025g1_025g2_050g3_n1000_s00,0.0037827787455171347,0.004898869898170233
behavioral,pool160,-1,/weka/scratch/jhu/cpriebe1/MO/model-taxonomy/results/shared_cache/03_adapters/allenai--OLMo-2-0425-1B-Instruct/yahoo_025g1_025g2_050g3_n1000_s00_r16_i08_b5008_fea27ccee,yahoo_025g1_025g2_050g3_n1000_s00,0.00806800089776516,0.007228981237858534
behavioral,pool160,-1,/weka/scratch/jhu/cpriebe1/MO/model-taxonomy/results/shared_cache/03_adapters/allenai--OLMo-2-0425-1B-Instruct/yahoo_025g1_025g2_050g3_n1000_s00_r16_i09_b5008_fea27ccee,yahoo_025g1_025g2_050g3_n1000_s00,-0.015118087641894817,-0.0047457111068069935
behavioral,pool160,-1,/weka/scratch/jhu/cpriebe1/MO/model-taxonomy/results/shared_cache/03_adapters/allenai--OLMo-2-0425-1B-Instruct/yahoo_025g1_050g2_025g3_n1000_s00_r16_i00_b5008_fea27ccee,yahoo_025g1_050g2_025g3_n1000_s00,-0.011315240524709225,-0.009940706193447113
behavioral,pool160,-1,/weka/scratch/jhu/cpriebe1/MO/model-taxonomy/results/shared_cache/03_adapters/allenai--OLMo-2-0425-1B-Instruct/yahoo_025g1_050g2_025g3_n1000_s00_r16_i01_b5008_fea27ccee,yahoo_025g1_050g2_025g3_n1000_s00,0.00646788626909256,-0.0066461581736803055
behavioral,pool160,-1,/weka/scratch/jhu/cpriebe1/MO/model-taxonomy/results/shared_cache/03_adapters/allenai--OLMo-2-0425-1B-Instruct/yahoo_025g1_050g2_025g3_n1000_s00_r16_i02_b5008_fea27ccee,yahoo_025g1_050g2_025g3_n1000_s00,0.010234125889837742,-0.008074664510786533
behavioral,pool160,-1,/weka/scratch/jhu/cpriebe1/MO/model-taxonomy/results/shared_cache/03_adapters/allenai--OLMo-2-0425-1B-Instruct/yahoo_025g1_050g2_025g3_n1000_s00_r16_i03_b5008_fea27ccee,yahoo_025g1_050g2_025g3_n1000_s00,-0.012239262461662292,-0.009492275305092335
behavioral,pool160,-1,/weka/scratch/jhu/cpriebe1/MO/model-taxonomy/results/shared_cache/03_adapters/allenai--OLMo-2-0425-1B-Instruct/yahoo_025g1_050g2_025g3_n1000_s00_r16_i04_b5008_fea27ccee,yahoo_025g1_050g2_025g3_n1000_s00,0.010039396584033966,-0.006266450509428978
behavioral,pool160,-1,/weka/scratch/jhu/cpriebe1/MO/model-taxonomy/results/shared_cache/03_adapters/allenai--OLMo-2-0425-1B-Instruct/yahoo_025g1_050g2_025g3_n1000_s00_r16_i05_b5008_fea27ccee,yahoo_025g1_050g2_025g3_n1000_s00,0.00871307123452425,-0.00803088303655386
behavioral,pool160,-1,/weka/scratch/jhu/cpriebe1/MO/model-taxonomy/results/shared_cache/03_adapters/allenai--OLMo-2-0425-1B-Instruct/yahoo_025g1_050g2_025g3_n1000_s00_r16_i06_b5008_fea27ccee,yahoo_025g1_050g2_025g3_n1000_s00,0.007239429745823145,-0.00853969156742096
behavioral,pool160,-1,/weka/scratch/jhu/cpriebe1/MO/model-taxonomy/results/shared_cache/03_adapters/allenai--OLMo-2-0425-1B-Instruct/yahoo_025g1_050g2_025g3_n1000_s00_r16_i07_b5008_fea27ccee,yahoo_025g1_050g2_025g3_n1000_s00,0.008357113227248192,-0.006293138489127159
behavioral,pool160,-1,/weka/scratch/jhu/cpriebe1/MO/model-taxonomy/results/shared_cache/03_adapters/allenai--OLMo-2-0425-1B-Instruct/yahoo_025g1_050g2_025g3_n1000_s00_r16_i08_b5008_fea27ccee,yahoo_025g1_050g2_025g3_n1000_s00,-0.012012031860649586,-0.01087596919387579
behavioral,pool160,-1,/weka/scratch/jhu/cpriebe1/MO/model-taxonomy/results/shared_cache/03_adapters/allenai--OLMo-2-0425-1B-Instruct/yahoo_025g1_050g2_025g3_n1000_s00_r16_i09_b5008_fea27ccee,yahoo_025g1_050g2_025g3_n1000_s00,0.01095691230148077,-0.006500245071947575
behavioral,pool160,-1,/weka/scratch/jhu/cpriebe1/MO/model-taxonomy/results/shared_cache/03_adapters/allenai--OLMo-2-0425-1B-Instruct/yahoo_025g1_075g2_000g3_n1000_s00_r16_i00_b5008_fea27ccee,yahoo_025g1_075g2_000g3_n1000_s00,-0.01128375343978405,-0.01867387816309929
behavioral,pool160,-1,/weka/scratch/jhu/cpriebe1/MO/model-taxonomy/results/shared_cache/03_adapters/allenai--OLMo-2-0425-1B-Instruct/yahoo_025g1_075g2_000g3_n1000_s00_r16_i01_b5008_fea27ccee,yahoo_025g1_075g2_000g3_n1000_s00,0.0158638097345829,-0.010576257482171059
behavioral,pool160,-1,/weka/scratch/jhu/cpriebe1/MO/model-taxonomy/results/shared_cache/03_adapters/allenai--OLMo-2-0425-1B-Instruct/yahoo_025g1_075g2_000g3_n1000_s00_r16_i02_b5008_fea27ccee,yahoo_025g1_075g2_000g3_n1000_s00,-0.012498622760176659,-0.018250122666358948
behavioral,pool160,-1,/weka/scratch/jhu/cpriebe1/MO/model-taxonomy/results/shared_cache/03_adapters/allenai--OLMo-2-0425-1B-Instruct/yahoo_025g1_075g2_000g3_n1000_s00_r16_i03_b5008_fea27ccee,yahoo_025g1_075g2_000g3_n1000_s00,-0.0102763120085001,-0.01828060671687126
behavioral,pool160,-1,/weka/scratch/jhu/cpriebe1/MO/model-taxonomy/results/shared_cache/03_adapters/allenai--OLMo-2-0425-1B-Instruct/yahoo_025g1_075g2_000g3_n1000_s00_r16_i04_b5008_fea27ccee,yahoo_025g1_075g2_000g3_n1000_s00,0.01722942851483822,-0.010351846925914288
behavioral,pool160,-1,/weka/scratch/jhu/cpriebe1/MO/model-taxonomy/results/shared_cache/03_adapters/allenai--OLMo-2-0425-1B-Instruct/yahoo_025g1_075g2_000g3_n1000_s00_r16_i05_b5008_fea27ccee,yahoo_025g1_075g2_000g3_n1000_s00,0.01592891477048397,-0.012389509938657284
behavioral,pool160,-1,/weka/scratch/jhu/cpriebe1/MO/model-taxonomy/results/shared_cache/03_adapters/allenai--OLMo-2-0425-1B-Instruct/yahoo_025g1_075g2_000g3_n1000_s00_r16_i06_b5008_fea27ccee,yahoo_025g1_075g2_000g3_n1000_s00,0.015086496248841286,-0.011460386216640472
behavioral,pool160,-1,/weka/scratch/jhu/cpriebe1/MO/model-taxonomy/results/shared_cache/03_adapters/allenai--OLMo-2-0425-1B-Instruct/yahoo_025g1_075g2_000g3_n1000_s00_r16_i07_b5008_fea27ccee,yahoo_025g1_075g2_000g3_n1000_s00,-0.010416882112622261,-0.016851186752319336
behavioral,pool160,-1,/weka/scratch/jhu/cpriebe1/MO/model-taxonomy/results/shared_cache/03_adapters/allenai--OLMo-2-0425-1B-Instruct/yahoo_025g1_075g2_000g3_n1000_s00_r16_i08_b5008_fea27ccee,yahoo_025g1_075g2_000g3_n1000_s00,-0.01330165658146143,-0.019043808802962303
behavioral,pool160,-1,/weka/scratch/jhu/cpriebe1/MO/model-taxonomy/results/shared_cache/03_adapters/allenai--OLMo-2-0425-1B-Instruct/yahoo_025g1_075g2_000g3_n1000_s00_r16_i09_b5008_fea27ccee,yahoo_025g1_075g2_000g3_n1000_s00,0.01675683818757534,-0.011622868478298187
behavioral,pool160,-1,/weka/scratch/jhu/cpriebe1/MO/model-taxonomy/results/shared_cache/03_adapters/allenai--OLMo-2-0425-1B-Instruct/yahoo_033g1_033g2_033g3_n1000_s00_r16_i00_b5008_fea27ccee,yahoo_033g1_033g2_033g3_n1000_s00,-0.018390698358416557,-0.006657841615378857
behavioral,pool160,-1,/weka/scratch/jhu/cpriebe1/MO/model-taxonomy/results/shared_cache/03_adapters/allenai--OLMo-2-0425-1B-Instruct/yahoo_033g1_033g2_033g3_n1000_s00_r16_i01_b5008_fea27ccee,yahoo_033g1_033g2_033g3_n1000_s00,0.00808542501181364,-0.001587492530234158
behavioral,pool160,-1,/weka/scratch/jhu/cpriebe1/MO/model-taxonomy/results/shared_cache/03_adapters/allenai--OLMo-2-0425-1B-Instruct/yahoo_033g1_033g2_033g3_n1000_s00_r16_i02_b5008_fea27ccee,yahoo_033g1_033g2_033g3_n1000_s00,0.007019995246082544,-0.0006841636495664716
behavioral,pool160,-1,/weka/scratch/jhu/cpriebe1/MO/model-taxonomy/results/shared_cache/03_adapters/allenai--OLMo-2-0425-1B-Instruct/yahoo_033g1_033g2_033g3_n1000_s00_r16_i03_b5008_fea27ccee,yahoo_033g1_033g2_033g3_n1000_s00,0.003101682523265481,-0.0003024123434443027
behavioral,pool160,-1,/weka/scratch/jhu/cpriebe1/MO/model-taxonomy/results/shared_cache/03_adapters/allenai--OLMo-2-0425-1B-Instruct/yahoo_033g1_033g2_033g3_n1000_s00_r16_i04_b5008_fea27ccee,yahoo_033g1_033g2_033g3_n1000_s00,0.00429013604298234,-0.0022417129948735237
behavioral,pool160,-1,/weka/scratch/jhu/cpriebe1/MO/model-taxonomy/results/shared_cache/03_adapters/allenai--OLMo-2-0425-1B-Instruct/yahoo_033g1_033g2_033g3_n1000_s00_r16_i05_b5008_fea27ccee,yahoo_033g1_033g2_033g3_n1000_s00,-0.017348958179354668,-0.006697856355458498
behavioral,pool160,-1,/weka/scratch/jhu/cpriebe1/MO/model-taxonomy/results/shared_cache/03_adapters/allenai--OLMo-2-0425-1B-Instruct/yahoo_033g1_033g2_033g3_n1000_s00_r16_i06_b5008_fea27ccee,yahoo_033g1_033g2_033g3_n1000_s00,0.0032967855222523212,-0.0024257865734398365
behavioral,pool160,-1,/weka/scratch/jhu/cpriebe1/MO/model-taxonomy/results/shared_cache/03_adapters/allenai--OLMo-2-0425-1B-Instruct/yahoo_033g1_033g2_033g3_n1000_s00_r16_i07_b5008_fea27ccee,yahoo_033g1_033g2_033g3_n1000_s00,0.004373712465167046,-0.0002828577416948974
behavioral,pool160,-1,/weka/scratch/jhu/cpriebe1/MO/model-taxonomy/results/shared_cache/03_adapters/allenai--OLMo-2-0425-1B-Instruct/yahoo_033g1_033g2_033g3_n1000_s00_r16_i08_b5008_fea27ccee,yahoo_033g1_033g2_033g3_n1000_s00,0.005963783245533705,3.625115641625598e-05
behavioral,pool160,-1,/weka/scratch/jhu/cpriebe1/MO/model-taxonomy/results/shared_cache/03_adapters/allenai--OLMo-2-0425-1B-Instruct/yahoo_033g1_033g2_033g3_n1000_s00_r16_i09_b5008_fea27ccee,yahoo_033g1_033g2_033g3_n1000_s00,0.005545064806938171,-0.0023918498773127794
behavioral,pool160,-1,/weka/scratch/jhu/cpriebe1/MO/model-taxonomy/results/shared_cache/03_adapters/allenai--OLMo-2-0425-1B-Instruct/yahoo_050g1_000g2_050g3_n1000_s00_r16_i00_b5008_fea27ccee,yahoo_050g1_000g2_050g3_n1000_s00,-0.021756719797849655,0.004330851603299379
behavioral,pool160,-1,/weka/scratch/jhu/cpriebe1/MO/model-taxonomy/results/shared_cache/03_adapters/allenai--OLMo-2-0425-1B-Instruct/yahoo_050g1_000g2_050g3_n1000_s00_r16_i01_b5008_fea27ccee,yahoo_050g1_000g2_050g3_n1000_s00,-0.02181260660290718,0.005780836101621389
behavioral,pool160,-1,/weka/scratch/jhu/cpriebe1/MO/model-taxonomy/results/shared_cache/03_adapters/allenai--OLMo-2-0425-1B-Instruct/yahoo_050g1_000g2_050g3_n1000_s00_r16_i02_b5008_fea27ccee,yahoo_050g1_000g2_050g3_n1000_s00,0.007448715157806873,0.013085746206343174
behavioral,pool160,-1,/weka/scratch/jhu/cpriebe1/MO/model-taxonomy/results/shared_cache/03_adapters/allenai--OLMo-2-0425-1B-Instruct/yahoo_050g1_000g2_050g3_n1000_s00_r16_i03_b5008_fea27ccee,yahoo_050g1_000g2_050g3_n1000_s00,0.010712132789194584,0.016049297526478767
behavioral,pool160,-1,/weka/scratch/jhu/cpriebe1/MO/model-taxonomy/results/shared_cache/03_adapters/allenai--OLMo-2-0425-1B-Instruct/yahoo_050g1_000g2_050g3_n1000_s00_r16_i04_b5008_fea27ccee,yahoo_050g1_000g2_050g3_n1000_s00,0.009166755713522434,0.015207708813250065
behavioral,pool160,-1,/weka/scratch/jhu/cpriebe1/MO/model-taxonomy/results/shared_cache/03_adapters/allenai--OLMo-2-0425-1B-Instruct/yahoo_050g1_000g2_050g3_n1000_s00_r16_i05_b5008_fea27ccee,yahoo_050g1_000g2_050g3_n1000_s00,0.00963676255196333,0.016239842399954796
behavioral,pool160,-1,/weka/scratch/jhu/cpriebe1/MO/model-taxonomy/results/shared_cache/03_adapters/allenai--OLMo-2-0425-1B-Instruct/yahoo_050g1_000g2_050g3_n1000_s00_r16_i06_b5008_fea27ccee,yahoo_050g1_000g2_050g3_n1000_s00,-0.021605683490633965,0.007955209352076054
behavioral,pool160,-1,/weka/scratch/jhu/cpriebe1/MO/model-taxonomy/results/shared_cache/03_adapters/allenai--OLMo-2-0425-1B-Instruct/yahoo_050g1_000g2_050g3_n1000_s00_r16_i07_b5008_fea27ccee,yahoo_050g1_000g2_050g3_n1000_s00,0.011826393194496632,0.01615479215979576
behavioral,pool160,-1,/weka/scratch/jhu/cpriebe1/MO/model-taxonomy/results/shared_cache/03_adapters/allenai--OLMo-2-0425-1B-Instruct/yahoo_050g1_000g2_050g3_n1000_s00_r16_i08_b5008_fea27ccee,yahoo_050g1_000g2_050g3_n1000_s00,0.008186457678675652,0.013727087527513504
behavioral,pool160,-1,/weka/scratch/jhu/cpriebe1/MO/model-taxonomy/results/shared_cache/03_adapters/allenai--OLMo-2-0425-1B-Instruct/yahoo_050g1_000g2_050g3_n1000_s00_r16_i09_b5008_fea27ccee,yahoo_050g1_000g2_050g3_n1000_s00,0.010282261297106743,0.014961637556552887
behavioral,pool160,-1,/weka/scratch/jhu/cpriebe1/MO/model-taxonomy/results/shared_cache/03_adapters/allenai--OLMo-2-0425-1B-Instruct/yahoo_050g1_025g2_025g3_n1000_s00_r16_i00_b5008_fea27ccee,yahoo_050g1_025g2_025g3_n1000_s00,-0.02049967460334301,-0.003041559364646673
behavioral,pool160,-1,/weka/scratch/jhu/cpriebe1/MO/model-taxonomy/results/shared_cache/03_adapters/allenai--OLMo-2-0425-1B-Instruct/yahoo_050g1_025g2_025g3_n1000_s00_r16_i01_b5008_fea27ccee,yahoo_050g1_025g2_025g3_n1000_s00,-0.01634920760989189,-0.0009056947310455143
behavioral,pool160,-1,/weka/scratch/jhu/cpriebe1/MO/model-taxonomy/results/shared_cache/03_adapters/allenai--OLMo-2-0425-1B-Instruct/yahoo_050g1_025g2_025g3_n1000_s00_r16_i02_b5008_fea27ccee,yahoo_050g1_025g2_025g3_n1000_s00,0.01145331934094429,0.0014426930574700236
behavioral,pool160,-1,/weka/scratch/jhu/cpriebe1/MO/model-taxonomy/results/shared_cache/03_adapters/allenai--OLMo-2-0425-1B-Instruct/yahoo_050g1_025g2_025g3_n1000_s00_r16_i03_b5008_fea27ccee,yahoo_050g1_025g2_025g3_n1000_s00,0.01332516223192215,0.0013261812273412943
behavioral,pool160,-1,/weka/scratch/jhu/cpriebe1/MO/model-taxonomy/results/shared_cache/03_adapters/allenai--OLMo-2-0425-1B-Instruct/yahoo_050g1_025g2_025g3_n1000_s00_r16_i04_b5008_fea27ccee,yahoo_050g1_025g2_025g3_n1000_s00,0.011062865145504475,0.0033009720500558615
behavioral,pool160,-1,/weka/scratch/jhu/cpriebe1/MO/model-taxonomy/results/shared_cache/03_adapters/allenai--OLMo-2-0425-1B-Instruct/yahoo_050g1_025g2_025g3_n1000_s00_r16_i05_b5008_fea27ccee,yahoo_050g1_025g2_025g3_n1000_s00,-0.01808185689151287,-0.00030450610211119056
behavioral,pool160,-1,/weka/scratch/jhu/cpriebe1/MO/model-taxonomy/results/shared_cache/03_adapters/allenai--OLMo-2-0425-1B-Instruct/yahoo_050g1_025g2_025g3_n1000_s00_r16_i06_b5008_fea27ccee,yahoo_050g1_025g2_025g3_n1000_s00,-0.017563635483384132,-0.001707797055132687
behavioral,pool160,-1,/weka/scratch/jhu/cpriebe1/MO/model-taxonomy/results/shared_cache/03_adapters/allenai--OLMo-2-0425-1B-Instruct/yahoo_050g1_025g2_025g3_n1000_s00_r16_i07_b5008_fea27ccee,yahoo_050g1_025g2_025g3_n1000_s00,0.012424997054040432,0.004645863547921181
behavioral,pool160,-1,/weka/scratch/jhu/cpriebe1/MO/model-taxonomy/results/shared_cache/03_adapters/allenai--OLMo-2-0425-1B-Instruct/yahoo_050g1_025g2_025g3_n1000_s00_r16_i08_b5008_fea27ccee,yahoo_050g1_025g2_025g3_n1000_s00,0.01310490258038044,0.0031240314710885286
behavioral,pool160,-1,/weka/scratch/jhu/cpriebe1/MO/model-taxonomy/results/shared_cache/03_adapters/allenai--OLMo-2-0425-1B-Instruct/yahoo_050g1_025g2_025g3_n1000_s00_r16_i09_b5008_fea27ccee,yahoo_050g1_025g2_025g3_n1000_s00,0.014438580721616745,0.003405041992664337
behavioral,pool160,-1,/weka/scratch/jhu/cpriebe1/MO/model-taxonomy/results/shared_cache/03_adapters/allenai--OLMo-2-0425-1B-Instruct/yahoo_050g1_050g2_000g3_n1000_s00_r16_i00_b5008_fea27ccee,yahoo_050g1_050g2_000g3_n1000_s00,-0.014649847522377968,-0.011739511974155903
behavioral,pool160,-1,/weka/scratch/jhu/cpriebe1/MO/model-taxonomy/results/shared_cache/03_adapters/allenai--OLMo-2-0425-1B-Instruct/yahoo_050g1_050g2_000g3_n1000_s00_r16_i01_b5008_fea27ccee,yahoo_050g1_050g2_000g3_n1000_s00,0.015732062980532646,-0.006861605681478977
behavioral,pool160,-1,/weka/scratch/jhu/cpriebe1/MO/model-taxonomy/results/shared_cache/03_adapters/allenai--OLMo-2-0425-1B-Instruct/yahoo_050g1_050g2_000g3_n1000_s00_r16_i02_b5008_fea27ccee,yahoo_050g1_050g2_000g3_n1000_s00,0.014773487113416195,-0.006289604119956493
behavioral,pool160,-1,/weka/scratch/jhu/cpriebe1/MO/model-taxonomy/results/shared_cache/03_adapters/allenai--OLMo-2-0425-1B-Instruct/yahoo_050g1_050g2_000g3_n1000_s00_r16_i03_b5008_fea27ccee,yahoo_050g1_050g2_000g3_n1000_s00,0.016511399298906326,-0.005939267110079527
behavioral,pool160,-1,/weka/scratch/jhu/cpriebe1/MO/model-taxonomy/results/shared_cache/03_adapters/allenai--OLMo-2-0425-1B-Instruct/yahoo_050g1_050g2_000g3_n1000_s00_r16_i04_b5008_fea27ccee,yahoo_050g1_050g2_000g3_n1000_s00,-0.015643224120140076,-0.01343543827533722
behavioral,pool160,-1,/weka/scratch/jhu/cpriebe1/MO/model-taxonomy/results/shared_cache/03_adapters/allenai--OLMo-2-0425-1B-Instruct/yahoo_050g1_050g2_000g3_n1000_s00_r16_i05_b5008_fea27ccee,yahoo_050g1_050g2_000g3_n1000_s00,0.015003174543380737,-0.004623336251825094
behavioral,pool160,-1,/weka/scratch/jhu/cpriebe1/MO/model-taxonomy/results/shared_cache/03_adapters/allenai--OLMo-2-0425-1B-Instruct/yahoo_050g1_050g2_000g3_n1000_s00_r16_i06_b5008_fea27ccee,yahoo_050g1_050g2_000g3_n1000_s00,0.0156262069940567,-0.004452719818800688
behavioral,pool160,-1,/weka/scratch/jhu/cpriebe1/MO/model-taxonomy/results/shared_cache/03_adapters/allenai--OLMo-2-0425-1B-Instruct/yahoo_050g1_050g2_000g3_n1000_s00_r16_i07_b5008_fea27ccee,yahoo_050g1_050g2_000g3_n1000_s00,0.01699976623058319,-0.004434394650161266
behavioral,pool160,-1,/weka/scratch/jhu/cpriebe1/MO/model-taxonomy/results/shared_cache/03_adapters/allenai--OLMo-2-0425-1B-Instruct/yahoo_050g1_050g2_000g3_n1000_s00_r16_i08_b5008_fea27ccee,yahoo_050g1_050g2_000g3_n1000_s00,0.017687315121293068,-0.0053428770042955875
behavioral,pool160,-1,/weka/scratch/jhu/cpriebe1/MO/model-taxonomy/results/shared_cache/03_adapters/allenai--OLMo-2-0425-1B-Instruct/yahoo_050g1_050g2_000g3_n1000_s00_r16_i09_b5008_fea27ccee,yahoo_050g1_050g2_000g3_n1000_s00,-0.013500353321433067,-0.012698674574494362
behavioral,pool160,-1,/weka/scratch/jhu/cpriebe1/MO/model-taxonomy/results/shared_cache/03_adapters/allenai--OLMo-2-0425-1B-Instruct/yahoo_075g1_000g2_025g3_n1000_s00_r16_i00_b5008_fea27ccee,yahoo_075g1_000g2_025g3_n1000_s00,-0.0175675880163908,0.009889728389680386
behavioral,pool160,-1,/weka/scratch/jhu/cpriebe1/MO/model-taxonomy/results/shared_cache/03_adapters/allenai--OLMo-2-0425-1B-Instruct/yahoo_075g1_000g2_025g3_n1000_s00_r16_i01_b5008_fea27ccee,yahoo_075g1_000g2_025g3_n1000_s00,0.014176199212670326,0.0126685481518507
behavioral,pool160,-1,/weka/scratch/jhu/cpriebe1/MO/model-taxonomy/results/shared_cache/03_adapters/allenai--OLMo-2-0425-1B-Instruct/yahoo_075g1_000g2_025g3_n1000_s00_r16_i02_b5008_fea27ccee,yahoo_075g1_000g2_025g3_n1000_s00,0.013081411831080914,0.012099160812795162
behavioral,pool160,-1,/weka/scratch/jhu/cpriebe1/MO/model-taxonomy/results/shared_cache/03_adapters/allenai--OLMo-2-0425-1B-Instruct/yahoo_075g1_000g2_025g3_n1000_s00_r16_i03_b5008_fea27ccee,yahoo_075g1_000g2_025g3_n1000_s00,-0.015587540343403816,0.010547041893005371
behavioral,pool160,-1,/weka/scratch/jhu/cpriebe1/MO/model-taxonomy/results/shared_cache/03_adapters/allenai--OLMo-2-0425-1B-Instruct/yahoo_075g1_000g2_025g3_n1000_s00_r16_i04_b5008_fea27ccee,yahoo_075g1_000g2_025g3_n1000_s00,-0.014725126326084137,0.00964427925646305
behavioral,pool160,-1,/weka/scratch/jhu/cpriebe1/MO/model-taxonomy/results/shared_cache/03_adapters/allenai--OLMo-2-0425-1B-Instruct/yahoo_075g1_000g2_025g3_n1000_s00_r16_i05_b5008_fea27ccee,yahoo_075g1_000g2_025g3_n1000_s00,0.012041084468364716,0.011759478598833084
behavioral,pool160,-1,/weka/scratch/jhu/cpriebe1/MO/model-taxonomy/results/shared_cache/03_adapters/allenai--OLMo-2-0425-1B-Instruct/yahoo_075g1_000g2_025g3_n1000_s00_r16_i06_b5008_fea27ccee,yahoo_075g1_000g2_025g3_n1000_s00,0.011050224304199219,0.010512717999517918
behavioral,pool160,-1,/weka/scratch/jhu/cpriebe1/MO/model-taxonomy/results/shared_cache/03_adapters/allenai--OLMo-2-0425-1B-Instruct/yahoo_075g1_000g2_025g3_n1000_s00_r16_i07_b5008_fea27ccee,yahoo_075g1_000g2_025g3_n1000_s00,0.01284695602953434,0.010258236899971962
behavioral,pool160,-1,/weka/scratch/jhu/cpriebe1/MO/model-taxonomy/results/shared_cache/03_adapters/allenai--OLMo-2-0425-1B-Instruct/yahoo_075g1_000g2_025g3_n1000_s00_r16_i08_b5008_fea27ccee,yahoo_075g1_000g2_025g3_n1000_s00,-0.01404833234846592,0.008356188423931599
behavioral,pool160,-1,/weka/scratch/jhu/cpriebe1/MO/model-taxonomy/results/shared_cache/03_adapters/allenai--OLMo-2-0425-1B-Instruct/yahoo_075g1_000g2_025g3_n1000_s00_r16_i09_b5008_fea27ccee,yahoo_075g1_000g2_025g3_n1000_s00,-0.01742435246706009,0.011219169944524765
behavioral,pool160,-1,/weka/scratch/jhu/cpriebe1/MO/model-taxonomy/results/shared_cache/03_adapters/allenai--OLMo-2-0425-1B-Instruct/yahoo_075g1_025g2_000g3_n1000_s00_r16_i00_b5008_fea27ccee,yahoo_075g1_025g2_000g3_n1000_s00,-0.013552963733673096,-0.0008324045338667929
behavioral,pool160,-1,/weka/scratch/jhu/cpriebe1/MO/model-taxonomy/results/shared_cache/03_adapters/allenai--OLMo-2-0425-1B-Instruct/yahoo_075g1_025g2_000g3_n1000_s00_r16_i01_b5008_fea27ccee,yahoo_075g1_025g2_000g3_n1000_s00,0.018791932612657547,0.001808052766136825
behavioral,pool160,-1,/weka/scratch/jhu/cpriebe1/MO/model-taxonomy/results/shared_cache/03_adapters/allenai--OLMo-2-0425-1B-Instruct/yahoo_075g1_025g2_000g3_n1000_s00_r16_i02_b5008_fea27ccee,yahoo_075g1_025g2_000g3_n1000_s00,-0.016603901982307434,0.0022747109178453684
behavioral,pool160,-1,/weka/scratch/jhu/cpriebe1/MO/model-taxonomy/results/shared_cache/03_adapters/allenai--OLMo-2-0425-1B-Instruct/yahoo_075g1_025g2_000g3_n1000_s00_r16_i03_b5008_fea27ccee,yahoo_075g1_025g2_000g3_n1000_s00,0.019521428272128105,0.0010764088947325945
behavioral,pool160,-1,/weka/scratch/jhu/cpriebe1/MO/model-taxonomy/results/shared_cache/03_adapters/allenai--OLMo-2-0425-1B-Instruct/yahoo_075g1_025g2_000g3_n1000_s00_r16_i04_b5008_fea27ccee,yahoo_075g1_025g2_000g3_n1000_s00,0.01836642250418663,0.0040610069409012794
behavioral,pool160,-1,/weka/scratch/jhu/cpriebe1/MO/model-taxonomy/results/shared_cache/03_adapters/allenai--OLMo-2-0425-1B-Instruct/yahoo_075g1_025g2_000g3_n1000_s00_r16_i05_b5008_fea27ccee,yahoo_075g1_025g2_000g3_n1000_s00,0.017632661387324333,0.0013139030197635293
behavioral,pool160,-1,/weka/scratch/jhu/cpriebe1/MO/model-taxonomy/results/shared_cache/03_adapters/allenai--OLMo-2-0425-1B-Instruct/yahoo_075g1_025g2_000g3_n1000_s00_r16_i06_b5008_fea27ccee,yahoo_075g1_025g2_000g3_n1000_s00,0.017728380858898163,0.0043678879737854
behavioral,pool160,-1,/weka/scratch/jhu/cpriebe1/MO/model-taxonomy/results/shared_cache/03_adapters/allenai--OLMo-2-0425-1B-Instruct/yahoo_075g1_025g2_000g3_n1000_s00_r16_i07_b5008_fea27ccee,yahoo_075g1_025g2_000g3_n1000_s00,-0.013337192125618458,0.0006385095184668899
behavioral,pool160,-1,/weka/scratch/jhu/cpriebe1/MO/model-taxonomy/results/shared_cache/03_adapters/allenai--OLMo-2-0425-1B-Instruct/yahoo_075g1_025g2_000g3_n1000_s00_r16_i08_b5008_fea27ccee,yahoo_075g1_025g2_000g3_n1000_s00,0.01881789229810238,0.0027762262616306543
behavioral,pool160,-1,/weka/scratch/jhu/cpriebe1/MO/model-taxonomy/results/shared_cache/03_adapters/allenai--OLMo-2-0425-1B-Instruct/yahoo_075g1_025g2_000g3_n1000_s00_r16_i09_b5008_fea27ccee,yahoo_075g1_025g2_000g3_n1000_s00,0.019979121163487434,0.0030114492401480675
behavioral,pool160,-1,/weka/scratch/jhu/cpriebe1/MO/model-taxonomy/results/shared_cache/03_adapters/allenai--OLMo-2-0425-1B-Instruct/yahoo_100g1_000g2_000g3_n1000_s00_r16_i00_b5008_fea27ccee,yahoo_100g1_000g2_000g3_n1000_s00,-0.019178073853254318,0.007757785730063915
behavioral,pool160,-1,/weka/scratch/jhu/cpriebe1/MO/model-taxonomy/results/shared_cache/03_adapters/allenai--OLMo-2-0425-1B-Instruct/yahoo_100g1_000g2_000g3_n1000_s00_r16_i01_b5008_fea27ccee,yahoo_100g1_000g2_000g3_n1000_s00,-0.015809401869773865,0.007231096271425486
behavioral,pool160,-1,/weka/scratch/jhu/cpriebe1/MO/model-taxonomy/results/shared_cache/03_adapters/allenai--OLMo-2-0425-1B-Instruct/yahoo_100g1_000g2_000g3_n1000_s00_r16_i02_b5008_fea27ccee,yahoo_100g1_000g2_000g3_n1000_s00,-0.018220778554677963,0.005622836295515299
behavioral,pool160,-1,/weka/scratch/jhu/cpriebe1/MO/model-taxonomy/results/shared_cache/03_adapters/allenai--OLMo-2-0425-1B-Instruct/yahoo_100g1_000g2_000g3_n1000_s00_r16_i03_b5008_fea27ccee,yahoo_100g1_000g2_000g3_n1000_s00,0.01740936189889908,0.010653066448867321
behavioral,pool160,-1,/weka/scratch/jhu/cpriebe1/MO/model-taxonomy/results/shared_cache/03_adapters/allenai--OLMo-2-0425-1B-Instruct/yahoo_100g1_000g2_000g3_n1000_s00_r16_i04_b5008_fea27ccee,yahoo_100g1_000g2_000g3_n1000_s00,0.0161540936678648,0.010538657195866108
behavioral,pool160,-1,/weka/scratch/jhu/cpriebe1/MO/model-taxonomy/results/shared_cache/03_adapters/allenai--OLMo-2-0425-1B-Instruct/yahoo_100g1_000g2_000g3_n1000_s00_r16_i05_b5008_fea27ccee,yahoo_100g1_000g2_000g3_n1000_s00,0.018314694985747337,0.00985860824584961
behavioral,pool160,-1,/weka/scratch/jhu/cpriebe1/MO/model-taxonomy/results/shared_cache/03_adapters/allenai--OLMo-2-0425-1B-Instruct/yahoo_100g1_000g2_000g3_n1000_s00_r16_i06_b5008_fea27ccee,yahoo_100g1_000g2_000g3_n1000_s00,-0.017506524920463562,0.007171353790909052
behavioral,pool160,-1,/weka/scratch/jhu/cpriebe1/MO/model-taxonomy/results/shared_cache/03_adapters/allenai--OLMo-2-0425-1B-Instruct/yahoo_100g1_000g2_000g3_n1000_s00_r16_i07_b5008_fea27ccee,yahoo_100g1_000g2_000g3_n1000_s00,-0.01614898256957531,0.005814466159790754
behavioral,pool160,-1,/weka/scratch/jhu/cpriebe1/MO/model-taxonomy/results/shared_cache/03_adapters/allenai--OLMo-2-0425-1B-Instruct/yahoo_100g1_000g2_000g3_n1000_s00_r16_i08_b5008_fea27ccee,yahoo_100g1_000g2_000g3_n1000_s00,0.01849384605884552,0.00873919390141964
behavioral,pool160,-1,/weka/scratch/jhu/cpriebe1/MO/model-taxonomy/results/shared_cache/03_adapters/allenai--OLMo-2-0425-1B-Instruct/yahoo_100g1_000g2_000g3_n1000_s00_r16_i09_b5008_fea27ccee,yahoo_100g1_000g2_000g3_n1000_s00,0.016491763293743134,0.009049998596310616
behavioral,mean_after,-1,yahoo_000g1_000g2_100g3_n1000_s00,yahoo_000g1_000g2_100g3_n1000_s00,-0.007422700058668852,0.01788192056119442
behavioral,mean_after,-1,yahoo_000g1_025g2_075g3_n1000_s00,yahoo_000g1_025g2_075g3_n1000_s00,-0.0058056265115737915,0.006417603697627783
behavioral,mean_after,-1,yahoo_000g1_050g2_050g3_n1000_s00,yahoo_000g1_050g2_050g3_n1000_s00,-0.007249015383422375,-0.010328778065741062
behavioral,mean_after,-1,yahoo_000g1_075g2_025g3_n1000_s00,yahoo_000g1_075g2_025g3_n1000_s00,0.0042590429075062275,-0.015317522920668125
behavioral,mean_after,-1,yahoo_000g1_100g2_000g3_n1000_s00,yahoo_000g1_100g2_000g3_n1000_s00,0.00018766336143016815,-0.02000485546886921
behavioral,mean_after,-1,yahoo_025g1_000g2_075g3_n1000_s00,yahoo_025g1_000g2_075g3_n1000_s00,-0.0009650734136812389,0.01737743802368641
behavioral,mean_after,-1,yahoo_025g1_025g2_050g3_n1000_s00,yahoo_025g1_025g2_050g3_n1000_s00,-0.003063612151890993,0.002229016274213791
behavioral,mean_after,-1,yahoo_025g1_050g2_025g3_n1000_s00,yahoo_025g1_050g2_025g3_n1000_s00,0.002644140040501952,-0.008066018112003803
behavioral,mean_after,-1,yahoo_025g1_075g2_000g3_n1000_s00,yahoo_025g1_075g2_000g3_n1000_s00,0.0023088259622454643,-0.014750047586858273
behavioral,mean_after,-1,yahoo_033g1_033g2_033g3_n1000_s00,yahoo_033g1_033g2_033g3_n1000_s00,0.0005936928791925311,-0.002323572291061282
behavioral,mean_after,-1,yahoo_050g1_000g2_050g3_n1000_s00,yahoo_050g1_000g2_050g3_n1000_s00,0.00020844678510911763,0.012349301017820835
behavioral,mean_after,-1,yahoo_050g1_025g2_025g3_n1000_s00,yahoo_050g1_025g2_025g3_n1000_s00,0.00033154519042000175,0.0011285226792097092
behavioral,mean_after,-1,yahoo_050g1_050g2_000g3_n1000_s00,yahoo_050g1_050g2_000g3_n1000_s00,0.006853999104350805,-0.007581742946058512
behavioral,mean_after,-1,yahoo_075g1_000g2_025g3_n1000_s00,yahoo_075g1_000g2_025g3_n1000_s00,-0.0016157065983861685,0.010695455595850945
behavioral,mean_after,-1,yahoo_075g1_025g2_000g3_n1000_s00,yahoo_075g1_025g2_000g3_n1000_s00,0.008734378032386303,0.0020495750941336155
behavioral,mean_after,-1,yahoo_100g1_000g2_000g3_n1000_s00,yahoo_100g1_000g2_000g3_n1000_s00,4.182296004408058e-19,0.008243706077337265
behavioral,mean_after_aligned,-1,yahoo_000g1_000g2_100g3_n1000_s00,yahoo_000g1_000g2_100g3_n1000_s00,-0.1513960063457489,0.3647259771823883
behavioral,mean_after_aligned,-1,yahoo_000g1_025g2_075g3_n1000_s00,yahoo_000g1_025g2_075g3_n1000_s00,-0.11841360479593277,0.1308957040309906
behavioral,mean_after_aligned,-1,yahoo_000g1_050g2_050g3_n1000_s00,yahoo_000g1_050g2_050g3_n1000_s00,-0.14785349369049072,-0.2106694132089615
behavioral,mean_after_aligned,-1,yahoo_000g1_075g2_025g3_n1000_s00,yahoo_000g1_075g2_025g3_n1000_s00,0.08686893433332443,-0.31242161989212036
behavioral,mean_after_aligned,-1,yahoo_000g1_100g2_000g3_n1000_s00,yahoo_000g1_100g2_000g3_n1000_s00,0.003827644046396017,-0.4080261290073395
behavioral,mean_after_aligned,-1,yahoo_025g1_000g2_075g3_n1000_s00,yahoo_025g1_000g2_075g3_n1000_s00,-0.019683977589011192,0.35443633794784546
behavioral,mean_after_aligned,-1,yahoo_025g1_025g2_050g3_n1000_s00,yahoo_025g1_025g2_050g3_n1000_s00,-0.06248651444911957,0.04546380415558815
behavioral,mean_after_aligned,-1,yahoo_025g1_050g2_025g3_n1000_s00,yahoo_025g1_050g2_025g3_n1000_s00,0.05393081530928612,-0.1645173579454422
behavioral,mean_after_aligned,-1,yahoo_025g1_075g2_000g3_n1000_s00,yahoo_025g1_075g2_000g3_n1000_s00,0.04709163308143616,-0.3008471727371216
behavioral,mean_after_aligned,-1,yahoo_033g1_033g2_033g3_n1000_s00,yahoo_033g1_033g2_033g3_n1000_s00,0.012109169736504555,-0.04739239811897278
behavioral,mean_after_aligned,-1,yahoo_050g1_000g2_050g3_n1000_s00,yahoo_050g1_000g2_050g3_n1000_s00,0.004251556005328894,0.2518807053565979
behavioral,mean_after_aligned,-1,yahoo_050g1_025g2_025g3_n1000_s00,yahoo_050g1_025g2_025g3_n1000_s00,0.006762312259525061,0.023017749190330505
behavioral,mean_after_aligned,-1,yahoo_050g1_050g2_000g3_n1000_s00,yahoo_050g1_050g2_000g3_n1000_s00,0.13979658484458923,-0.15463989973068237
behavioral,mean_after_aligned,-1,yahoo_075g1_000g2_025g3_n1000_s00,yahoo_075g1_000g2_025g3_n1000_s00,-0.032954517751932144,0.21814827620983124
behavioral,mean_after_aligned,-1,yahoo_075g1_025g2_000g3_n1000_s00,yahoo_075g1_025g2_000g3_n1000_s00,0.17814946174621582,0.041803862899541855
behavioral,mean_after_aligned,-1,yahoo_100g1_000g2_000g3_n1000_s00,yahoo_100g1_000g2_000g3_n1000_s00,4.0767695751349475e-17,0.16814154386520386
behavioral,mean_before_aligned,-1,yahoo_000g1_000g2_100g3_n1000_s00,yahoo_000g1_000g2_100g3_n1000_s00,-0.1854674369096756,0.1739172339439392
behavioral,mean_before_aligned,-1,yahoo_000g1_025g2_075g3_n1000_s00,yahoo_000g1_025g2_075g3_n1000_s00,-0.20883896946907043,0.0017030576709657907
behavioral,mean_before_aligned,-1,yahoo_000g1_050g2_050g3_n1000_s00,yahoo_000g1_050g2_050g3_n1000_s00,-0.1974693089723587,-0.12035157531499863
behavioral,mean_before_aligned,-1,yahoo_000g1_075g2_025g3_n1000_s00,yahoo_000g1_075g2_025g3_n1000_s00,-0.05003681778907776,-0.22221019864082336
behavioral,mean_before_aligned,-1,yahoo_000g1_100g2_000g3_n1000_s00,yahoo_000g1_100g2_000g3_n1000_s00,0.17199905216693878,-0.1889335811138153
behavioral,mean_before_aligned,-1,yahoo_025g1_000g2_075g3_n1000_s00,yahoo_025g1_000g2_075g3_n1000_s00,-0.08827696740627289,0.19592931866645813
behavioral,mean_before_aligned,-1,yahoo_025g1_025g2_050g3_n1000_s00,yahoo_025g1_025g2_050g3_n1000_s00,-0.12946711480617523,0.054755985736846924
behavioral,mean_before_aligned,-1,yahoo_025g1_050g2_025g3_n1000_s00,yahoo_025g1_050g2_025g3_n1000_s00,-0.0762171745300293,-0.1182015910744667
behavioral,mean_before_aligned,-1,yahoo_025g1_075g2_000g3_n1000_s00,yahoo_025g1_075g2_000g3_n1000_s00,0.05132965371012688,-0.2315651774406433
behavioral,mean_before_aligned,-1,yahoo_033g1_033g2_033g3_n1000_s00,yahoo_033g1_033g2_033g3_n1000_s00,-0.02019437588751316,0.016052674502134323
behavioral,mean_before_aligned,-1,yahoo_050g1_000g2_050g3_n1000_s00,yahoo_050g1_000g2_050g3_n1000_s00,0.02282620221376419,0.20917397737503052
behavioral,mean_before_aligned,-1,yahoo_050g1_025g2_025g3_n1000_s00,yahoo_050g1_025g2_025g3_n1000_s00,0.09308222681283951,0.08943140506744385
behavioral,mean_before_aligned,-1,yahoo_050g1_050g2_000g3_n1000_s00,yahoo_050g1_050g2_000g3_n1000_s00,0.06666959077119827,-0.08427752554416656
behavioral,mean_before_aligned,-1,yahoo_075g1_000g2_025g3_n1000_s00,yahoo_075g1_000g2_025g3_n1000_s00,0.12612004578113556,0.1891946792602539
behavioral,mean_before_aligned,-1,yahoo_075g1_025g2_000g3_n1000_s00,yahoo_075g1_025g2_000g3_n1000_s00,0.1951589733362198,-0.0318695567548275
behavioral,mean_before_aligned,-1,yahoo_100g1_000g2_000g3_n1000_s00,yahoo_100g1_000g2_000g3_n1000_s00,0.22878241539001465,0.06725092232227325
behavioral_greedy,mean_before,-1,/weka/scratch/jhu/cpriebe1/MO/model-taxonomy/results/shared_cache/03_adapters/allenai--OLMo-2-0425-1B-Instruct/yahoo_100g1_000g2_000g3_n1000_s00_r16_i00_b5008_fea27ccee,yahoo_100g1_000g2_000g3_n1000_s00,-1.964813854961905e-17,0.13724714517593384
behavioral_greedy,mean_before,-1,/weka/scratch/jhu/cpriebe1/MO/model-taxonomy/results/shared_cache/03_adapters/allenai--OLMo-2-0425-1B-Instruct/yahoo_075g1_025g2_000g3_n1000_s00_r16_i00_b5008_fea27ccee,yahoo_075g1_025g2_000g3_n1000_s00,0.0469772107899189,0.10868038982152939
behavioral_greedy,mean_before,-1,/weka/scratch/jhu/cpriebe1/MO/model-taxonomy/results/shared_cache/03_adapters/allenai--OLMo-2-0425-1B-Instruct/yahoo_075g1_000g2_025g3_n1000_s00_r16_i00_b5008_fea27ccee,yahoo_075g1_000g2_025g3_n1000_s00,-0.07804349064826965,0.10462110489606857
behavioral_greedy,mean_before,-1,/weka/scratch/jhu/cpriebe1/MO/model-taxonomy/results/shared_cache/03_adapters/allenai--OLMo-2-0425-1B-Instruct/yahoo_050g1_050g2_000g3_n1000_s00_r16_i00_b5008_fea27ccee,yahoo_050g1_050g2_000g3_n1000_s00,0.05297696217894554,0.05675509199500084
behavioral_greedy,mean_before,-1,/weka/scratch/jhu/cpriebe1/MO/model-taxonomy/results/shared_cache/03_adapters/allenai--OLMo-2-0425-1B-Instruct/yahoo_050g1_025g2_025g3_n1000_s00_r16_i00_b5008_fea27ccee,yahoo_050g1_025g2_025g3_n1000_s00,-0.03373299166560173,0.06826043874025345
behavioral_greedy,mean_before,-1,/weka/scratch/jhu/cpriebe1/MO/model-taxonomy/results/shared_cache/03_adapters/allenai--OLMo-2-0425-1B-Instruct/yahoo_050g1_000g2_050g3_n1000_s00_r16_i00_b5008_fea27ccee,yahoo_050g1_000g2_050g3_n1000_s00,-0.12017235904932022,0.03306612744927406
behavioral_greedy,mean_before,-1,/weka/scratch/jhu/cpriebe1/MO/model-taxonomy/results/shared_cache/03_adapters/allenai--OLMo-2-0425-1B-Instruct/yahoo_033g1_033g2_033g3_n1000_s00_r16_i00_b5008_fea27ccee,yahoo_033g1_033g2_033g3_n1000_s00,-0.05973809212446213,0.00872759148478508
behavioral_greedy,mean_before,-1,/weka/scratch/jhu/cpriebe1/MO/model-taxonomy/results/shared_cache/03_adapters/allenai--OLMo-2-0425-1B-Instruct/yahoo_025g1_075g2_000g3_n1000_s00_r16_i00_b5008_fea27ccee,yahoo_025g1_075g2_000g3_n1000_s00,0.10486439615488052,0.027080276980996132
behavioral_greedy,mean_before,-1,/weka/scratch/jhu/cpriebe1/MO/model-taxonomy/results/shared_cache/03_adapters/allenai--OLMo-2-0425-1B-Instruct/yahoo_025g1_050g2_025g3_n1000_s00_r16_i00_b5008_fea27ccee,yahoo_025g1_050g2_025g3_n1000_s00,0.03790338709950447,-0.020164374262094498
behavioral_greedy,mean_before,-1,/weka/scratch/jhu/cpriebe1/MO/model-taxonomy/results/shared_cache/03_adapters/allenai--OLMo-2-0425-1B-Instruct/yahoo_025g1_025g2_050g3_n1000_s00_r16_i00_b5008_fea27ccee,yahoo_025g1_025g2_050g3_n1000_s00,-0.05535087734460831,-0.05059508606791496
behavioral_greedy,mean_before,-1,/weka/scratch/jhu/cpriebe1/MO/model-taxonomy/results/shared_cache/03_adapters/allenai--OLMo-2-0425-1B-Instruct/yahoo_025g1_000g2_075g3_n1000_s00_r16_i00_b5008_fea27ccee,yahoo_025g1_000g2_075g3_n1000_s00,-0.13470789790153503,-0.05426457151770592
behavioral_greedy,mean_before,-1,/weka/scratch/jhu/cpriebe1/MO/model-taxonomy/results/shared_cache/03_adapters/allenai--OLMo-2-0425-1B-Instruct/yahoo_000g1_100g2_000g3_n1000_s00_r16_i00_b5008_fea27ccee,yahoo_000g1_100g2_000g3_n1000_s00,0.14509043097496033,-0.009567379020154476
behavioral_greedy,mean_before,-1,/weka/scratch/jhu/cpriebe1/MO/model-taxonomy/results/shared_cache/03_adapters/allenai--OLMo-2-0425-1B-Instruct/yahoo_000g1_075g2_025g3_n1000_s00_r16_i00_b5008_fea27ccee,yahoo_000g1_075g2_025g3_n1000_s00,0.10774505883455276,-0.07778125256299973
behavioral_greedy,mean_before,-1,/weka/scratch/jhu/cpriebe1/MO/model-taxonomy/results/shared_cache/03_adapters/allenai--OLMo-2-0425-1B-Instruct/yahoo_000g1_050g2_050g3_n1000_s00_r16_i00_b5008_fea27ccee,yahoo_000g1_050g2_050g3_n1000_s00,0.049695998430252075,-0.0873325765132904
behavioral_greedy,mean_before,-1,/weka/scratch/jhu/cpriebe1/MO/model-taxonomy/results/shared_cache/03_adapters/allenai--OLMo-2-0425-1B-Instruct/yahoo_000g1_025g2_075g3_n1000_s00_r16_i00_b5008_fea27ccee,yahoo_000g1_025g2_075g3_n1000_s00,-0.006433785893023014,-0.11558772623538971
behavioral_greedy,mean_before,-1,/weka/scratch/jhu/cpriebe1/MO/model-taxonomy/results/shared_cache/03_adapters/allenai--OLMo-2-0425-1B-Instruct/yahoo_000g1_000g2_100g3_n1000_s00_r16_i00_b5008_fea27ccee,yahoo_000g1_000g2_100g3_n1000_s00,-0.05707395449280739,-0.12914517521858215
behavioral_greedy,seed_mean,-1,yahoo_000g1_000g2_100g3_n1000_s00,yahoo_000g1_000g2_100g3_n1000_s00,-0.09452399611473083,-0.1545952409505844
behavioral_greedy,seed_mean,-1,yahoo_000g1_025g2_075g3_n1000_s00,yahoo_000g1_025g2_075g3_n1000_s00,-0.04084823653101921,-0.15838555991649628
behavioral_greedy,seed_mean,-1,yahoo_000g1_050g2_050g3_n1000_s00,yahoo_000g1_050g2_050g3_n1000_s00,0.027031805366277695,-0.18875901401042938
behavioral_greedy,seed_mean,-1,yahoo_000g1_075g2_025g3_n1000_s00,yahoo_000g1_075g2_025g3_n1000_s00,0.13867834210395813,-0.20121453702449799
behavioral_greedy,seed_mean,-1,yahoo_000g1_100g2_000g3_n1000_s00,yahoo_000g1_100g2_000g3_n1000_s00,0.2698654532432556,-0.04982374235987663
behavioral_greedy,seed_mean,-1,yahoo_025g1_000g2_075g3_n1000_s00,yahoo_025g1_000g2_075g3_n1000_s00,-0.24225205183029175,-0.044118981808423996
behavioral_greedy,seed_mean,-1,yahoo_025g1_025g2_050g3_n1000_s00,yahoo_025g1_025g2_050g3_n1000_s00,-0.13438260555267334,-0.07007597386837006
behavioral_greedy,seed_mean,-1,yahoo_025g1_050g2_025g3_n1000_s00,yahoo_025g1_050g2_025g3_n1000_s00,0.04069405049085617,-0.0690050944685936
behavioral_greedy,seed_mean,-1,yahoo_025g1_075g2_000g3_n1000_s00,yahoo_025g1_075g2_000g3_n1000_s00,0.18219710886478424,-0.031125811859965324
behavioral_greedy,seed_mean,-1,yahoo_033g1_033g2_033g3_n1000_s00,yahoo_033g1_033g2_033g3_n1000_s00,-0.14257600903511047,0.04154800996184349
behavioral_greedy,seed_mean,-1,yahoo_050g1_000g2_050g3_n1000_s00,yahoo_050g1_000g2_050g3_n1000_s00,-0.19987118244171143,0.0709972232580185
behavioral_greedy,seed_mean,-1,yahoo_050g1_025g2_025g3_n1000_s00,yahoo_050g1_025g2_025g3_n1000_s00,-0.040248941630125046,0.11785616725683212
behavioral_greedy,seed_mean,-1,yahoo_050g1_050g2_000g3_n1000_s00,yahoo_050g1_050g2_000g3_n1000_s00,0.1047210693359375,0.07565364986658096
behavioral_greedy,seed_mean,-1,yahoo_075g1_000g2_025g3_n1000_s00,yahoo_075g1_000g2_025g3_n1000_s00,0.020909516140818596,0.22857800126075745
behavioral_greedy,seed_mean,-1,yahoo_075g1_025g2_000g3_n1000_s00,yahoo_075g1_025g2_000g3_n1000_s00,0.11060566455125809,0.17984706163406372
behavioral_greedy,seed_mean,-1,yahoo_100g1_000g2_000g3_n1000_s00,yahoo_100g1_000g2_000g3_n1000_s00,-9.612205986058155e-18,0.25262385606765747
behavioral_greedy,seed_reference,-1,yahoo_100g1_000g2_000g3_n1000_s00,yahoo_100g1_000g2_000g3_n1000_s00,0.07034385204315186,0.2960611581802368
behavioral_greedy,seed_reference,-1,yahoo_075g1_025g2_000g3_n1000_s00,yahoo_075g1_025g2_000g3_n1000_s00,0.15703879296779633,0.2103612720966339
behavioral_greedy,seed_reference,-1,yahoo_075g1_000g2_025g3_n1000_s00,yahoo_075g1_000g2_025g3_n1000_s00,-0.11472876369953156,0.2656822204589844
behavioral_greedy,seed_reference,-1,yahoo_050g1_050g2_000g3_n1000_s00,yahoo_050g1_050g2_000g3_n1000_s00,0.14336760342121124,0.0952761173248291
behavioral_greedy,seed_reference,-1,yahoo_050g1_025g2_025g3_n1000_s00,yahoo_050g1_025g2_025g3_n1000_s00,-0.037780944257974625,0.16453656554222107
behavioral_greedy,seed_reference,-1,yahoo_050g1_000g2_050g3_n1000_s00,yahoo_050g1_000g2_050g3_n1000_s00,-0.242280974984169,0.13292066752910614
behavioral_greedy,seed_reference,-1,yahoo_033g1_033g2_033g3_n1000_s00,yahoo_033g1_033g2_033g3_n1000_s00,-0.12439017742872238,0.049444444477558136
behavioral_greedy,seed_reference,-1,yahoo_025g1_075g2_000g3_n1000_s00,yahoo_025g1_075g2_000g3_n1000_s00,0.2400866448879242,0.0046693249605596066
behavioral_greedy,seed_reference,-1,yahoo_025g1_050g2_025g3_n1000_s00,yahoo_025g1_050g2_025g3_n1000_s00,0.07142793387174606,-0.06292413920164108
behavioral_greedy,seed_reference,-1,yahoo_025g1_025g2_050g3_n1000_s00,yahoo_025g1_025g2_050g3_n1000_s00,-0.1453312486410141,-0.08077141642570496
behavioral_greedy,seed_reference,-1,yahoo_025g1_000g2_075g3_n1000_s00,yahoo_025g1_000g2_075g3_n1000_s00,-0.31839612126350403,-0.04801382124423981
behavioral_greedy,seed_reference,-1,yahoo_000g1_100g2_000g3_n1000_s00,yahoo_000g1_100g2_000g3_n1000_s00,0.3080766499042511,-0.09500198811292648
behavioral_greedy,seed_reference,-1,yahoo_000g1_075g2_025g3_n1000_s00,yahoo_000g1_075g2_025g3_n1000_s00,0.1925555169582367,-0.22300800681114197
behavioral_greedy,seed_reference,-1,yahoo_000g1_050g2_050g3_n1000_s00,yahoo_000g1_050g2_050g3_n1000_s00,0.062440238893032074,-0.2138594090938568
behavioral_greedy,seed_reference,-1,yahoo_000g1_025g2_075g3_n1000_s00,yahoo_000g1_025g2_075g3_n1000_s00,-0.07312124222517014,-0.24604126811027527
behavioral_greedy,seed_reference,-1,yahoo_000g1_000g2_100g3_n1000_s00,yahoo_000g1_000g2_100g3_n1000_s00,-0.1893077939748764,-0.2493317574262619
behavioral_greedy,seed_aligned,0,/weka/scratch/jhu/cpriebe1/MO/model-taxonomy/results/shared_cache/03_adapters/allenai--OLMo-2-0425-1B-Instruct/yahoo_100g1_000g2_000g3_n1000_s00_r16_i00_b5008_fea27ccee,yahoo_100g1_000g2_000g3_n1000_s00,-0.020905302837491035,0.1718437522649765
behavioral_greedy,seed_aligned,0,/weka/scratch/jhu/cpriebe1/MO/model-taxonomy/results/shared_cache/03_adapters/allenai--OLMo-2-0425-1B-Instruct/yahoo_075g1_025g2_000g3_n1000_s00_r16_i00_b5008_fea27ccee,yahoo_075g1_025g2_000g3_n1000_s00,0.08959610760211945,0.12333106249570847
behavioral_greedy,seed_aligned,0,/weka/scratch/jhu/cpriebe1/MO/model-taxonomy/results/shared_cache/03_adapters/allenai--OLMo-2-0425-1B-Instruct/yahoo_075g1_000g2_025g3_n1000_s00_r16_i00_b5008_fea27ccee,yahoo_075g1_000g2_025g3_n1000_s00,0.04534938931465149,0.16344158351421356
behavioral_greedy,seed_aligned,0,/weka/scratch/jhu/cpriebe1/MO/model-taxonomy/results/shared_cache/03_adapters/allenai--OLMo-2-0425-1B-Instruct/yahoo_050g1_050g2_000g3_n1000_s00_r16_i00_b5008_fea27ccee,yahoo_050g1_050g2_000g3_n1000_s00,0.023631231859326363,0.013202094472944736
behavioral_greedy,seed_aligned,0,/weka/scratch/jhu/cpriebe1/MO/model-taxonomy/results/shared_cache/03_adapters/allenai--OLMo-2-0425-1B-Instruct/yahoo_050g1_025g2_025g3_n1000_s00_r16_i00_b5008_fea27ccee,yahoo_050g1_025g2_025g3_n1000_s00,-0.06244819983839989,0.06361258029937744
behavioral_greedy,seed_aligned,0,/weka/scratch/jhu/cpriebe1/MO/model-taxonomy/results/shared_cache/03_adapters/allenai--OLMo-2-0425-1B-Instruct/yahoo_050g1_000g2_050g3_n1000_s00_r16_i00_b5008_fea27ccee,yahoo_050g1_000g2_050g3_n1000_s00,-0.1645578294992447,0.055875904858112335
behavioral_greedy,seed_aligned,0,/weka/scratch/jhu/cpriebe1/MO/model-taxonomy/results/shared_cache/03_adapters/allenai--OLMo-2-0425-1B-Instruct/yahoo_033g1_033g2_033g3_n1000_s00_r16_i00_b5008_fea27ccee,yahoo_033g1_033g2_033g3_n1000_s00,-0.14935904741287231,-0.1109122559428215
behavioral_greedy,seed_aligned,0,/weka/scratch/jhu/cpriebe1/MO/model-taxonomy/results/shared_cache/03_adapters/allenai--OLMo-2-0425-1B-Instruct/yahoo_025g1_075g2_000g3_n1000_s00_r16_i00_b5008_fea27ccee,yahoo_025g1_075g2_000g3_n1000_s00,0.07450266927480698,-0.049043700098991394
behavioral_greedy,seed_aligned,0,/weka/scratch/jhu/cpriebe1/MO/model-taxonomy/results/shared_cache/03_adapters/allenai--OLMo-2-0425-1B-Instruct/yahoo_025g1_050g2_025g3_n1000_s00_r16_i00_b5008_fea27ccee,yahoo_025g1_050g2_025g3_n1000_s00,-0.055340081453323364,-0.08371499925851822
behavioral_greedy,seed_aligned,0,/weka/scratch/jhu/cpriebe1/MO/model-taxonomy/results/shared_cache/03_adapters/allenai--OLMo-2-0425-1B-Instruct/yahoo_025g1_025g2_050g3_n1000_s00_r16_i00_b5008_fea27ccee,yahoo_025g1_025g2_050g3_n1000_s00,-0.14842374622821808,-0.0294033195823431
behavioral_greedy,seed_aligned,0,/weka/scratch/jhu/cpriebe1/MO/model-taxonomy/results/shared_cache/03_adapters/allenai--OLMo-2-0425-1B-Instruct/yahoo_025g1_000g2_075g3_n1000_s00_r16_i00_b5008_fea27ccee,yahoo_025g1_000g2_075g3_n1000_s00,-0.14181508123874664,0.13929370045661926
behavioral_greedy,seed_aligned,0,/weka/scratch/jhu/cpriebe1/MO/model-taxonomy/results/shared_cache/03_adapters/allenai--OLMo-2-0425-1B-Instruct/yahoo_000g1_100g2_000g3_n1000_s00_r16_i00_b5008_fea27ccee,yahoo_000g1_100g2_000g3_n1000_s00,0.18041346967220306,-0.05675370246171951
behavioral_greedy,seed_aligned,0,/weka/scratch/jhu/cpriebe1/MO/model-taxonomy/results/shared_cache/03_adapters/allenai--OLMo-2-0425-1B-Instruct/yahoo_000g1_075g2_025g3_n1000_s00_r16_i00_b5008_fea27ccee,yahoo_000g1_075g2_025g3_n1000_s00,-0.007522996515035629,-0.1934940218925476
behavioral_greedy,seed_aligned,0,/weka/scratch/jhu/cpriebe1/MO/model-taxonomy/results/shared_cache/03_adapters/allenai--OLMo-2-0425-1B-Instruct/yahoo_000g1_050g2_050g3_n1000_s00_r16_i00_b5008_fea27ccee,yahoo_000g1_050g2_050g3_n1000_s00,0.020545873790979385,-0.13453403115272522
behavioral_greedy,seed_aligned,0,/weka/scratch/jhu/cpriebe1/MO/model-taxonomy/results/shared_cache/03_adapters/allenai--OLMo-2-0425-1B-Instruct/yahoo_000g1_025g2_075g3_n1000_s00_r16_i00_b5008_fea27ccee,yahoo_000g1_025g2_075g3_n1000_s00,0.17719687521457672,0.05731378123164177
behavioral_greedy,seed_aligned,0,/weka/scratch/jhu/cpriebe1/MO/model-taxonomy/results/shared_cache/03_adapters/allenai--OLMo-2-0425-1B-Instruct/yahoo_000g1_000g2_100g3_n1000_s00_r16_i00_b5008_fea27ccee,yahoo_000g1_000g2_100g3_n1000_s00,0.1391366720199585,-0.1300584077835083
behavioral_greedy,seed_aligned,1,/weka/scratch/jhu/cpriebe1/MO/model-taxonomy/results/shared_cache/03_adapters/allenai--OLMo-2-0425-1B-Instruct/yahoo_100g1_000g2_000g3_n1000_s00_r16_i01_b5008_fea27ccee,yahoo_100g1_000g2_000g3_n1000_s00,-0.04956487566232681,0.2608289420604706
behavioral_greedy,seed_aligned,1,/weka/scratch/jhu/cpriebe1/MO/model-taxonomy/results/shared_cache/03_adapters/allenai--OLMo-2-0425-1B-Instruct/yahoo_075g1_025g2_000g3_n1000_s00_r16_i01_b5008_fea27ccee,yahoo_075g1_025g2_000g3_n1000_s00,0.030712945386767387,0.195217564702034
behavioral_greedy,seed_aligned,1,/weka/scratch/jhu/cpriebe1/MO/model-taxonomy/results/shared_cache/03_adapters/allenai--OLMo-2-0425-1B-Instruct/yahoo_075g1_000g2_025g3_n1000_s00_r16_i01_b5008_fea27ccee,yahoo_075g1_000g2_025g3_n1000_s00,0.1153135746717453,0.21300961077213287
behavioral_greedy,seed_aligned,1,/weka/scratch/jhu/cpriebe1/MO/model-taxonomy/results/shared_cache/03_adapters/allenai--OLMo-2-0425-1B-Instruct/yahoo_050g1_050g2_000g3_n1000_s00_r16_i01_b5008_fea27ccee,yahoo_050g1_050g2_000g3_n1000_s00,0.10633506625890732,0.0821927860379219
behavioral_greedy,seed_aligned,1,/weka/scratch/jhu/cpriebe1/MO/model-taxonomy/results/shared_cache/03_adapters/allenai--OLMo-2-0425-1B-Instruct/yahoo_050g1_025g2_025g3_n1000_s00_r16_i01_b5008_fea27ccee,yahoo_050g1_025g2_025g3_n1000_s00,-0.035170264542102814,0.08118876814842224
behavioral_greedy,seed_aligned,1,/weka/scratch/jhu/cpriebe1/MO/model-taxonomy/results/shared_cache/03_adapters/allenai--OLMo-2-0425-1B-Instruct/yahoo_050g1_000g2_050g3_n1000_s00_r16_i01_b5008_fea27ccee,yahoo_050g1_000g2_050g3_n1000_s00,-0.1620277762413025,0.14511443674564362
behavioral_greedy,seed_aligned,1,/weka/scratch/jhu/cpriebe1/MO/model-taxonomy/results/shared_cache/03_adapters/allenai--OLMo-2-0425-1B-Instruct/yahoo_033g1_033g2_033g3_n1000_s00_r16_i01_b5008_fea27ccee,yahoo_033g1_033g2_033g3_n1000_s00,-0.10466165840625763,-0.045020993798971176
behavioral_greedy,seed_aligned,1,/weka/scratch/jhu/cpriebe1/MO/model-taxonomy/results/shared_cache/03_adapters/allenai--OLMo-2-0425-1B-Instruct/yahoo_025g1_075g2_000g3_n1000_s00_r16_i01_b5008_fea27ccee,yahoo_025g1_075g2_000g3_n1000_s00,0.1960379034280777,-0.03382858633995056
behavioral_greedy,seed_aligned,1,/weka/scratch/jhu/cpriebe1/MO/model-taxonomy/results/shared_cache/03_adapters/allenai--OLMo-2-0425-1B-Instruct/yahoo_025g1_050g2_025g3_n1000_s00_r16_i01_b5008_fea27ccee,yahoo_025g1_050g2_025g3_n1000_s00,0.062308646738529205,-0.0896880179643631
behavioral_greedy,seed_aligned,1,/weka/scratch/jhu/cpriebe1/MO/model-taxonomy/results/shared_cache/03_adapters/allenai--OLMo-2-0425-1B-Instruct/yahoo_025g1_025g2_050g3_n1000_s00_r16_i01_b5008_fea27ccee,yahoo_025g1_025g2_050g3_n1000_s00,-0.13167187571525574,-0.1637316793203354
behavioral_greedy,seed_aligned,1,/weka/scratch/jhu/cpriebe1/MO/model-taxonomy/results/shared_cache/03_adapters/allenai--OLMo-2-0425-1B-Instruct/yahoo_025g1_000g2_075g3_n1000_s00_r16_i01_b5008_fea27ccee,yahoo_025g1_000g2_075g3_n1000_s00,-0.2709393799304962,-0.10343760997056961
behavioral_greedy,seed_aligned,1,/weka/scratch/jhu/cpriebe1/MO/model-taxonomy/results/shared_cache/03_adapters/allenai--OLMo-2-0425-1B-Instruct/yahoo_000g1_100g2_000g3_n1000_s00_r16_i01_b5008_fea27ccee,yahoo_000g1_100g2_000g3_n1000_s00,0.29749926924705505,0.016719697043299675
behavioral_greedy,seed_aligned,1,/weka/scratch/jhu/cpriebe1/MO/model-taxonomy/results/shared_cache/03_adapters/allenai--OLMo-2-0425-1B-Instruct/yahoo_000g1_075g2_025g3_n1000_s00_r16_i01_b5008_fea27ccee,yahoo_000g1_075g2_025g3_n1000_s00,0.19343703985214233,-0.1746353656053543
behavioral_greedy,seed_aligned,1,/weka/scratch/jhu/cpriebe1/MO/model-taxonomy/results/shared_cache/03_adapters/allenai--OLMo-2-0425-1B-Instruct/yahoo_000g1_050g2_050g3_n1000_s00_r16_i01_b5008_fea27ccee,yahoo_000g1_050g2_050g3_n1000_s00,0.06186078488826752,-0.19512517750263214
behavioral_greedy,seed_aligned,1,/weka/scratch/jhu/cpriebe1/MO/model-taxonomy/results/shared_cache/03_adapters/allenai--OLMo-2-0425-1B-Instruct/yahoo_000g1_025g2_075g3_n1000_s00_r16_i01_b5008_fea27ccee,yahoo_000g1_025g2_075g3_n1000_s00,-0.05553341284394264,-0.24069936573505402
behavioral_greedy,seed_aligned,1,/weka/scratch/jhu/cpriebe1/MO/model-taxonomy/results/shared_cache/03_adapters/allenai--OLMo-2-0425-1B-Instruct/yahoo_000g1_000g2_100g3_n1000_s00_r16_i01_b5008_fea27ccee,yahoo_000g1_000g2_100g3_n1000_s00,-0.2539359927177429,0.051894985139369965
behavioral_greedy,seed_aligned,2,/weka/scratch/jhu/cpriebe1/MO/model-taxonomy/results/shared_cache/03_adapters/allenai--OLMo-2-0425-1B-Instruct/yahoo_100g1_000g2_000g3_n1000_s00_r16_i02_b5008_fea27ccee,yahoo_100g1_000g2_000g3_n1000_s00,-0.05176713690161705,0.2739173471927643
behavioral_greedy,seed_aligned,2,/weka/scratch/jhu/cpriebe1/MO/model-taxonomy/results/shared_cache/03_adapters/allenai--OLMo-2-0425-1B-Instruct/yahoo_075g1_025g2_000g3_n1000_s00_r16_i02_b5008_fea27ccee,yahoo_075g1_025g2_000g3_n1000_s00,0.1349378079175949,0.19148068130016327
behavioral_greedy,seed_aligned,2,/weka/scratch/jhu/cpriebe1/MO/model-taxonomy/results/shared_cache/03_adapters/allenai--OLMo-2-0425-1B-Instruct/yahoo_075g1_000g2_025g3_n1000_s00_r16_i02_b5008_fea27ccee,yahoo_075g1_000g2_025g3_n1000_s00,0.045867808163166046,0.2599407732486725
behavioral_greedy,seed_aligned,2,/weka/scratch/jhu/cpriebe1/MO/model-taxonomy/results/shared_cache/03_adapters/allenai--OLMo-2-0425-1B-Instruct/yahoo_050g1_050g2_000g3_n1000_s00_r16_i02_b5008_fea27ccee,yahoo_050g1_050g2_000g3_n1000_s00,0.18344631791114807,0.0932118222117424
behavioral_greedy,seed_aligned,2,/weka/scratch/jhu/cpriebe1/MO/model-taxonomy/results/shared_cache/03_adapters/allenai--OLMo-2-0425-1B-Instruct/yahoo_050g1_025g2_025g3_n1000_s00_r16_i02_b5008_fea27ccee,yahoo_050g1_025g2_025g3_n1000_s00,-0.049524493515491486,0.12330310791730881
behavioral_greedy,seed_aligned,2,/weka/scratch/jhu/cpriebe1/MO/model-taxonomy/results/shared_cache/03_adapters/allenai--OLMo-2-0425-1B-Instruct/yahoo_050g1_000g2_050g3_n1000_s00_r16_i02_b5008_fea27ccee,yahoo_050g1_000g2_050g3_n1000_s00,-0.23115487396717072,0.06812118738889694
behavioral_greedy,seed_aligned,2,/weka/scratch/jhu/cpriebe1/MO/model-taxonomy/results/shared_cache/03_adapters/allenai--OLMo-2-0425-1B-Instruct/yahoo_033g1_033g2_033g3_n1000_s00_r16_i02_b5008_fea27ccee,yahoo_033g1_033g2_033g3_n1000_s00,-0.17608493566513062,0.15373313426971436
behavioral_greedy,seed_aligned,2,/weka/scratch/jhu/cpriebe1/MO/model-taxonomy/results/shared_cache/03_adapters/allenai--OLMo-2-0425-1B-Instruct/yahoo_025g1_075g2_000g3_n1000_s00_r16_i02_b5008_fea27ccee,yahoo_025g1_075g2_000g3_n1000_s00,0.19223207235336304,-0.03920922428369522
behavioral_greedy,seed_aligned,2,/weka/scratch/jhu/cpriebe1/MO/model-taxonomy/results/shared_cache/03_adapters/allenai--OLMo-2-0425-1B-Instruct/yahoo_025g1_050g2_025g3_n1000_s00_r16_i02_b5008_fea27ccee,yahoo_025g1_050g2_025g3_n1000_s00,0.06713493913412094,-0.05845015123486519
behavioral_greedy,seed_aligned,2,/weka/scratch/jhu/cpriebe1/MO/model-taxonomy/results/shared_cache/03_adapters/allenai--OLMo-2-0425-1B-Instruct/yahoo_025g1_025g2_050g3_n1000_s00_r16_i02_b5008_fea27ccee,yahoo_025g1_025g2_050g3_n1000_s00,-0.10505858808755875,-0.05388503521680832
behavioral_greedy,seed_aligned,2,/weka/scratch/jhu/cpriebe1/MO/model-taxonomy/results/shared_cache/03_adapters/allenai--OLMo-2-0425-1B-Instruct/yahoo_025g1_000g2_075g3_n1000_s00_r16_i02_b5008_fea27ccee,yahoo_025g1_000g2_075g3_n1000_s00,-0.22228184342384338,-0.2073071449995041
behavioral_greedy,seed_aligned,2,/weka/scratch/jhu/cpriebe1/MO/model-taxonomy/results/shared_cache/03_adapters/allenai--OLMo-2-0425-1B-Instruct/yahoo_000g1_100g2_000g3_n1000_s00_r16_i02_b5008_fea27ccee,yahoo_000g1_100g2_000g3_n1000_s00,0.3016930818557739,-0.05872243642807007
behavioral_greedy,seed_aligned,2,/weka/scratch/jhu/cpriebe1/MO/model-taxonomy/results/shared_cache/03_adapters/allenai--OLMo-2-0425-1B-Instruct/yahoo_000g1_075g2_025g3_n1000_s00_r16_i02_b5008_fea27ccee,yahoo_000g1_075g2_025g3_n1000_s00,0.16685950756072998,-0.24232852458953857
behavioral_greedy,seed_aligned,2,/weka/scratch/jhu/cpriebe1/MO/model-taxonomy/results/shared_cache/03_adapters/allenai--OLMo-2-0425-1B-Instruct/yahoo_000g1_050g2_050g3_n1000_s00_r16_i02_b5008_fea27ccee,yahoo_000g1_050g2_050g3_n1000_s00,0.05507458373904228,-0.1929139345884323
behavioral_greedy,seed_aligned,2,/weka/scratch/jhu/cpriebe1/MO/model-taxonomy/results/shared_cache/03_adapters/allenai--OLMo-2-0425-1B-Instruct/yahoo_000g1_025g2_075g3_n1000_s00_r16_i02_b5008_fea27ccee,yahoo_000g1_025g2_075g3_n1000_s00,-0.06800229847431183,-0.20795470476150513
behavioral_greedy,seed_aligned,2,/weka/scratch/jhu/cpriebe1/MO/model-taxonomy/results/shared_cache/03_adapters/allenai--OLMo-2-0425-1B-Instruct/yahoo_000g1_000g2_100g3_n1000_s00_r16_i02_b5008_fea27ccee,yahoo_000g1_000g2_100g3_n1000_s00,-0.24337193369865417,-0.10293693840503693
behavioral_greedy,seed_aligned,3,/weka/scratch/jhu/cpriebe1/MO/model-taxonomy/results/shared_cache/03_adapters/allenai--OLMo-2-0425-1B-Instruct/yahoo_100g1_000g2_000g3_n1000_s00_r16_i03_b5008_fea27ccee,yahoo_100g1_000g2_000g3_n1000_s00,-0.04392723739147186,0.2644655108451843
behavioral_greedy,seed_aligned,3,/weka/scratch/jhu/cpriebe1/MO/model-taxonomy/results/shared_cache/03_adapters/allenai--OLMo-2-0425-1B-Instruct/yahoo_075g1_025g2_000g3_n1000_s00_r16_i03_b5008_fea27ccee,yahoo_075g1_025g2_000g3_n1000_s00,0.04688269644975662,0.20545656979084015
behavioral_greedy,seed_aligned,3,/weka/scratch/jhu/cpriebe1/MO/model-taxonomy/results/shared_cache/03_adapters/allenai--OLMo-2-0425-1B-Instruct/yahoo_075g1_000g2_025g3_n1000_s00_r16_i03_b5008_fea27ccee,yahoo_075g1_000g2_025g3_n1000_s00,0.16585485637187958,0.21520179510116577
behavioral_greedy,seed_aligned,3,/weka/scratch/jhu/cpriebe1/MO/model-taxonomy/results/shared_cache/03_adapters/allenai--OLMo-2-0425-1B-Instruct/yahoo_050g1_050g2_000g3_n1000_s00_r16_i03_b5008_fea27ccee,yahoo_050g1_050g2_000g3_n1000_s00,0.0851212665438652,0.07853461802005768
behavioral_greedy,seed_aligned,3,/weka/scratch/jhu/cpriebe1/MO/model-taxonomy/results/shared_cache/03_adapters/allenai--OLMo-2-0425-1B-Instruct/yahoo_050g1_025g2_025g3_n1000_s00_r16_i03_b5008_fea27ccee,yahoo_050g1_025g2_025g3_n1000_s00,-0.06338606774806976,0.09928480535745621
behavioral_greedy,seed_aligned,3,/weka/scratch/jhu/cpriebe1/MO/model-taxonomy/results/shared_cache/03_adapters/allenai--OLMo-2-0425-1B-Instruct/yahoo_050g1_000g2_050g3_n1000_s00_r16_i03_b5008_fea27ccee,yahoo_050g1_000g2_050g3_n1000_s00,-0.22106042504310608,0.06886781752109528
behavioral_greedy,seed_aligned,3,/weka/scratch/jhu/cpriebe1/MO/model-taxonomy/results/shared_cache/03_adapters/allenai--OLMo-2-0425-1B-Instruct/yahoo_033g1_033g2_033g3_n1000_s00_r16_i03_b5008_fea27ccee,yahoo_033g1_033g2_033g3_n1000_s00,-0.1463005244731903,0.14886918663978577
behavioral_greedy,seed_aligned,3,/weka/scratch/jhu/cpriebe1/MO/model-taxonomy/results/shared_cache/03_adapters/allenai--OLMo-2-0425-1B-Instruct/yahoo_025g1_075g2_000g3_n1000_s00_r16_i03_b5008_fea27ccee,yahoo_025g1_075g2_000g3_n1000_s00,0.1961263120174408,0.0068053556606173515
behavioral_greedy,seed_aligned,3,/weka/scratch/jhu/cpriebe1/MO/model-taxonomy/results/shared_cache/03_adapters/allenai--OLMo-2-0425-1B-Instruct/yahoo_025g1_050g2_025g3_n1000_s00_r16_i03_b5008_fea27ccee,yahoo_025g1_050g2_025g3_n1000_s00,0.10449907928705215,-0.07508937269449234
behavioral_greedy,seed_aligned,3,/weka/scratch/jhu/cpriebe1/MO/model-taxonomy/results/shared_cache/03_adapters/allenai--OLMo-2-0425-1B-Instruct/yahoo_025g1_025g2_050g3_n1000_s00_r16_i03_b5008_fea27ccee,yahoo_025g1_025g2_050g3_n1000_s00,-0.0639507845044136,-0.07955851405858994
behavioral_greedy,seed_aligned,3,/weka/scratch/jhu/cpriebe1/MO/model-taxonomy/results/shared_cache/03_adapters/allenai--OLMo-2-0425-1B-Instruct/yahoo_025g1_000g2_075g3_n1000_s00_r16_i03_b5008_fea27ccee,yahoo_025g1_000g2_075g3_n1000_s00,-0.20950736105442047,-0.17687079310417175
behavioral_greedy,seed_aligned,3,/weka/scratch/jhu/cpriebe1/MO/model-taxonomy/results/shared_cache/03_adapters/allenai--OLMo-2-0425-1B-Instruct/yahoo_000g1_100g2_000g3_n1000_s00_r16_i03_b5008_fea27ccee,yahoo_000g1_100g2_000g3_n1000_s00,0.2838897705078125,-0.05551331117749214
behavioral_greedy,seed_aligned,3,/weka/scratch/jhu/cpriebe1/MO/model-taxonomy/results/shared_cache/03_adapters/allenai--OLMo-2-0425-1B-Instruct/yahoo_000g1_075g2_025g3_n1000_s00_r16_i03_b5008_fea27ccee,yahoo_000g1_075g2_025g3_n1000_s00,0.17883770167827606,-0.20109911262989044
behavioral_greedy,seed_aligned,3,/weka/scratch/jhu/cpriebe1/MO/model-taxonomy/results/shared_cache/03_adapters/allenai--OLMo-2-0425-1B-Instruct/yahoo_000g1_050g2_050g3_n1000_s00_r16_i03_b5008_fea27ccee,yahoo_000g1_050g2_050g3_n1000_s00,0.048553310334682465,-0.20374545454978943
behavioral_greedy,seed_aligned,3,/weka/scratch/jhu/cpriebe1/MO/model-taxonomy/results/shared_cache/03_adapters/allenai--OLMo-2-0425-1B-Instruct/yahoo_000g1_025g2_075g3_n1000_s00_r16_i03_b5008_fea27ccee,yahoo_000g1_025g2_075g3_n1000_s00,-0.09671101719141006,-0.2227679342031479
behavioral_greedy,seed_aligned,3,/weka/scratch/jhu/cpriebe1/MO/model-taxonomy/results/shared_cache/03_adapters/allenai--OLMo-2-0425-1B-Instruct/yahoo_000g1_000g2_100g3_n1000_s00_r16_i03_b5008_fea27ccee,yahoo_000g1_000g2_100g3_n1000_s00,-0.2649215757846832,-0.07284125685691833
behavioral_greedy,seed_aligned,4,/weka/scratch/jhu/cpriebe1/MO/model-taxonomy/results/shared_cache/03_adapters/allenai--OLMo-2-0425-1B-Instruct/yahoo_100g1_000g2_000g3_n1000_s00_r16_i04_b5008_fea27ccee,yahoo_100g1_000g2_000g3_n1000_s00,-0.049513448029756546,0.24661850929260254
behavioral_greedy,seed_aligned,4,/weka/scratch/jhu/cpriebe1/MO/model-taxonomy/results/shared_cache/03_adapters/allenai--OLMo-2-0425-1B-Instruct/yahoo_075g1_025g2_000g3_n1000_s00_r16_i04_b5008_fea27ccee,yahoo_075g1_025g2_000g3_n1000_s00,0.14386272430419922,0.18524788320064545
behavioral_greedy,seed_aligned,4,/weka/scratch/jhu/cpriebe1/MO/model-taxonomy/results/shared_cache/03_adapters/allenai--OLMo-2-0425-1B-Instruct/yahoo_075g1_000g2_025g3_n1000_s00_r16_i04_b5008_fea27ccee,yahoo_075g1_000g2_025g3_n1000_s00,0.04058516398072243,0.23543484508991241
behavioral_greedy,seed_aligned,4,/weka/scratch/jhu/cpriebe1/MO/model-taxonomy/results/shared_cache/03_adapters/allenai--OLMo-2-0425-1B-Instruct/yahoo_050g1_050g2_000g3_n1000_s00_r16_i04_b5008_fea27ccee,yahoo_050g1_050g2_000g3_n1000_s00,0.11239338666200638,0.06561256945133209
behavioral_greedy,seed_aligned,4,/weka/scratch/jhu/cpriebe1/MO/model-taxonomy/results/shared_cache/03_adapters/allenai--OLMo-2-0425-1B-Instruct/yahoo_050g1_025g2_025g3_n1000_s00_r16_i04_b5008_fea27ccee,yahoo_050g1_025g2_025g3_n1000_s00,-0.017985623329877853,0.1102309599518776
behavioral_greedy,seed_aligned,4,/weka/scratch/jhu/cpriebe1/MO/model-taxonomy/results/shared_cache/03_adapters/allenai--OLMo-2-0425-1B-Instruct/yahoo_050g1_000g2_050g3_n1000_s00_r16_i04_b5008_fea27ccee,yahoo_050g1_000g2_050g3_n1000_s00,-0.25036266446113586,0.03615332022309303
behavioral_greedy,seed_aligned,4,/weka/scratch/jhu/cpriebe1/MO/model-taxonomy/results/shared_cache/03_adapters/allenai--OLMo-2-0425-1B-Instruct/yahoo_033g1_033g2_033g3_n1000_s00_r16_i04_b5008_fea27ccee,yahoo_033g1_033g2_033g3_n1000_s00,-0.12159420549869537,0.008915397338569164
behavioral_greedy,seed_aligned,4,/weka/scratch/jhu/cpriebe1/MO/model-taxonomy/results/shared_cache/03_adapters/allenai--OLMo-2-0425-1B-Instruct/yahoo_025g1_075g2_000g3_n1000_s00_r16_i04_b5008_fea27ccee,yahoo_025g1_075g2_000g3_n1000_s00,0.2277512401342392,0.03007090464234352
behavioral_greedy,seed_aligned,4,/weka/scratch/jhu/cpriebe1/MO/model-taxonomy/results/shared_cache/03_adapters/allenai--OLMo-2-0425-1B-Instruct/yahoo_025g1_050g2_025g3_n1000_s00_r16_i04_b5008_fea27ccee,yahoo_025g1_050g2_025g3_n1000_s00,0.027390288189053535,-0.057654980570077896
behavioral_greedy,seed_aligned,4,/weka/scratch/jhu/cpriebe1/MO/model-taxonomy/results/shared_cache/03_adapters/allenai--OLMo-2-0425-1B-Instruct/yahoo_025g1_025g2_050g3_n1000_s00_r16_i04_b5008_fea27ccee,yahoo_025g1_025g2_050g3_n1000_s00,-0.20237934589385986,-0.09440577030181885
behavioral_greedy,seed_aligned,4,/weka/scratch/jhu/cpriebe1/MO/model-taxonomy/results/shared_cache/03_adapters/allenai--OLMo-2-0425-1B-Instruct/yahoo_025g1_000g2_075g3_n1000_s00_r16_i04_b5008_fea27ccee,yahoo_025g1_000g2_075g3_n1000_s00,-0.2385561466217041,0.156798854470253
behavioral_greedy,seed_aligned,4,/weka/scratch/jhu/cpriebe1/MO/model-taxonomy/results/shared_cache/03_adapters/allenai--OLMo-2-0425-1B-Instruct/yahoo_000g1_100g2_000g3_n1000_s00_r16_i04_b5008_fea27ccee,yahoo_000g1_100g2_000g3_n1000_s00,0.2554853856563568,-0.08096305280923843
behavioral_greedy,seed_aligned,4,/weka/scratch/jhu/cpriebe1/MO/model-taxonomy/results/shared_cache/03_adapters/allenai--OLMo-2-0425-1B-Instruct/yahoo_000g1_075g2_025g3_n1000_s00_r16_i04_b5008_fea27ccee,yahoo_000g1_075g2_025g3_n1000_s00,0.17940913140773773,-0.15659847855567932
behavioral_greedy,seed_aligned,4,/weka/scratch/jhu/cpriebe1/MO/model-taxonomy/results/shared_cache/03_adapters/allenai--OLMo-2-0425-1B-Instruct/yahoo_000g1_050g2_050g3_n1000_s00_r16_i04_b5008_fea27ccee,yahoo_000g1_050g2_050g3_n1000_s00,-0.12125523388385773,-0.2114829272031784
behavioral_greedy,seed_aligned,4,/weka/scratch/jhu/cpriebe1/MO/model-taxonomy/results/shared_cache/03_adapters/allenai--OLMo-2-0425-1B-Instruct/yahoo_000g1_025g2_075g3_n1000_s00_r16_i04_b5008_fea27ccee,yahoo_000g1_025g2_075g3_n1000_s00,-0.044127676635980606,-0.2006841003894806
behavioral_greedy,seed_aligned,4,/weka/scratch/jhu/cpriebe1/MO/model-taxonomy/results/shared_cache/03_adapters/allenai--OLMo-2-0425-1B-Instruct/yahoo_000g1_000g2_100g3_n1000_s00_r16_i04_b5008_fea27ccee,yahoo_000g1_000g2_100g3_n1000_s00,0.058897003531455994,-0.27329397201538086
behavioral_greedy,seed_aligned,5,/weka/scratch/jhu/cpriebe1/MO/model-taxonomy/results/shared_cache/03_adapters/allenai--OLMo-2-0425-1B-Instruct/yahoo_100g1_000g2_000g3_n1000_s00_r16_i05_b5008_fea27ccee,yahoo_100g1_000g2_000g3_n1000_s00,-0.06209303438663483,0.23521050810813904
behavioral_greedy,seed_aligned,5,/weka/scratch/jhu/cpriebe1/MO/model-taxonomy/results/shared_cache/03_adapters/allenai--OLMo-2-0425-1B-Instruct/yahoo_075g1_025g2_000g3_n1000_s00_r16_i05_b5008_fea27ccee,yahoo_075g1_025g2_000g3_n1000_s00,0.1084413230419159,0.17692159116268158
behavioral_greedy,seed_aligned,5,/weka/scratch/jhu/cpriebe1/MO/model-taxonomy/results/shared_cache/03_adapters/allenai--OLMo-2-0425-1B-Instruct/yahoo_075g1_000g2_025g3_n1000_s00_r16_i05_b5008_fea27ccee,yahoo_075g1_000g2_025g3_n1000_s00,0.032102663069963455,0.2500659227371216
behavioral_greedy,seed_aligned,5,/weka/scratch/jhu/cpriebe1/MO/model-taxonomy/results/shared_cache/03_adapters/allenai--OLMo-2-0425-1B-Instruct/yahoo_050g1_050g2_000g3_n1000_s00_r16_i05_b5008_fea27ccee,yahoo_050g1_050g2_000g3_n1000_s00,0.1549133062362671,0.08343792706727982
behavioral_greedy,seed_aligned,5,/weka/scratch/jhu/cpriebe1/MO/model-taxonomy/results/shared_cache/03_adapters/allenai--OLMo-2-0425-1B-Instruct/yahoo_050g1_025g2_025g3_n1000_s00_r16_i05_b5008_fea27ccee,yahoo_050g1_025g2_025g3_n1000_s00,-0.013087012805044651,0.10146303474903107
behavioral_greedy,seed_aligned,5,/weka/scratch/jhu/cpriebe1/MO/model-taxonomy/results/shared_cache/03_adapters/allenai--OLMo-2-0425-1B-Instruct/yahoo_050g1_000g2_050g3_n1000_s00_r16_i05_b5008_fea27ccee,yahoo_050g1_000g2_050g3_n1000_s00,-0.1325601190328598,-0.12077905237674713
behavioral_greedy,seed_aligned,5,/weka/scratch/jhu/cpriebe1/MO/model-taxonomy/results/shared_cache/03_adapters/allenai--OLMo-2-0425-1B-Instruct/yahoo_033g1_033g2_033g3_n1000_s00_r16_i05_b5008_fea27ccee,yahoo_033g1_033g2_033g3_n1000_s00,-0.16530734300613403,0.13985224068164825
behavioral_greedy,seed_aligned,5,/weka/scratch/jhu/cpriebe1/MO/model-taxonomy/results/shared_cache/03_adapters/allenai--OLMo-2-0425-1B-Instruct/yahoo_025g1_075g2_000g3_n1000_s00_r16_i05_b5008_fea27ccee,yahoo_025g1_075g2_000g3_n1000_s00,0.20071940124034882,-0.07309141755104065
behavioral_greedy,seed_aligned,5,/weka/scratch/jhu/cpriebe1/MO/model-taxonomy/results/shared_cache/03_adapters/allenai--OLMo-2-0425-1B-Instruct/yahoo_025g1_050g2_025g3_n1000_s00_r16_i05_b5008_fea27ccee,yahoo_025g1_050g2_025g3_n1000_s00,0.06766173988580704,-0.05451709404587746
behavioral_greedy,seed_aligned,5,/weka/scratch/jhu/cpriebe1/MO/model-taxonomy/results/shared_cache/03_adapters/allenai--OLMo-2-0425-1B-Instruct/yahoo_025g1_025g2_050g3_n1000_s00_r16_i05_b5008_fea27ccee,yahoo_025g1_025g2_050g3_n1000_s00,-0.10845471918582916,-0.01187854167073965
behavioral_greedy,seed_aligned,5,/weka/scratch/jhu/cpriebe1/MO/model-taxonomy/results/shared_cache/03_adapters/allenai--OLMo-2-0425-1B-Instruct/yahoo_025g1_000g2_075g3_n1000_s00_r16_i05_b5008_fea27ccee,yahoo_025g1_000g2_075g3_n1000_s00,-0.25357264280319214,-0.13711054623126984
behavioral_greedy,seed_aligned,5,/weka/scratch/jhu/cpriebe1/MO/model-taxonomy/results/shared_cache/03_adapters/allenai--OLMo-2-0425-1B-Instruct/yahoo_000g1_100g2_000g3_n1000_s00_r16_i05_b5008_fea27ccee,yahoo_000g1_100g2_000g3_n1000_s00,0.2889595031738281,0.00936814397573471
behavioral_greedy,seed_aligned,5,/weka/scratch/jhu/cpriebe1/MO/model-taxonomy/results/shared_cache/03_adapters/allenai--OLMo-2-0425-1B-Instruct/yahoo_000g1_075g2_025g3_n1000_s00_r16_i05_b5008_fea27ccee,yahoo_000g1_075g2_025g3_n1000_s00,0.15759731829166412,-0.21127361059188843
behavioral_greedy,seed_aligned,5,/weka/scratch/jhu/cpriebe1/MO/model-taxonomy/results/shared_cache/03_adapters/allenai--OLMo-2-0425-1B-Instruct/yahoo_000g1_050g2_050g3_n1000_s00_r16_i05_b5008_fea27ccee,yahoo_000g1_050g2_050g3_n1000_s00,0.054769888520240784,-0.17042331397533417
behavioral_greedy,seed_aligned,5,/weka/scratch/jhu/cpriebe1/MO/model-taxonomy/results/shared_cache/03_adapters/allenai--OLMo-2-0425-1B-Instruct/yahoo_000g1_025g2_075g3_n1000_s00_r16_i05_b5008_fea27ccee,yahoo_000g1_025g2_075g3_n1000_s00,-0.07126476615667343,-0.2334263175725937
behavioral_greedy,seed_aligned,5,/weka/scratch/jhu/cpriebe1/MO/model-taxonomy/results/shared_cache/03_adapters/allenai--OLMo-2-0425-1B-Instruct/yahoo_000g1_000g2_100g3_n1000_s00_r16_i05_b5008_fea27ccee,yahoo_000g1_000g2_100g3_n1000_s00,-0.25882548093795776,0.01618049293756485
behavioral_greedy,seed_aligned,6,/weka/scratch/jhu/cpriebe1/MO/model-taxonomy/results/shared_cache/03_adapters/allenai--OLMo-2-0425-1B-Instruct/yahoo_100g1_000g2_000g3_n1000_s00_r16_i06_b5008_fea27ccee,yahoo_100g1_000g2_000g3_n1000_s00,0.006562183611094952,0.21565856039524078
behavioral_greedy,seed_aligned,6,/weka/scratch/jhu/cpriebe1/MO/model-taxonomy/results/shared_cache/03_adapters/allenai--OLMo-2-0425-1B-Instruct/yahoo_075g1_025g2_000g3_n1000_s00_r16_i06_b5008_fea27ccee,yahoo_075g1_025g2_000g3_n1000_s00,0.08504355698823929,0.1691436767578125
behavioral_greedy,seed_aligned,6,/weka/scratch/jhu/cpriebe1/MO/model-taxonomy/results/shared_cache/03_adapters/allenai--OLMo-2-0425-1B-Instruct/yahoo_075g1_000g2_025g3_n1000_s00_r16_i06_b5008_fea27ccee,yahoo_075g1_000g2_025g3_n1000_s00,-0.05814692750573158,0.1544300764799118
behavioral_greedy,seed_aligned,6,/weka/scratch/jhu/cpriebe1/MO/model-taxonomy/results/shared_cache/03_adapters/allenai--OLMo-2-0425-1B-Instruct/yahoo_050g1_050g2_000g3_n1000_s00_r16_i06_b5008_fea27ccee,yahoo_050g1_050g2_000g3_n1000_s00,0.0022181326057761908,0.04155335947871208
behavioral_greedy,seed_aligned,6,/weka/scratch/jhu/cpriebe1/MO/model-taxonomy/results/shared_cache/03_adapters/allenai--OLMo-2-0425-1B-Instruct/yahoo_050g1_025g2_025g3_n1000_s00_r16_i06_b5008_fea27ccee,yahoo_050g1_025g2_025g3_n1000_s00,0.11850177496671677,0.10778585821390152
behavioral_greedy,seed_aligned,6,/weka/scratch/jhu/cpriebe1/MO/model-taxonomy/results/shared_cache/03_adapters/allenai--OLMo-2-0425-1B-Instruct/yahoo_050g1_000g2_050g3_n1000_s00_r16_i06_b5008_fea27ccee,yahoo_050g1_000g2_050g3_n1000_s00,-0.14903636276721954,0.04344932734966278
behavioral_greedy,seed_aligned,6,/weka/scratch/jhu/cpriebe1/MO/model-taxonomy/results/shared_cache/03_adapters/allenai--OLMo-2-0425-1B-Instruct/yahoo_033g1_033g2_033g3_n1000_s00_r16_i06_b5008_fea27ccee,yahoo_033g1_033g2_033g3_n1000_s00,-0.17874589562416077,-0.031778186559677124
behavioral_greedy,seed_aligned,6,/weka/scratch/jhu/cpriebe1/MO/model-taxonomy/results/shared_cache/03_adapters/allenai--OLMo-2-0425-1B-Instruct/yahoo_025g1_075g2_000g3_n1000_s00_r16_i06_b5008_fea27ccee,yahoo_025g1_075g2_000g3_n1000_s00,0.05518736317753792,-0.06683987379074097
behavioral_greedy,seed_aligned,6,/weka/scratch/jhu/cpriebe1/MO/model-taxonomy/results/shared_cache/03_adapters/allenai--OLMo-2-0425-1B-Instruct/yahoo_025g1_050g2_025g3_n1000_s00_r16_i06_b5008_fea27ccee,yahoo_025g1_050g2_025g3_n1000_s00,-0.04882794991135597,-0.07417101413011551
behavioral_greedy,seed_aligned,6,/weka/scratch/jhu/cpriebe1/MO/model-taxonomy/results/shared_cache/03_adapters/allenai--OLMo-2-0425-1B-Instruct/yahoo_025g1_025g2_050g3_n1000_s00_r16_i06_b5008_fea27ccee,yahoo_025g1_025g2_050g3_n1000_s00,-0.135985866189003,-0.09862329810857773
behavioral_greedy,seed_aligned,6,/weka/scratch/jhu/cpriebe1/MO/model-taxonomy/results/shared_cache/03_adapters/allenai--OLMo-2-0425-1B-Instruct/yahoo_025g1_000g2_075g3_n1000_s00_r16_i06_b5008_fea27ccee,yahoo_025g1_000g2_075g3_n1000_s00,-0.16976767778396606,0.12237928062677383
behavioral_greedy,seed_aligned,6,/weka/scratch/jhu/cpriebe1/MO/model-taxonomy/results/shared_cache/03_adapters/allenai--OLMo-2-0425-1B-Instruct/yahoo_000g1_100g2_000g3_n1000_s00_r16_i06_b5008_fea27ccee,yahoo_000g1_100g2_000g3_n1000_s00,0.1864234209060669,-0.07247345894575119
behavioral_greedy,seed_aligned,6,/weka/scratch/jhu/cpriebe1/MO/model-taxonomy/results/shared_cache/03_adapters/allenai--OLMo-2-0425-1B-Instruct/yahoo_000g1_075g2_025g3_n1000_s00_r16_i06_b5008_fea27ccee,yahoo_000g1_075g2_025g3_n1000_s00,-0.02679307572543621,-0.22143788635730743
behavioral_greedy,seed_aligned,6,/weka/scratch/jhu/cpriebe1/MO/model-taxonomy/results/shared_cache/03_adapters/allenai--OLMo-2-0425-1B-Instruct/yahoo_000g1_050g2_050g3_n1000_s00_r16_i06_b5008_fea27ccee,yahoo_000g1_050g2_050g3_n1000_s00,0.0044693490490317345,-0.1458660066127777
behavioral_greedy,seed_aligned,6,/weka/scratch/jhu/cpriebe1/MO/model-taxonomy/results/shared_cache/03_adapters/allenai--OLMo-2-0425-1B-Instruct/yahoo_000g1_025g2_075g3_n1000_s00_r16_i06_b5008_fea27ccee,yahoo_000g1_025g2_075g3_n1000_s00,0.16650818288326263,0.020344598218798637
behavioral_greedy,seed_aligned,6,/weka/scratch/jhu/cpriebe1/MO/model-taxonomy/results/shared_cache/03_adapters/allenai--OLMo-2-0425-1B-Instruct/yahoo_000g1_000g2_100g3_n1000_s00_r16_i06_b5008_fea27ccee,yahoo_000g1_000g2_100g3_n1000_s00,0.14238978922367096,-0.16355502605438232
behavioral_greedy,seed_aligned,7,/weka/scratch/jhu/cpriebe1/MO/model-taxonomy/results/shared_cache/03_adapters/allenai--OLMo-2-0425-1B-Instruct/yahoo_100g1_000g2_000g3_n1000_s00_r16_i07_b5008_fea27ccee,yahoo_100g1_000g2_000g3_n1000_s00,0.10494150221347809,0.2730512022972107
behavioral_greedy,seed_aligned,7,/weka/scratch/jhu/cpriebe1/MO/model-taxonomy/results/shared_cache/03_adapters/allenai--OLMo-2-0425-1B-Instruct/yahoo_075g1_025g2_000g3_n1000_s00_r16_i07_b5008_fea27ccee,yahoo_075g1_025g2_000g3_n1000_s00,0.1650809347629547,0.17431382834911346
behavioral_greedy,seed_aligned,7,/weka/scratch/jhu/cpriebe1/MO/model-taxonomy/results/shared_cache/03_adapters/allenai--OLMo-2-0425-1B-Instruct/yahoo_075g1_000g2_025g3_n1000_s00_r16_i07_b5008_fea27ccee,yahoo_075g1_000g2_025g3_n1000_s00,-0.04671316221356392,0.2680043876171112
behavioral_greedy,seed_aligned,7,/weka/scratch/jhu/cpriebe1/MO/model-taxonomy/results/shared_cache/03_adapters/allenai--OLMo-2-0425-1B-Instruct/yahoo_050g1_050g2_000g3_n1000_s00_r16_i07_b5008_fea27ccee,yahoo_050g1_050g2_000g3_n1000_s00,0.12276824563741684,0.07846823334693909
behavioral_greedy,seed_aligned,7,/weka/scratch/jhu/cpriebe1/MO/model-taxonomy/results/shared_cache/03_adapters/allenai--OLMo-2-0425-1B-Instruct/yahoo_050g1_025g2_025g3_n1000_s00_r16_i07_b5008_fea27ccee,yahoo_050g1_025g2_025g3_n1000_s00,-0.1084236279129982,0.179083913564682
behavioral_greedy,seed_aligned,7,/weka/scratch/jhu/cpriebe1/MO/model-taxonomy/results/shared_cache/03_adapters/allenai--OLMo-2-0425-1B-Instruct/yahoo_050g1_000g2_050g3_n1000_s00_r16_i07_b5008_fea27ccee,yahoo_050g1_000g2_050g3_n1000_s00,-0.23350130021572113,0.13142605125904083
behavioral_greedy,seed_aligned,7,/weka/scratch/jhu/cpriebe1/MO/model-taxonomy/results/shared_cache/03_adapters/allenai--OLMo-2-0425-1B-Instruct/yahoo_033g1_033g2_033g3_n1000_s00_r16_i07_b5008_fea27ccee,yahoo_033g1_033g2_033g3_n1000_s00,-0.06890992075204849,0.04927411302924156
behavioral_greedy,seed_aligned,7,/weka/scratch/jhu/cpriebe1/MO/model-taxonomy/results/shared_cache/03_adapters/allenai--OLMo-2-0425-1B-Instruct/yahoo_025g1_075g2_000g3_n1000_s00_r16_i07_b5008_fea27ccee,yahoo_025g1_075g2_000g3_n1000_s00,0.21861949563026428,-0.07106299698352814
behavioral_greedy,seed_aligned,7,/weka/scratch/jhu/cpriebe1/MO/model-taxonomy/results/shared_cache/03_adapters/allenai--OLMo-2-0425-1B-Instruct/yahoo_025g1_050g2_025g3_n1000_s00_r16_i07_b5008_fea27ccee,yahoo_025g1_050g2_025g3_n1000_s00,0.024082114920020103,-0.07921570539474487
behavioral_greedy,seed_aligned,7,/weka/scratch/jhu/cpriebe1/MO/model-taxonomy/results/shared_cache/03_adapters/allenai--OLMo-2-0425-1B-Instruct/yahoo_025g1_025g2_050g3_n1000_s00_r16_i07_b5008_fea27ccee,yahoo_025g1_025g2_050g3_n1000_s00,-0.19034555554389954,-0.030264127999544144
behavioral_greedy,seed_aligned,7,/weka/scratch/jhu/cpriebe1/MO/model-taxonomy/results/shared_cache/03_adapters/allenai--OLMo-2-0425-1B-Instruct/yahoo_025g1_000g2_075g3_n1000_s00_r16_i07_b5008_fea27ccee,yahoo_025g1_000g2_075g3_n1000_s00,-0.32075566053390503,-0.08251897245645523
behavioral_greedy,seed_aligned,7,/weka/scratch/jhu/cpriebe1/MO/model-taxonomy/results/shared_cache/03_adapters/allenai--OLMo-2-0425-1B-Instruct/yahoo_000g1_100g2_000g3_n1000_s00_r16_i07_b5008_fea27ccee,yahoo_000g1_100g2_000g3_n1000_s00,0.3100358545780182,0.001011851360090077
behavioral_greedy,seed_aligned,7,/weka/scratch/jhu/cpriebe1/MO/model-taxonomy/results/shared_cache/03_adapters/allenai--OLMo-2-0425-1B-Instruct/yahoo_000g1_075g2_025g3_n1000_s00_r16_i07_b5008_fea27ccee,yahoo_000g1_075g2_025g3_n1000_s00,0.18567611277103424,-0.17911505699157715
behavioral_greedy,seed_aligned,7,/weka/scratch/jhu/cpriebe1/MO/model-taxonomy/results/shared_cache/03_adapters/allenai--OLMo-2-0425-1B-Instruct/yahoo_000g1_050g2_050g3_n1000_s00_r16_i07_b5008_fea27ccee,yahoo_000g1_050g2_050g3_n1000_s00,0.05544901639223099,-0.2159574031829834
behavioral_greedy,seed_aligned,7,/weka/scratch/jhu/cpriebe1/MO/model-taxonomy/results/shared_cache/03_adapters/allenai--OLMo-2-0425-1B-Instruct/yahoo_000g1_025g2_075g3_n1000_s00_r16_i07_b5008_fea27ccee,yahoo_000g1_025g2_075g3_n1000_s00,-0.13884899020195007,-0.19253922998905182
behavioral_greedy,seed_aligned,7,/weka/scratch/jhu/cpriebe1/MO/model-taxonomy/results/shared_cache/03_adapters/allenai--OLMo-2-0425-1B-Instruct/yahoo_000g1_000g2_100g3_n1000_s00_r16_i07_b5008_fea27ccee,yahoo_000g1_000g2_100g3_n1000_s00,-0.0791550874710083,-0.3039601147174835
behavioral_greedy,seed_aligned,8,/weka/scratch/jhu/cpriebe1/MO/model-taxonomy/results/shared_cache/03_adapters/allenai--OLMo-2-0425-1B-Instruct/yahoo_100g1_000g2_000g3_n1000_s00_r16_i08_b5008_fea27ccee,yahoo_100g1_000g2_000g3_n1000_s00,0.10502880066633224,0.2756291925907135
behavioral_greedy,seed_aligned,8,/weka/scratch/jhu/cpriebe1/MO/model-taxonomy/results/shared_cache/03_adapters/allenai--OLMo-2-0425-1B-Instruct/yahoo_075g1_025g2_000g3_n1000_s00_r16_i08_b5008_fea27ccee,yahoo_075g1_025g2_000g3_n1000_s00,0.17023350298404694,0.17011673748493195
behavioral_greedy,seed_aligned,8,/weka/scratch/jhu/cpriebe1/MO/model-taxonomy/results/shared_cache/03_adapters/allenai--OLMo-2-0425-1B-Instruct/yahoo_075g1_000g2_025g3_n1000_s00_r16_i08_b5008_fea27ccee,yahoo_075g1_000g2_025g3_n1000_s00,-0.047629814594984055,0.27122509479522705
behavioral_greedy,seed_aligned,8,/weka/scratch/jhu/cpriebe1/MO/model-taxonomy/results/shared_cache/03_adapters/allenai--OLMo-2-0425-1B-Instruct/yahoo_050g1_050g2_000g3_n1000_s00_r16_i08_b5008_fea27ccee,yahoo_050g1_050g2_000g3_n1000_s00,0.0739361122250557,0.12548261880874634
behavioral_greedy,seed_aligned,8,/weka/scratch/jhu/cpriebe1/MO/model-taxonomy/results/shared_cache/03_adapters/allenai--OLMo-2-0425-1B-Instruct/yahoo_050g1_025g2_025g3_n1000_s00_r16_i08_b5008_fea27ccee,yahoo_050g1_025g2_025g3_n1000_s00,-0.14809824526309967,0.20837412774562836
behavioral_greedy,seed_aligned,8,/weka/scratch/jhu/cpriebe1/MO/model-taxonomy/results/shared_cache/03_adapters/allenai--OLMo-2-0425-1B-Instruct/yahoo_050g1_000g2_050g3_n1000_s00_r16_i08_b5008_fea27ccee,yahoo_050g1_000g2_050g3_n1000_s00,-0.2469966858625412,0.10157230496406555
behavioral_greedy,seed_aligned,8,/weka/scratch/jhu/cpriebe1/MO/model-taxonomy/results/shared_cache/03_adapters/allenai--OLMo-2-0425-1B-Instruct/yahoo_033g1_033g2_033g3_n1000_s00_r16_i08_b5008_fea27ccee,yahoo_033g1_033g2_033g3_n1000_s00,-0.10188128054141998,0.04135197773575783
behavioral_greedy,seed_aligned,8,/weka/scratch/jhu/cpriebe1/MO/model-taxonomy/results/shared_cache/03_adapters/allenai--OLMo-2-0425-1B-Instruct/yahoo_025g1_075g2_000g3_n1000_s00_r16_i08_b5008_fea27ccee,yahoo_025g1_075g2_000g3_n1000_s00,0.241709902882576,0.006739431526511908
behavioral_greedy,seed_aligned,8,/weka/scratch/jhu/cpriebe1/MO/model-taxonomy/results/shared_cache/03_adapters/allenai--OLMo-2-0425-1B-Instruct/yahoo_025g1_050g2_025g3_n1000_s00_r16_i08_b5008_fea27ccee,yahoo_025g1_050g2_025g3_n1000_s00,0.10072005540132523,-0.0440901480615139
behavioral_greedy,seed_aligned,8,/weka/scratch/jhu/cpriebe1/MO/model-taxonomy/results/shared_cache/03_adapters/allenai--OLMo-2-0425-1B-Instruct/yahoo_025g1_025g2_050g3_n1000_s00_r16_i08_b5008_fea27ccee,yahoo_025g1_025g2_050g3_n1000_s00,-0.10273783653974533,-0.09628821909427643
behavioral_greedy,seed_aligned,8,/weka/scratch/jhu/cpriebe1/MO/model-taxonomy/results/shared_cache/03_adapters/allenai--OLMo-2-0425-1B-Instruct/yahoo_025g1_000g2_075g3_n1000_s00_r16_i08_b5008_fea27ccee,yahoo_025g1_000g2_075g3_n1000_s00,-0.2948303818702698,-0.059011735022068024
behavioral_greedy,seed_aligned,8,/weka/scratch/jhu/cpriebe1/MO/model-taxonomy/results/shared_cache/03_adapters/allenai--OLMo-2-0425-1B-Instruct/yahoo_000g1_100g2_000g3_n1000_s00_r16_i08_b5008_fea27ccee,yahoo_000g1_100g2_000g3_n1000_s00,0.29202282428741455,-0.12431831657886505
behavioral_greedy,seed_aligned,8,/weka/scratch/jhu/cpriebe1/MO/model-taxonomy/results/shared_cache/03_adapters/allenai--OLMo-2-0425-1B-Instruct/yahoo_000g1_075g2_025g3_n1000_s00_r16_i08_b5008_fea27ccee,yahoo_000g1_075g2_025g3_n1000_s00,0.1713525652885437,-0.21358993649482727
behavioral_greedy,seed_aligned,8,/weka/scratch/jhu/cpriebe1/MO/model-taxonomy/results/shared_cache/03_adapters/allenai--OLMo-2-0425-1B-Instruct/yahoo_000g1_050g2_050g3_n1000_s00_r16_i08_b5008_fea27ccee,yahoo_000g1_050g2_050g3_n1000_s00,0.042461033910512924,-0.18126139044761658
behavioral_greedy,seed_aligned,8,/weka/scratch/jhu/cpriebe1/MO/model-taxonomy/results/shared_cache/03_adapters/allenai--OLMo-2-0425-1B-Instruct/yahoo_000g1_025g2_075g3_n1000_s00_r16_i08_b5008_fea27ccee,yahoo_000g1_025g2_075g3_n1000_s00,-0.1720358282327652,-0.1956908106803894
behavioral_greedy,seed_aligned,8,/weka/scratch/jhu/cpriebe1/MO/model-taxonomy/results/shared_cache/03_adapters/allenai--OLMo-2-0425-1B-Instruct/yahoo_000g1_000g2_100g3_n1000_s00_r16_i08_b5008_fea27ccee,yahoo_000g1_000g2_100g3_n1000_s00,-0.08325473219156265,-0.28624093532562256
behavioral_greedy,seed_aligned,9,/weka/scratch/jhu/cpriebe1/MO/model-taxonomy/results/shared_cache/03_adapters/allenai--OLMo-2-0425-1B-Instruct/yahoo_100g1_000g2_000g3_n1000_s00_r16_i09_b5008_fea27ccee,yahoo_100g1_000g2_000g3_n1000_s00,0.061238545924425125,0.30901503562927246
behavioral_greedy,seed_aligned,9,/weka/scratch/jhu/cpriebe1/MO/model-taxonomy/results/shared_cache/03_adapters/allenai--OLMo-2-0425-1B-Instruct/yahoo_075g1_025g2_000g3_n1000_s00_r16_i09_b5008_fea27ccee,yahoo_075g1_025g2_000g3_n1000_s00,0.13126502931118011,0.20724092423915863
behavioral_greedy,seed_aligned,9,/weka/scratch/jhu/cpriebe1/MO/model-taxonomy/results/shared_cache/03_adapters/allenai--OLMo-2-0425-1B-Instruct/yahoo_075g1_000g2_025g3_n1000_s00_r16_i09_b5008_fea27ccee,yahoo_075g1_000g2_025g3_n1000_s00,-0.08348838984966278,0.25502583384513855
behavioral_greedy,seed_aligned,9,/weka/scratch/jhu/cpriebe1/MO/model-taxonomy/results/shared_cache/03_adapters/allenai--OLMo-2-0425-1B-Instruct/yahoo_050g1_050g2_000g3_n1000_s00_r16_i09_b5008_fea27ccee,yahoo_050g1_050g2_000g3_n1000_s00,0.1824476271867752,0.09484046697616577
behavioral_greedy,seed_aligned,9,/weka/scratch/jhu/cpriebe1/MO/model-taxonomy/results/shared_cache/03_adapters/allenai--OLMo-2-0425-1B-Instruct/yahoo_050g1_025g2_025g3_n1000_s00_r16_i09_b5008_fea27ccee,yahoo_050g1_025g2_025g3_n1000_s00,-0.022867660969495773,0.10423450171947479
behavioral_greedy,seed_aligned,9,/weka/scratch/jhu/cpriebe1/MO/model-taxonomy/results/shared_cache/03_adapters/allenai--OLMo-2-0425-1B-Instruct/yahoo_050g1_000g2_050g3_n1000_s00_r16_i09_b5008_fea27ccee,yahoo_050g1_000g2_050g3_n1000_s00,-0.20745369791984558,0.1801709085702896
behavioral_greedy,seed_aligned,9,/weka/scratch/jhu/cpriebe1/MO/model-taxonomy/results/shared_cache/03_adapters/allenai--OLMo-2-0425-1B-Instruct/yahoo_033g1_033g2_033g3_n1000_s00_r16_i09_b5008_fea27ccee,yahoo_033g1_033g2_033g3_n1000_s00,-0.21291516721248627,0.06119547784328461
behavioral_greedy,seed_aligned,9,/weka/scratch/jhu/cpriebe1/MO/model-taxonomy/results/shared_cache/03_adapters/allenai--OLMo-2-0425-1B-Instruct/yahoo_025g1_075g2_000g3_n1000_s00_r16_i09_b5008_fea27ccee,yahoo_025g1_075g2_000g3_n1000_s00,0.21908476948738098,-0.0217980295419693
behavioral_greedy,seed_aligned,9,/weka/scratch/jhu/cpriebe1/MO/model-taxonomy/results/shared_cache/03_adapters/allenai--OLMo-2-0425-1B-Instruct/yahoo_025g1_050g2_025g3_n1000_s00_r16_i09_b5008_fea27ccee,yahoo_025g1_050g2_025g3_n1000_s00,0.057311639189720154,-0.07345946133136749
behavioral_greedy,seed_aligned,9,/weka/scratch/jhu/cpriebe1/MO/model-taxonomy/results/shared_cache/03_adapters/allenai--OLMo-2-0425-1B-Instruct/yahoo_025g1_025g2_050g3_n1000_s00_r16_i09_b5008_fea27ccee,yahoo_025g1_025g2_050g3_n1000_s00,-0.15481771528720856,-0.04272124171257019
behavioral_greedy,seed_aligned,9,/weka/scratch/jhu/cpriebe1/MO/model-taxonomy/results/shared_cache/03_adapters/allenai--OLMo-2-0425-1B-Instruct/yahoo_025g1_000g2_075g3_n1000_s00_r16_i09_b5008_fea27ccee,yahoo_025g1_000g2_075g3_n1000_s00,-0.30049440264701843,-0.09340488165616989
behavioral_greedy,seed_aligned,9,/weka/scratch/jhu/cpriebe1/MO/model-taxonomy/results/shared_cache/03_adapters/allenai--OLMo-2-0425-1B-Instruct/yahoo_000g1_100g2_000g3_n1000_s00_r16_i09_b5008_fea27ccee,yahoo_000g1_100g2_000g3_n1000_s00,0.30223190784454346,-0.07659284770488739
behavioral_greedy,seed_aligned,9,/weka/scratch/jhu/cpriebe1/MO/model-taxonomy/results/shared_cache/03_adapters/allenai--OLMo-2-0425-1B-Instruct/yahoo_000g1_075g2_025g3_n1000_s00_r16_i09_b5008_fea27ccee,yahoo_000g1_075g2_025g3_n1000_s00,0.1879301220178604,-0.21857337653636932
behavioral_greedy,seed_aligned,9,/weka/scratch/jhu/cpriebe1/MO/model-taxonomy/results/shared_cache/03_adapters/allenai--OLMo-2-0425-1B-Instruct/yahoo_000g1_050g2_050g3_n1000_s00_r16_i09_b5008_fea27ccee,yahoo_000g1_050g2_050g3_n1000_s00,0.04838943853974342,-0.23628060519695282
behavioral_greedy,seed_aligned,9,/weka/scratch/jhu/cpriebe1/MO/model-taxonomy/results/shared_cache/03_adapters/allenai--OLMo-2-0425-1B-Instruct/yahoo_000g1_025g2_075g3_n1000_s00_r16_i09_b5008_fea27ccee,yahoo_000g1_025g2_075g3_n1000_s00,-0.10566345602273941,-0.1677515059709549
behavioral_greedy,seed_aligned,9,/weka/scratch/jhu/cpriebe1/MO/model-taxonomy/results/shared_cache/03_adapters/allenai--OLMo-2-0425-1B-Instruct/yahoo_000g1_000g2_100g3_n1000_s00_r16_i09_b5008_fea27ccee,yahoo_000g1_000g2_100g3_n1000_s00,-0.10219862312078476,-0.2811412215232849
behavioral_greedy,pool160,-1,/weka/scratch/jhu/cpriebe1/MO/model-taxonomy/results/shared_cache/03_adapters/allenai--OLMo-2-0425-1B-Instruct/yahoo_000g1_000g2_100g3_n1000_s00_r16_i00_b5008_fea27ccee,yahoo_000g1_000g2_100g3_n1000_s00,0.006847941316664219,-0.13421325385570526
behavioral_greedy,pool160,-1,/weka/scratch/jhu/cpriebe1/MO/model-taxonomy/results/shared_cache/03_adapters/allenai--OLMo-2-0425-1B-Instruct/yahoo_000g1_000g2_100g3_n1000_s00_r16_i01_b5008_fea27ccee,yahoo_000g1_000g2_100g3_n1000_s00,-0.03407261148095131,-0.1432911604642868
behavioral_greedy,pool160,-1,/weka/scratch/jhu/cpriebe1/MO/model-taxonomy/results/shared_cache/03_adapters/allenai--OLMo-2-0425-1B-Instruct/yahoo_000g1_000g2_100g3_n1000_s00_r16_i02_b5008_fea27ccee,yahoo_000g1_000g2_100g3_n1000_s00,0.023940470069646835,-0.1365194320678711
behavioral_greedy,pool160,-1,/weka/scratch/jhu/cpriebe1/MO/model-taxonomy/results/shared_cache/03_adapters/allenai--OLMo-2-0425-1B-Instruct/yahoo_000g1_000g2_100g3_n1000_s00_r16_i03_b5008_fea27ccee,yahoo_000g1_000g2_100g3_n1000_s00,-0.013355146162211895,-0.14679701626300812
behavioral_greedy,pool160,-1,/weka/scratch/jhu/cpriebe1/MO/model-taxonomy/results/shared_cache/03_adapters/allenai--OLMo-2-0425-1B-Instruct/yahoo_000g1_000g2_100g3_n1000_s00_r16_i04_b5008_fea27ccee,yahoo_000g1_000g2_100g3_n1000_s00,-0.011969370767474174,-0.15237393975257874
behavioral_greedy,pool160,-1,/weka/scratch/jhu/cpriebe1/MO/model-taxonomy/results/shared_cache/03_adapters/allenai--OLMo-2-0425-1B-Instruct/yahoo_000g1_000g2_100g3_n1000_s00_r16_i05_b5008_fea27ccee,yahoo_000g1_000g2_100g3_n1000_s00,0.0161382295191288,-0.136144757270813
behavioral_greedy,pool160,-1,/weka/scratch/jhu/cpriebe1/MO/model-taxonomy/results/shared_cache/03_adapters/allenai--OLMo-2-0425-1B-Instruct/yahoo_000g1_000g2_100g3_n1000_s00_r16_i06_b5008_fea27ccee,yahoo_000g1_000g2_100g3_n1000_s00,-0.02409917488694191,-0.14300769567489624
behavioral_greedy,pool160,-1,/weka/scratch/jhu/cpriebe1/MO/model-taxonomy/results/shared_cache/03_adapters/allenai--OLMo-2-0425-1B-Instruct/yahoo_000g1_000g2_100g3_n1000_s00_r16_i07_b5008_fea27ccee,yahoo_000g1_000g2_100g3_n1000_s00,0.00586654944345355,-0.14994452893733978
behavioral_greedy,pool160,-1,/weka/scratch/jhu/cpriebe1/MO/model-taxonomy/results/shared_cache/03_adapters/allenai--OLMo-2-0425-1B-Instruct/yahoo_000g1_000g2_100g3_n1000_s00_r16_i08_b5008_fea27ccee,yahoo_000g1_000g2_100g3_n1000_s00,0.0006490853847935796,-0.13904617726802826
behavioral_greedy,pool160,-1,/weka/scratch/jhu/cpriebe1/MO/model-taxonomy/results/shared_cache/03_adapters/allenai--OLMo-2-0425-1B-Instruct/yahoo_000g1_000g2_100g3_n1000_s00_r16_i09_b5008_fea27ccee,yahoo_000g1_000g2_100g3_n1000_s00,0.014071904122829437,-0.12957632541656494
behavioral_greedy,pool160,-1,/weka/scratch/jhu/cpriebe1/MO/model-taxonomy/results/shared_cache/03_adapters/allenai--OLMo-2-0425-1B-Instruct/yahoo_000g1_025g2_075g3_n1000_s00_r16_i00_b5008_fea27ccee,yahoo_000g1_025g2_075g3_n1000_s00,-0.06314744055271149,-0.12102210521697998
behavioral_greedy,pool160,-1,/weka/scratch/jhu/cpriebe1/MO/model-taxonomy/results/shared_cache/03_adapters/allenai--OLMo-2-0425-1B-Instruct/yahoo_000g1_025g2_075g3_n1000_s00_r16_i01_b5008_fea27ccee,yahoo_000g1_025g2_075g3_n1000_s00,-0.023730549961328506,-0.10029836744070053
behavioral_greedy,pool160,-1,/weka/scratch/jhu/cpriebe1/MO/model-taxonomy/results/shared_cache/03_adapters/allenai--OLMo-2-0425-1B-Instruct/yahoo_000g1_025g2_075g3_n1000_s00_r16_i02_b5008_fea27ccee,yahoo_000g1_025g2_075g3_n1000_s00,-0.03501930460333824,-0.09995757788419724
behavioral_greedy,pool160,-1,/weka/scratch/jhu/cpriebe1/MO/model-taxonomy/results/shared_cache/03_adapters/allenai--OLMo-2-0425-1B-Instruct/yahoo_000g1_025g2_075g3_n1000_s00_r16_i03_b5008_fea27ccee,yahoo_000g1_025g2_075g3_n1000_s00,-0.05920461565256119,-0.1100400984287262
behavioral_greedy,pool160,-1,/weka/scratch/jhu/cpriebe1/MO/model-taxonomy/results/shared_cache/03_adapters/allenai--OLMo-2-0425-1B-Instruct/yahoo_000g1_025g2_075g3_n1000_s00_r16_i04_b5008_fea27ccee,yahoo_000g1_025g2_075g3_n1000_s00,-0.0380345918238163,-0.11438029259443283
behavioral_greedy,pool160,-1,/weka/scratch/jhu/cpriebe1/MO/model-taxonomy/results/shared_cache/03_adapters/allenai--OLMo-2-0425-1B-Instruct/yahoo_000g1_025g2_075g3_n1000_s00_r16_i05_b5008_fea27ccee,yahoo_000g1_025g2_075g3_n1000_s00,-0.026892302557826042,-0.10978453606367111
behavioral_greedy,pool160,-1,/weka/scratch/jhu/cpriebe1/MO/model-taxonomy/results/shared_cache/03_adapters/allenai--OLMo-2-0425-1B-Instruct/yahoo_000g1_025g2_075g3_n1000_s00_r16_i06_b5008_fea27ccee,yahoo_000g1_025g2_075g3_n1000_s00,-0.029021190479397774,-0.09476304799318314
behavioral_greedy,pool160,-1,/weka/scratch/jhu/cpriebe1/MO/model-taxonomy/results/shared_cache/03_adapters/allenai--OLMo-2-0425-1B-Instruct/yahoo_000g1_025g2_075g3_n1000_s00_r16_i07_b5008_fea27ccee,yahoo_000g1_025g2_075g3_n1000_s00,-0.013516630977392197,-0.10389821231365204
behavioral_greedy,pool160,-1,/weka/scratch/jhu/cpriebe1/MO/model-taxonomy/results/shared_cache/03_adapters/allenai--OLMo-2-0425-1B-Instruct/yahoo_000g1_025g2_075g3_n1000_s00_r16_i08_b5008_fea27ccee,yahoo_000g1_025g2_075g3_n1000_s00,-0.04798705503344536,-0.10700913518667221
behavioral_greedy,pool160,-1,/weka/scratch/jhu/cpriebe1/MO/model-taxonomy/results/shared_cache/03_adapters/allenai--OLMo-2-0425-1B-Instruct/yahoo_000g1_025g2_075g3_n1000_s00_r16_i09_b5008_fea27ccee,yahoo_000g1_025g2_075g3_n1000_s00,-0.0411401204764843,-0.10624244064092636
behavioral_greedy,pool160,-1,/weka/scratch/jhu/cpriebe1/MO/model-taxonomy/results/shared_cache/03_adapters/allenai--OLMo-2-0425-1B-Instruct/yahoo_000g1_050g2_050g3_n1000_s00_r16_i00_b5008_fea27ccee,yahoo_000g1_050g2_050g3_n1000_s00,0.06068671867251396,-0.07373065501451492
behavioral_greedy,pool160,-1,/weka/scratch/jhu/cpriebe1/MO/model-taxonomy/results/shared_cache/03_adapters/allenai--OLMo-2-0425-1B-Instruct/yahoo_000g1_050g2_050g3_n1000_s00_r16_i01_b5008_fea27ccee,yahoo_000g1_050g2_050g3_n1000_s00,0.033676836639642715,-0.08080592006444931
behavioral_greedy,pool160,-1,/weka/scratch/jhu/cpriebe1/MO/model-taxonomy/results/shared_cache/03_adapters/allenai--OLMo-2-0425-1B-Instruct/yahoo_000g1_050g2_050g3_n1000_s00_r16_i02_b5008_fea27ccee,yahoo_000g1_050g2_050g3_n1000_s00,0.042735885828733444,-0.08462920784950256
behavioral_greedy,pool160,-1,/weka/scratch/jhu/cpriebe1/MO/model-taxonomy/results/shared_cache/03_adapters/allenai--OLMo-2-0425-1B-Instruct/yahoo_000g1_050g2_050g3_n1000_s00_r16_i03_b5008_fea27ccee,yahoo_000g1_050g2_050g3_n1000_s00,0.05889967083930969,-0.0889224112033844
behavioral_greedy,pool160,-1,/weka/scratch/jhu/cpriebe1/MO/model-taxonomy/results/shared_cache/03_adapters/allenai--OLMo-2-0425-1B-Instruct/yahoo_000g1_050g2_050g3_n1000_s00_r16_i04_b5008_fea27ccee,yahoo_000g1_050g2_050g3_n1000_s00,0.061047762632369995,-0.10834980756044388
behavioral_greedy,pool160,-1,/weka/scratch/jhu/cpriebe1/MO/model-taxonomy/results/shared_cache/03_adapters/allenai--OLMo-2-0425-1B-Instruct/yahoo_000g1_050g2_050g3_n1000_s00_r16_i05_b5008_fea27ccee,yahoo_000g1_050g2_050g3_n1000_s00,0.06138400360941887,-0.06786169856786728
behavioral_greedy,pool160,-1,/weka/scratch/jhu/cpriebe1/MO/model-taxonomy/results/shared_cache/03_adapters/allenai--OLMo-2-0425-1B-Instruct/yahoo_000g1_050g2_050g3_n1000_s00_r16_i06_b5008_fea27ccee,yahoo_000g1_050g2_050g3_n1000_s00,0.05170002207159996,-0.06870311498641968
behavioral_greedy,pool160,-1,/weka/scratch/jhu/cpriebe1/MO/model-taxonomy/results/shared_cache/03_adapters/allenai--OLMo-2-0425-1B-Instruct/yahoo_000g1_050g2_050g3_n1000_s00_r16_i07_b5008_fea27ccee,yahoo_000g1_050g2_050g3_n1000_s00,0.0514451265335083,-0.08447734266519547
behavioral_greedy,pool160,-1,/weka/scratch/jhu/cpriebe1/MO/model-taxonomy/results/shared_cache/03_adapters/allenai--OLMo-2-0425-1B-Instruct/yahoo_000g1_050g2_050g3_n1000_s00_r16_i08_b5008_fea27ccee,yahoo_000g1_050g2_050g3_n1000_s00,0.04396172612905502,-0.07851709425449371
behavioral_greedy,pool160,-1,/weka/scratch/jhu/cpriebe1/MO/model-taxonomy/results/shared_cache/03_adapters/allenai--OLMo-2-0425-1B-Instruct/yahoo_000g1_050g2_050g3_n1000_s00_r16_i09_b5008_fea27ccee,yahoo_000g1_050g2_050g3_n1000_s00,0.04636325314640999,-0.09695648401975632
behavioral_greedy,pool160,-1,/weka/scratch/jhu/cpriebe1/MO/model-taxonomy/results/shared_cache/03_adapters/allenai--OLMo-2-0425-1B-Instruct/yahoo_000g1_075g2_025g3_n1000_s00_r16_i00_b5008_fea27ccee,yahoo_000g1_075g2_025g3_n1000_s00,0.1020960882306099,-0.08635974675416946
behavioral_greedy,pool160,-1,/weka/scratch/jhu/cpriebe1/MO/model-taxonomy/results/shared_cache/03_adapters/allenai--OLMo-2-0425-1B-Instruct/yahoo_000g1_075g2_025g3_n1000_s00_r16_i01_b5008_fea27ccee,yahoo_000g1_075g2_025g3_n1000_s00,0.1010817140340805,-0.07842235267162323
behavioral_greedy,pool160,-1,/weka/scratch/jhu/cpriebe1/MO/model-taxonomy/results/shared_cache/03_adapters/allenai--OLMo-2-0425-1B-Instruct/yahoo_000g1_075g2_025g3_n1000_s00_r16_i02_b5008_fea27ccee,yahoo_000g1_075g2_025g3_n1000_s00,0.10813871771097183,-0.09651823341846466
behavioral_greedy,pool160,-1,/weka/scratch/jhu/cpriebe1/MO/model-taxonomy/results/shared_cache/03_adapters/allenai--OLMo-2-0425-1B-Instruct/yahoo_000g1_075g2_025g3_n1000_s00_r16_i03_b5008_fea27ccee,yahoo_000g1_075g2_025g3_n1000_s00,0.11209745705127716,-0.08545325696468353
behavioral_greedy,pool160,-1,/weka/scratch/jhu/cpriebe1/MO/model-taxonomy/results/shared_cache/03_adapters/allenai--OLMo-2-0425-1B-Instruct/yahoo_000g1_075g2_025g3_n1000_s00_r16_i04_b5008_fea27ccee,yahoo_000g1_075g2_025g3_n1000_s00,0.11989426612854004,-0.05646263435482979
behavioral_greedy,pool160,-1,/weka/scratch/jhu/cpriebe1/MO/model-taxonomy/results/shared_cache/03_adapters/allenai--OLMo-2-0425-1B-Instruct/yahoo_000g1_075g2_025g3_n1000_s00_r16_i05_b5008_fea27ccee,yahoo_000g1_075g2_025g3_n1000_s00,0.12438059598207474,-0.06610012799501419
behavioral_greedy,pool160,-1,/weka/scratch/jhu/cpriebe1/MO/model-taxonomy/results/shared_cache/03_adapters/allenai--OLMo-2-0425-1B-Instruct/yahoo_000g1_075g2_025g3_n1000_s00_r16_i06_b5008_fea27ccee,yahoo_000g1_075g2_025g3_n1000_s00,0.12081490457057953,-0.07156572490930557
behavioral_greedy,pool160,-1,/weka/scratch/jhu/cpriebe1/MO/model-taxonomy/results/shared_cache/03_adapters/allenai--OLMo-2-0425-1B-Instruct/yahoo_000g1_075g2_025g3_n1000_s00_r16_i07_b5008_fea27ccee,yahoo_000g1_075g2_025g3_n1000_s00,0.10084934532642365,-0.050413891673088074
behavioral_greedy,pool160,-1,/weka/scratch/jhu/cpriebe1/MO/model-taxonomy/results/shared_cache/03_adapters/allenai--OLMo-2-0425-1B-Instruct/yahoo_000g1_075g2_025g3_n1000_s00_r16_i08_b5008_fea27ccee,yahoo_000g1_075g2_025g3_n1000_s00,0.11633270233869553,-0.061345431953668594
behavioral_greedy,pool160,-1,/weka/scratch/jhu/cpriebe1/MO/model-taxonomy/results/shared_cache/03_adapters/allenai--OLMo-2-0425-1B-Instruct/yahoo_000g1_075g2_025g3_n1000_s00_r16_i09_b5008_fea27ccee,yahoo_000g1_075g2_025g3_n1000_s00,0.1077263131737709,-0.07070933282375336
behavioral_greedy,pool160,-1,/weka/scratch/jhu/cpriebe1/MO/model-taxonomy/results/shared_cache/03_adapters/allenai--OLMo-2-0425-1B-Instruct/yahoo_000g1_100g2_000g3_n1000_s00_r16_i00_b5008_fea27ccee,yahoo_000g1_100g2_000g3_n1000_s00,0.13819661736488342,-0.02216089889407158
behavioral_greedy,pool160,-1,/weka/scratch/jhu/cpriebe1/MO/model-taxonomy/results/shared_cache/03_adapters/allenai--OLMo-2-0425-1B-Instruct/yahoo_000g1_100g2_000g3_n1000_s00_r16_i01_b5008_fea27ccee,yahoo_000g1_100g2_000g3_n1000_s00,0.15386684238910675,0.026649078354239464
behavioral_greedy,pool160,-1,/weka/scratch/jhu/cpriebe1/MO/model-taxonomy/results/shared_cache/03_adapters/allenai--OLMo-2-0425-1B-Instruct/yahoo_000g1_100g2_000g3_n1000_s00_r16_i02_b5008_fea27ccee,yahoo_000g1_100g2_000g3_n1000_s00,0.14584572613239288,0.03584349900484085
behavioral_greedy,pool160,-1,/weka/scratch/jhu/cpriebe1/MO/model-taxonomy/results/shared_cache/03_adapters/allenai--OLMo-2-0425-1B-Instruct/yahoo_000g1_100g2_000g3_n1000_s00_r16_i03_b5008_fea27ccee,yahoo_000g1_100g2_000g3_n1000_s00,0.14852671325206757,0.01622527651488781
behavioral_greedy,pool160,-1,/weka/scratch/jhu/cpriebe1/MO/model-taxonomy/results/shared_cache/03_adapters/allenai--OLMo-2-0425-1B-Instruct/yahoo_000g1_100g2_000g3_n1000_s00_r16_i04_b5008_fea27ccee,yahoo_000g1_100g2_000g3_n1000_s00,0.14463907480239868,-0.005909407511353493
behavioral_greedy,pool160,-1,/weka/scratch/jhu/cpriebe1/MO/model-taxonomy/results/shared_cache/03_adapters/allenai--OLMo-2-0425-1B-Instruct/yahoo_000g1_100g2_000g3_n1000_s00_r16_i05_b5008_fea27ccee,yahoo_000g1_100g2_000g3_n1000_s00,0.1556556671857834,0.01198735460639
behavioral_greedy,pool160,-1,/weka/scratch/jhu/cpriebe1/MO/model-taxonomy/results/shared_cache/03_adapters/allenai--OLMo-2-0425-1B-Instruct/yahoo_000g1_100g2_000g3_n1000_s00_r16_i06_b5008_fea27ccee,yahoo_000g1_100g2_000g3_n1000_s00,0.132400780916214,-0.005793868564069271
behavioral_greedy,pool160,-1,/weka/scratch/jhu/cpriebe1/MO/model-taxonomy/results/shared_cache/03_adapters/allenai--OLMo-2-0425-1B-Instruct/yahoo_000g1_100g2_000g3_n1000_s00_r16_i07_b5008_fea27ccee,yahoo_000g1_100g2_000g3_n1000_s00,0.14323876798152924,-0.009168121963739395
behavioral_greedy,pool160,-1,/weka/scratch/jhu/cpriebe1/MO/model-taxonomy/results/shared_cache/03_adapters/allenai--OLMo-2-0425-1B-Instruct/yahoo_000g1_100g2_000g3_n1000_s00_r16_i08_b5008_fea27ccee,yahoo_000g1_100g2_000g3_n1000_s00,0.1494874507188797,-0.018162604421377182
behavioral_greedy,pool160,-1,/weka/scratch/jhu/cpriebe1/MO/model-taxonomy/results/shared_cache/03_adapters/allenai--OLMo-2-0425-1B-Instruct/yahoo_000g1_100g2_000g3_n1000_s00_r16_i09_b5008_fea27ccee,yahoo_000g1_100g2_000g3_n1000_s00,0.13816188275814056,0.004230036865919828
behavioral_greedy,pool160,-1,/weka/scratch/jhu/cpriebe1/MO/model-taxonomy/results/shared_cache/03_adapters/allenai--OLMo-2-0425-1B-Instruct/yahoo_025g1_000g2_075g3_n1000_s00_r16_i00_b5008_fea27ccee,yahoo_025g1_000g2_075g3_n1000_s00,-0.13555383682250977,-0.04228193312883377
behavioral_greedy,pool160,-1,/weka/scratch/jhu/cpriebe1/MO/model-taxonomy/results/shared_cache/03_adapters/allenai--OLMo-2-0425-1B-Instruct/yahoo_025g1_000g2_075g3_n1000_s00_r16_i01_b5008_fea27ccee,yahoo_025g1_000g2_075g3_n1000_s00,-0.14125362038612366,-0.07046680897474289
behavioral_greedy,pool160,-1,/weka/scratch/jhu/cpriebe1/MO/model-taxonomy/results/shared_cache/03_adapters/allenai--OLMo-2-0425-1B-Instruct/yahoo_025g1_000g2_075g3_n1000_s00_r16_i02_b5008_fea27ccee,yahoo_025g1_000g2_075g3_n1000_s00,-0.1448044329881668,-0.03886113688349724
behavioral_greedy,pool160,-1,/weka/scratch/jhu/cpriebe1/MO/model-taxonomy/results/shared_cache/03_adapters/allenai--OLMo-2-0425-1B-Instruct/yahoo_025g1_000g2_075g3_n1000_s00_r16_i03_b5008_fea27ccee,yahoo_025g1_000g2_075g3_n1000_s00,-0.12879851460456848,-0.059962257742881775
behavioral_greedy,pool160,-1,/weka/scratch/jhu/cpriebe1/MO/model-taxonomy/results/shared_cache/03_adapters/allenai--OLMo-2-0425-1B-Instruct/yahoo_025g1_000g2_075g3_n1000_s00_r16_i04_b5008_fea27ccee,yahoo_025g1_000g2_075g3_n1000_s00,-0.15376776456832886,-0.034882016479969025
behavioral_greedy,pool160,-1,/weka/scratch/jhu/cpriebe1/MO/model-taxonomy/results/shared_cache/03_adapters/allenai--OLMo-2-0425-1B-Instruct/yahoo_025g1_000g2_075g3_n1000_s00_r16_i05_b5008_fea27ccee,yahoo_025g1_000g2_075g3_n1000_s00,-0.14098145067691803,-0.05720379948616028
behavioral_greedy,pool160,-1,/weka/scratch/jhu/cpriebe1/MO/model-taxonomy/results/shared_cache/03_adapters/allenai--OLMo-2-0425-1B-Instruct/yahoo_025g1_000g2_075g3_n1000_s00_r16_i06_b5008_fea27ccee,yahoo_025g1_000g2_075g3_n1000_s00,-0.11857541650533676,-0.06160098314285278
behavioral_greedy,pool160,-1,/weka/scratch/jhu/cpriebe1/MO/model-taxonomy/results/shared_cache/03_adapters/allenai--OLMo-2-0425-1B-Instruct/yahoo_025g1_000g2_075g3_n1000_s00_r16_i07_b5008_fea27ccee,yahoo_025g1_000g2_075g3_n1000_s00,-0.1231798380613327,-0.09679686278104782
behavioral_greedy,pool160,-1,/weka/scratch/jhu/cpriebe1/MO/model-taxonomy/results/shared_cache/03_adapters/allenai--OLMo-2-0425-1B-Instruct/yahoo_025g1_000g2_075g3_n1000_s00_r16_i08_b5008_fea27ccee,yahoo_025g1_000g2_075g3_n1000_s00,-0.1176450178027153,-0.0830330029129982
behavioral_greedy,pool160,-1,/weka/scratch/jhu/cpriebe1/MO/model-taxonomy/results/shared_cache/03_adapters/allenai--OLMo-2-0425-1B-Instruct/yahoo_025g1_000g2_075g3_n1000_s00_r16_i09_b5008_fea27ccee,yahoo_025g1_000g2_075g3_n1000_s00,-0.12833791971206665,-0.07611192017793655
behavioral_greedy,pool160,-1,/weka/scratch/jhu/cpriebe1/MO/model-taxonomy/results/shared_cache/03_adapters/allenai--OLMo-2-0425-1B-Instruct/yahoo_025g1_025g2_050g3_n1000_s00_r16_i00_b5008_fea27ccee,yahoo_025g1_025g2_050g3_n1000_s00,-0.0731201171875,-0.037191249430179596
behavioral_greedy,pool160,-1,/weka/scratch/jhu/cpriebe1/MO/model-taxonomy/results/shared_cache/03_adapters/allenai--OLMo-2-0425-1B-Instruct/yahoo_025g1_025g2_050g3_n1000_s00_r16_i01_b5008_fea27ccee,yahoo_025g1_025g2_050g3_n1000_s00,-0.08406752347946167,-0.06918316334486008
behavioral_greedy,pool160,-1,/weka/scratch/jhu/cpriebe1/MO/model-taxonomy/results/shared_cache/03_adapters/allenai--OLMo-2-0425-1B-Instruct/yahoo_025g1_025g2_050g3_n1000_s00_r16_i02_b5008_fea27ccee,yahoo_025g1_025g2_050g3_n1000_s00,-0.05811078101396561,-0.05965260788798332
behavioral_greedy,pool160,-1,/weka/scratch/jhu/cpriebe1/MO/model-taxonomy/results/shared_cache/03_adapters/allenai--OLMo-2-0425-1B-Instruct/yahoo_025g1_025g2_050g3_n1000_s00_r16_i03_b5008_fea27ccee,yahoo_025g1_025g2_050g3_n1000_s00,-0.03011397272348404,-0.05148518458008766
behavioral_greedy,pool160,-1,/weka/scratch/jhu/cpriebe1/MO/model-taxonomy/results/shared_cache/03_adapters/allenai--OLMo-2-0425-1B-Instruct/yahoo_025g1_025g2_050g3_n1000_s00_r16_i04_b5008_fea27ccee,yahoo_025g1_025g2_050g3_n1000_s00,-0.08384395390748978,-0.049216680228710175
behavioral_greedy,pool160,-1,/weka/scratch/jhu/cpriebe1/MO/model-taxonomy/results/shared_cache/03_adapters/allenai--OLMo-2-0425-1B-Instruct/yahoo_025g1_025g2_050g3_n1000_s00_r16_i05_b5008_fea27ccee,yahoo_025g1_025g2_050g3_n1000_s00,-0.06966684013605118,-0.04747571796178818
behavioral_greedy,pool160,-1,/weka/scratch/jhu/cpriebe1/MO/model-taxonomy/results/shared_cache/03_adapters/allenai--OLMo-2-0425-1B-Instruct/yahoo_025g1_025g2_050g3_n1000_s00_r16_i06_b5008_fea27ccee,yahoo_025g1_025g2_050g3_n1000_s00,-0.05155672878026962,-0.04536770284175873
behavioral_greedy,pool160,-1,/weka/scratch/jhu/cpriebe1/MO/model-taxonomy/results/shared_cache/03_adapters/allenai--OLMo-2-0425-1B-Instruct/yahoo_025g1_025g2_050g3_n1000_s00_r16_i07_b5008_fea27ccee,yahoo_025g1_025g2_050g3_n1000_s00,-0.06215249374508858,-0.049604978412389755
behavioral_greedy,pool160,-1,/weka/scratch/jhu/cpriebe1/MO/model-taxonomy/results/shared_cache/03_adapters/allenai--OLMo-2-0425-1B-Instruct/yahoo_025g1_025g2_050g3_n1000_s00_r16_i08_b5008_fea27ccee,yahoo_025g1_025g2_050g3_n1000_s00,-0.03630723059177399,-0.058358535170555115
behavioral_greedy,pool160,-1,/weka/scratch/jhu/cpriebe1/MO/model-taxonomy/results/shared_cache/03_adapters/allenai--OLMo-2-0425-1B-Instruct/yahoo_025g1_025g2_050g3_n1000_s00_r16_i09_b5008_fea27ccee,yahoo_025g1_025g2_050g3_n1000_s00,-0.07207596302032471,-0.06324996799230576
behavioral_greedy,pool160,-1,/weka/scratch/jhu/cpriebe1/MO/model-taxonomy/results/shared_cache/03_adapters/allenai--OLMo-2-0425-1B-Instruct/yahoo_025g1_050g2_025g3_n1000_s00_r16_i00_b5008_fea27ccee,yahoo_025g1_050g2_025g3_n1000_s00,0.028013596311211586,-0.006251403130590916
behavioral_greedy,pool160,-1,/weka/scratch/jhu/cpriebe1/MO/model-taxonomy/results/shared_cache/03_adapters/allenai--OLMo-2-0425-1B-Instruct/yahoo_025g1_050g2_025g3_n1000_s00_r16_i01_b5008_fea27ccee,yahoo_025g1_050g2_025g3_n1000_s00,0.03485807403922081,-0.028084080666303635
behavioral_greedy,pool160,-1,/weka/scratch/jhu/cpriebe1/MO/model-taxonomy/results/shared_cache/03_adapters/allenai--OLMo-2-0425-1B-Instruct/yahoo_025g1_050g2_025g3_n1000_s00_r16_i02_b5008_fea27ccee,yahoo_025g1_050g2_025g3_n1000_s00,0.03910832852125168,-0.02118619903922081
behavioral_greedy,pool160,-1,/weka/scratch/jhu/cpriebe1/MO/model-taxonomy/results/shared_cache/03_adapters/allenai--OLMo-2-0425-1B-Instruct/yahoo_025g1_050g2_025g3_n1000_s00_r16_i03_b5008_fea27ccee,yahoo_025g1_050g2_025g3_n1000_s00,0.05949132516980171,-0.02172977477312088
behavioral_greedy,pool160,-1,/weka/scratch/jhu/cpriebe1/MO/model-taxonomy/results/shared_cache/03_adapters/allenai--OLMo-2-0425-1B-Instruct/yahoo_025g1_050g2_025g3_n1000_s00_r16_i04_b5008_fea27ccee,yahoo_025g1_050g2_025g3_n1000_s00,0.02299407310783863,-0.015123225748538971
behavioral_greedy,pool160,-1,/weka/scratch/jhu/cpriebe1/MO/model-taxonomy/results/shared_cache/03_adapters/allenai--OLMo-2-0425-1B-Instruct/yahoo_025g1_050g2_025g3_n1000_s00_r16_i05_b5008_fea27ccee,yahoo_025g1_050g2_025g3_n1000_s00,0.05097309127449989,-0.013170155696570873
behavioral_greedy,pool160,-1,/weka/scratch/jhu/cpriebe1/MO/model-taxonomy/results/shared_cache/03_adapters/allenai--OLMo-2-0425-1B-Instruct/yahoo_025g1_050g2_025g3_n1000_s00_r16_i06_b5008_fea27ccee,yahoo_025g1_050g2_025g3_n1000_s00,0.03944653645157814,-0.008485250174999237
behavioral_greedy,pool160,-1,/weka/scratch/jhu/cpriebe1/MO/model-taxonomy/results/shared_cache/03_adapters/allenai--OLMo-2-0425-1B-Instruct/yahoo_025g1_050g2_025g3_n1000_s00_r16_i07_b5008_fea27ccee,yahoo_025g1_050g2_025g3_n1000_s00,0.02755994163453579,-0.030178869143128395
behavioral_greedy,pool160,-1,/weka/scratch/jhu/cpriebe1/MO/model-taxonomy/results/shared_cache/03_adapters/allenai--OLMo-2-0425-1B-Instruct/yahoo_025g1_050g2_025g3_n1000_s00_r16_i08_b5008_fea27ccee,yahoo_025g1_050g2_025g3_n1000_s00,0.048685237765312195,-0.02794543467462063
behavioral_greedy,pool160,-1,/weka/scratch/jhu/cpriebe1/MO/model-taxonomy/results/shared_cache/03_adapters/allenai--OLMo-2-0425-1B-Instruct/yahoo_025g1_050g2_025g3_n1000_s00_r16_i09_b5008_fea27ccee,yahoo_025g1_050g2_025g3_n1000_s00,0.019875552505254745,-0.022754115983843803
behavioral_greedy,pool160,-1,/weka/scratch/jhu/cpriebe1/MO/model-taxonomy/results/shared_cache/03_adapters/allenai--OLMo-2-0425-1B-Instruct/yahoo_025g1_075g2_000g3_n1000_s00_r16_i00_b5008_fea27ccee,yahoo_025g1_075g2_000g3_n1000_s00,0.09262052923440933,0.02572770044207573
behavioral_greedy,pool160,-1,/weka/scratch/jhu/cpriebe1/MO/model-taxonomy/results/shared_cache/03_adapters/allenai--OLMo-2-0425-1B-Instruct/yahoo_025g1_075g2_000g3_n1000_s00_r16_i01_b5008_fea27ccee,yahoo_025g1_075g2_000g3_n1000_s00,0.09875057637691498,0.003112232079729438
behavioral_greedy,pool160,-1,/weka/scratch/jhu/cpriebe1/MO/model-taxonomy/results/shared_cache/03_adapters/allenai--OLMo-2-0425-1B-Instruct/yahoo_025g1_075g2_000g3_n1000_s00_r16_i02_b5008_fea27ccee,yahoo_025g1_075g2_000g3_n1000_s00,0.09127622842788696,0.01618937775492668
behavioral_greedy,pool160,-1,/weka/scratch/jhu/cpriebe1/MO/model-taxonomy/results/shared_cache/03_adapters/allenai--OLMo-2-0425-1B-Instruct/yahoo_025g1_075g2_000g3_n1000_s00_r16_i03_b5008_fea27ccee,yahoo_025g1_075g2_000g3_n1000_s00,0.09997015446424484,0.013628038577735424
behavioral_greedy,pool160,-1,/weka/scratch/jhu/cpriebe1/MO/model-taxonomy/results/shared_cache/03_adapters/allenai--OLMo-2-0425-1B-Instruct/yahoo_025g1_075g2_000g3_n1000_s00_r16_i04_b5008_fea27ccee,yahoo_025g1_075g2_000g3_n1000_s00,0.10674271732568741,0.023580018430948257
behavioral_greedy,pool160,-1,/weka/scratch/jhu/cpriebe1/MO/model-taxonomy/results/shared_cache/03_adapters/allenai--OLMo-2-0425-1B-Instruct/yahoo_025g1_075g2_000g3_n1000_s00_r16_i05_b5008_fea27ccee,yahoo_025g1_075g2_000g3_n1000_s00,0.1178482323884964,0.04864969104528427
behavioral_greedy,pool160,-1,/weka/scratch/jhu/cpriebe1/MO/model-taxonomy/results/shared_cache/03_adapters/allenai--OLMo-2-0425-1B-Instruct/yahoo_025g1_075g2_000g3_n1000_s00_r16_i06_b5008_fea27ccee,yahoo_025g1_075g2_000g3_n1000_s00,0.08392851054668427,0.010378134436905384
behavioral_greedy,pool160,-1,/weka/scratch/jhu/cpriebe1/MO/model-taxonomy/results/shared_cache/03_adapters/allenai--OLMo-2-0425-1B-Instruct/yahoo_025g1_075g2_000g3_n1000_s00_r16_i07_b5008_fea27ccee,yahoo_025g1_075g2_000g3_n1000_s00,0.10537298768758774,0.0325075201690197
behavioral_greedy,pool160,-1,/weka/scratch/jhu/cpriebe1/MO/model-taxonomy/results/shared_cache/03_adapters/allenai--OLMo-2-0425-1B-Instruct/yahoo_025g1_075g2_000g3_n1000_s00_r16_i08_b5008_fea27ccee,yahoo_025g1_075g2_000g3_n1000_s00,0.10917671024799347,0.05047087371349335
behavioral_greedy,pool160,-1,/weka/scratch/jhu/cpriebe1/MO/model-taxonomy/results/shared_cache/03_adapters/allenai--OLMo-2-0425-1B-Instruct/yahoo_025g1_075g2_000g3_n1000_s00_r16_i09_b5008_fea27ccee,yahoo_025g1_075g2_000g3_n1000_s00,0.10743453353643417,0.038437604904174805
behavioral_greedy,pool160,-1,/weka/scratch/jhu/cpriebe1/MO/model-taxonomy/results/shared_cache/03_adapters/allenai--OLMo-2-0425-1B-Instruct/yahoo_033g1_033g2_033g3_n1000_s00_r16_i00_b5008_fea27ccee,yahoo_033g1_033g2_033g3_n1000_s00,-0.0956459492444992,-0.004669068846851587
behavioral_greedy,pool160,-1,/weka/scratch/jhu/cpriebe1/MO/model-taxonomy/results/shared_cache/03_adapters/allenai--OLMo-2-0425-1B-Instruct/yahoo_033g1_033g2_033g3_n1000_s00_r16_i01_b5008_fea27ccee,yahoo_033g1_033g2_033g3_n1000_s00,-0.06598250567913055,-0.0024586617946624756
behavioral_greedy,pool160,-1,/weka/scratch/jhu/cpriebe1/MO/model-taxonomy/results/shared_cache/03_adapters/allenai--OLMo-2-0425-1B-Instruct/yahoo_033g1_033g2_033g3_n1000_s00_r16_i02_b5008_fea27ccee,yahoo_033g1_033g2_033g3_n1000_s00,-0.05533261597156525,0.01281212829053402
behavioral_greedy,pool160,-1,/weka/scratch/jhu/cpriebe1/MO/model-taxonomy/results/shared_cache/03_adapters/allenai--OLMo-2-0425-1B-Instruct/yahoo_033g1_033g2_033g3_n1000_s00_r16_i03_b5008_fea27ccee,yahoo_033g1_033g2_033g3_n1000_s00,-0.03716380149126053,0.005197232589125633
behavioral_greedy,pool160,-1,/weka/scratch/jhu/cpriebe1/MO/model-taxonomy/results/shared_cache/03_adapters/allenai--OLMo-2-0425-1B-Instruct/yahoo_033g1_033g2_033g3_n1000_s00_r16_i04_b5008_fea27ccee,yahoo_033g1_033g2_033g3_n1000_s00,-0.028207149356603622,-0.0052547939121723175
behavioral_greedy,pool160,-1,/weka/scratch/jhu/cpriebe1/MO/model-taxonomy/results/shared_cache/03_adapters/allenai--OLMo-2-0425-1B-Instruct/yahoo_033g1_033g2_033g3_n1000_s00_r16_i05_b5008_fea27ccee,yahoo_033g1_033g2_033g3_n1000_s00,-0.07859360426664352,0.011146675795316696
behavioral_greedy,pool160,-1,/weka/scratch/jhu/cpriebe1/MO/model-taxonomy/results/shared_cache/03_adapters/allenai--OLMo-2-0425-1B-Instruct/yahoo_033g1_033g2_033g3_n1000_s00_r16_i06_b5008_fea27ccee,yahoo_033g1_033g2_033g3_n1000_s00,-0.06699509173631668,0.008807298727333546
behavioral_greedy,pool160,-1,/weka/scratch/jhu/cpriebe1/MO/model-taxonomy/results/shared_cache/03_adapters/allenai--OLMo-2-0425-1B-Instruct/yahoo_033g1_033g2_033g3_n1000_s00_r16_i07_b5008_fea27ccee,yahoo_033g1_033g2_033g3_n1000_s00,-0.027406126260757446,0.0063506742008030415
behavioral_greedy,pool160,-1,/weka/scratch/jhu/cpriebe1/MO/model-taxonomy/results/shared_cache/03_adapters/allenai--OLMo-2-0425-1B-Instruct/yahoo_033g1_033g2_033g3_n1000_s00_r16_i08_b5008_fea27ccee,yahoo_033g1_033g2_033g3_n1000_s00,-0.05617415904998779,-0.005835952237248421
behavioral_greedy,pool160,-1,/weka/scratch/jhu/cpriebe1/MO/model-taxonomy/results/shared_cache/03_adapters/allenai--OLMo-2-0425-1B-Instruct/yahoo_033g1_033g2_033g3_n1000_s00_r16_i09_b5008_fea27ccee,yahoo_033g1_033g2_033g3_n1000_s00,-0.08662993460893631,-0.002943223575130105
behavioral_greedy,pool160,-1,/weka/scratch/jhu/cpriebe1/MO/model-taxonomy/results/shared_cache/03_adapters/allenai--OLMo-2-0425-1B-Instruct/yahoo_050g1_000g2_050g3_n1000_s00_r16_i00_b5008_fea27ccee,yahoo_050g1_000g2_050g3_n1000_s00,-0.12478967010974884,0.03475906699895859
behavioral_greedy,pool160,-1,/weka/scratch/jhu/cpriebe1/MO/model-taxonomy/results/shared_cache/03_adapters/allenai--OLMo-2-0425-1B-Instruct/yahoo_050g1_000g2_050g3_n1000_s00_r16_i01_b5008_fea27ccee,yahoo_050g1_000g2_050g3_n1000_s00,-0.11207602918148041,0.04294516518712044
behavioral_greedy,pool160,-1,/weka/scratch/jhu/cpriebe1/MO/model-taxonomy/results/shared_cache/03_adapters/allenai--OLMo-2-0425-1B-Instruct/yahoo_050g1_000g2_050g3_n1000_s00_r16_i02_b5008_fea27ccee,yahoo_050g1_000g2_050g3_n1000_s00,-0.12342146039009094,0.023833995684981346
behavioral_greedy,pool160,-1,/weka/scratch/jhu/cpriebe1/MO/model-taxonomy/results/shared_cache/03_adapters/allenai--OLMo-2-0425-1B-Instruct/yahoo_050g1_000g2_050g3_n1000_s00_r16_i03_b5008_fea27ccee,yahoo_050g1_000g2_050g3_n1000_s00,-0.11836559325456619,0.01567619852721691
behavioral_greedy,pool160,-1,/weka/scratch/jhu/cpriebe1/MO/model-taxonomy/results/shared_cache/03_adapters/allenai--OLMo-2-0425-1B-Instruct/yahoo_050g1_000g2_050g3_n1000_s00_r16_i04_b5008_fea27ccee,yahoo_050g1_000g2_050g3_n1000_s00,-0.13527493178844452,0.03181132301688194
behavioral_greedy,pool160,-1,/weka/scratch/jhu/cpriebe1/MO/model-taxonomy/results/shared_cache/03_adapters/allenai--OLMo-2-0425-1B-Instruct/yahoo_050g1_000g2_050g3_n1000_s00_r16_i05_b5008_fea27ccee,yahoo_050g1_000g2_050g3_n1000_s00,-0.1124224066734314,0.02473665587604046
behavioral_greedy,pool160,-1,/weka/scratch/jhu/cpriebe1/MO/model-taxonomy/results/shared_cache/03_adapters/allenai--OLMo-2-0425-1B-Instruct/yahoo_050g1_000g2_050g3_n1000_s00_r16_i06_b5008_fea27ccee,yahoo_050g1_000g2_050g3_n1000_s00,-0.10224384069442749,0.03430238738656044
behavioral_greedy,pool160,-1,/weka/scratch/jhu/cpriebe1/MO/model-taxonomy/results/shared_cache/03_adapters/allenai--OLMo-2-0425-1B-Instruct/yahoo_050g1_000g2_050g3_n1000_s00_r16_i07_b5008_fea27ccee,yahoo_050g1_000g2_050g3_n1000_s00,-0.11444135010242462,0.030493080615997314
behavioral_greedy,pool160,-1,/weka/scratch/jhu/cpriebe1/MO/model-taxonomy/results/shared_cache/03_adapters/allenai--OLMo-2-0425-1B-Instruct/yahoo_050g1_000g2_050g3_n1000_s00_r16_i08_b5008_fea27ccee,yahoo_050g1_000g2_050g3_n1000_s00,-0.12992088496685028,0.01649164967238903
behavioral_greedy,pool160,-1,/weka/scratch/jhu/cpriebe1/MO/model-taxonomy/results/shared_cache/03_adapters/allenai--OLMo-2-0425-1B-Instruct/yahoo_050g1_000g2_050g3_n1000_s00_r16_i09_b5008_fea27ccee,yahoo_050g1_000g2_050g3_n1000_s00,-0.12463472783565521,0.048798855394124985
behavioral_greedy,pool160,-1,/weka/scratch/jhu/cpriebe1/MO/model-taxonomy/results/shared_cache/03_adapters/allenai--OLMo-2-0425-1B-Instruct/yahoo_050g1_025g2_025g3_n1000_s00_r16_i00_b5008_fea27ccee,yahoo_050g1_025g2_025g3_n1000_s00,-0.05794885754585266,0.059053219854831696
behavioral_greedy,pool160,-1,/weka/scratch/jhu/cpriebe1/MO/model-taxonomy/results/shared_cache/03_adapters/allenai--OLMo-2-0425-1B-Instruct/yahoo_050g1_025g2_025g3_n1000_s00_r16_i01_b5008_fea27ccee,yahoo_050g1_025g2_025g3_n1000_s00,-0.02717248722910881,0.0725778117775917
behavioral_greedy,pool160,-1,/weka/scratch/jhu/cpriebe1/MO/model-taxonomy/results/shared_cache/03_adapters/allenai--OLMo-2-0425-1B-Instruct/yahoo_050g1_025g2_025g3_n1000_s00_r16_i02_b5008_fea27ccee,yahoo_050g1_025g2_025g3_n1000_s00,-0.047752197831869125,0.06699877977371216
behavioral_greedy,pool160,-1,/weka/scratch/jhu/cpriebe1/MO/model-taxonomy/results/shared_cache/03_adapters/allenai--OLMo-2-0425-1B-Instruct/yahoo_050g1_025g2_025g3_n1000_s00_r16_i03_b5008_fea27ccee,yahoo_050g1_025g2_025g3_n1000_s00,-0.033257827162742615,0.053992293775081635
behavioral_greedy,pool160,-1,/weka/scratch/jhu/cpriebe1/MO/model-taxonomy/results/shared_cache/03_adapters/allenai--OLMo-2-0425-1B-Instruct/yahoo_050g1_025g2_025g3_n1000_s00_r16_i04_b5008_fea27ccee,yahoo_050g1_025g2_025g3_n1000_s00,-0.021028593182563782,0.05700379237532616
behavioral_greedy,pool160,-1,/weka/scratch/jhu/cpriebe1/MO/model-taxonomy/results/shared_cache/03_adapters/allenai--OLMo-2-0425-1B-Instruct/yahoo_050g1_025g2_025g3_n1000_s00_r16_i05_b5008_fea27ccee,yahoo_050g1_025g2_025g3_n1000_s00,-0.0346677266061306,0.08207868039608002
behavioral_greedy,pool160,-1,/weka/scratch/jhu/cpriebe1/MO/model-taxonomy/results/shared_cache/03_adapters/allenai--OLMo-2-0425-1B-Instruct/yahoo_050g1_025g2_025g3_n1000_s00_r16_i06_b5008_fea27ccee,yahoo_050g1_025g2_025g3_n1000_s00,-0.04555148631334305,0.08869627863168716
behavioral_greedy,pool160,-1,/weka/scratch/jhu/cpriebe1/MO/model-taxonomy/results/shared_cache/03_adapters/allenai--OLMo-2-0425-1B-Instruct/yahoo_050g1_025g2_025g3_n1000_s00_r16_i07_b5008_fea27ccee,yahoo_050g1_025g2_025g3_n1000_s00,-0.05098434537649155,0.05823259800672531
behavioral_greedy,pool160,-1,/weka/scratch/jhu/cpriebe1/MO/model-taxonomy/results/shared_cache/03_adapters/allenai--OLMo-2-0425-1B-Instruct/yahoo_050g1_025g2_025g3_n1000_s00_r16_i08_b5008_fea27ccee,yahoo_050g1_025g2_025g3_n1000_s00,-0.08073150366544724,0.06964459270238876
behavioral_greedy,pool160,-1,/weka/scratch/jhu/cpriebe1/MO/model-taxonomy/results/shared_cache/03_adapters/allenai--OLMo-2-0425-1B-Instruct/yahoo_050g1_025g2_025g3_n1000_s00_r16_i09_b5008_fea27ccee,yahoo_050g1_025g2_025g3_n1000_s00,-0.04026082530617714,0.048795491456985474
behavioral_greedy,pool160,-1,/weka/scratch/jhu/cpriebe1/MO/model-taxonomy/results/shared_cache/03_adapters/allenai--OLMo-2-0425-1B-Instruct/yahoo_050g1_050g2_000g3_n1000_s00_r16_i00_b5008_fea27ccee,yahoo_050g1_050g2_000g3_n1000_s00,0.06263553351163864,0.060676779597997665
behavioral_greedy,pool160,-1,/weka/scratch/jhu/cpriebe1/MO/model-taxonomy/results/shared_cache/03_adapters/allenai--OLMo-2-0425-1B-Instruct/yahoo_050g1_050g2_000g3_n1000_s00_r16_i01_b5008_fea27ccee,yahoo_050g1_050g2_000g3_n1000_s00,0.03461214900016785,0.04497779905796051
behavioral_greedy,pool160,-1,/weka/scratch/jhu/cpriebe1/MO/model-taxonomy/results/shared_cache/03_adapters/allenai--OLMo-2-0425-1B-Instruct/yahoo_050g1_050g2_000g3_n1000_s00_r16_i02_b5008_fea27ccee,yahoo_050g1_050g2_000g3_n1000_s00,0.07468242943286896,0.07239648699760437
behavioral_greedy,pool160,-1,/weka/scratch/jhu/cpriebe1/MO/model-taxonomy/results/shared_cache/03_adapters/allenai--OLMo-2-0425-1B-Instruct/yahoo_050g1_050g2_000g3_n1000_s00_r16_i03_b5008_fea27ccee,yahoo_050g1_050g2_000g3_n1000_s00,0.041642289608716965,0.052650582045316696
behavioral_greedy,pool160,-1,/weka/scratch/jhu/cpriebe1/MO/model-taxonomy/results/shared_cache/03_adapters/allenai--OLMo-2-0425-1B-Instruct/yahoo_050g1_050g2_000g3_n1000_s00_r16_i04_b5008_fea27ccee,yahoo_050g1_050g2_000g3_n1000_s00,0.04838194698095322,0.06178145855665207
behavioral_greedy,pool160,-1,/weka/scratch/jhu/cpriebe1/MO/model-taxonomy/results/shared_cache/03_adapters/allenai--OLMo-2-0425-1B-Instruct/yahoo_050g1_050g2_000g3_n1000_s00_r16_i05_b5008_fea27ccee,yahoo_050g1_050g2_000g3_n1000_s00,0.08270528167486191,0.07909271121025085
behavioral_greedy,pool160,-1,/weka/scratch/jhu/cpriebe1/MO/model-taxonomy/results/shared_cache/03_adapters/allenai--OLMo-2-0425-1B-Instruct/yahoo_050g1_050g2_000g3_n1000_s00_r16_i06_b5008_fea27ccee,yahoo_050g1_050g2_000g3_n1000_s00,0.02908666618168354,0.048127681016922
behavioral_greedy,pool160,-1,/weka/scratch/jhu/cpriebe1/MO/model-taxonomy/results/shared_cache/03_adapters/allenai--OLMo-2-0425-1B-Instruct/yahoo_050g1_050g2_000g3_n1000_s00_r16_i07_b5008_fea27ccee,yahoo_050g1_050g2_000g3_n1000_s00,0.05574794486165047,0.06669307500123978
behavioral_greedy,pool160,-1,/weka/scratch/jhu/cpriebe1/MO/model-taxonomy/results/shared_cache/03_adapters/allenai--OLMo-2-0425-1B-Instruct/yahoo_050g1_050g2_000g3_n1000_s00_r16_i08_b5008_fea27ccee,yahoo_050g1_050g2_000g3_n1000_s00,0.06040326505899429,0.07620453089475632
behavioral_greedy,pool160,-1,/weka/scratch/jhu/cpriebe1/MO/model-taxonomy/results/shared_cache/03_adapters/allenai--OLMo-2-0425-1B-Instruct/yahoo_050g1_050g2_000g3_n1000_s00_r16_i09_b5008_fea27ccee,yahoo_050g1_050g2_000g3_n1000_s00,0.054366979748010635,0.04763854667544365
behavioral_greedy,pool160,-1,/weka/scratch/jhu/cpriebe1/MO/model-taxonomy/results/shared_cache/03_adapters/allenai--OLMo-2-0425-1B-Instruct/yahoo_075g1_000g2_025g3_n1000_s00_r16_i00_b5008_fea27ccee,yahoo_075g1_000g2_025g3_n1000_s00,-0.09225388616323471,0.08953948318958282
behavioral_greedy,pool160,-1,/weka/scratch/jhu/cpriebe1/MO/model-taxonomy/results/shared_cache/03_adapters/allenai--OLMo-2-0425-1B-Instruct/yahoo_075g1_000g2_025g3_n1000_s00_r16_i01_b5008_fea27ccee,yahoo_075g1_000g2_025g3_n1000_s00,-0.07683540135622025,0.10014137625694275
behavioral_greedy,pool160,-1,/weka/scratch/jhu/cpriebe1/MO/model-taxonomy/results/shared_cache/03_adapters/allenai--OLMo-2-0425-1B-Instruct/yahoo_075g1_000g2_025g3_n1000_s00_r16_i02_b5008_fea27ccee,yahoo_075g1_000g2_025g3_n1000_s00,-0.08410460501909256,0.11039140820503235
behavioral_greedy,pool160,-1,/weka/scratch/jhu/cpriebe1/MO/model-taxonomy/results/shared_cache/03_adapters/allenai--OLMo-2-0425-1B-Instruct/yahoo_075g1_000g2_025g3_n1000_s00_r16_i03_b5008_fea27ccee,yahoo_075g1_000g2_025g3_n1000_s00,-0.09875388443470001,0.09970538318157196
behavioral_greedy,pool160,-1,/weka/scratch/jhu/cpriebe1/MO/model-taxonomy/results/shared_cache/03_adapters/allenai--OLMo-2-0425-1B-Instruct/yahoo_075g1_000g2_025g3_n1000_s00_r16_i04_b5008_fea27ccee,yahoo_075g1_000g2_025g3_n1000_s00,-0.05823902785778046,0.11069042980670929
behavioral_greedy,pool160,-1,/weka/scratch/jhu/cpriebe1/MO/model-taxonomy/results/shared_cache/03_adapters/allenai--OLMo-2-0425-1B-Instruct/yahoo_075g1_000g2_025g3_n1000_s00_r16_i05_b5008_fea27ccee,yahoo_075g1_000g2_025g3_n1000_s00,-0.06505068391561508,0.11967230588197708
behavioral_greedy,pool160,-1,/weka/scratch/jhu/cpriebe1/MO/model-taxonomy/results/shared_cache/03_adapters/allenai--OLMo-2-0425-1B-Instruct/yahoo_075g1_000g2_025g3_n1000_s00_r16_i06_b5008_fea27ccee,yahoo_075g1_000g2_025g3_n1000_s00,-0.06777624040842056,0.10222545266151428
behavioral_greedy,pool160,-1,/weka/scratch/jhu/cpriebe1/MO/model-taxonomy/results/shared_cache/03_adapters/allenai--OLMo-2-0425-1B-Instruct/yahoo_075g1_000g2_025g3_n1000_s00_r16_i07_b5008_fea27ccee,yahoo_075g1_000g2_025g3_n1000_s00,-0.08146771043539047,0.09735321253538132
behavioral_greedy,pool160,-1,/weka/scratch/jhu/cpriebe1/MO/model-taxonomy/results/shared_cache/03_adapters/allenai--OLMo-2-0425-1B-Instruct/yahoo_075g1_000g2_025g3_n1000_s00_r16_i08_b5008_fea27ccee,yahoo_075g1_000g2_025g3_n1000_s00,-0.0723009929060936,0.11368969827890396
behavioral_greedy,pool160,-1,/weka/scratch/jhu/cpriebe1/MO/model-taxonomy/results/shared_cache/03_adapters/allenai--OLMo-2-0425-1B-Instruct/yahoo_075g1_000g2_025g3_n1000_s00_r16_i09_b5008_fea27ccee,yahoo_075g1_000g2_025g3_n1000_s00,-0.09262534230947495,0.10231778770685196
behavioral_greedy,pool160,-1,/weka/scratch/jhu/cpriebe1/MO/model-taxonomy/results/shared_cache/03_adapters/allenai--OLMo-2-0425-1B-Instruct/yahoo_075g1_025g2_000g3_n1000_s00_r16_i00_b5008_fea27ccee,yahoo_075g1_025g2_000g3_n1000_s00,0.05062435567378998,0.11543913185596466
behavioral_greedy,pool160,-1,/weka/scratch/jhu/cpriebe1/MO/model-taxonomy/results/shared_cache/03_adapters/allenai--OLMo-2-0425-1B-Instruct/yahoo_075g1_025g2_000g3_n1000_s00_r16_i01_b5008_fea27ccee,yahoo_075g1_025g2_000g3_n1000_s00,0.04521206021308899,0.10798098891973495
behavioral_greedy,pool160,-1,/weka/scratch/jhu/cpriebe1/MO/model-taxonomy/results/shared_cache/03_adapters/allenai--OLMo-2-0425-1B-Instruct/yahoo_075g1_025g2_000g3_n1000_s00_r16_i02_b5008_fea27ccee,yahoo_075g1_025g2_000g3_n1000_s00,0.011967225931584835,0.10293702781200409
behavioral_greedy,pool160,-1,/weka/scratch/jhu/cpriebe1/MO/model-taxonomy/results/shared_cache/03_adapters/allenai--OLMo-2-0425-1B-Instruct/yahoo_075g1_025g2_000g3_n1000_s00_r16_i03_b5008_fea27ccee,yahoo_075g1_025g2_000g3_n1000_s00,0.02988394722342491,0.09905967861413956
behavioral_greedy,pool160,-1,/weka/scratch/jhu/cpriebe1/MO/model-taxonomy/results/shared_cache/03_adapters/allenai--OLMo-2-0425-1B-Instruct/yahoo_075g1_025g2_000g3_n1000_s00_r16_i04_b5008_fea27ccee,yahoo_075g1_025g2_000g3_n1000_s00,0.023164087906479836,0.10689627379179001
behavioral_greedy,pool160,-1,/weka/scratch/jhu/cpriebe1/MO/model-taxonomy/results/shared_cache/03_adapters/allenai--OLMo-2-0425-1B-Instruct/yahoo_075g1_025g2_000g3_n1000_s00_r16_i05_b5008_fea27ccee,yahoo_075g1_025g2_000g3_n1000_s00,0.02305850200355053,0.09046672284603119
behavioral_greedy,pool160,-1,/weka/scratch/jhu/cpriebe1/MO/model-taxonomy/results/shared_cache/03_adapters/allenai--OLMo-2-0425-1B-Instruct/yahoo_075g1_025g2_000g3_n1000_s00_r16_i06_b5008_fea27ccee,yahoo_075g1_025g2_000g3_n1000_s00,0.04736392945051193,0.12557093799114227
behavioral_greedy,pool160,-1,/weka/scratch/jhu/cpriebe1/MO/model-taxonomy/results/shared_cache/03_adapters/allenai--OLMo-2-0425-1B-Instruct/yahoo_075g1_025g2_000g3_n1000_s00_r16_i07_b5008_fea27ccee,yahoo_075g1_025g2_000g3_n1000_s00,0.0444481335580349,0.09849061071872711
behavioral_greedy,pool160,-1,/weka/scratch/jhu/cpriebe1/MO/model-taxonomy/results/shared_cache/03_adapters/allenai--OLMo-2-0425-1B-Instruct/yahoo_075g1_025g2_000g3_n1000_s00_r16_i08_b5008_fea27ccee,yahoo_075g1_025g2_000g3_n1000_s00,0.05890888720750809,0.10636734217405319
behavioral_greedy,pool160,-1,/weka/scratch/jhu/cpriebe1/MO/model-taxonomy/results/shared_cache/03_adapters/allenai--OLMo-2-0425-1B-Instruct/yahoo_075g1_025g2_000g3_n1000_s00_r16_i09_b5008_fea27ccee,yahoo_075g1_025g2_000g3_n1000_s00,0.03371967375278473,0.11377229541540146
behavioral_greedy,pool160,-1,/weka/scratch/jhu/cpriebe1/MO/model-taxonomy/results/shared_cache/03_adapters/allenai--OLMo-2-0425-1B-Instruct/yahoo_100g1_000g2_000g3_n1000_s00_r16_i00_b5008_fea27ccee,yahoo_100g1_000g2_000g3_n1000_s00,0.01609647646546364,0.12917259335517883
behavioral_greedy,pool160,-1,/weka/scratch/jhu/cpriebe1/MO/model-taxonomy/results/shared_cache/03_adapters/allenai--OLMo-2-0425-1B-Instruct/yahoo_100g1_000g2_000g3_n1000_s00_r16_i01_b5008_fea27ccee,yahoo_100g1_000g2_000g3_n1000_s00,-0.015293803997337818,0.13412433862686157
behavioral_greedy,pool160,-1,/weka/scratch/jhu/cpriebe1/MO/model-taxonomy/results/shared_cache/03_adapters/allenai--OLMo-2-0425-1B-Instruct/yahoo_100g1_000g2_000g3_n1000_s00_r16_i02_b5008_fea27ccee,yahoo_100g1_000g2_000g3_n1000_s00,0.014680268242955208,0.14486832916736603
behavioral_greedy,pool160,-1,/weka/scratch/jhu/cpriebe1/MO/model-taxonomy/results/shared_cache/03_adapters/allenai--OLMo-2-0425-1B-Instruct/yahoo_100g1_000g2_000g3_n1000_s00_r16_i03_b5008_fea27ccee,yahoo_100g1_000g2_000g3_n1000_s00,-0.003572367364540696,0.13256113231182098
behavioral_greedy,pool160,-1,/weka/scratch/jhu/cpriebe1/MO/model-taxonomy/results/shared_cache/03_adapters/allenai--OLMo-2-0425-1B-Instruct/yahoo_100g1_000g2_000g3_n1000_s00_r16_i04_b5008_fea27ccee,yahoo_100g1_000g2_000g3_n1000_s00,-0.01175888255238533,0.12616905570030212
behavioral_greedy,pool160,-1,/weka/scratch/jhu/cpriebe1/MO/model-taxonomy/results/shared_cache/03_adapters/allenai--OLMo-2-0425-1B-Instruct/yahoo_100g1_000g2_000g3_n1000_s00_r16_i05_b5008_fea27ccee,yahoo_100g1_000g2_000g3_n1000_s00,0.0034600566141307354,0.12904740869998932
behavioral_greedy,pool160,-1,/weka/scratch/jhu/cpriebe1/MO/model-taxonomy/results/shared_cache/03_adapters/allenai--OLMo-2-0425-1B-Instruct/yahoo_100g1_000g2_000g3_n1000_s00_r16_i06_b5008_fea27ccee,yahoo_100g1_000g2_000g3_n1000_s00,0.004568857606500387,0.14482718706130981
behavioral_greedy,pool160,-1,/weka/scratch/jhu/cpriebe1/MO/model-taxonomy/results/shared_cache/03_adapters/allenai--OLMo-2-0425-1B-Instruct/yahoo_100g1_000g2_000g3_n1000_s00_r16_i07_b5008_fea27ccee,yahoo_100g1_000g2_000g3_n1000_s00,0.025690240785479546,0.14190317690372467
behavioral_greedy,pool160,-1,/weka/scratch/jhu/cpriebe1/MO/model-taxonomy/results/shared_cache/03_adapters/allenai--OLMo-2-0425-1B-Instruct/yahoo_100g1_000g2_000g3_n1000_s00_r16_i08_b5008_fea27ccee,yahoo_100g1_000g2_000g3_n1000_s00,-0.00979689508676529,0.14171235263347626
behavioral_greedy,pool160,-1,/weka/scratch/jhu/cpriebe1/MO/model-taxonomy/results/shared_cache/03_adapters/allenai--OLMo-2-0425-1B-Instruct/yahoo_100g1_000g2_000g3_n1000_s00_r16_i09_b5008_fea27ccee,yahoo_100g1_000g2_000g3_n1000_s00,-0.024073950946331024,0.15368109941482544
behavioral_greedy,mean_after,-1,yahoo_000g1_000g2_100g3_n1000_s00,yahoo_000g1_000g2_100g3_n1000_s00,-0.0015982124023139477,-0.14109143614768982
behavioral_greedy,mean_after,-1,yahoo_000g1_025g2_075g3_n1000_s00,yahoo_000g1_025g2_075g3_n1000_s00,-0.0377693809568882,-0.1067395806312561
behavioral_greedy,mean_after,-1,yahoo_000g1_050g2_050g3_n1000_s00,yahoo_000g1_050g2_050g3_n1000_s00,0.051190100610256195,-0.08329537510871887
behavioral_greedy,mean_after,-1,yahoo_000g1_075g2_025g3_n1000_s00,yahoo_000g1_075g2_025g3_n1000_s00,0.1113412082195282,-0.07233507186174393
behavioral_greedy,mean_after,-1,yahoo_000g1_100g2_000g3_n1000_s00,yahoo_000g1_100g2_000g3_n1000_s00,0.14500196278095245,0.0033740343060344458
behavioral_greedy,mean_after,-1,yahoo_025g1_000g2_075g3_n1000_s00,yahoo_025g1_000g2_075g3_n1000_s00,-0.13328978419303894,-0.06212007254362106
behavioral_greedy,mean_after,-1,yahoo_025g1_025g2_050g3_n1000_s00,yahoo_025g1_025g2_050g3_n1000_s00,-0.062101561576128006,-0.05307857692241669
behavioral_greedy,mean_after,-1,yahoo_025g1_050g2_025g3_n1000_s00,yahoo_025g1_050g2_025g3_n1000_s00,0.03710057586431503,-0.01949085108935833
behavioral_greedy,mean_after,-1,yahoo_025g1_075g2_000g3_n1000_s00,yahoo_025g1_075g2_000g3_n1000_s00,0.10131211578845978,0.026268118992447853
behavioral_greedy,mean_after,-1,yahoo_033g1_033g2_033g3_n1000_s00,yahoo_033g1_033g2_033g3_n1000_s00,-0.05981309339404106,0.0023152309004217386
behavioral_greedy,mean_after,-1,yahoo_050g1_000g2_050g3_n1000_s00,yahoo_050g1_000g2_050g3_n1000_s00,-0.11975909024477005,0.030384836718440056
behavioral_greedy,mean_after,-1,yahoo_050g1_025g2_025g3_n1000_s00,yahoo_050g1_025g2_025g3_n1000_s00,-0.043935585767030716,0.06570734828710556
behavioral_greedy,mean_after,-1,yahoo_050g1_050g2_000g3_n1000_s00,yahoo_050g1_050g2_000g3_n1000_s00,0.05442645028233528,0.06102396547794342
behavioral_greedy,mean_after,-1,yahoo_075g1_000g2_025g3_n1000_s00,yahoo_075g1_000g2_025g3_n1000_s00,-0.07894077897071838,0.10457265377044678
behavioral_greedy,mean_after,-1,yahoo_075g1_025g2_000g3_n1000_s00,yahoo_075g1_025g2_000g3_n1000_s00,0.03683508187532425,0.10669810324907303
behavioral_greedy,mean_after,-1,yahoo_100g1_000g2_000g3_n1000_s00,yahoo_100g1_000g2_000g3_n1000_s00,-3.683500614967024e-18,0.13780666887760162
behavioral_greedy,mean_after_aligned,-1,yahoo_000g1_000g2_100g3_n1000_s00,yahoo_000g1_000g2_100g3_n1000_s00,-0.0035503138788044453,-0.31342440843582153
behavioral_greedy,mean_after_aligned,-1,yahoo_000g1_025g2_075g3_n1000_s00,yahoo_000g1_025g2_075g3_n1000_s00,-0.08390194177627563,-0.23711425065994263
behavioral_greedy,mean_after_aligned,-1,yahoo_000g1_050g2_050g3_n1000_s00,yahoo_000g1_050g2_050g3_n1000_s00,0.11371509730815887,-0.1850346326828003
behavioral_greedy,mean_after_aligned,-1,yahoo_000g1_075g2_025g3_n1000_s00,yahoo_000g1_075g2_025g3_n1000_s00,0.24733641743659973,-0.16068711876869202
behavioral_greedy,mean_after_aligned,-1,yahoo_000g1_100g2_000g3_n1000_s00,yahoo_000g1_100g2_000g3_n1000_s00,0.3221113383769989,0.007495173718780279
behavioral_greedy,mean_after_aligned,-1,yahoo_025g1_000g2_075g3_n1000_s00,yahoo_025g1_000g2_075g3_n1000_s00,-0.29609358310699463,-0.13799522817134857
behavioral_greedy,mean_after_aligned,-1,yahoo_025g1_025g2_050g3_n1000_s00,yahoo_025g1_025g2_050g3_n1000_s00,-0.13795411586761475,-0.11791020631790161
behavioral_greedy,mean_after_aligned,-1,yahoo_025g1_050g2_025g3_n1000_s00,yahoo_025g1_050g2_025g3_n1000_s00,0.08241624385118484,-0.04329751059412956
behavioral_greedy,mean_after_aligned,-1,yahoo_025g1_075g2_000g3_n1000_s00,yahoo_025g1_075g2_000g3_n1000_s00,0.22505751252174377,0.058352719992399216
behavioral_greedy,mean_after_aligned,-1,yahoo_033g1_033g2_033g3_n1000_s00,yahoo_033g1_033g2_033g3_n1000_s00,-0.13287045061588287,0.0051431190222501755
behavioral_greedy,mean_after_aligned,-1,yahoo_050g1_000g2_050g3_n1000_s00,yahoo_050g1_000g2_050g3_n1000_s00,-0.26603612303733826,0.06749771535396576
behavioral_greedy,mean_after_aligned,-1,yahoo_050g1_025g2_025g3_n1000_s00,yahoo_050g1_025g2_025g3_n1000_s00,-0.09759970754384995,0.145964115858078
behavioral_greedy,mean_after_aligned,-1,yahoo_050g1_050g2_000g3_n1000_s00,yahoo_050g1_050g2_000g3_n1000_s00,0.12090440839529037,0.1355603188276291
behavioral_greedy,mean_after_aligned,-1,yahoo_075g1_000g2_025g3_n1000_s00,yahoo_075g1_000g2_025g3_n1000_s00,-0.17536121606826782,0.2323005646467209
behavioral_greedy,mean_after_aligned,-1,yahoo_075g1_025g2_000g3_n1000_s00,yahoo_075g1_025g2_000g3_n1000_s00,0.08182646334171295,0.23702210187911987
behavioral_greedy,mean_after_aligned,-1,yahoo_100g1_000g2_000g3_n1000_s00,yahoo_100g1_000g2_000g3_n1000_s00,-2.6668754589324066e-17,0.30612751841545105
behavioral_greedy,mean_before_aligned,-1,yahoo_000g1_000g2_100g3_n1000_s00,yahoo_000g1_000g2_100g3_n1000_s00,-0.10961011797189713,-0.2896716892719269
behavioral_greedy,mean_before_aligned,-1,yahoo_000g1_025g2_075g3_n1000_s00,yahoo_000g1_025g2_075g3_n1000_s00,-0.00030962261371314526,-0.2539386749267578
behavioral_greedy,mean_before_aligned,-1,yahoo_000g1_050g2_050g3_n1000_s00,yahoo_000g1_050g2_050g3_n1000_s00,0.11926225572824478,-0.18535874783992767
behavioral_greedy,mean_before_aligned,-1,yahoo_000g1_075g2_025g3_n1000_s00,yahoo_000g1_075g2_025g3_n1000_s00,0.2452681064605713,-0.1575169563293457
behavioral_greedy,mean_before_aligned,-1,yahoo_000g1_100g2_000g3_n1000_s00,yahoo_000g1_100g2_000g3_n1000_s00,0.3189319968223572,-0.0036553216632455587
behavioral_greedy,mean_before_aligned,-1,yahoo_025g1_000g2_075g3_n1000_s00,yahoo_025g1_000g2_075g3_n1000_s00,-0.288580060005188,-0.13491766154766083
behavioral_greedy,mean_before_aligned,-1,yahoo_025g1_025g2_050g3_n1000_s00,yahoo_025g1_025g2_050g3_n1000_s00,-0.11520211398601532,-0.11741814017295837
behavioral_greedy,mean_before_aligned,-1,yahoo_025g1_050g2_025g3_n1000_s00,yahoo_025g1_050g2_025g3_n1000_s00,0.0854240208864212,-0.039646510034799576
behavioral_greedy,mean_before_aligned,-1,yahoo_025g1_075g2_000g3_n1000_s00,yahoo_025g1_075g2_000g3_n1000_s00,0.22645528614521027,0.0718175396323204
behavioral_greedy,mean_before_aligned,-1,yahoo_033g1_033g2_033g3_n1000_s00,yahoo_033g1_033g2_033g3_n1000_s00,-0.1318848431110382,0.01199305895715952
behavioral_greedy,mean_before_aligned,-1,yahoo_050g1_000g2_050g3_n1000_s00,yahoo_050g1_000g2_050g3_n1000_s00,-0.2671559453010559,0.058095719665288925
behavioral_greedy,mean_before_aligned,-1,yahoo_050g1_025g2_025g3_n1000_s00,yahoo_050g1_025g2_025g3_n1000_s00,-0.08202443271875381,0.14548847079277039
behavioral_greedy,mean_before_aligned,-1,yahoo_050g1_050g2_000g3_n1000_s00,yahoo_050g1_050g2_000g3_n1000_s00,0.10926803201436996,0.1306273341178894
behavioral_greedy,mean_before_aligned,-1,yahoo_075g1_000g2_025g3_n1000_s00,yahoo_075g1_000g2_025g3_n1000_s00,-0.18341313302516937,0.2198457270860672
behavioral_greedy,mean_before_aligned,-1,yahoo_075g1_025g2_000g3_n1000_s00,yahoo_075g1_025g2_000g3_n1000_s00,0.08993539214134216,0.24364379048347473
behavioral_greedy,mean_before_aligned,-1,yahoo_100g1_000g2_000g3_n1000_s00,yahoo_100g1_000g2_000g3_n1000_s00,-0.01636487804353237,0.30061209201812744
