perspective,taxonomy,metric,n_samples,seed,n_models,dcor_requested,dcor_realized,disparity_requested,disparity_realized,max_realized_deviation
dataset_embedding,dataset_embedding,euclidean,10,0,16,0.9427661313766381,0.9668261382668312,0.027498419129044015,0.018884244514388283,0.06666666666666671
dataset_embedding,dataset_embedding,euclidean,10,1,16,0.936724402781923,0.9534892759250294,0.030354249580374047,0.024591805836702833,0.06666666666666671
dataset_embedding,dataset_embedding,euclidean,10,2,16,0.9354824827467717,0.9633063471863784,0.030817262060677413,0.02212229411251666,0.06666666666666671
dataset_embedding,dataset_embedding,euclidean,10,3,16,0.9609880856741105,0.9744371043462536,0.020878925277365852,0.017004708790991946,0.06666666666666671
dataset_embedding,dataset_embedding,euclidean,10,4,16,0.9478615211438155,0.969183461720516,0.027696394181785315,0.02146511184789747,0.06666666666666671
dataset_embedding,dataset_embedding,euclidean,10,5,16,0.9677730543123243,0.9824780172479682,0.022621261986988724,0.017322881339466804,0.06666666666666671
dataset_embedding,dataset_embedding,euclidean,10,6,16,0.9384125221673256,0.9558299632311342,0.02137425733343535,0.0162752150764864,0.06666666666666671
dataset_embedding,dataset_embedding,euclidean,10,7,16,0.9348310909645011,0.9627917288086353,0.03671824437785491,0.02434015749254292,0.06666666666666671
dataset_embedding,dataset_embedding,euclidean,10,8,16,0.9463503319525685,0.9701350556747731,0.036616706262266485,0.02741066092953688,0.06666666666666671
dataset_embedding,dataset_embedding,euclidean,10,9,16,0.9543056225533945,0.9712770512771095,0.021012962867767628,0.01541130350627858,0.06666666666666671
dataset_embedding,dataset_embedding,euclidean,20,0,16,0.972632586640083,0.9758877011401526,0.02032595651630441,0.01809042339477493,0.033333333333333326
dataset_embedding,dataset_embedding,euclidean,20,1,16,0.9545599666533437,0.9552210343002824,0.018850847892682397,0.018443154046592546,0.033333333333333326
dataset_embedding,dataset_embedding,euclidean,20,2,16,0.9654547749560795,0.9686479911836549,0.01565607563052245,0.013600904032636252,0.033333333333333326
dataset_embedding,dataset_embedding,euclidean,20,3,16,0.9665264646515811,0.9685744651118309,0.019191024619634105,0.017837832934607653,0.033333333333333326
dataset_embedding,dataset_embedding,euclidean,20,4,16,0.9739952749754441,0.975269344033169,0.018060094728043152,0.017509581507960933,0.033333333333333326
dataset_embedding,dataset_embedding,euclidean,20,5,16,0.9719205488496472,0.971404365845997,0.016792076736453547,0.016792359177854783,0.033333333333333326
dataset_embedding,dataset_embedding,euclidean,20,6,16,0.9668860186200803,0.9659715794441951,0.012969439785578518,0.013569961266937675,0.033333333333333326
dataset_embedding,dataset_embedding,euclidean,20,7,16,0.9572748439884773,0.9601172530021641,0.02653022549157409,0.025232683498690008,0.033333333333333326
dataset_embedding,dataset_embedding,euclidean,20,8,16,0.9707847121383514,0.9742015979736958,0.016377464903373547,0.014313229043793105,0.033333333333333326
dataset_embedding,dataset_embedding,euclidean,20,9,16,0.9754485558304766,0.9764708712162709,0.015237881704262206,0.014875422684061314,0.033333333333333326
dataset_embedding,dataset_embedding,euclidean,50,0,16,0.9814512323045224,0.9850255849552481,0.010204242206945721,0.00881673326206378,0.013333333333333308
dataset_embedding,dataset_embedding,euclidean,50,1,16,0.9646379465739185,0.9664696800811174,0.019586245979800125,0.018922517671264752,0.013333333333333308
dataset_embedding,dataset_embedding,euclidean,50,2,16,0.9774919816314259,0.9798234749162704,0.01330631789885383,0.012182515591249048,0.013333333333333308
dataset_embedding,dataset_embedding,euclidean,50,3,16,0.9586985577445315,0.9604448635276602,0.018820539093373605,0.017952210883258747,0.013333333333333308
dataset_embedding,dataset_embedding,euclidean,50,4,16,0.9798039549252526,0.9825810408104932,0.013769655558139183,0.012402179819911612,0.013333333333333308
dataset_embedding,dataset_embedding,euclidean,50,5,16,0.9717577975037347,0.9719025083725038,0.016063487642488824,0.01663571972830548,0.013333333333333308
dataset_embedding,dataset_embedding,euclidean,50,6,16,0.9767346851674842,0.9787705554131749,0.016147859765074535,0.01546321856156794,0.013333333333333308
dataset_embedding,dataset_embedding,euclidean,50,7,16,0.9764006202788124,0.9779478907782375,0.013140438906170782,0.012609990206147316,0.013333333333333308
dataset_embedding,dataset_embedding,euclidean,50,8,16,0.9842963632666786,0.9868444766139132,0.010734566425834782,0.00979653020915603,0.013333333333333308
dataset_embedding,dataset_embedding,euclidean,50,9,16,0.9749044271127596,0.9749546460178026,0.015172473036785624,0.015315097749678238,0.013333333333333308
dataset_embedding,dataset_embedding,euclidean,100,0,16,0.9885148945687604,0.9883467156479291,0.01012080718784954,0.010194299265822325,0.00666666666666671
dataset_embedding,dataset_embedding,euclidean,100,1,16,0.9734764995399332,0.9736942414183769,0.012666675427574017,0.01255059793840136,0.00666666666666671
dataset_embedding,dataset_embedding,euclidean,100,2,16,0.9812534356723209,0.981379885972913,0.016983245299020747,0.016934490867792237,0.00666666666666671
dataset_embedding,dataset_embedding,euclidean,100,3,16,0.9432345503845246,0.9432898830302608,0.03280170481833038,0.03275057230274768,0.00666666666666671
dataset_embedding,dataset_embedding,euclidean,100,4,16,0.985751204989973,0.9857458471403568,0.010062636054157779,0.010035762358429946,0.00666666666666671
dataset_embedding,dataset_embedding,euclidean,100,5,16,0.9689714076456977,0.9687004711070611,0.017853105509455604,0.017984989029047896,0.00666666666666671
dataset_embedding,dataset_embedding,euclidean,100,6,16,0.9798938842117586,0.979906301941088,0.014295785273548137,0.01428512358119204,0.00666666666666671
dataset_embedding,dataset_embedding,euclidean,100,7,16,0.9865729353595554,0.9867168050543639,0.008959400078376076,0.008885068298131476,0.00666666666666671
dataset_embedding,dataset_embedding,euclidean,100,8,16,0.9803067252697854,0.9804204599366257,0.015613376518045795,0.015575856775786049,0.00666666666666671
dataset_embedding,dataset_embedding,euclidean,100,9,16,0.9663158076252425,0.9661342430778819,0.019687383646750246,0.019799932971738328,0.00666666666666671
dataset_embedding,dataset_embedding,euclidean,200,0,16,0.9876562112879812,0.9876119986530182,0.008373359239006353,0.00838601041707681,0.0033333333333332993
dataset_embedding,dataset_embedding,euclidean,200,1,16,0.9733574559328738,0.9733947069750296,0.016240451247999662,0.01620640943086779,0.0033333333333332993
dataset_embedding,dataset_embedding,euclidean,200,2,16,0.960728022933477,0.960645204382719,0.025720149365971216,0.02572364590018361,0.0033333333333332993
dataset_embedding,dataset_embedding,euclidean,200,3,16,0.9548807537605507,0.9548118868231591,0.0264383129229532,0.026448427775393517,0.0033333333333332993
dataset_embedding,dataset_embedding,euclidean,200,4,16,0.9854216077455383,0.9855543154985886,0.008394048425596476,0.008328390908517056,0.0033333333333332993
dataset_embedding,dataset_embedding,euclidean,200,5,16,0.9796044933680831,0.9796653256703265,0.013071791599622726,0.01302852739450157,0.0033333333333332993
dataset_embedding,dataset_embedding,euclidean,200,6,16,0.9749972863950975,0.9748979677821662,0.018854604934739123,0.018886999120929393,0.0033333333333332993
dataset_embedding,dataset_embedding,euclidean,200,7,16,0.9884385634203698,0.9885334236958975,0.007535326992663427,0.007492249422922919,0.0033333333333332993
dataset_embedding,dataset_embedding,euclidean,200,8,16,0.9712325699778412,0.9711126855518339,0.017882951871149567,0.017915805362778252,0.0033333333333332993
dataset_embedding,dataset_embedding,euclidean,200,9,16,0.9633203850363028,0.963310624069981,0.022898520009509093,0.022891380027956456,0.0033333333333332993
dataset_embedding,dataset_embedding,euclidean,500,0,16,0.9840202076841635,0.984035406829537,0.01135432508119465,0.011341387050437352,0.0013333333333332975
dataset_embedding,dataset_embedding,euclidean,500,1,16,0.9776224408247113,0.977607990314004,0.016744405704762804,0.01674633065421879,0.0013333333333332975
dataset_embedding,dataset_embedding,euclidean,500,2,16,0.9631950802438128,0.9631779329850929,0.02530387249595781,0.025303354788892805,0.0013333333333332975
dataset_embedding,dataset_embedding,euclidean,500,3,16,0.9749957189078494,0.9750022705563637,0.018197372567825304,0.018192212429220124,0.0013333333333332975
dataset_embedding,dataset_embedding,euclidean,500,4,16,0.9804732554805742,0.9804686497001496,0.013964422062476441,0.013964552304291607,0.0013333333333332975
dataset_embedding,dataset_embedding,euclidean,500,5,16,0.955925319986741,0.9559298199175832,0.03477653774223384,0.034759320067222814,0.0013333333333332975
dataset_embedding,dataset_embedding,euclidean,500,6,16,0.9698356706188085,0.9698750084052931,0.02071424626362633,0.020689457895129708,0.0013333333333332975
dataset_embedding,dataset_embedding,euclidean,500,7,16,0.9794238484951687,0.9794012664325134,0.0170796098691047,0.01708636979718166,0.0013333333333332975
dataset_embedding,dataset_embedding,euclidean,500,8,16,0.9755313431305608,0.9755075166799255,0.01735776914992235,0.017364261294491756,0.0013333333333332975
dataset_embedding,dataset_embedding,euclidean,500,9,16,0.9753512263847881,0.9753794711860617,0.014846899895473019,0.014831520805629127,0.0013333333333332975
dataset_embedding,dataset_embedding,euclidean,1000,0,16,0.9797182502714985,0.9797054384586791,0.015227359060525397,0.015232334957059357,0.0006666666666667043
dataset_embedding,dataset_embedding,euclidean,1000,1,16,0.9668456992812219,0.9668498290013399,0.024697936773168522,0.024694763033603788,0.0006666666666667043
dataset_embedding,dataset_embedding,euclidean,1000,2,16,0.9626419211422911,0.9626462116467928,0.02872303371389929,0.028719398872157013,0.0006666666666667043
dataset_embedding,dataset_embedding,euclidean,1000,3,16,0.972440568969335,0.9724400692811196,0.023247710412519065,0.02324797088139298,0.0006666666666667043
dataset_embedding,dataset_embedding,euclidean,1000,4,16,0.9729210299233679,0.9729245451643598,0.02057361668258801,0.02057119807432673,0.0006666666666667043
dataset_embedding,dataset_embedding,euclidean,1000,5,16,0.9554316092337197,0.955418881764846,0.03210124269747011,0.0321036503721476,0.0006666666666667043
dataset_embedding,dataset_embedding,euclidean,1000,6,16,0.969464881365919,0.9694703011790339,0.021851284465287255,0.02184775848854842,0.0006666666666667043
dataset_embedding,dataset_embedding,euclidean,1000,7,16,0.9686059237127518,0.9686030401847714,0.021170532308353633,0.021169752164133568,0.0006666666666667043
dataset_embedding,dataset_embedding,euclidean,1000,8,16,0.9774332322314971,0.977433855351062,0.017077795964951764,0.01707640811291699,0.0006666666666667043
dataset_embedding,dataset_embedding,euclidean,1000,9,16,0.9792438367074034,0.9792458687462298,0.015562116144422374,0.015559314123056632,0.0006666666666667043
dataset_embedding,dataset_embedding,euclidean,2000,0,16,0.9737783473668187,0.9737811963132939,0.021260191801850337,0.021257542098727,0.0003333333333332966
dataset_embedding,dataset_embedding,euclidean,2000,1,16,0.9687844296198065,0.9687795853206955,0.025074727478036907,0.025075662877221745,0.0003333333333332966
dataset_embedding,dataset_embedding,euclidean,2000,2,16,0.9606227990326845,0.9606220631520058,0.02906799118774142,0.029066488748035316,0.0003333333333332966
dataset_embedding,dataset_embedding,euclidean,2000,3,16,0.9708718361282808,0.9708656580019271,0.021643225760303662,0.021645103759332606,0.0003333333333332966
dataset_embedding,dataset_embedding,euclidean,2000,4,16,0.9746754048506393,0.9746715221613946,0.019342162216686512,0.019343219111566452,0.0003333333333332966
dataset_embedding,dataset_embedding,euclidean,2000,5,16,0.9616509473597612,0.9616502863284622,0.028972529986781674,0.028971248195051848,0.0003333333333332966
dataset_embedding,dataset_embedding,euclidean,2000,6,16,0.9713634887477381,0.9713635306724121,0.022127786748086083,0.022126563901443866,0.0003333333333332966
dataset_embedding,dataset_embedding,euclidean,2000,7,16,0.9726122720832432,0.9726087549418385,0.021242913168237513,0.02124340160075889,0.0003333333333332966
dataset_embedding,dataset_embedding,euclidean,2000,8,16,0.9727864309004053,0.9727878267354435,0.021024199095357105,0.021022032407302344,0.0003333333333332966
dataset_embedding,dataset_embedding,euclidean,2000,9,16,0.9723036428645485,0.9723015618551398,0.020877362103879284,0.02087762987996555,0.0003333333333332966
dataset_embedding,dataset_embedding,euclidean,5000,0,16,0.9677234346606951,0.9677226309294736,0.02512917984713877,0.02512889045135333,0.00013333333333331865
dataset_embedding,dataset_embedding,euclidean,5000,1,16,0.9672441760656478,0.9672446501294732,0.02543632701432105,0.025435534714720535,0.00013333333333331865
dataset_embedding,dataset_embedding,euclidean,5000,2,16,0.9654390734214521,0.9654386399659055,0.02675836340424588,0.02675796752068252,0.00013333333333331865
dataset_embedding,dataset_embedding,euclidean,5000,3,16,0.9732157765806037,0.9732148622263446,0.020596324915120368,0.020596344256812733,0.00013333333333331865
dataset_embedding,dataset_embedding,euclidean,5000,4,16,0.9699785744144928,0.9699775400928952,0.023198073478308955,0.02319798415451922,0.00013333333333331865
dataset_embedding,dataset_embedding,euclidean,5000,5,16,0.9673258694922428,0.967326008393541,0.024170484404368427,0.02416977350768991,0.00013333333333331865
dataset_embedding,dataset_embedding,euclidean,5000,6,16,0.9738395874563525,0.9738385762947978,0.02098348448083477,0.020983587684811813,0.00013333333333331865
dataset_embedding,dataset_embedding,euclidean,5000,7,16,0.9721536076727247,0.972152279193235,0.021326158822840835,0.021326273818727468,0.00013333333333331865
dataset_embedding,dataset_embedding,euclidean,5000,8,16,0.970626819539534,0.9706251009925164,0.0227201133994102,0.022720327641820685,0.00013333333333331865
dataset_embedding,dataset_embedding,euclidean,5000,9,16,0.971787126560176,0.9717861790286132,0.021561910657008965,0.021561849723092354,0.00013333333333331865
structural_all_o,structural,cosine,10,0,16,0.7993398565592147,0.7868037848019079,0.09471033075065335,0.10858631785597858,0.06666666666666671
structural_all_o,structural,cosine,10,1,16,0.8804027327728655,0.8751812254414704,0.12561167088776937,0.12605503524321038,0.06666666666666671
structural_all_o,structural,cosine,10,2,16,0.8520616577786683,0.8826343432611788,0.0996884527215248,0.08291219623773863,0.06666666666666671
structural_all_o,structural,cosine,10,3,16,0.7417452538904971,0.7582226862700668,0.14401224063010346,0.13575658211105013,0.06666666666666671
structural_all_o,structural,cosine,10,4,16,0.7688714351382328,0.7500516844755173,0.12784026408189292,0.1464701547216725,0.06666666666666671
structural_all_o,structural,cosine,10,5,16,0.8909552366271071,0.896442633554987,0.03882957698316402,0.037950882621923324,0.06666666666666671
structural_all_o,structural,cosine,10,6,16,0.9081435478018784,0.9005336409020948,0.03682668752401899,0.04528679447726064,0.06666666666666671
structural_all_o,structural,cosine,10,7,16,0.7701876455963351,0.7492908776886826,0.244105109768114,0.2439341433755542,0.06666666666666671
structural_all_o,structural,cosine,10,8,16,0.7175107828542964,0.7813530317152024,0.1617348629904445,0.12292788220298352,0.06666666666666671
structural_all_o,structural,cosine,10,9,16,0.7705932756512802,0.7802745258491216,0.12473327473938008,0.12252591425369043,0.06666666666666671
structural_all_o,structural,cosine,20,0,16,0.9427821641726978,0.9448632189257707,0.03310285983800293,0.0319149249891478,0.033333333333333326
structural_all_o,structural,cosine,20,1,16,0.9326979014284574,0.9313366447933302,0.01904007447398868,0.019601449967013167,0.033333333333333326
structural_all_o,structural,cosine,20,2,16,0.938079045936883,0.9395471975650844,0.02561528812335729,0.02441957802399501,0.033333333333333326
structural_all_o,structural,cosine,20,3,16,0.9149775386583908,0.9146625044558713,0.04477119874211909,0.04460416528036942,0.033333333333333326
structural_all_o,structural,cosine,20,4,16,0.8429232501554973,0.8409265476407214,0.06193119936997952,0.06286778415969622,0.033333333333333326
structural_all_o,structural,cosine,20,5,16,0.8825499434393584,0.8778079165072501,0.04060801944819001,0.042437823395992016,0.033333333333333326
structural_all_o,structural,cosine,20,6,16,0.9166538094529587,0.9153203603137938,0.028208374692314,0.028832006179363493,0.033333333333333326
structural_all_o,structural,cosine,20,7,16,0.8837811960904437,0.8877241092813793,0.05427349573457395,0.05304700156263771,0.033333333333333326
structural_all_o,structural,cosine,20,8,16,0.8931693002587933,0.8997023801147718,0.034486775846312316,0.03221294254340262,0.033333333333333326
structural_all_o,structural,cosine,20,9,16,0.8528445655192679,0.8468701490335572,0.10316830294428393,0.10595061598589768,0.033333333333333326
structural_all_o,structural,cosine,50,0,16,0.9549191987600282,0.9525725602719233,0.02065431338249625,0.022494377108674107,0.013333333333333308
structural_all_o,structural,cosine,50,1,16,0.9475928835142121,0.9448315585160596,0.016033710778214326,0.017882319659803546,0.013333333333333308
structural_all_o,structural,cosine,50,2,16,0.9675161565975817,0.9674970990265386,0.011954175653334531,0.01184400767228256,0.013333333333333308
structural_all_o,structural,cosine,50,3,16,0.9404702508637803,0.942053508503965,0.016335371259167272,0.015709734671891844,0.013333333333333308
structural_all_o,structural,cosine,50,4,16,0.9422252172919741,0.9427030563752155,0.03186846720069665,0.03286593733043722,0.013333333333333308
structural_all_o,structural,cosine,50,5,16,0.9412840853259926,0.9423702762776196,0.02236795451477038,0.022259816848674174,0.013333333333333308
structural_all_o,structural,cosine,50,6,16,0.9350647362928866,0.934065245091835,0.020057218111485847,0.02070852990749589,0.013333333333333308
structural_all_o,structural,cosine,50,7,16,0.9378167766413866,0.93356832464974,0.023263684005439336,0.025096547242690694,0.013333333333333308
structural_all_o,structural,cosine,50,8,16,0.9344327889363748,0.9320191164363102,0.026932931805294037,0.02910033462422574,0.013333333333333308
structural_all_o,structural,cosine,50,9,16,0.9546365373187055,0.9505747345103265,0.011462390968683806,0.013660281298594026,0.013333333333333308
structural_all_o,structural,cosine,100,0,16,0.9599656665328972,0.9589800389883637,0.021834379158790128,0.022513859556403303,0.00666666666666671
structural_all_o,structural,cosine,100,1,16,0.9466477233084952,0.9463803259549385,0.01625708136519207,0.01639349870709593,0.00666666666666671
structural_all_o,structural,cosine,100,2,16,0.9597190534498673,0.959713049487542,0.01751014319169673,0.01756821429361366,0.00666666666666671
structural_all_o,structural,cosine,100,3,16,0.9543454371402277,0.9542792345382796,0.019015603757639846,0.019039498851193527,0.00666666666666671
structural_all_o,structural,cosine,100,4,16,0.9601609136729019,0.959845383756613,0.013113115772892682,0.01331574664118901,0.00666666666666671
structural_all_o,structural,cosine,100,5,16,0.947807394206607,0.9476757325796925,0.022289203776521268,0.022332193379770764,0.00666666666666671
structural_all_o,structural,cosine,100,6,16,0.968646007281104,0.9684566470678067,0.011691590920402548,0.011771499125217856,0.00666666666666671
structural_all_o,structural,cosine,100,7,16,0.9635009407337758,0.9638466621508514,0.02007136693723152,0.019917996661097198,0.00666666666666671
structural_all_o,structural,cosine,100,8,16,0.9551722049722239,0.9552271011765008,0.026594694530649995,0.026604226969961425,0.00666666666666671
structural_all_o,structural,cosine,100,9,16,0.9043287457017772,0.9042384525618034,0.049860311188556966,0.04996415638073223,0.00666666666666671
structural_all_o,structural,cosine,200,0,16,0.9638757462081785,0.9636174201851913,0.014970444467974173,0.01510814293230291,0.0033333333333332993
structural_all_o,structural,cosine,200,1,16,0.9629229102122343,0.9629599121376561,0.012227238691836888,0.012208883333759543,0.0033333333333332993
structural_all_o,structural,cosine,200,2,16,0.9732528195881378,0.9732337273787439,0.008069143278317557,0.008103076668750413,0.0033333333333332993
structural_all_o,structural,cosine,200,3,16,0.9643055663456098,0.9643365874893002,0.013635371751455122,0.013635525133104174,0.0033333333333332993
structural_all_o,structural,cosine,200,4,16,0.9621264628352114,0.9623057182928755,0.014723686009207268,0.014673353573342762,0.0033333333333332993
structural_all_o,structural,cosine,200,5,16,0.9492479118688011,0.9492300463566756,0.025747284620081818,0.02572624273285585,0.0033333333333332993
structural_all_o,structural,cosine,200,6,16,0.968330720466516,0.968366972904825,0.010651130787214705,0.010610274353963299,0.0033333333333332993
structural_all_o,structural,cosine,200,7,16,0.9625796087876338,0.9627384070416009,0.012811357455202486,0.01270062925440129,0.0033333333333332993
structural_all_o,structural,cosine,200,8,16,0.9657118084497694,0.9655250843887012,0.008617036503243473,0.008701491649793999,0.0033333333333332993
structural_all_o,structural,cosine,200,9,16,0.948862245825117,0.9487736300555907,0.012218485860994867,0.012238886520606701,0.0033333333333332993
structural_all_o,structural,cosine,500,0,16,0.9677851261831515,0.9677432843352298,0.011676481432223867,0.011703714172063815,0.0013333333333332975
structural_all_o,structural,cosine,500,1,16,0.9722649259070919,0.9723350509208211,0.009783698508479658,0.009747468201284505,0.0013333333333332975
structural_all_o,structural,cosine,500,2,16,0.9695851167006877,0.9695958744485575,0.007835579619502138,0.007832902848868928,0.0013333333333332975
structural_all_o,structural,cosine,500,3,16,0.9735746266286776,0.9735701039130774,0.008378972287320227,0.008384985644467456,0.0013333333333332975
structural_all_o,structural,cosine,500,4,16,0.970673820154959,0.9706208418353338,0.011595184477972552,0.011618622855904981,0.0013333333333332975
structural_all_o,structural,cosine,500,5,16,0.9669918680367997,0.9670105816963849,0.011580674403151438,0.011575398794085909,0.0013333333333332975
structural_all_o,structural,cosine,500,6,16,0.9741237159510897,0.9741651160740956,0.011944161230678674,0.011929872972515408,0.0013333333333332975
structural_all_o,structural,cosine,500,7,16,0.972471898780795,0.9724861972229573,0.012584056237377482,0.012580170363734513,0.0013333333333332975
structural_all_o,structural,cosine,500,8,16,0.9556464887946559,0.955665780036292,0.00795027052624161,0.00793432703211192,0.0013333333333332975
structural_all_o,structural,cosine,500,9,16,0.9690735267108468,0.9689864368588434,0.0101611362350334,0.010208935765041179,0.0013333333333332975
structural_all_o,structural,cosine,1000,0,16,0.9663298300772066,0.9663183351223839,0.010026472944776611,0.010033962258861072,0.0006666666666667043
structural_all_o,structural,cosine,1000,1,16,0.9714462476503771,0.9714446371719588,0.006816676030452915,0.006817093099017875,0.0006666666666667043
structural_all_o,structural,cosine,1000,2,16,0.9653404089361319,0.9653350874389437,0.007296856806959524,0.007297982852097605,0.0006666666666667043
structural_all_o,structural,cosine,1000,3,16,0.9675528713966896,0.9675480709849672,0.008620112734594659,0.00862243695113031,0.0006666666666667043
structural_all_o,structural,cosine,1000,4,16,0.9710889007201756,0.9710894639487394,0.008290101982385674,0.008289075300805006,0.0006666666666667043
structural_all_o,structural,cosine,1000,5,16,0.9700249645824599,0.9700135627478059,0.010831333615005583,0.010835129233984907,0.0006666666666667043
structural_all_o,structural,cosine,1000,6,16,0.9734450439774273,0.9734347340702495,0.00866217742398663,0.008666131085042664,0.0006666666666667043
structural_all_o,structural,cosine,1000,7,16,0.9688202472014866,0.9688010152208185,0.008040413275915141,0.008047828648169539,0.0006666666666667043
structural_all_o,structural,cosine,1000,8,16,0.9779954699141972,0.9779693998051,0.00820279875701143,0.00821704943037131,0.0006666666666667043
structural_all_o,structural,cosine,1000,9,16,0.9730198993280661,0.9730283875402452,0.009724377635877867,0.009725095226392023,0.0006666666666667043
structural_all_o,structural,cosine,2000,0,16,0.9748212954649289,0.9748198619864747,0.009449063716004588,0.009451043453237523,0.0003333333333332966
structural_all_o,structural,cosine,2000,1,16,0.9763570443869043,0.9763670192642032,0.009583855403107595,0.009580555755586197,0.0003333333333332966
structural_all_o,structural,cosine,2000,2,16,0.9757080832402277,0.9757186092594211,0.009576237324531684,0.009571702684811946,0.0003333333333332966
structural_all_o,structural,cosine,2000,3,16,0.9707113592894313,0.970717349285788,0.009032235138817998,0.009029410551106893,0.0003333333333332966
structural_all_o,structural,cosine,2000,4,16,0.9712804683138486,0.9712789747407095,0.01271969177732973,0.012721986965088972,0.0003333333333332966
structural_all_o,structural,cosine,2000,5,16,0.9738782546261031,0.9738677584925333,0.009586762299730312,0.009591440692091021,0.0003333333333332966
structural_all_o,structural,cosine,2000,6,16,0.9745335945124776,0.9745379745983715,0.01058204280416231,0.010580910028509308,0.0003333333333332966
structural_all_o,structural,cosine,2000,7,16,0.9710295910177967,0.9710354098622975,0.011422072077782244,0.01142060040288538,0.0003333333333332966
structural_all_o,structural,cosine,2000,8,16,0.9741906719215544,0.9741952192428002,0.010585115348464104,0.010583085250720096,0.0003333333333332966
structural_all_o,structural,cosine,2000,9,16,0.9753020412909381,0.9753024993639913,0.00790274288543633,0.007902054550460806,0.0003333333333332966
structural_all_o,structural,cosine,5000,0,16,0.9689569150649157,0.9689554403282943,0.010597370105688477,0.01059747129353774,0.00013333333333331865
structural_all_o,structural,cosine,5000,1,16,0.9687429375711052,0.9687418533627108,0.011882702998405159,0.011882773560637274,0.00013333333333331865
structural_all_o,structural,cosine,5000,2,16,0.9684038852888079,0.9684034298041491,0.010076056140395796,0.010075806693602505,0.00013333333333331865
structural_all_o,structural,cosine,5000,3,16,0.9727143417554422,0.9727161171882722,0.011240176827367648,0.011239288334976697,0.00013333333333331865
structural_all_o,structural,cosine,5000,4,16,0.9689685067732452,0.9689696294801009,0.01312879765269846,0.013128213760583107,0.00013333333333331865
structural_all_o,structural,cosine,5000,5,16,0.9708447904686932,0.9708456137866884,0.012556588992999738,0.01255585718939864,0.00013333333333331865
structural_all_o,structural,cosine,5000,6,16,0.970567397621676,0.9705676536331607,0.012575228234330112,0.012574876041544792,0.00013333333333331865
structural_all_o,structural,cosine,5000,7,16,0.968918238546345,0.9689200963908537,0.013024614933374364,0.013023125897185218,0.00013333333333331865
structural_all_o,structural,cosine,5000,8,16,0.9701441339851481,0.9701433280206748,0.01098871398697679,0.010988638033491843,0.00013333333333331865
structural_all_o,structural,cosine,5000,9,16,0.9751783193258163,0.9751787676728719,0.011742920916622598,0.011743112606285024,0.00013333333333331865
structural_all_qkvo,structural,cosine,10,0,16,0.7923241642222879,0.7778378724683396,0.10387100252777068,0.11928942500803942,0.06666666666666671
structural_all_qkvo,structural,cosine,10,1,16,0.8894442611619793,0.8840482951275396,0.11619423916630248,0.11713278538552035,0.06666666666666671
structural_all_qkvo,structural,cosine,10,2,16,0.8628562664551858,0.8913885974667782,0.09834630145463241,0.08210271202061911,0.06666666666666671
structural_all_qkvo,structural,cosine,10,3,16,0.7614381648895306,0.7742126683360986,0.10226645957368995,0.0976228807909767,0.06666666666666671
structural_all_qkvo,structural,cosine,10,4,16,0.7730257372903877,0.7545358651045327,0.12688073484556844,0.14500772000154322,0.06666666666666671
structural_all_qkvo,structural,cosine,10,5,16,0.8921105883064508,0.8971203584450902,0.0374219593970022,0.03680152634086043,0.06666666666666671
structural_all_qkvo,structural,cosine,10,6,16,0.9150271206072675,0.9098550334298041,0.033895595208797674,0.04104122905032678,0.06666666666666671
structural_all_qkvo,structural,cosine,10,7,16,0.7880204514000119,0.7690327739199211,0.09013341624960873,0.09705742745356531,0.06666666666666671
structural_all_qkvo,structural,cosine,10,8,16,0.7459489806155452,0.806756179145815,0.14608161454622404,0.10872553944058858,0.06666666666666671
structural_all_qkvo,structural,cosine,10,9,16,0.7778882426422307,0.7871771914672059,0.12144314246188488,0.11994682805933214,0.06666666666666671
structural_all_qkvo,structural,cosine,20,0,16,0.9386492199007167,0.9402406785698721,0.03350146162346575,0.03270970243263703,0.033333333333333326
structural_all_qkvo,structural,cosine,20,1,16,0.9363431165456002,0.9350389192097904,0.017550673007727675,0.01809861282473524,0.033333333333333326
structural_all_qkvo,structural,cosine,20,2,16,0.9406729113057775,0.9418891682293037,0.022471253370182534,0.02149501209773716,0.033333333333333326
structural_all_qkvo,structural,cosine,20,3,16,0.9295320857246995,0.9297018758899096,0.03763545990136864,0.03734249326135962,0.033333333333333326
structural_all_qkvo,structural,cosine,20,4,16,0.8377911484492127,0.8359101472221345,0.06614199916868059,0.0670150253911202,0.033333333333333326
structural_all_qkvo,structural,cosine,20,5,16,0.8941539716902824,0.8894330425729383,0.03458203479850299,0.03646381045763118,0.033333333333333326
structural_all_qkvo,structural,cosine,20,6,16,0.9176246410337608,0.9161533926791107,0.028279092804822836,0.02900276345182261,0.033333333333333326
structural_all_qkvo,structural,cosine,20,7,16,0.898945473642037,0.9024404203741648,0.04437385723131117,0.043299799657872784,0.033333333333333326
structural_all_qkvo,structural,cosine,20,8,16,0.8982203323400715,0.9048290211882553,0.03145958024911621,0.029123454564898343,0.033333333333333326
structural_all_qkvo,structural,cosine,20,9,16,0.8641295176618654,0.8579933742472723,0.09298799768064785,0.09588647503936999,0.033333333333333326
structural_all_qkvo,structural,cosine,50,0,16,0.955101239766135,0.952601202347836,0.019557349592244234,0.021486453961075274,0.013333333333333308
structural_all_qkvo,structural,cosine,50,1,16,0.9501563956053494,0.9473860896331673,0.014929423689749255,0.016762482149588483,0.013333333333333308
structural_all_qkvo,structural,cosine,50,2,16,0.9706660948507055,0.9710170843165948,0.00986116879678492,0.009572143929517628,0.013333333333333308
structural_all_qkvo,structural,cosine,50,3,16,0.949441368168637,0.9509269290485571,0.013992977869488617,0.01335033024668537,0.013333333333333308
structural_all_qkvo,structural,cosine,50,4,16,0.9444828689894744,0.9446957573707317,0.03163061475945928,0.032781535673858594,0.013333333333333308
structural_all_qkvo,structural,cosine,50,5,16,0.9413229139208726,0.9428496018986343,0.02138902381261682,0.021016375498355784,0.013333333333333308
structural_all_qkvo,structural,cosine,50,6,16,0.9355672371134256,0.9346991368975553,0.019139543163881993,0.019642447066052025,0.013333333333333308
structural_all_qkvo,structural,cosine,50,7,16,0.9448578355261383,0.9409144054051329,0.01845001456181791,0.020047419056351583,0.013333333333333308
structural_all_qkvo,structural,cosine,50,8,16,0.9371707668683101,0.9347291463447515,0.026241449185920522,0.02840693019545588,0.013333333333333308
structural_all_qkvo,structural,cosine,50,9,16,0.9554554859656386,0.9515602262059308,0.010934490778669176,0.013088206322298504,0.013333333333333308
structural_all_qkvo,structural,cosine,100,0,16,0.9649647351278673,0.9640184891560893,0.01868367962773418,0.01931063215287426,0.00666666666666671
structural_all_qkvo,structural,cosine,100,1,16,0.9516587056602561,0.9513450623094042,0.013157438956470823,0.013330418325622123,0.00666666666666671
structural_all_qkvo,structural,cosine,100,2,16,0.9637275385447557,0.9637471289821217,0.01440458042732013,0.014444299029969982,0.00666666666666671
structural_all_qkvo,structural,cosine,100,3,16,0.9548133191849952,0.9547792270713027,0.01792158941500905,0.01792956556479292,0.00666666666666671
structural_all_qkvo,structural,cosine,100,4,16,0.9649195935004489,0.9646618189143403,0.009336344505691381,0.0094983864840906,0.00666666666666671
structural_all_qkvo,structural,cosine,100,5,16,0.9488864226023529,0.9487896489144315,0.020361738664143012,0.02039573393624651,0.00666666666666671
structural_all_qkvo,structural,cosine,100,6,16,0.9677689397052823,0.9676038019737931,0.010523537881253948,0.01058366285464114,0.00666666666666671
structural_all_qkvo,structural,cosine,100,7,16,0.9660029657311888,0.9663898152953712,0.016291208129321853,0.01611098194959091,0.00666666666666671
structural_all_qkvo,structural,cosine,100,8,16,0.9559732219734574,0.9561713807112421,0.024731725176434474,0.024662065351833854,0.00666666666666671
structural_all_qkvo,structural,cosine,100,9,16,0.9083975818432507,0.9082680963352379,0.045399356528001464,0.04551314656377839,0.00666666666666671
structural_all_qkvo,structural,cosine,200,0,16,0.965553887157834,0.965329263685663,0.012386843360091802,0.012507218056352175,0.0033333333333332993
structural_all_qkvo,structural,cosine,200,1,16,0.9646574931600596,0.9647695194435402,0.012208296038151645,0.012151385324603322,0.0033333333333332993
structural_all_qkvo,structural,cosine,200,2,16,0.9749800865337491,0.9750139827016604,0.005929023579053474,0.005925836599620364,0.0033333333333332993
structural_all_qkvo,structural,cosine,200,3,16,0.968893366573695,0.9689063748502641,0.010089157603724374,0.010094209399211967,0.0033333333333332993
structural_all_qkvo,structural,cosine,200,4,16,0.9661323309048729,0.9662870239233263,0.012329279366505883,0.01228921128650377,0.0033333333333332993
structural_all_qkvo,structural,cosine,200,5,16,0.9460876337729827,0.9460298528363198,0.026197618231926012,0.026207405167244832,0.0033333333333332993
structural_all_qkvo,structural,cosine,200,6,16,0.9702174643920987,0.9702215420353725,0.007935260456625121,0.007919978071041764,0.0033333333333332993
structural_all_qkvo,structural,cosine,200,7,16,0.9651806419290343,0.9653602768967466,0.010124849780151098,0.010025865088469392,0.0033333333333332993
structural_all_qkvo,structural,cosine,200,8,16,0.9665157858870892,0.9663781569665015,0.007556565835485709,0.007615127210781308,0.0033333333333332993
structural_all_qkvo,structural,cosine,200,9,16,0.9557424462815193,0.9556738098523345,0.01008717497404103,0.010102898136719773,0.0033333333333332993
structural_all_qkvo,structural,cosine,500,0,16,0.9717963379468072,0.9717763077317768,0.00868776868412306,0.00870231538310609,0.0013333333333332975
structural_all_qkvo,structural,cosine,500,1,16,0.971693455373685,0.9717548907867408,0.008663436712985362,0.008634969714833362,0.0013333333333332975
structural_all_qkvo,structural,cosine,500,2,16,0.9706206471760291,0.9706458661867565,0.007580014826392468,0.0075679662213033,0.0013333333333332975
structural_all_qkvo,structural,cosine,500,3,16,0.9762362603800132,0.9762293653616061,0.006597479354311415,0.0066046404605070224,0.0013333333333332975
structural_all_qkvo,structural,cosine,500,4,16,0.9736745990052825,0.9736138602310426,0.008672781477944366,0.008699957150753874,0.0013333333333332975
structural_all_qkvo,structural,cosine,500,5,16,0.9603496056213378,0.9603950963989533,0.013718954334685498,0.013701701841872813,0.0013333333333332975
structural_all_qkvo,structural,cosine,500,6,16,0.9732216119832129,0.9732511218688622,0.009246401342334273,0.009240049370563778,0.0013333333333332975
structural_all_qkvo,structural,cosine,500,7,16,0.9725905275235777,0.972596703230243,0.010194665274736007,0.01019397332343619,0.0013333333333332975
structural_all_qkvo,structural,cosine,500,8,16,0.9656027386609948,0.9656290301436854,0.00624567176410531,0.006226946275462376,0.0013333333333332975
structural_all_qkvo,structural,cosine,500,9,16,0.9724481142686319,0.9724062900468138,0.007750070564416824,0.007772489489827477,0.0013333333333332975
structural_all_qkvo,structural,cosine,1000,0,16,0.9683371536997292,0.9683319151822803,0.009396966652622012,0.00940048871684242,0.0006666666666667043
structural_all_qkvo,structural,cosine,1000,1,16,0.9728751792602097,0.9728709051014349,0.0062637621632857885,0.006265801003821346,0.0006666666666667043
structural_all_qkvo,structural,cosine,1000,2,16,0.9703080970097161,0.9703033309756995,0.007389888413996466,0.00739404720417887,0.0006666666666667043
structural_all_qkvo,structural,cosine,1000,3,16,0.9702715419364306,0.9702689944293136,0.006364319234303691,0.0063655236621779285,0.0006666666666667043
structural_all_qkvo,structural,cosine,1000,4,16,0.9695726858570766,0.9695687341394037,0.008284279701700164,0.008287832786352034,0.0006666666666667043
structural_all_qkvo,structural,cosine,1000,5,16,0.9705783346975734,0.9705728843433413,0.009741892322127249,0.009744267918190185,0.0006666666666667043
structural_all_qkvo,structural,cosine,1000,6,16,0.9729553237522265,0.9729385271760803,0.00843660486402693,0.008444523559550748,0.0006666666666667043
structural_all_qkvo,structural,cosine,1000,7,16,0.9695601023729059,0.9695426764751899,0.009089305318385655,0.009096095974193506,0.0006666666666667043
structural_all_qkvo,structural,cosine,1000,8,16,0.9780952052236432,0.9780728588300388,0.008030134129041896,0.008042529527583827,0.0006666666666667043
structural_all_qkvo,structural,cosine,1000,9,16,0.9739549651139097,0.9739668825723165,0.00882298993133681,0.008821203117380817,0.0006666666666667043
structural_all_qkvo,structural,cosine,2000,0,16,0.9742170868407607,0.9742091032625828,0.01021746082469591,0.010222575817835604,0.0003333333333332966
structural_all_qkvo,structural,cosine,2000,1,16,0.9769775086643631,0.9769839665974871,0.008931127512503705,0.008929438352447982,0.0003333333333332966
structural_all_qkvo,structural,cosine,2000,2,16,0.9754123388367538,0.9754223616846801,0.009000433399369663,0.008996741034462838,0.0003333333333332966
structural_all_qkvo,structural,cosine,2000,3,16,0.9723774818156966,0.9723805862972822,0.008640959540677897,0.00863938141057369,0.0003333333333332966
structural_all_qkvo,structural,cosine,2000,4,16,0.971921980247548,0.9719191154953047,0.010882238424816826,0.010884751587429261,0.0003333333333332966
structural_all_qkvo,structural,cosine,2000,5,16,0.9726272270718342,0.9726239133528669,0.010213142183913981,0.010214874480045322,0.0003333333333332966
structural_all_qkvo,structural,cosine,2000,6,16,0.9748324919542698,0.9748374447963261,0.009709904157112724,0.0097082854352688,0.0003333333333332966
structural_all_qkvo,structural,cosine,2000,7,16,0.9691337865694414,0.9691428312148102,0.011246351572433293,0.011243391491242925,0.0003333333333332966
structural_all_qkvo,structural,cosine,2000,8,16,0.9732420135325421,0.97324700140691,0.01047609626201154,0.010473851901255143,0.0003333333333332966
structural_all_qkvo,structural,cosine,2000,9,16,0.9740285214977497,0.9740278004196276,0.008340224043751919,0.008339661874288085,0.0003333333333332966
structural_all_qkvo,structural,cosine,5000,0,16,0.9668951633324306,0.9668931070697421,0.012067520219272786,0.012067818767869288,0.00013333333333331865
structural_all_qkvo,structural,cosine,5000,1,16,0.966579119659581,0.966577783631722,0.013530280956957623,0.01353048224273165,0.00013333333333331865
structural_all_qkvo,structural,cosine,5000,2,16,0.9671443220236327,0.9671441821091901,0.011978750636765833,0.011978451483158535,0.00013333333333331865
structural_all_qkvo,structural,cosine,5000,3,16,0.9709256431753921,0.9709272847224906,0.01229337617647717,0.012292626144326727,0.00013333333333331865
structural_all_qkvo,structural,cosine,5000,4,16,0.9667220193931066,0.9667231497750985,0.014198593746072017,0.01419792626910854,0.00013333333333331865
structural_all_qkvo,structural,cosine,5000,5,16,0.9667232737875641,0.9667237570960312,0.01342717566953651,0.013426617211945602,0.00013333333333331865
structural_all_qkvo,structural,cosine,5000,6,16,0.9678387965111537,0.9678396034927549,0.013830093410748097,0.013829544369760461,0.00013333333333331865
structural_all_qkvo,structural,cosine,5000,7,16,0.9671078607728522,0.9671092372997098,0.014265942704519965,0.014264683249835512,0.00013333333333331865
structural_all_qkvo,structural,cosine,5000,8,16,0.9674768500545088,0.9674761601926244,0.012064762472934122,0.012064614547310056,0.00013333333333331865
structural_all_qkvo,structural,cosine,5000,9,16,0.9731992842479942,0.9731990122082408,0.013354827158748604,0.013355313895748101,0.00013333333333331865
structural_last_o,structural,cosine,10,0,16,0.7973226724582638,0.78549766284084,0.08327540580857845,0.09769160563538425,0.06666666666666671
structural_last_o,structural,cosine,10,1,16,0.8721795430206939,0.8705784224267381,0.12483875621802759,0.11745536644789223,0.06666666666666671
structural_last_o,structural,cosine,10,2,16,0.8508692900987215,0.8875337440295432,0.06996193676664295,0.05400479416766364,0.06666666666666671
structural_last_o,structural,cosine,10,3,16,0.7580272054583317,0.7800555329767369,0.10712945257770257,0.09820048308188506,0.06666666666666671
structural_last_o,structural,cosine,10,4,16,0.7924178065604421,0.773925327923634,0.1073149512767052,0.12608088081011087,0.06666666666666671
structural_last_o,structural,cosine,10,5,16,0.8950766660598238,0.9039568672861444,0.03984835741085225,0.0385049187409327,0.06666666666666671
structural_last_o,structural,cosine,10,6,16,0.9109315250585425,0.8922983627702473,0.03779082416478055,0.05161372721811713,0.06666666666666671
structural_last_o,structural,cosine,10,7,16,0.8245390233546468,0.8102128584957757,0.08409539226031099,0.08912667287617208,0.06666666666666671
structural_last_o,structural,cosine,10,8,16,0.712586352494037,0.7774205402553718,0.15106180875237185,0.11394738358368889,0.06666666666666671
structural_last_o,structural,cosine,10,9,16,0.7735293179221382,0.7715358421891715,0.11363874085389578,0.12000102605768989,0.06666666666666671
structural_last_o,structural,cosine,20,0,16,0.9397995226053899,0.9417740903171249,0.0324955254018173,0.031254310082220155,0.033333333333333326
structural_last_o,structural,cosine,20,1,16,0.9270993404566897,0.9268435823568081,0.019798476980254533,0.01989187444679605,0.033333333333333326
structural_last_o,structural,cosine,20,2,16,0.9517400290032699,0.9536978093464988,0.02500207067536966,0.02390605942555424,0.033333333333333326
structural_last_o,structural,cosine,20,3,16,0.9124505279654443,0.9122851260542981,0.0631587792535989,0.06279497262255422,0.033333333333333326
structural_last_o,structural,cosine,20,4,16,0.8592055275643373,0.8574824856787756,0.04630803113624843,0.0471508563433708,0.033333333333333326
structural_last_o,structural,cosine,20,5,16,0.8696124290288462,0.8652240833960481,0.060691106870036135,0.062212797942631765,0.033333333333333326
structural_last_o,structural,cosine,20,6,16,0.9112696346679147,0.9106701590301794,0.03027873017063618,0.030357051517320186,0.033333333333333326
structural_last_o,structural,cosine,20,7,16,0.9116558878020181,0.9135870951134453,0.039250494367919976,0.0387551562374943,0.033333333333333326
structural_last_o,structural,cosine,20,8,16,0.9154207227640919,0.9209755912492569,0.03448788407064164,0.03257066550414951,0.033333333333333326
structural_last_o,structural,cosine,20,9,16,0.8405090374946287,0.8352615347948347,0.12724354359401682,0.12968092392490108,0.033333333333333326
structural_last_o,structural,cosine,50,0,16,0.9482594657970794,0.9472213178807694,0.027938589497530045,0.02905165633809791,0.013333333333333308
structural_last_o,structural,cosine,50,1,16,0.9462597919679206,0.9430298132677641,0.02502027609026908,0.02697668745880561,0.013333333333333308
structural_last_o,structural,cosine,50,2,16,0.9671361609083217,0.9658004009147045,0.022381876715844656,0.022680599760618928,0.013333333333333308
structural_last_o,structural,cosine,50,3,16,0.9129861473315825,0.9124470091833691,0.027620657405687015,0.028089068629195316,0.013333333333333308
structural_last_o,structural,cosine,50,4,16,0.940833145579516,0.9403237035835689,0.036763040552147054,0.03838209797307811,0.013333333333333308
structural_last_o,structural,cosine,50,5,16,0.9235750632180996,0.9241165942454346,0.029870072074486265,0.030120674400619912,0.013333333333333308
structural_last_o,structural,cosine,50,6,16,0.9324424559157403,0.9307400165984299,0.024155454182622355,0.025409987419529313,0.013333333333333308
structural_last_o,structural,cosine,50,7,16,0.9484845558831821,0.9452108145972589,0.020744866290490903,0.022042546008548117,0.013333333333333308
structural_last_o,structural,cosine,50,8,16,0.9528695315722864,0.9504486236685825,0.022321813424455737,0.02444831073800398,0.013333333333333308
structural_last_o,structural,cosine,50,9,16,0.9391794384019121,0.9351836478945829,0.024608651909238992,0.02687075028536883,0.013333333333333308
structural_last_o,structural,cosine,100,0,16,0.918384871304985,0.9174867228495747,0.06659812636686008,0.06736724927238005,0.00666666666666671
structural_last_o,structural,cosine,100,1,16,0.904505823555826,0.9047413060101771,0.05621789394894869,0.056018142041602485,0.00666666666666671
structural_last_o,structural,cosine,100,2,16,0.9146848182754407,0.9149038006609332,0.04474677008957263,0.04471588981931171,0.00666666666666671
structural_last_o,structural,cosine,100,3,16,0.9345635133722409,0.9345165576395714,0.029095190922425847,0.0290890019661619,0.00666666666666671
structural_last_o,structural,cosine,100,4,16,0.940942004493134,0.9401932229833513,0.040146370810851206,0.04082993074469008,0.00666666666666671
structural_last_o,structural,cosine,100,5,16,0.9105172967622166,0.9106275535399856,0.05955611856431442,0.059548029178729256,0.00666666666666671
structural_last_o,structural,cosine,100,6,16,0.9467583316897089,0.9461726889043841,0.03818909759066413,0.0383262384876931,0.00666666666666671
structural_last_o,structural,cosine,100,7,16,0.9404863752452072,0.9411227535834561,0.0381159132287213,0.037838983112907995,0.00666666666666671
structural_last_o,structural,cosine,100,8,16,0.9514765155533245,0.9514910919887851,0.039794192172929815,0.03981636607399747,0.00666666666666671
structural_last_o,structural,cosine,100,9,16,0.8982210143350763,0.8980558218782403,0.05186259536431495,0.05197935153411609,0.00666666666666671
structural_last_o,structural,cosine,200,0,16,0.9023524632381903,0.9019481677536982,0.07032475722114293,0.07057119788470698,0.0033333333333332993
structural_last_o,structural,cosine,200,1,16,0.9282019884832313,0.928445635408054,0.10074259314012787,0.09981990402511565,0.0033333333333332993
structural_last_o,structural,cosine,200,2,16,0.9527504721998322,0.9527895006893886,0.04045441324910096,0.040489271066883936,0.0033333333333332993
structural_last_o,structural,cosine,200,3,16,0.929501917707039,0.9296940352448569,0.04927813595154802,0.04917223525356279,0.0033333333333332993
structural_last_o,structural,cosine,200,4,16,0.928748722610306,0.9287607488426773,0.03269074205646175,0.03272550153161394,0.0033333333333332993
structural_last_o,structural,cosine,200,5,16,0.9080535130381573,0.9081428068621908,0.05049801523740776,0.050294218126835724,0.0033333333333332993
structural_last_o,structural,cosine,200,6,16,0.9332330313112571,0.9334141159753199,0.029346057600353154,0.029249997512112193,0.0033333333333332993
structural_last_o,structural,cosine,200,7,16,0.869008317836241,0.8689609998536162,0.05397652995302366,0.05411198663908036,0.0033333333333332993
structural_last_o,structural,cosine,200,8,16,0.9360895809731753,0.9358691859732069,0.020811584095015902,0.020892407453044222,0.0033333333333332993
structural_last_o,structural,cosine,200,9,16,0.873210540417675,0.8735144543524125,0.06317350492512944,0.0627680219413615,0.0033333333333332993
structural_last_o,structural,cosine,500,0,16,0.9332958706151563,0.9333305581394996,0.03514206561301083,0.03508803116315985,0.0013333333333332975
structural_last_o,structural,cosine,500,1,16,0.9351243891615179,0.9352011712257884,0.03226697887485848,0.0322504279685915,0.0013333333333332975
structural_last_o,structural,cosine,500,2,16,0.9364886532026141,0.9364380559380467,0.0221587942781478,0.02219636497261072,0.0013333333333332975
structural_last_o,structural,cosine,500,3,16,0.9346166421305071,0.9346882051401402,0.020587667595807196,0.020553569022748526,0.0013333333333332975
structural_last_o,structural,cosine,500,4,16,0.9478386053036615,0.947791362193374,0.0191257689424121,0.019145402547000877,0.0013333333333332975
structural_last_o,structural,cosine,500,5,16,0.9203874065932434,0.9204260373109463,0.028702777387078188,0.028699571928878533,0.0013333333333332975
structural_last_o,structural,cosine,500,6,16,0.952033105337394,0.9520547425128381,0.026017199044149186,0.026016214922908988,0.0013333333333332975
structural_last_o,structural,cosine,500,7,16,0.9417125693240901,0.9417681738545391,0.02844155650049053,0.028430456334653735,0.0013333333333332975
structural_last_o,structural,cosine,500,8,16,0.8973502489466805,0.8973347510865858,0.03657395985737992,0.036575948223252386,0.0013333333333332975
structural_last_o,structural,cosine,500,9,16,0.917557883235995,0.91728303159713,0.04246253146969308,0.0426169584174713,0.0013333333333332975
structural_last_o,structural,cosine,1000,0,16,0.930639539112392,0.930618284322877,0.01571104160097743,0.01573821661478097,0.0006666666666667043
structural_last_o,structural,cosine,1000,1,16,0.9541682235130532,0.954178725439782,0.015173570307601088,0.015163069776337041,0.0006666666666667043
structural_last_o,structural,cosine,1000,2,16,0.8959281512620135,0.8959265666628619,0.020626301964345492,0.0206290503021941,0.0006666666666667043
structural_last_o,structural,cosine,1000,3,16,0.9513296168562196,0.9513529668593398,0.02374605049569628,0.023735011357798274,0.0006666666666667043
structural_last_o,structural,cosine,1000,4,16,0.9425934367954275,0.942615215922481,0.02090409426050098,0.020893367685525785,0.0006666666666667043
structural_last_o,structural,cosine,1000,5,16,0.9115128824491604,0.9115074878129886,0.0480275737231137,0.048020496201489675,0.0006666666666667043
structural_last_o,structural,cosine,1000,6,16,0.9439364817071956,0.9439344254845811,0.013427104886974416,0.013432430530486946,0.0006666666666667043
structural_last_o,structural,cosine,1000,7,16,0.9436455868520709,0.9436043345883093,0.01920796816506931,0.01923454002409137,0.0006666666666667043
structural_last_o,structural,cosine,1000,8,16,0.9512333811907924,0.9511703765657004,0.020395791005951982,0.020422233736331175,0.0006666666666667043
structural_last_o,structural,cosine,1000,9,16,0.9440630063861465,0.9440764184183025,0.023104031422705736,0.0231038440956899,0.0006666666666667043
structural_last_o,structural,cosine,2000,0,16,0.9615956037956996,0.9616170581037619,0.012334114645498277,0.012325116156810038,0.0003333333333332966
structural_last_o,structural,cosine,2000,1,16,0.9492079310971421,0.9492064154089891,0.020344212079676828,0.020345256668538713,0.0003333333333332966
structural_last_o,structural,cosine,2000,2,16,0.9691590147248614,0.9691637155711224,0.021548732694024946,0.021549500977639618,0.0003333333333332966
structural_last_o,structural,cosine,2000,3,16,0.9392587020339972,0.9392582399795599,0.013691855432477081,0.01369001538364753,0.0003333333333332966
structural_last_o,structural,cosine,2000,4,16,0.9567154530982722,0.9567130729381993,0.021672532695210335,0.0216746638424051,0.0003333333333332966
structural_last_o,structural,cosine,2000,5,16,0.9562095790405106,0.9561832823976298,0.013590736872007398,0.013602125262439382,0.0003333333333332966
structural_last_o,structural,cosine,2000,6,16,0.9478992502506218,0.9478974949338252,0.021859560901684963,0.02186046458053549,0.0003333333333332966
structural_last_o,structural,cosine,2000,7,16,0.9421860561920774,0.9421838932583247,0.025737784004192965,0.025740094819355464,0.0003333333333332966
structural_last_o,structural,cosine,2000,8,16,0.9569361738700816,0.9569398124990242,0.015952097188856724,0.015951268458238098,0.0003333333333332966
structural_last_o,structural,cosine,2000,9,16,0.9649616164047427,0.9649577956981825,0.01638868097389066,0.0163893655786238,0.0003333333333332966
structural_last_o,structural,cosine,5000,0,16,0.9667518248359139,0.9667529828807563,0.014968343392674149,0.014967685890373767,0.00013333333333331865
structural_last_o,structural,cosine,5000,1,16,0.9497603854192675,0.9497586329469836,0.017236242173350298,0.01723592602506838,0.00013333333333331865
structural_last_o,structural,cosine,5000,2,16,0.9636016460806588,0.963599347617734,0.007715102946067195,0.007715199818082077,0.00013333333333331865
structural_last_o,structural,cosine,5000,3,16,0.9568347171700273,0.9568339759793766,0.01509731656432566,0.015097746991886039,0.00013333333333331865
structural_last_o,structural,cosine,5000,4,16,0.9689352731436957,0.9689343687230717,0.01469541609465104,0.014695414876635601,0.00013333333333331865
structural_last_o,structural,cosine,5000,5,16,0.9602740206586627,0.9602761319832628,0.018007552205847537,0.018006018768735067,0.00013333333333331865
structural_last_o,structural,cosine,5000,6,16,0.9627499810422127,0.9627476216724039,0.01600197583849424,0.016002396756601478,0.00013333333333331865
structural_last_o,structural,cosine,5000,7,16,0.955140604317851,0.9551418244828854,0.02026400519974788,0.02026266691631133,0.00013333333333331865
structural_last_o,structural,cosine,5000,8,16,0.9646173008993805,0.9646255445841303,0.013742265123674824,0.013736951408846041,0.00013333333333331865
structural_last_o,structural,cosine,5000,9,16,0.9689395026549035,0.9689434704805818,0.014156391479477611,0.014155245152242356,0.00013333333333331865
functional_all,functional,cosine,10,0,16,0.7998816580238874,0.7759334002387769,0.10062870593121319,0.1235508621874891,0.06666666666666671
functional_all,functional,cosine,10,1,16,0.8416111609443605,0.815909967001061,0.16008286874243177,0.1714666152973391,0.06666666666666671
functional_all,functional,cosine,10,2,16,0.8377138303317936,0.8613033123847226,0.20349222549149115,0.2000607376960832,0.06666666666666671
functional_all,functional,cosine,10,3,16,0.7448972786017092,0.7513174607090166,0.15239515931821718,0.15023860379673604,0.06666666666666671
functional_all,functional,cosine,10,4,16,0.6748934188240647,0.6326491922587516,0.3044262854316111,0.33623535617301414,0.06666666666666671
functional_all,functional,cosine,10,5,16,0.8195726870696975,0.8247984279706874,0.12561914707915353,0.12314845307551217,0.06666666666666671
functional_all,functional,cosine,10,6,16,0.9131654291197746,0.9268348404707373,0.033127884362889985,0.02979704485780029,0.06666666666666671
functional_all,functional,cosine,10,7,16,0.6213486653507234,0.5839104210905897,0.475100577220858,0.47893359331446334,0.06666666666666671
functional_all,functional,cosine,10,8,16,0.692098317017493,0.7502935687912959,0.20021799662206297,0.16058784177778423,0.06666666666666671
functional_all,functional,cosine,10,9,16,0.6956389425705486,0.7121279099874299,0.25902854924776775,0.26051142503452296,0.06666666666666671
functional_all,functional,cosine,20,0,16,0.9407310497018638,0.9418010975965425,0.047066288031061554,0.04533380014661492,0.033333333333333326
functional_all,functional,cosine,20,1,16,0.8891378907867554,0.8902420800117479,0.08628430571204282,0.0853571123868088,0.033333333333333326
functional_all,functional,cosine,20,2,16,0.9156792617356779,0.9181032997792394,0.05073687650545026,0.04873665761573846,0.033333333333333326
functional_all,functional,cosine,20,3,16,0.9262244130279295,0.9273197212433507,0.08235179828997966,0.08139002328941201,0.033333333333333326
functional_all,functional,cosine,20,4,16,0.6800324784421796,0.68115606209182,0.34719124025147924,0.34508767011599367,0.033333333333333326
functional_all,functional,cosine,20,5,16,0.7324601289401053,0.7284590013264508,0.25858672886260087,0.25999007614056485,0.033333333333333326
functional_all,functional,cosine,20,6,16,0.8598255839574763,0.8584093935882048,0.13505056942625585,0.13956869103524974,0.033333333333333326
functional_all,functional,cosine,20,7,16,0.710443942157933,0.7163261433831806,0.2760664130538204,0.273799988794595,0.033333333333333326
functional_all,functional,cosine,20,8,16,0.7369425778891745,0.744009814027166,0.2802660799992181,0.2761486542821876,0.033333333333333326
functional_all,functional,cosine,20,9,16,0.835245382157865,0.8291207912561596,0.18532961892217573,0.18929775523732612,0.033333333333333326
functional_all,functional,cosine,50,0,16,0.9422620184897674,0.9375304366712053,0.04404229152648413,0.0479971819909774,0.013333333333333308
functional_all,functional,cosine,50,1,16,0.9451828628396991,0.9428760209795675,0.03150579132288335,0.033322507121511066,0.013333333333333308
functional_all,functional,cosine,50,2,16,0.918117017454134,0.9171523398270048,0.058234335907341464,0.0584560192388687,0.013333333333333308
functional_all,functional,cosine,50,3,16,0.8981297069945146,0.9004739700032452,0.041826572045231436,0.04068238902408287,0.013333333333333308
functional_all,functional,cosine,50,4,16,0.9159265810041435,0.9168593061565516,0.06123477356565628,0.0614324642306109,0.013333333333333308
functional_all,functional,cosine,50,5,16,0.9212011187489615,0.920311819801759,0.04838619815355169,0.0494794762719761,0.013333333333333308
functional_all,functional,cosine,50,6,16,0.9010694389474031,0.8983658018307749,0.0484043558435982,0.049515834159223795,0.013333333333333308
functional_all,functional,cosine,50,7,16,0.8855790283629275,0.884556588822915,0.07057123946432277,0.07039029323796903,0.013333333333333308
functional_all,functional,cosine,50,8,16,0.9310759122463638,0.9304670615431432,0.04960119795043,0.05128995829786909,0.013333333333333308
functional_all,functional,cosine,50,9,16,0.9409359024037464,0.939685930280156,0.02238721474624368,0.02334117924597689,0.013333333333333308
functional_all,functional,cosine,100,0,16,0.9594659307822655,0.9587306599161294,0.03187840383245216,0.032250317350279833,0.00666666666666671
functional_all,functional,cosine,100,1,16,0.9550496974091973,0.9547883780814269,0.02211921091493199,0.022253515589255174,0.00666666666666671
functional_all,functional,cosine,100,2,16,0.9354205751820022,0.9350506297500679,0.03701649356199415,0.03722847613039425,0.00666666666666671
functional_all,functional,cosine,100,3,16,0.9167225815237191,0.916933467751612,0.04482024508862843,0.04470948551441347,0.00666666666666671
functional_all,functional,cosine,100,4,16,0.9574819756307856,0.9572201994045085,0.02985593378083142,0.029984788389146377,0.00666666666666671
functional_all,functional,cosine,100,5,16,0.9570668025109,0.9566682169989847,0.029287152671291346,0.029485997499138297,0.00666666666666671
functional_all,functional,cosine,100,6,16,0.9705042143190086,0.9705083922513214,0.01596700522069807,0.015949488735834818,0.00666666666666671
functional_all,functional,cosine,100,7,16,0.9429095101685964,0.9431692277686043,0.03537633856325259,0.03538009079728312,0.00666666666666671
functional_all,functional,cosine,100,8,16,0.9445242094545404,0.944623420816684,0.0314963487397426,0.031448558639361524,0.00666666666666671
functional_all,functional,cosine,100,9,16,0.9518962009797319,0.9517450647385814,0.03804346356346208,0.03818255108682872,0.00666666666666671
functional_all,functional,cosine,200,0,16,0.9605071376993438,0.9604602172692951,0.0138209544058818,0.013837194456866427,0.0033333333333332993
functional_all,functional,cosine,200,1,16,0.9778450912737281,0.9779433631195013,0.015930429124579898,0.01587869825797959,0.0033333333333332993
functional_all,functional,cosine,200,2,16,0.9636810468977081,0.9638232023352472,0.02239288423913758,0.022314310065332552,0.0033333333333332993
functional_all,functional,cosine,200,3,16,0.9772040673718574,0.9772322192698802,0.0063694389260292115,0.006348885435298924,0.0033333333333332993
functional_all,functional,cosine,200,4,16,0.9778007134149228,0.9778360166882285,0.015150948719384865,0.015146685814206457,0.0033333333333332993
functional_all,functional,cosine,200,5,16,0.9687336082157629,0.9687121456623146,0.026133991507895145,0.026120788577183682,0.0033333333333332993
functional_all,functional,cosine,200,6,16,0.9847208258685836,0.9847775077500992,0.009404669082813292,0.009380214871654354,0.0033333333333332993
functional_all,functional,cosine,200,7,16,0.9680523945263493,0.9682556819073619,0.012063638754095192,0.011953937836192252,0.0033333333333332993
functional_all,functional,cosine,200,8,16,0.97197150882514,0.9720270539603938,0.013063460165796506,0.013026459725515981,0.0033333333333332993
functional_all,functional,cosine,200,9,16,0.9628174456781883,0.9627439386192522,0.02080554284280397,0.02085242690218397,0.0033333333333332993
functional_all,functional,cosine,500,0,16,0.9752845189415467,0.9752499110011006,0.007848034164127365,0.007865985621439295,0.0013333333333332975
functional_all,functional,cosine,500,1,16,0.9770373668812735,0.9771420070219455,0.008803533752505071,0.008754246666974257,0.0013333333333332975
functional_all,functional,cosine,500,2,16,0.9725068563030971,0.9725467978900911,0.009737643665618679,0.00971490676106907,0.0013333333333332975
functional_all,functional,cosine,500,3,16,0.9822677318355785,0.9822954545665922,0.0024581180605274125,0.002444278856700525,0.0013333333333332975
functional_all,functional,cosine,500,4,16,0.9830239597074555,0.9830117852916699,0.009311078247609711,0.009319877454438508,0.0013333333333332975
functional_all,functional,cosine,500,5,16,0.9657493484792631,0.9657823847554035,0.01619210681494021,0.016179007749975723,0.0013333333333332975
functional_all,functional,cosine,500,6,16,0.9802581309408954,0.9802738996529716,0.01233902472022045,0.012329637136265906,0.0013333333333332975
functional_all,functional,cosine,500,7,16,0.9747787394948537,0.9747635759571305,0.008515951916860496,0.008522465059167018,0.0013333333333332975
functional_all,functional,cosine,500,8,16,0.9800687841496983,0.9800930741888773,0.006074215518390815,0.00605916745165325,0.0013333333333332975
functional_all,functional,cosine,500,9,16,0.9815182905708255,0.9815059946379892,0.004042597945293647,0.004050655048246759,0.0013333333333332975
functional_all,functional,cosine,1000,0,16,0.9750787645586078,0.9750664598636298,0.007397007763281485,0.007404235366597335,0.0006666666666667043
functional_all,functional,cosine,1000,1,16,0.9717467314421596,0.9717446752746219,0.011587158541178378,0.011588917504417498,0.0006666666666667043
functional_all,functional,cosine,1000,2,16,0.9781456946320785,0.9781413186103344,0.008152182371506118,0.008152963589511432,0.0006666666666667043
functional_all,functional,cosine,1000,3,16,0.9797497020266792,0.9797493839786806,0.005307017901754152,0.00530754595916679,0.0006666666666667043
functional_all,functional,cosine,1000,4,16,0.9818434684806994,0.9818421780895777,0.006057776420183602,0.006057717191097001,0.0006666666666667043
functional_all,functional,cosine,1000,5,16,0.9769806817809876,0.9769496156319463,0.007459126662866409,0.0074774011932228195,0.0006666666666667043
functional_all,functional,cosine,1000,6,16,0.9805218993890812,0.9805185441091363,0.007070042146677841,0.007073009443469836,0.0006666666666667043
functional_all,functional,cosine,1000,7,16,0.9777748315794309,0.9777670642743347,0.0059845573839325435,0.005989032527014684,0.0006666666666667043
functional_all,functional,cosine,1000,8,16,0.9792243686676375,0.9792113028527809,0.009445335610517702,0.00945437198872149,0.0006666666666667043
functional_all,functional,cosine,1000,9,16,0.9821584283560666,0.9821651625040712,0.0052237552435046245,0.0052219785828088216,0.0006666666666667043
functional_all,functional,cosine,2000,0,16,0.9782289917854916,0.9782264066249762,0.009420787469490603,0.009422516167353744,0.0003333333333332966
functional_all,functional,cosine,2000,1,16,0.9791151316925583,0.9791261121030389,0.008248646705489384,0.008243302533204187,0.0003333333333332966
functional_all,functional,cosine,2000,2,16,0.9782890317723293,0.9782957074464271,0.006237302384327245,0.006232571047709345,0.0003333333333332966
functional_all,functional,cosine,2000,3,16,0.9775510781584605,0.9775609372375557,0.00476874890900941,0.004763201712395654,0.0003333333333332966
functional_all,functional,cosine,2000,4,16,0.979130070993837,0.9791333238337615,0.009097608776247117,0.009096463937200025,0.0003333333333332966
functional_all,functional,cosine,2000,5,16,0.9848115091614059,0.9848097103575025,0.006087494970297118,0.006087942421100754,0.0003333333333332966
functional_all,functional,cosine,2000,6,16,0.9806856586462149,0.9806881388231483,0.005673410239386374,0.005672441612119461,0.0003333333333332966
functional_all,functional,cosine,2000,7,16,0.980616323597273,0.9806276528973102,0.006943033416067128,0.0069385108500941576,0.0003333333333332966
functional_all,functional,cosine,2000,8,16,0.978254029181185,0.978261931686331,0.016858867723202244,0.016855324023540473,0.0003333333333332966
functional_all,functional,cosine,2000,9,16,0.9796591366423818,0.9796583611361633,0.006898763967154989,0.00689924847718576,0.0003333333333332966
functional_all,functional,cosine,5000,0,16,0.9794333300942133,0.9794354056594713,0.007041795999024302,0.007040448638683187,0.00013333333333331865
functional_all,functional,cosine,5000,1,16,0.9728150110239375,0.9728144484234972,0.012712651992619726,0.012712274474442944,0.00013333333333331865
functional_all,functional,cosine,5000,2,16,0.9773538646124587,0.9773542149126988,0.006508832942575161,0.006508621166445713,0.00013333333333331865
functional_all,functional,cosine,5000,3,16,0.9811183812346065,0.981119114870419,0.005910043955314494,0.005909364902302682,0.00013333333333331865
functional_all,functional,cosine,5000,4,16,0.9796555712568207,0.9796571901759886,0.009744868719458339,0.009743975079274636,0.00013333333333331865
functional_all,functional,cosine,5000,5,16,0.9817231445475085,0.9817214002147686,0.006679857356280452,0.006680243632844867,0.00013333333333331865
functional_all,functional,cosine,5000,6,16,0.9767336084975953,0.9767354599989989,0.010330959843988786,0.010330203761063934,0.00013333333333331865
functional_all,functional,cosine,5000,7,16,0.9797809235278995,0.9797839982924093,0.007145562612188164,0.007143545834223471,0.00013333333333331865
functional_all,functional,cosine,5000,8,16,0.980068732669573,0.980069919750858,0.006037489200191254,0.0060362875758273645,0.00013333333333331865
functional_all,functional,cosine,5000,9,16,0.98100735135045,0.9810061816187278,0.009968007821295997,0.009968586139171363,0.00013333333333331865
functional_last,functional,cosine,10,0,16,0.8097752107076274,0.7873918367041577,0.10407671310212797,0.12691969969515585,0.06666666666666671
functional_last,functional,cosine,10,1,16,0.8347420195976905,0.8168386573081948,0.18890038337725082,0.19333569354149227,0.06666666666666671
functional_last,functional,cosine,10,2,16,0.8372766622556372,0.8662075703024176,0.19211743558332525,0.18868797965442463,0.06666666666666671
functional_last,functional,cosine,10,3,16,0.783375519542606,0.7976094738406657,0.1394159280469195,0.1322720901252995,0.06666666666666671
functional_last,functional,cosine,10,4,16,0.6669539312112122,0.6207152312038327,0.2796473485853837,0.31539591165426706,0.06666666666666671
functional_last,functional,cosine,10,5,16,0.8170650455238831,0.8307773485637666,0.12794921176900667,0.11916920596225533,0.06666666666666671
functional_last,functional,cosine,10,6,16,0.920894288218718,0.9188157491171204,0.03238147988660692,0.03708489804875167,0.06666666666666671
functional_last,functional,cosine,10,7,16,0.6597590378077406,0.6277046718062974,0.4528152967467457,0.45248371377387997,0.06666666666666671
functional_last,functional,cosine,10,8,16,0.7178464164350683,0.7729773263431103,0.1844310601980593,0.1464093407254029,0.06666666666666671
functional_last,functional,cosine,10,9,16,0.7059020951113176,0.7210238480419099,0.23655846199706987,0.2386077782927581,0.06666666666666671
functional_last,functional,cosine,20,0,16,0.9468245755012347,0.9497708145152312,0.0534149532486174,0.050605411560964986,0.033333333333333326
functional_last,functional,cosine,20,1,16,0.9124509181777932,0.9130465757237486,0.03132052558427974,0.0313449235457419,0.033333333333333326
functional_last,functional,cosine,20,2,16,0.9269361343435524,0.9296598577284156,0.036342340731000136,0.03449660658155325,0.033333333333333326
functional_last,functional,cosine,20,3,16,0.9041380008193385,0.9045972495496019,0.10659712758345743,0.10580386399674321,0.033333333333333326
functional_last,functional,cosine,20,4,16,0.716733942844357,0.7171656725405956,0.34299655792904726,0.3412248418960332,0.033333333333333326
functional_last,functional,cosine,20,5,16,0.7348603259053114,0.7313516858640053,0.23439494876829553,0.23533264711077312,0.033333333333333326
functional_last,functional,cosine,20,6,16,0.8856438231306581,0.885427948609212,0.10735651703807197,0.09883494388210284,0.033333333333333326
functional_last,functional,cosine,20,7,16,0.6972276054762581,0.7043729552812479,0.2941040085306317,0.29118662265324213,0.033333333333333326
functional_last,functional,cosine,20,8,16,0.7527586832833861,0.7592951467574574,0.6094929354305243,0.6071931600761894,0.033333333333333326
functional_last,functional,cosine,20,9,16,0.823952747872479,0.8192144939734886,0.19141518515037242,0.19436981485424185,0.033333333333333326
functional_last,functional,cosine,50,0,16,0.9375423467598539,0.9335221637030404,0.040968173312265585,0.044534253097315846,0.013333333333333308
functional_last,functional,cosine,50,1,16,0.9323916131361052,0.9300008650361234,0.052995403878126235,0.0547425298220414,0.013333333333333308
functional_last,functional,cosine,50,2,16,0.9206365710280823,0.919675895420322,0.05148100858714688,0.05190323783303083,0.013333333333333308
functional_last,functional,cosine,50,3,16,0.8462465806253374,0.8498774009739442,0.07107955926944419,0.06917027294282652,0.013333333333333308
functional_last,functional,cosine,50,4,16,0.8773099226785513,0.8784023232956352,0.09052922875913297,0.09104890760354276,0.013333333333333308
functional_last,functional,cosine,50,5,16,0.9088343737299315,0.9102529105130643,0.07661112686926835,0.07649361149078296,0.013333333333333308
functional_last,functional,cosine,50,6,16,0.9190648494035644,0.9163136731568561,0.04795835759074882,0.04909958276941894,0.013333333333333308
functional_last,functional,cosine,50,7,16,0.8848479264314892,0.8837923969075417,0.07361733266218459,0.07380029286066818,0.013333333333333308
functional_last,functional,cosine,50,8,16,0.9168842664713042,0.916742276933699,0.05897017477747363,0.06051807189381022,0.013333333333333308
functional_last,functional,cosine,50,9,16,0.931247037495886,0.9294240371271091,0.026915767147334735,0.028411325225395568,0.013333333333333308
functional_last,functional,cosine,100,0,16,0.9577229954667337,0.9572617022828314,0.019835364741787834,0.02006827937189827,0.00666666666666671
functional_last,functional,cosine,100,1,16,0.9371331068779557,0.9368680205142808,0.03675993648711457,0.03688244852327015,0.00666666666666671
functional_last,functional,cosine,100,2,16,0.9508833339089622,0.950674595399117,0.020554412674474085,0.020656445279788375,0.00666666666666671
functional_last,functional,cosine,100,3,16,0.8988672434769875,0.8991304166867048,0.05429620580365323,0.05414622176885117,0.00666666666666671
functional_last,functional,cosine,100,4,16,0.9247170826179224,0.9245985378137318,0.063018244137582,0.06302706235298623,0.00666666666666671
functional_last,functional,cosine,100,5,16,0.9452432634599918,0.9447275174804015,0.04719195170059404,0.04746276079273228,0.00666666666666671
functional_last,functional,cosine,100,6,16,0.9702945754898733,0.970016302198069,0.02538845589109192,0.0255543910951886,0.00666666666666671
functional_last,functional,cosine,100,7,16,0.9524920197339871,0.9526079078712504,0.028972764721423197,0.028985858415888258,0.00666666666666671
functional_last,functional,cosine,100,8,16,0.952539870719829,0.9528445954838516,0.03758095738076504,0.03745694483416512,0.00666666666666671
functional_last,functional,cosine,100,9,16,0.9407360551355255,0.9406561479844983,0.04578014805627753,0.0458992855313591,0.00666666666666671
functional_last,functional,cosine,200,0,16,0.9655576741595083,0.9655452676422545,0.013690186602196995,0.013689029587453468,0.0033333333333332993
functional_last,functional,cosine,200,1,16,0.9676589744980909,0.9676909169842337,0.023336723649461513,0.023310390083179207,0.0033333333333332993
functional_last,functional,cosine,200,2,16,0.971526045633911,0.9715978149921787,0.01196610988880864,0.011923199293835389,0.0033333333333332993
functional_last,functional,cosine,200,3,16,0.9659378319386456,0.9659338847520006,0.01592315643981728,0.01590430898719944,0.0033333333333332993
functional_last,functional,cosine,200,4,16,0.9738165737381818,0.9739396312021847,0.016427841722396506,0.016371653899381743,0.0033333333333332993
functional_last,functional,cosine,200,5,16,0.9607981452737043,0.9607404213960108,0.042784039932785005,0.04279017170599073,0.0033333333333332993
functional_last,functional,cosine,200,6,16,0.9834722028065831,0.983490750778052,0.012572405893380103,0.012562336128404367,0.0033333333333332993
functional_last,functional,cosine,200,7,16,0.9704793635979568,0.9706262033634129,0.011769272508762346,0.011687145411995758,0.0033333333333332993
functional_last,functional,cosine,200,8,16,0.9773476408224477,0.97738851624773,0.007979582411594004,0.007960529611905473,0.0033333333333332993
functional_last,functional,cosine,200,9,16,0.9542347380974179,0.9541811682779527,0.024451161092669604,0.024478616720396057,0.0033333333333332993
functional_last,functional,cosine,500,0,16,0.9781351337289274,0.9780825096580945,0.006247502519202693,0.006272621045326093,0.0013333333333332975
functional_last,functional,cosine,500,1,16,0.9743196946794407,0.9743886567677599,0.012240366950365986,0.012209156488031734,0.0013333333333332975
functional_last,functional,cosine,500,2,16,0.9683130736649258,0.9683642492534965,0.011257439864733834,0.011228865740956741,0.0013333333333332975
functional_last,functional,cosine,500,3,16,0.9841062743197414,0.9841016203489812,0.004997880220350994,0.004997387080926122,0.0013333333333332975
functional_last,functional,cosine,500,4,16,0.9835532829150968,0.9835578110996869,0.008035405544354626,0.008031246671937713,0.0013333333333332975
functional_last,functional,cosine,500,5,16,0.9635136942054451,0.9635165381480028,0.016523943514686938,0.016522073011408157,0.0013333333333332975
functional_last,functional,cosine,500,6,16,0.9785243880087868,0.978512975883827,0.011145552194731578,0.011147877440234712,0.0013333333333332975
functional_last,functional,cosine,500,7,16,0.9742571753919945,0.9742764745762643,0.00940176354168304,0.009394781450439411,0.0013333333333332975
functional_last,functional,cosine,500,8,16,0.9755767078490493,0.9755831490516992,0.0084481742790129,0.008439467441400395,0.0013333333333332975
functional_last,functional,cosine,500,9,16,0.9781496193813807,0.9781659478677477,0.004446122213483378,0.004436962872438515,0.0013333333333332975
functional_last,functional,cosine,1000,0,16,0.9770256434968121,0.9770105480637558,0.007304461976084921,0.007313905238468013,0.0006666666666667043
functional_last,functional,cosine,1000,1,16,0.9766829003608869,0.9766725079852622,0.007849998813473116,0.007856206643426325,0.0006666666666667043
functional_last,functional,cosine,1000,2,16,0.974227700724557,0.9742028949005138,0.009019414195524695,0.009030023640475723,0.0006666666666667043
functional_last,functional,cosine,1000,3,16,0.9810067702881098,0.9809922789373269,0.0066253978258679095,0.0066343021503987125,0.0006666666666667043
functional_last,functional,cosine,1000,4,16,0.9712952443106853,0.9712746426979784,0.01087442019207509,0.010885863915297164,0.0006666666666667043
functional_last,functional,cosine,1000,5,16,0.9731052746471488,0.973075138558007,0.009663453134774659,0.009679760862069637,0.0006666666666667043
functional_last,functional,cosine,1000,6,16,0.9841386190287629,0.9841318422455003,0.004798188339295316,0.004804092246832628,0.0006666666666667043
functional_last,functional,cosine,1000,7,16,0.9751567663848368,0.9751381507411995,0.009418668230508746,0.00942822226646808,0.0006666666666667043
functional_last,functional,cosine,1000,8,16,0.9704656121769815,0.9704675901287074,0.013621827190209101,0.01362389622193017,0.0006666666666667043
functional_last,functional,cosine,1000,9,16,0.9790283259384037,0.97903522707011,0.00576208706493731,0.00576116389453824,0.0006666666666667043
functional_last,functional,cosine,2000,0,16,0.9749163585528535,0.9749208798696567,0.013200869034790862,0.01319974663473862,0.0003333333333332966
functional_last,functional,cosine,2000,1,16,0.9787202590278591,0.9787267412066785,0.014548992226934388,0.014545657784559548,0.0003333333333332966
functional_last,functional,cosine,2000,2,16,0.9727237787337518,0.9727350508629843,0.014545952952652787,0.014537907269435239,0.0003333333333332966
functional_last,functional,cosine,2000,3,16,0.9746841973126084,0.9746902271832961,0.006698334835447648,0.006695832219711114,0.0003333333333332966
functional_last,functional,cosine,2000,4,16,0.9737434989099735,0.9737482380431866,0.008894159141154125,0.008890898759918019,0.0003333333333332966
functional_last,functional,cosine,2000,5,16,0.9824467409064525,0.9824415094317659,0.010392446114388394,0.010394362864707306,0.0003333333333332966
functional_last,functional,cosine,2000,6,16,0.9808878140230146,0.9808860939479893,0.007161144778752482,0.007161668269768379,0.0003333333333332966
functional_last,functional,cosine,2000,7,16,0.9776482173940492,0.9776553273159128,0.012265635451961392,0.012263354177297509,0.0003333333333332966
functional_last,functional,cosine,2000,8,16,0.9801247379963697,0.9801297127904327,0.010005159930330309,0.010003479668970887,0.0003333333333332966
functional_last,functional,cosine,2000,9,16,0.9819645905927202,0.981970308894167,0.011046179207699108,0.011043080289708972,0.0003333333333332966
functional_last,functional,cosine,5000,0,16,0.9779110255061201,0.9779119312916708,0.008314701610608662,0.008313579879342406,0.00013333333333331865
functional_last,functional,cosine,5000,1,16,0.9704029875004988,0.9704029664758019,0.021807861704723083,0.021807455414111495,0.00013333333333331865
functional_last,functional,cosine,5000,2,16,0.9782262606231804,0.9782264366758878,0.007547357652880819,0.007547749245312519,0.00013333333333331865
functional_last,functional,cosine,5000,3,16,0.9799584578239091,0.9799562086660514,0.008386644647952524,0.008387278232089372,0.00013333333333331865
functional_last,functional,cosine,5000,4,16,0.9814286361955848,0.9814301684958093,0.011988934551460769,0.011987829250631684,0.00013333333333331865
functional_last,functional,cosine,5000,5,16,0.9803118194849866,0.9803126570905923,0.014858376749399365,0.014857410666161981,0.00013333333333331865
functional_last,functional,cosine,5000,6,16,0.9782721591355507,0.9782775084255827,0.010031057111263609,0.010028432299051497,0.00013333333333331865
functional_last,functional,cosine,5000,7,16,0.977181394586425,0.977184902339938,0.012755088459487196,0.01275261489981654,0.00013333333333331865
functional_last,functional,cosine,5000,8,16,0.98182980431807,0.9818334018592351,0.007450827850457601,0.007448982865787457,0.00013333333333331865
functional_last,functional,cosine,5000,9,16,0.9726756758451115,0.9726760069495533,0.01486811408236397,0.014867604071824664,0.00013333333333331865
behavioral,behavioral,cosine,10,0,16,0.08247601401402657,0.06320017237572681,0.8383650077986374,0.8710260735827269,0.06666666666666671
behavioral,behavioral,cosine,10,1,16,0.3278695429972835,0.25749704289006214,0.6823665283165014,0.7249750084375001,0.06666666666666671
behavioral,behavioral,cosine,10,2,16,0.1769146956054753,0.15622632905477746,0.7834882696138933,0.7987805796494923,0.06666666666666671
behavioral,behavioral,cosine,10,3,16,0.11488548521441744,0.1102449858040151,0.5829096950098847,0.5916765294472702,0.06666666666666671
behavioral,behavioral,cosine,10,4,16,0.09139848587748199,0.09210585354142803,0.8219969389991523,0.8232276812200661,0.06666666666666671
behavioral,behavioral,cosine,10,5,16,0.017263681689514143,0.028210232382527345,0.8283197793675581,0.8378526835367128,0.06666666666666671
behavioral,behavioral,cosine,10,6,16,0.48019380792064975,0.5143294222944231,0.38911804062798994,0.3642988271399412,0.06666666666666671
behavioral,behavioral,cosine,10,7,16,0.376945784542218,0.34340919810412635,0.8360365457734865,0.8471283412540086,0.06666666666666671
behavioral,behavioral,cosine,10,8,16,0.39359963598715725,0.362039825148294,0.6723340010166774,0.6878895827154048,0.06666666666666671
behavioral,behavioral,cosine,10,9,16,0.0634115493623822,0.07363683048647995,0.8470786678031866,0.8552255670509878,0.06666666666666671
behavioral,behavioral,cosine,20,0,16,0.005602226981307104,0.011302778128206493,0.78692292138136,0.7841413215137036,0.033333333333333326
behavioral,behavioral,cosine,20,1,16,0.6400510851859672,0.6426724959748498,0.5795992887880665,0.5790577650059829,0.033333333333333326
behavioral,behavioral,cosine,20,2,16,0.07591332040270972,0.07973373934994861,0.8835072778585058,0.8829697621222863,0.033333333333333326
behavioral,behavioral,cosine,20,3,16,0.3024483105052106,0.3073041419675636,0.6949029033306305,0.6876516356920108,0.033333333333333326
behavioral,behavioral,cosine,20,4,16,0.38248731308190503,0.36887001738291386,0.7754591942997591,0.7800684916221646,0.033333333333333326
behavioral,behavioral,cosine,20,5,16,0.22169115869558703,0.21404614035678587,0.8146768540583109,0.8200339476281341,0.033333333333333326
behavioral,behavioral,cosine,20,6,16,0.4759260560268862,0.46207602096781164,0.5023500429357561,0.509043233331415,0.033333333333333326
behavioral,behavioral,cosine,20,7,16,0.24452085869114162,0.24237839400734523,0.8657318767774942,0.8661058607495243,0.033333333333333326
behavioral,behavioral,cosine,20,8,16,0.15327383611946538,0.16479035740639067,0.8403344778851831,0.836075916189351,0.033333333333333326
behavioral,behavioral,cosine,20,9,16,0.4330590333840118,0.43154817936525136,0.7652947470928829,0.7659386576382999,0.033333333333333326
behavioral,behavioral,cosine,50,0,16,0.264886763798744,0.254111156968208,0.7411052302226875,0.7450672379590528,0.013333333333333308
behavioral,behavioral,cosine,50,1,16,0.5056345457016953,0.5039747702698588,0.5854084131169851,0.5891527917856096,0.013333333333333308
behavioral,behavioral,cosine,50,2,16,0.4900787686168781,0.4893578482505188,0.6842562248176014,0.686654303234729,0.013333333333333308
behavioral,behavioral,cosine,50,3,16,0.2567210628970122,0.2664525368246934,0.7562443151222709,0.7534338025851068,0.013333333333333308
behavioral,behavioral,cosine,50,4,16,0.31727399146163904,0.3152580580548878,0.636829582125715,0.6424563371104943,0.013333333333333308
behavioral,behavioral,cosine,50,5,16,0.24503349254096726,0.24208348599782709,0.8490497336382623,0.8464779455299853,0.013333333333333308
behavioral,behavioral,cosine,50,6,16,0.33916947040495593,0.32408469656973027,0.6257705392282216,0.6314073257110934,0.013333333333333308
behavioral,behavioral,cosine,50,7,16,0.26118131304786185,0.2514843085354517,0.5909990952509074,0.5969693687589417,0.013333333333333308
behavioral,behavioral,cosine,50,8,16,0.4856467565274535,0.48223983889082306,0.5476874806651041,0.5519974187815783,0.013333333333333308
behavioral,behavioral,cosine,50,9,16,0.3259025972748765,0.3238708406079236,0.7245590760767822,0.7247552006786628,0.013333333333333308
behavioral,behavioral,cosine,100,0,16,0.09379337708034836,0.09488306793019965,0.7782553802034362,0.7776948542547875,0.00666666666666671
behavioral,behavioral,cosine,100,1,16,0.5602739397670679,0.5605514602082831,0.25266280556049214,0.25238974363973243,0.00666666666666671
behavioral,behavioral,cosine,100,2,16,0.3121185262139222,0.3120275544270125,0.715203370505619,0.71586662880958,0.00666666666666671
behavioral,behavioral,cosine,100,3,16,0.5574186895138448,0.5562925238380881,0.39273512948130207,0.3937823364392329,0.00666666666666671
behavioral,behavioral,cosine,100,4,16,0.8593752263545157,0.8590796518228091,0.45107878315638406,0.45137706529393873,0.00666666666666671
behavioral,behavioral,cosine,100,5,16,0.20743566427344998,0.2081163614291952,0.6827305287499797,0.6819518318644405,0.00666666666666671
behavioral,behavioral,cosine,100,6,16,0.4406373168057951,0.4405383052405671,0.8042095007982072,0.8043731536160612,0.00666666666666671
behavioral,behavioral,cosine,100,7,16,0.1912901696927185,0.18989380523210772,0.5999800513938993,0.601390321853666,0.00666666666666671
behavioral,behavioral,cosine,100,8,16,0.3361225173922945,0.3354655341121502,0.6506040701441957,0.6509444596213916,0.00666666666666671
behavioral,behavioral,cosine,100,9,16,0.6267789753961667,0.6248310877361708,0.43307480500605333,0.4328307632204123,0.00666666666666671
behavioral,behavioral,cosine,200,0,16,0.37222953353245336,0.3721676868032114,0.5591739595120193,0.5589045242900239,0.0033333333333332993
behavioral,behavioral,cosine,200,1,16,0.6366670696506754,0.6378222543597384,0.1899406719400535,0.1891829163100312,0.0033333333333332993
behavioral,behavioral,cosine,200,2,16,0.49410583584852713,0.4926243003746581,0.35418464097139235,0.3548962531501532,0.0033333333333332993
behavioral,behavioral,cosine,200,3,16,0.6044532952498824,0.6038611126884932,0.1368137365957669,0.13699883131540336,0.0033333333333332993
behavioral,behavioral,cosine,200,4,16,0.35176145984436924,0.3518738635002053,0.4237061874553486,0.42352377283131243,0.0033333333333332993
behavioral,behavioral,cosine,200,5,16,0.16360369733474436,0.16429394561913716,0.6906646426226237,0.69025344594176,0.0033333333333332993
behavioral,behavioral,cosine,200,6,16,0.7037892955354399,0.7038461144316618,0.29211491622871366,0.2918897855646539,0.0033333333333332993
behavioral,behavioral,cosine,200,7,16,0.32932025619197935,0.32884922426896596,0.5674377082333687,0.567364055698725,0.0033333333333332993
behavioral,behavioral,cosine,200,8,16,0.6168200418722866,0.6160745682148134,0.3965325436844581,0.39675778457695987,0.0033333333333332993
behavioral,behavioral,cosine,200,9,16,0.9045451210624067,0.9044952275468975,0.3229674132020231,0.3230789225796515,0.0033333333333332993
behavioral,behavioral,cosine,500,0,16,0.382949834535003,0.38308097989911005,0.4362694695687973,0.4362284037597789,0.0013333333333332975
behavioral,behavioral,cosine,500,1,16,0.4894712993515122,0.489521682145392,0.774167729913976,0.7740881050985954,0.0013333333333332975
behavioral,behavioral,cosine,500,2,16,0.40670044089905116,0.40633912341430223,0.5310608823660985,0.5313560042725196,0.0013333333333332975
behavioral,behavioral,cosine,500,3,16,0.43774526180075246,0.4375444052771287,0.5510160360935358,0.5510678735902637,0.0013333333333332975
behavioral,behavioral,cosine,500,4,16,0.6836695332005974,0.6831022533380113,0.3795076080341069,0.37972853882486224,0.0013333333333332975
behavioral,behavioral,cosine,500,5,16,0.6707805045492106,0.6708597090858092,0.11715905455614198,0.11711737900915806,0.0013333333333332975
behavioral,behavioral,cosine,500,6,16,0.3653004132105829,0.36510914242680365,0.3822174356082495,0.3822966948696224,0.0013333333333332975
behavioral,behavioral,cosine,500,7,16,0.5484031944861555,0.5483540581606711,0.5657436269958094,0.5658218830823301,0.0013333333333332975
behavioral,behavioral,cosine,500,8,16,0.38726930942182297,0.38741201258043484,0.5050865581480626,0.5051129286997792,0.0013333333333332975
behavioral,behavioral,cosine,500,9,16,0.5261018773343381,0.525668157840922,0.4437818296444696,0.4440395163545011,0.0013333333333332975
behavioral,behavioral,cosine,1000,0,16,0.938346962804598,0.9383316897401333,0.07472921170908049,0.07472872173389694,0.0006666666666667043
behavioral,behavioral,cosine,1000,1,16,0.3643418481206749,0.364315748422271,0.4860809920041635,0.48607181545795386,0.0006666666666667043
behavioral,behavioral,cosine,1000,2,16,0.6516731833540204,0.6517216308514742,0.7034250608885603,0.7034011139393492,0.0006666666666667043
behavioral,behavioral,cosine,1000,3,16,0.3744151460706162,0.3745188738505171,0.8011440479510574,0.801122126181252,0.0006666666666667043
behavioral,behavioral,cosine,1000,4,16,0.5943106225874581,0.5941331046767039,0.4007257161748459,0.40081398027508425,0.0006666666666667043
behavioral,behavioral,cosine,1000,5,16,0.5389328437687796,0.5391188533680485,0.2103286277006936,0.21021971423417848,0.0006666666666667043
behavioral,behavioral,cosine,1000,6,16,0.5535587775703803,0.553593987988078,0.32438370741925915,0.32432951219273676,0.0006666666666667043
behavioral,behavioral,cosine,1000,7,16,0.31297557331359355,0.3130108612191462,0.6589800243473289,0.658945986650997,0.0006666666666667043
behavioral,behavioral,cosine,1000,8,16,0.7308191393904957,0.7308128982694609,0.10631608393866379,0.1063162379830414,0.0006666666666667043
behavioral,behavioral,cosine,1000,9,16,0.56742302896791,0.5673244670059844,0.4394071849313611,0.43943566733945205,0.0006666666666667043
behavioral,behavioral,cosine,2000,0,16,0.5449692296215719,0.5451003999376974,0.5482327234592853,0.548168637383266,0.0003333333333332966
behavioral,behavioral,cosine,2000,1,16,0.5664059991701955,0.5664363604041314,0.30165800545071786,0.30162646239728164,0.0003333333333332966
behavioral,behavioral,cosine,2000,2,16,0.35524210496604447,0.35523938959902673,0.6738363299838972,0.6737890540644232,0.0003333333333332966
behavioral,behavioral,cosine,2000,3,16,0.7305964831926169,0.7305826854302662,0.15005978985848445,0.15008415231571143,0.0003333333333332966
behavioral,behavioral,cosine,2000,4,16,0.5152521165250733,0.5151760730700443,0.3343103085408037,0.33433243788936534,0.0003333333333332966
behavioral,behavioral,cosine,2000,5,16,0.3878359758163367,0.3878903899359421,0.7067677599660238,0.7067154654039862,0.0003333333333332966
behavioral,behavioral,cosine,2000,6,16,0.9316639481919997,0.9316648967036287,0.0840062592242762,0.0840087454345006,0.0003333333333332966
behavioral,behavioral,cosine,2000,7,16,0.3589851481577952,0.3590389343983949,0.5227737751149952,0.5227443798704353,0.0003333333333332966
behavioral,behavioral,cosine,2000,8,16,0.7093550476631304,0.7093585358686144,0.36699313401830747,0.36707577190314,0.0003333333333332966
behavioral,behavioral,cosine,2000,9,16,0.6691991392970683,0.6690806052568998,0.19154519242802315,0.19160385034341995,0.0003333333333332966
behavioral,behavioral,cosine,5000,0,16,0.5523960358163791,0.5523722109555129,0.26331791683104394,0.2633419074580333,0.00013333333333331865
behavioral,behavioral,cosine,5000,1,16,0.6718525981839649,0.6718058142540136,0.22160615780445952,0.22161973625072912,0.00013333333333331865
behavioral,behavioral,cosine,5000,2,16,0.6253730944404299,0.6253588922514026,0.3615485562031439,0.3615161488536792,0.00013333333333331865
behavioral,behavioral,cosine,5000,3,16,0.4539853873622523,0.4540241455844832,0.5152601981028416,0.5152580151128148,0.00013333333333331865
behavioral,behavioral,cosine,5000,4,16,0.8783145182052099,0.8783163116326801,0.22391358246955165,0.2239165313904971,0.00013333333333331865
behavioral,behavioral,cosine,5000,5,16,0.46564155642370486,0.465642735854325,0.5418293625629814,0.5418107323578085,0.00013333333333331865
behavioral,behavioral,cosine,5000,6,16,0.6494898057626913,0.6494556510239844,0.15158081627928624,0.1515933783856987,0.00013333333333331865
behavioral,behavioral,cosine,5000,7,16,0.6865877263373278,0.6865768449656652,0.28948989721211194,0.2895009827965813,0.00013333333333331865
behavioral,behavioral,cosine,5000,8,16,0.4998280714542211,0.4998602028069267,0.40810443354260867,0.4080948124602154,0.00013333333333331865
behavioral,behavioral,cosine,5000,9,16,0.4252092809727693,0.4252144922883577,0.500432663556575,0.5004272770103918,0.00013333333333331865
behavioral_greedy,behavioral,cosine,10,0,16,0.48573852914603866,0.46639475509905165,0.5946711996758791,0.616104753975142,0.06666666666666671
behavioral_greedy,behavioral,cosine,10,1,16,0.6603355967367895,0.6290508277207802,0.3240093599793576,0.3541611613595117,0.06666666666666671
behavioral_greedy,behavioral,cosine,10,2,16,0.6089155792716934,0.6405349330277016,0.6173633049581672,0.6053771487918438,0.06666666666666671
behavioral_greedy,behavioral,cosine,10,3,16,0.49699109770684013,0.4693664897416558,0.3419951585316672,0.3685979573482353,0.06666666666666671
behavioral_greedy,behavioral,cosine,10,4,16,0.4218528429458711,0.3848122092551837,0.657331800236836,0.6589369609725153,0.06666666666666671
behavioral_greedy,behavioral,cosine,10,5,16,0.6981411044274239,0.6845189509440899,0.23274178130813983,0.24130900233170285,0.06666666666666671
behavioral_greedy,behavioral,cosine,10,6,16,0.47238641357886985,0.48655491284449065,0.503161288178777,0.5133634131472984,0.06666666666666671
behavioral_greedy,behavioral,cosine,10,7,16,0.37343648145961184,0.33354545102022826,0.7216652175293636,0.7064786035051979,0.06666666666666671
behavioral_greedy,behavioral,cosine,10,8,16,0.3764681294588191,0.40066061163361194,0.7098892866276107,0.6951938773267025,0.06666666666666671
behavioral_greedy,behavioral,cosine,10,9,16,0.6672037277027602,0.6964069717043985,0.2625114082263512,0.2554454442433604,0.06666666666666671
behavioral_greedy,behavioral,cosine,20,0,16,0.5907572724742775,0.5886483191637994,0.4860968243361054,0.48634993413197836,0.033333333333333326
behavioral_greedy,behavioral,cosine,20,1,16,0.6683005242106115,0.6688984873516022,0.28314936093597787,0.2828136326759762,0.033333333333333326
behavioral_greedy,behavioral,cosine,20,2,16,0.5222312224924174,0.5234464923612595,0.40151733994352645,0.4078108446110256,0.033333333333333326
behavioral_greedy,behavioral,cosine,20,3,16,0.6387174594111237,0.6400090953785416,0.3288896600135244,0.3227903021009555,0.033333333333333326
behavioral_greedy,behavioral,cosine,20,4,16,0.3783498483563673,0.37381974759516484,0.6822171887646358,0.6860818585997429,0.033333333333333326
behavioral_greedy,behavioral,cosine,20,5,16,0.6177457948762793,0.6142307748486013,0.7112311051359048,0.7115512852880135,0.033333333333333326
behavioral_greedy,behavioral,cosine,20,6,16,0.4701424822517722,0.46861518958643855,0.6622733927845423,0.6680584983912837,0.033333333333333326
behavioral_greedy,behavioral,cosine,20,7,16,0.4952555422612779,0.5014725674939623,0.6635116667126342,0.6611275043215511,0.033333333333333326
behavioral_greedy,behavioral,cosine,20,8,16,0.6933681780560603,0.6964048084316636,0.46398418089954063,0.46335252145601635,0.033333333333333326
behavioral_greedy,behavioral,cosine,20,9,16,0.5818405566192685,0.5801572460738245,0.4150139517005281,0.41722772897962285,0.033333333333333326
behavioral_greedy,behavioral,cosine,50,0,16,0.5687279418501114,0.5572823196055161,0.39484231123575547,0.4019001812815708,0.013333333333333308
behavioral_greedy,behavioral,cosine,50,1,16,0.6399524696461906,0.645571545798912,0.37500406033227973,0.3746165243639746,0.013333333333333308
behavioral_greedy,behavioral,cosine,50,2,16,0.6431960512035246,0.6424014069954475,0.43073279563306954,0.43382241241466774,0.013333333333333308
behavioral_greedy,behavioral,cosine,50,3,16,0.5524972139409962,0.5603740465534683,0.4814649167230416,0.48204698336732704,0.013333333333333308
behavioral_greedy,behavioral,cosine,50,4,16,0.5694171656486824,0.5704739923050799,0.38857672625409817,0.3884728798802618,0.013333333333333308
behavioral_greedy,behavioral,cosine,50,5,16,0.5583032633967531,0.5494749096278574,0.7580428785374088,0.7580246732830018,0.013333333333333308
behavioral_greedy,behavioral,cosine,50,6,16,0.3384971949409513,0.3336246541225156,0.7213691553551753,0.7243659518983108,0.013333333333333308
behavioral_greedy,behavioral,cosine,50,7,16,0.6253514602496031,0.6209968585406014,0.3191930921389724,0.32113115591458363,0.013333333333333308
behavioral_greedy,behavioral,cosine,50,8,16,0.7114283320016975,0.7049262969330525,0.2655908736681949,0.2709408813551845,0.013333333333333308
behavioral_greedy,behavioral,cosine,50,9,16,0.6451171809428289,0.6422316463591639,0.3769621435201445,0.3793266828082531,0.013333333333333308
behavioral_greedy,behavioral,cosine,100,0,16,0.8155345349192967,0.8161083843372916,0.13934505895680274,0.13890201455472226,0.00666666666666671
behavioral_greedy,behavioral,cosine,100,1,16,0.8184811796706428,0.8182376660488726,0.10489886604987608,0.10497620216382274,0.00666666666666671
behavioral_greedy,behavioral,cosine,100,2,16,0.841236559317194,0.8410514773132989,0.09299353567873843,0.09323898621174057,0.00666666666666671
behavioral_greedy,behavioral,cosine,100,3,16,0.7776915060205626,0.7787586062279868,0.4260490272917741,0.42472524841253523,0.00666666666666671
behavioral_greedy,behavioral,cosine,100,4,16,0.8546006703995064,0.854114028237928,0.18817955103321124,0.18843261571831893,0.00666666666666671
behavioral_greedy,behavioral,cosine,100,5,16,0.8134051891676215,0.811473882930207,0.18312652944971214,0.18422168413233866,0.00666666666666671
behavioral_greedy,behavioral,cosine,100,6,16,0.8138734205264488,0.8133831259870297,0.12692834296527078,0.12699573945798956,0.00666666666666671
behavioral_greedy,behavioral,cosine,100,7,16,0.7829961657251828,0.7830174600904785,0.2178027854333312,0.21826477005245565,0.00666666666666671
behavioral_greedy,behavioral,cosine,100,8,16,0.7865845840605706,0.7872973215959514,0.1774780256140533,0.17762423087531365,0.00666666666666671
behavioral_greedy,behavioral,cosine,100,9,16,0.9080704498754408,0.9082926449039109,0.08415410153164271,0.08405113386177922,0.00666666666666671
behavioral_greedy,behavioral,cosine,200,0,16,0.8092289154478217,0.8093783939514091,0.15093135113625872,0.1507061384733092,0.0033333333333332993
behavioral_greedy,behavioral,cosine,200,1,16,0.8421591984515997,0.841979805798514,0.11334883348095352,0.11341770535829082,0.0033333333333332993
behavioral_greedy,behavioral,cosine,200,2,16,0.776970195764188,0.7776354178171274,0.12760255668128315,0.12726611062577087,0.0033333333333332993
behavioral_greedy,behavioral,cosine,200,3,16,0.804160036612941,0.8039200335319996,0.0702074011894522,0.07040443746328513,0.0033333333333332993
behavioral_greedy,behavioral,cosine,200,4,16,0.8469120446010422,0.846868829779943,0.4216484344848997,0.4220640998283153,0.0033333333333332993
behavioral_greedy,behavioral,cosine,200,5,16,0.8803150752310671,0.8803496895004771,0.08778889601437556,0.08781583484500673,0.0033333333333332993
behavioral_greedy,behavioral,cosine,200,6,16,0.894189366288119,0.8937661682276392,0.0631703060734498,0.06326356851137933,0.0033333333333332993
behavioral_greedy,behavioral,cosine,200,7,16,0.8652592057897797,0.8647218587329004,0.03289982442174319,0.033116391740067905,0.0033333333333332993
behavioral_greedy,behavioral,cosine,200,8,16,0.8924417227124598,0.89216817143003,0.07917659405718505,0.07932439679038181,0.0033333333333332993
behavioral_greedy,behavioral,cosine,200,9,16,0.8197137263168836,0.8195858606630163,0.06001728778451053,0.0601306339360634,0.0033333333333332993
behavioral_greedy,behavioral,cosine,500,0,16,0.837301546287528,0.8373493008125887,0.1217934425870636,0.1218620934322646,0.0013333333333332975
behavioral_greedy,behavioral,cosine,500,1,16,0.9072641864365332,0.907215715486183,0.09559701717320414,0.09564600022110442,0.0013333333333332975
behavioral_greedy,behavioral,cosine,500,2,16,0.864142723715806,0.8639831761171132,0.10786032070102061,0.10791802775514137,0.0013333333333332975
behavioral_greedy,behavioral,cosine,500,3,16,0.854447679487802,0.8544193595883345,0.16678581232383205,0.16683146871784027,0.0013333333333332975
behavioral_greedy,behavioral,cosine,500,4,16,0.8646308599937597,0.8646604915459777,0.04433531469848257,0.04426961182642662,0.0013333333333332975
behavioral_greedy,behavioral,cosine,500,5,16,0.8382518544420251,0.8383772323954294,0.2242579182649988,0.22418256095554795,0.0013333333333332975
behavioral_greedy,behavioral,cosine,500,6,16,0.8522450852141908,0.8521742627585387,0.06728012873725449,0.06741120715656568,0.0013333333333332975
behavioral_greedy,behavioral,cosine,500,7,16,0.868635931149714,0.8684865655739199,0.22305595516383708,0.22309535522126323,0.0013333333333332975
behavioral_greedy,behavioral,cosine,500,8,16,0.8877971178177541,0.8877627968994276,0.09019483495227686,0.09022990633063846,0.0013333333333332975
behavioral_greedy,behavioral,cosine,500,9,16,0.8394066972777192,0.8395136276103545,0.09305440798775846,0.09297649774461286,0.0013333333333332975
behavioral_greedy,behavioral,cosine,1000,0,16,0.8210496629530215,0.8211060522055709,0.23509761262007295,0.23504049821318662,0.0006666666666667043
behavioral_greedy,behavioral,cosine,1000,1,16,0.8277738290344477,0.8276970787661152,0.07794446968400576,0.07797607204269816,0.0006666666666667043
behavioral_greedy,behavioral,cosine,1000,2,16,0.8862464793964124,0.8861857510772794,0.07204622887917471,0.07205524468648727,0.0006666666666667043
behavioral_greedy,behavioral,cosine,1000,3,16,0.891798954602547,0.8917584197959046,0.1650170692554074,0.16503000232033788,0.0006666666666667043
behavioral_greedy,behavioral,cosine,1000,4,16,0.7924153744631607,0.7923735834346698,0.4472921626390728,0.44741258955881863,0.0006666666666667043
behavioral_greedy,behavioral,cosine,1000,5,16,0.8243675968240125,0.8243568893128731,0.22697856316297713,0.22694387653384324,0.0006666666666667043
behavioral_greedy,behavioral,cosine,1000,6,16,0.8815692741546082,0.8815425726182456,0.20463132287999197,0.20464304927909538,0.0006666666666667043
behavioral_greedy,behavioral,cosine,1000,7,16,0.7986775100123283,0.7986463561889648,0.14954938772270596,0.1495236265715871,0.0006666666666667043
behavioral_greedy,behavioral,cosine,1000,8,16,0.8866368763815708,0.886555141068381,0.13792354652656819,0.1380940800843878,0.0006666666666667043
behavioral_greedy,behavioral,cosine,1000,9,16,0.8359799282580715,0.8359034643634242,0.07004934169083485,0.07006765711277024,0.0006666666666667043
behavioral_greedy,behavioral,cosine,2000,0,16,0.7973663315862238,0.7973690218301396,0.6830839362481171,0.683026780011456,0.0003333333333332966
behavioral_greedy,behavioral,cosine,2000,1,16,0.8912417739642675,0.8912069146277077,0.05380943339497039,0.05383574324953136,0.0003333333333332966
behavioral_greedy,behavioral,cosine,2000,2,16,0.8750494794774959,0.8750164856975323,0.0550367474104279,0.055042252880249366,0.0003333333333332966
behavioral_greedy,behavioral,cosine,2000,3,16,0.8519837807719839,0.8519114178235138,0.08112553055430524,0.0811453281505175,0.0003333333333332966
behavioral_greedy,behavioral,cosine,2000,4,16,0.7891163642821155,0.7891013462681191,0.10102331305539483,0.10103490465310414,0.0003333333333332966
behavioral_greedy,behavioral,cosine,2000,5,16,0.87986757858368,0.8798317083700534,0.15497685045941056,0.15500570260423402,0.0003333333333332966
behavioral_greedy,behavioral,cosine,2000,6,16,0.8239242092355499,0.82394163090753,0.09315949468007019,0.09316124521600194,0.0003333333333332966
behavioral_greedy,behavioral,cosine,2000,7,16,0.8569499206979571,0.856968997479675,0.18722498067274967,0.18728601911447046,0.0003333333333332966
behavioral_greedy,behavioral,cosine,2000,8,16,0.8399404644569709,0.8399622824379707,0.2239548835266944,0.2239277955294345,0.0003333333333332966
behavioral_greedy,behavioral,cosine,2000,9,16,0.8376116203708995,0.8375857820244859,0.35340645859017805,0.3534496571812804,0.0003333333333332966
behavioral_greedy,behavioral,cosine,5000,0,16,0.8665592807164356,0.8665537550079891,0.19660234668782134,0.1966062061572073,0.00013333333333331865
behavioral_greedy,behavioral,cosine,5000,1,16,0.828051632402732,0.8280605921491384,0.3695869295644093,0.36955670368381693,0.00013333333333331865
behavioral_greedy,behavioral,cosine,5000,2,16,0.808251235242814,0.8082572992789172,0.24138281862721409,0.24139750994186784,0.00013333333333331865
behavioral_greedy,behavioral,cosine,5000,3,16,0.8264708158566456,0.8264702993044688,0.515838799043127,0.5158366876774582,0.00013333333333331865
behavioral_greedy,behavioral,cosine,5000,4,16,0.8720539541026243,0.8720336577258334,0.09566532834717648,0.09567514993623882,0.00013333333333331865
behavioral_greedy,behavioral,cosine,5000,5,16,0.8052799164708517,0.8052850683144038,0.28356580583977753,0.2835876170645264,0.00013333333333331865
behavioral_greedy,behavioral,cosine,5000,6,16,0.8244198629891363,0.8244315333177533,0.30547911895263513,0.3054789405880495,0.00013333333333331865
behavioral_greedy,behavioral,cosine,5000,7,16,0.8063149793993625,0.8063230985259622,0.3287775664915408,0.32878244481274704,0.00013333333333331865
behavioral_greedy,behavioral,cosine,5000,8,16,0.8533277257042672,0.8533189024826687,0.20265131826686333,0.2026524094304254,0.00013333333333331865
behavioral_greedy,behavioral,cosine,5000,9,16,0.872139400706038,0.8721437033977696,0.5718990536147274,0.5719220513537094,0.00013333333333331865
