perspective,taxonomy,metric,arm,yahoo_pct,kind,seed,model_id,mixture,dim1,dim2
behavioral,behavioral,cosine,none,100,pooled,-1,/weka/scratch/jhu/cpriebe1/MO/model-taxonomy/results/shared_cache/03_adapters/allenai--OLMo-2-0425-1B-Instruct/yahoo_100g1_000g2_000g3_n1000_s00_r16_i00_b5008_fea27ccee,100/0/0,-1.7501803383390955e-17,0.3009624481201172
behavioral,behavioral,cosine,none,100,pooled,-1,/weka/scratch/jhu/cpriebe1/MO/model-taxonomy/results/shared_cache/03_adapters/allenai--OLMo-2-0425-1B-Instruct/yahoo_075g1_025g2_000g3_n1000_s00_r16_i00_b5008_fea27ccee,75/25/0,0.12809905409812927,0.21997849643230438
behavioral,behavioral,cosine,none,100,pooled,-1,/weka/scratch/jhu/cpriebe1/MO/model-taxonomy/results/shared_cache/03_adapters/allenai--OLMo-2-0425-1B-Instruct/yahoo_075g1_000g2_025g3_n1000_s00_r16_i00_b5008_fea27ccee,75/0/25,-0.11778678745031357,0.20166629552841187
behavioral,behavioral,cosine,none,100,pooled,-1,/weka/scratch/jhu/cpriebe1/MO/model-taxonomy/results/shared_cache/03_adapters/allenai--OLMo-2-0425-1B-Instruct/yahoo_050g1_050g2_000g3_n1000_s00_r16_i00_b5008_fea27ccee,50/50/0,0.23923036456108093,0.13115230202674866
behavioral,behavioral,cosine,none,100,pooled,-1,/weka/scratch/jhu/cpriebe1/MO/model-taxonomy/results/shared_cache/03_adapters/allenai--OLMo-2-0425-1B-Instruct/yahoo_050g1_025g2_025g3_n1000_s00_r16_i00_b5008_fea27ccee,50/25/25,0.022102804854512215,0.1346547156572342
behavioral,behavioral,cosine,none,100,pooled,-1,/weka/scratch/jhu/cpriebe1/MO/model-taxonomy/results/shared_cache/03_adapters/allenai--OLMo-2-0425-1B-Instruct/yahoo_050g1_000g2_050g3_n1000_s00_r16_i00_b5008_fea27ccee,50/0/50,-0.2373790740966797,0.14646047353744507
behavioral,behavioral,cosine,none,100,pooled,-1,/weka/scratch/jhu/cpriebe1/MO/model-taxonomy/results/shared_cache/03_adapters/allenai--OLMo-2-0425-1B-Instruct/yahoo_033g1_033g2_033g3_n1000_s00_r16_i00_b5008_fea27ccee,33/33/33,0.011041577905416489,-0.01888570562005043
behavioral,behavioral,cosine,none,100,pooled,-1,/weka/scratch/jhu/cpriebe1/MO/model-taxonomy/results/shared_cache/03_adapters/allenai--OLMo-2-0425-1B-Instruct/yahoo_025g1_075g2_000g3_n1000_s00_r16_i00_b5008_fea27ccee,25/75/0,0.276108980178833,0.00047142725088633597
behavioral,behavioral,cosine,none,100,pooled,-1,/weka/scratch/jhu/cpriebe1/MO/model-taxonomy/results/shared_cache/03_adapters/allenai--OLMo-2-0425-1B-Instruct/yahoo_025g1_050g2_025g3_n1000_s00_r16_i00_b5008_fea27ccee,25/50/25,0.13260875642299652,-0.08085887879133224
behavioral,behavioral,cosine,none,100,pooled,-1,/weka/scratch/jhu/cpriebe1/MO/model-taxonomy/results/shared_cache/03_adapters/allenai--OLMo-2-0425-1B-Instruct/yahoo_025g1_025g2_050g3_n1000_s00_r16_i00_b5008_fea27ccee,25/25/50,-0.12127615511417389,-0.034203894436359406
behavioral,behavioral,cosine,none,100,pooled,-1,/weka/scratch/jhu/cpriebe1/MO/model-taxonomy/results/shared_cache/03_adapters/allenai--OLMo-2-0425-1B-Instruct/yahoo_025g1_000g2_075g3_n1000_s00_r16_i00_b5008_fea27ccee,25/0/75,-0.2910083532333374,0.0096976887434721
behavioral,behavioral,cosine,none,100,pooled,-1,/weka/scratch/jhu/cpriebe1/MO/model-taxonomy/results/shared_cache/03_adapters/allenai--OLMo-2-0425-1B-Instruct/yahoo_000g1_100g2_000g3_n1000_s00_r16_i00_b5008_fea27ccee,0/100/0,0.28673845529556274,-0.168911412358284
behavioral,behavioral,cosine,none,100,pooled,-1,/weka/scratch/jhu/cpriebe1/MO/model-taxonomy/results/shared_cache/03_adapters/allenai--OLMo-2-0425-1B-Instruct/yahoo_000g1_075g2_025g3_n1000_s00_r16_i00_b5008_fea27ccee,0/75/25,0.12844207882881165,-0.24205872416496277
behavioral,behavioral,cosine,none,100,pooled,-1,/weka/scratch/jhu/cpriebe1/MO/model-taxonomy/results/shared_cache/03_adapters/allenai--OLMo-2-0425-1B-Instruct/yahoo_000g1_050g2_050g3_n1000_s00_r16_i00_b5008_fea27ccee,0/50/50,-0.01769757829606533,-0.24814030528068542
behavioral,behavioral,cosine,none,100,pooled,-1,/weka/scratch/jhu/cpriebe1/MO/model-taxonomy/results/shared_cache/03_adapters/allenai--OLMo-2-0425-1B-Instruct/yahoo_000g1_025g2_075g3_n1000_s00_r16_i00_b5008_fea27ccee,0/25/75,-0.15576259791851044,-0.21749524772167206
behavioral,behavioral,cosine,none,100,pooled,-1,/weka/scratch/jhu/cpriebe1/MO/model-taxonomy/results/shared_cache/03_adapters/allenai--OLMo-2-0425-1B-Instruct/yahoo_000g1_000g2_100g3_n1000_s00_r16_i00_b5008_fea27ccee,0/0/100,-0.2834615409374237,-0.13448968529701233
behavioral,behavioral,cosine,none,100,mean,-1,/weka/scratch/jhu/cpriebe1/MO/model-taxonomy/results/shared_cache/03_adapters/allenai--OLMo-2-0425-1B-Instruct/yahoo_100g1_000g2_000g3_n1000_s00_r16_i00_b5008_fea27ccee,100/0/0,-1.7501803383390955e-17,0.3009624481201172
behavioral,behavioral,cosine,none,100,mean,-1,/weka/scratch/jhu/cpriebe1/MO/model-taxonomy/results/shared_cache/03_adapters/allenai--OLMo-2-0425-1B-Instruct/yahoo_075g1_025g2_000g3_n1000_s00_r16_i00_b5008_fea27ccee,75/25/0,0.12809905409812927,0.21997849643230438
behavioral,behavioral,cosine,none,100,mean,-1,/weka/scratch/jhu/cpriebe1/MO/model-taxonomy/results/shared_cache/03_adapters/allenai--OLMo-2-0425-1B-Instruct/yahoo_075g1_000g2_025g3_n1000_s00_r16_i00_b5008_fea27ccee,75/0/25,-0.11778678745031357,0.20166629552841187
behavioral,behavioral,cosine,none,100,mean,-1,/weka/scratch/jhu/cpriebe1/MO/model-taxonomy/results/shared_cache/03_adapters/allenai--OLMo-2-0425-1B-Instruct/yahoo_050g1_050g2_000g3_n1000_s00_r16_i00_b5008_fea27ccee,50/50/0,0.23923036456108093,0.13115230202674866
behavioral,behavioral,cosine,none,100,mean,-1,/weka/scratch/jhu/cpriebe1/MO/model-taxonomy/results/shared_cache/03_adapters/allenai--OLMo-2-0425-1B-Instruct/yahoo_050g1_025g2_025g3_n1000_s00_r16_i00_b5008_fea27ccee,50/25/25,0.022102804854512215,0.1346547156572342
behavioral,behavioral,cosine,none,100,mean,-1,/weka/scratch/jhu/cpriebe1/MO/model-taxonomy/results/shared_cache/03_adapters/allenai--OLMo-2-0425-1B-Instruct/yahoo_050g1_000g2_050g3_n1000_s00_r16_i00_b5008_fea27ccee,50/0/50,-0.2373790740966797,0.14646047353744507
behavioral,behavioral,cosine,none,100,mean,-1,/weka/scratch/jhu/cpriebe1/MO/model-taxonomy/results/shared_cache/03_adapters/allenai--OLMo-2-0425-1B-Instruct/yahoo_033g1_033g2_033g3_n1000_s00_r16_i00_b5008_fea27ccee,33/33/33,0.011041577905416489,-0.01888570562005043
behavioral,behavioral,cosine,none,100,mean,-1,/weka/scratch/jhu/cpriebe1/MO/model-taxonomy/results/shared_cache/03_adapters/allenai--OLMo-2-0425-1B-Instruct/yahoo_025g1_075g2_000g3_n1000_s00_r16_i00_b5008_fea27ccee,25/75/0,0.276108980178833,0.00047142725088633597
behavioral,behavioral,cosine,none,100,mean,-1,/weka/scratch/jhu/cpriebe1/MO/model-taxonomy/results/shared_cache/03_adapters/allenai--OLMo-2-0425-1B-Instruct/yahoo_025g1_050g2_025g3_n1000_s00_r16_i00_b5008_fea27ccee,25/50/25,0.13260875642299652,-0.08085887879133224
behavioral,behavioral,cosine,none,100,mean,-1,/weka/scratch/jhu/cpriebe1/MO/model-taxonomy/results/shared_cache/03_adapters/allenai--OLMo-2-0425-1B-Instruct/yahoo_025g1_025g2_050g3_n1000_s00_r16_i00_b5008_fea27ccee,25/25/50,-0.12127615511417389,-0.034203894436359406
behavioral,behavioral,cosine,none,100,mean,-1,/weka/scratch/jhu/cpriebe1/MO/model-taxonomy/results/shared_cache/03_adapters/allenai--OLMo-2-0425-1B-Instruct/yahoo_025g1_000g2_075g3_n1000_s00_r16_i00_b5008_fea27ccee,25/0/75,-0.2910083532333374,0.0096976887434721
behavioral,behavioral,cosine,none,100,mean,-1,/weka/scratch/jhu/cpriebe1/MO/model-taxonomy/results/shared_cache/03_adapters/allenai--OLMo-2-0425-1B-Instruct/yahoo_000g1_100g2_000g3_n1000_s00_r16_i00_b5008_fea27ccee,0/100/0,0.28673845529556274,-0.168911412358284
behavioral,behavioral,cosine,none,100,mean,-1,/weka/scratch/jhu/cpriebe1/MO/model-taxonomy/results/shared_cache/03_adapters/allenai--OLMo-2-0425-1B-Instruct/yahoo_000g1_075g2_025g3_n1000_s00_r16_i00_b5008_fea27ccee,0/75/25,0.12844207882881165,-0.24205872416496277
behavioral,behavioral,cosine,none,100,mean,-1,/weka/scratch/jhu/cpriebe1/MO/model-taxonomy/results/shared_cache/03_adapters/allenai--OLMo-2-0425-1B-Instruct/yahoo_000g1_050g2_050g3_n1000_s00_r16_i00_b5008_fea27ccee,0/50/50,-0.01769757829606533,-0.24814030528068542
behavioral,behavioral,cosine,none,100,mean,-1,/weka/scratch/jhu/cpriebe1/MO/model-taxonomy/results/shared_cache/03_adapters/allenai--OLMo-2-0425-1B-Instruct/yahoo_000g1_025g2_075g3_n1000_s00_r16_i00_b5008_fea27ccee,0/25/75,-0.15576259791851044,-0.21749524772167206
behavioral,behavioral,cosine,none,100,mean,-1,/weka/scratch/jhu/cpriebe1/MO/model-taxonomy/results/shared_cache/03_adapters/allenai--OLMo-2-0425-1B-Instruct/yahoo_000g1_000g2_100g3_n1000_s00_r16_i00_b5008_fea27ccee,0/0/100,-0.2834615409374237,-0.13448968529701233
behavioral,behavioral,cosine,none,100,seed_aligned,0,/weka/scratch/jhu/cpriebe1/MO/model-taxonomy/results/shared_cache/03_adapters/allenai--OLMo-2-0425-1B-Instruct/yahoo_100g1_000g2_000g3_n1000_s00_r16_i00_b5008_fea27ccee,100/0/0,-1.7501803383390955e-17,0.3009624481201172
behavioral,behavioral,cosine,none,100,seed_aligned,0,/weka/scratch/jhu/cpriebe1/MO/model-taxonomy/results/shared_cache/03_adapters/allenai--OLMo-2-0425-1B-Instruct/yahoo_075g1_025g2_000g3_n1000_s00_r16_i00_b5008_fea27ccee,75/25/0,0.12809905409812927,0.21997849643230438
behavioral,behavioral,cosine,none,100,seed_aligned,0,/weka/scratch/jhu/cpriebe1/MO/model-taxonomy/results/shared_cache/03_adapters/allenai--OLMo-2-0425-1B-Instruct/yahoo_075g1_000g2_025g3_n1000_s00_r16_i00_b5008_fea27ccee,75/0/25,-0.11778678745031357,0.20166629552841187
behavioral,behavioral,cosine,none,100,seed_aligned,0,/weka/scratch/jhu/cpriebe1/MO/model-taxonomy/results/shared_cache/03_adapters/allenai--OLMo-2-0425-1B-Instruct/yahoo_050g1_050g2_000g3_n1000_s00_r16_i00_b5008_fea27ccee,50/50/0,0.23923036456108093,0.13115230202674866
behavioral,behavioral,cosine,none,100,seed_aligned,0,/weka/scratch/jhu/cpriebe1/MO/model-taxonomy/results/shared_cache/03_adapters/allenai--OLMo-2-0425-1B-Instruct/yahoo_050g1_025g2_025g3_n1000_s00_r16_i00_b5008_fea27ccee,50/25/25,0.022102804854512215,0.1346547156572342
behavioral,behavioral,cosine,none,100,seed_aligned,0,/weka/scratch/jhu/cpriebe1/MO/model-taxonomy/results/shared_cache/03_adapters/allenai--OLMo-2-0425-1B-Instruct/yahoo_050g1_000g2_050g3_n1000_s00_r16_i00_b5008_fea27ccee,50/0/50,-0.2373790740966797,0.14646047353744507
behavioral,behavioral,cosine,none,100,seed_aligned,0,/weka/scratch/jhu/cpriebe1/MO/model-taxonomy/results/shared_cache/03_adapters/allenai--OLMo-2-0425-1B-Instruct/yahoo_033g1_033g2_033g3_n1000_s00_r16_i00_b5008_fea27ccee,33/33/33,0.011041577905416489,-0.01888570562005043
behavioral,behavioral,cosine,none,100,seed_aligned,0,/weka/scratch/jhu/cpriebe1/MO/model-taxonomy/results/shared_cache/03_adapters/allenai--OLMo-2-0425-1B-Instruct/yahoo_025g1_075g2_000g3_n1000_s00_r16_i00_b5008_fea27ccee,25/75/0,0.276108980178833,0.00047142725088633597
behavioral,behavioral,cosine,none,100,seed_aligned,0,/weka/scratch/jhu/cpriebe1/MO/model-taxonomy/results/shared_cache/03_adapters/allenai--OLMo-2-0425-1B-Instruct/yahoo_025g1_050g2_025g3_n1000_s00_r16_i00_b5008_fea27ccee,25/50/25,0.13260875642299652,-0.08085887879133224
behavioral,behavioral,cosine,none,100,seed_aligned,0,/weka/scratch/jhu/cpriebe1/MO/model-taxonomy/results/shared_cache/03_adapters/allenai--OLMo-2-0425-1B-Instruct/yahoo_025g1_025g2_050g3_n1000_s00_r16_i00_b5008_fea27ccee,25/25/50,-0.12127615511417389,-0.034203894436359406
behavioral,behavioral,cosine,none,100,seed_aligned,0,/weka/scratch/jhu/cpriebe1/MO/model-taxonomy/results/shared_cache/03_adapters/allenai--OLMo-2-0425-1B-Instruct/yahoo_025g1_000g2_075g3_n1000_s00_r16_i00_b5008_fea27ccee,25/0/75,-0.2910083532333374,0.0096976887434721
behavioral,behavioral,cosine,none,100,seed_aligned,0,/weka/scratch/jhu/cpriebe1/MO/model-taxonomy/results/shared_cache/03_adapters/allenai--OLMo-2-0425-1B-Instruct/yahoo_000g1_100g2_000g3_n1000_s00_r16_i00_b5008_fea27ccee,0/100/0,0.28673845529556274,-0.168911412358284
behavioral,behavioral,cosine,none,100,seed_aligned,0,/weka/scratch/jhu/cpriebe1/MO/model-taxonomy/results/shared_cache/03_adapters/allenai--OLMo-2-0425-1B-Instruct/yahoo_000g1_075g2_025g3_n1000_s00_r16_i00_b5008_fea27ccee,0/75/25,0.12844207882881165,-0.24205872416496277
behavioral,behavioral,cosine,none,100,seed_aligned,0,/weka/scratch/jhu/cpriebe1/MO/model-taxonomy/results/shared_cache/03_adapters/allenai--OLMo-2-0425-1B-Instruct/yahoo_000g1_050g2_050g3_n1000_s00_r16_i00_b5008_fea27ccee,0/50/50,-0.01769757829606533,-0.24814030528068542
behavioral,behavioral,cosine,none,100,seed_aligned,0,/weka/scratch/jhu/cpriebe1/MO/model-taxonomy/results/shared_cache/03_adapters/allenai--OLMo-2-0425-1B-Instruct/yahoo_000g1_025g2_075g3_n1000_s00_r16_i00_b5008_fea27ccee,0/25/75,-0.15576259791851044,-0.21749524772167206
behavioral,behavioral,cosine,none,100,seed_aligned,0,/weka/scratch/jhu/cpriebe1/MO/model-taxonomy/results/shared_cache/03_adapters/allenai--OLMo-2-0425-1B-Instruct/yahoo_000g1_000g2_100g3_n1000_s00_r16_i00_b5008_fea27ccee,0/0/100,-0.2834615409374237,-0.13448968529701233
behavioral,behavioral,cosine,dolly,0,pooled,-1,/weka/scratch/jhu/cpriebe1/MO/model-taxonomy/results/shared_cache/03_adapters/allenai--OLMo-2-0425-1B-Instruct/yahoo_100g1_000g2_000g3_n1000_s00_r16_i00_b5008_fea27ccee,100/0/0,-6.56267495596137e-17,0.30382779240608215
behavioral,behavioral,cosine,dolly,0,pooled,-1,/weka/scratch/jhu/cpriebe1/MO/model-taxonomy/results/shared_cache/03_adapters/allenai--OLMo-2-0425-1B-Instruct/yahoo_075g1_025g2_000g3_n1000_s00_r16_i00_b5008_fea27ccee,75/25/0,0.16935938596725464,0.22262559831142426
behavioral,behavioral,cosine,dolly,0,pooled,-1,/weka/scratch/jhu/cpriebe1/MO/model-taxonomy/results/shared_cache/03_adapters/allenai--OLMo-2-0425-1B-Instruct/yahoo_075g1_000g2_025g3_n1000_s00_r16_i00_b5008_fea27ccee,75/0/25,-0.10030223429203033,0.2309800237417221
behavioral,behavioral,cosine,dolly,0,pooled,-1,/weka/scratch/jhu/cpriebe1/MO/model-taxonomy/results/shared_cache/03_adapters/allenai--OLMo-2-0425-1B-Instruct/yahoo_050g1_050g2_000g3_n1000_s00_r16_i00_b5008_fea27ccee,50/50/0,0.22769589722156525,0.06781206279993057
behavioral,behavioral,cosine,dolly,0,pooled,-1,/weka/scratch/jhu/cpriebe1/MO/model-taxonomy/results/shared_cache/03_adapters/allenai--OLMo-2-0425-1B-Instruct/yahoo_050g1_025g2_025g3_n1000_s00_r16_i00_b5008_fea27ccee,50/25/25,0.06290534138679504,0.1511732041835785
behavioral,behavioral,cosine,dolly,0,pooled,-1,/weka/scratch/jhu/cpriebe1/MO/model-taxonomy/results/shared_cache/03_adapters/allenai--OLMo-2-0425-1B-Instruct/yahoo_050g1_000g2_050g3_n1000_s00_r16_i00_b5008_fea27ccee,50/0/50,-0.18777962028980255,0.14462700486183167
behavioral,behavioral,cosine,dolly,0,pooled,-1,/weka/scratch/jhu/cpriebe1/MO/model-taxonomy/results/shared_cache/03_adapters/allenai--OLMo-2-0425-1B-Instruct/yahoo_033g1_033g2_033g3_n1000_s00_r16_i00_b5008_fea27ccee,33/33/33,0.031124310567975044,0.013134478591382504
behavioral,behavioral,cosine,dolly,0,pooled,-1,/weka/scratch/jhu/cpriebe1/MO/model-taxonomy/results/shared_cache/03_adapters/allenai--OLMo-2-0425-1B-Instruct/yahoo_025g1_075g2_000g3_n1000_s00_r16_i00_b5008_fea27ccee,25/75/0,0.26872897148132324,-0.08028928935527802
behavioral,behavioral,cosine,dolly,0,pooled,-1,/weka/scratch/jhu/cpriebe1/MO/model-taxonomy/results/shared_cache/03_adapters/allenai--OLMo-2-0425-1B-Instruct/yahoo_025g1_050g2_025g3_n1000_s00_r16_i00_b5008_fea27ccee,25/50/25,0.1384989321231842,-0.05823475867509842
behavioral,behavioral,cosine,dolly,0,pooled,-1,/weka/scratch/jhu/cpriebe1/MO/model-taxonomy/results/shared_cache/03_adapters/allenai--OLMo-2-0425-1B-Instruct/yahoo_025g1_025g2_050g3_n1000_s00_r16_i00_b5008_fea27ccee,25/25/50,-0.09840551763772964,-0.03248552605509758
behavioral,behavioral,cosine,dolly,0,pooled,-1,/weka/scratch/jhu/cpriebe1/MO/model-taxonomy/results/shared_cache/03_adapters/allenai--OLMo-2-0425-1B-Instruct/yahoo_025g1_000g2_075g3_n1000_s00_r16_i00_b5008_fea27ccee,25/0/75,-0.2899514138698578,0.07091224193572998
behavioral,behavioral,cosine,dolly,0,pooled,-1,/weka/scratch/jhu/cpriebe1/MO/model-taxonomy/results/shared_cache/03_adapters/allenai--OLMo-2-0425-1B-Instruct/yahoo_000g1_100g2_000g3_n1000_s00_r16_i00_b5008_fea27ccee,0/100/0,0.10606382042169571,-0.31258925795555115
behavioral,behavioral,cosine,dolly,0,pooled,-1,/weka/scratch/jhu/cpriebe1/MO/model-taxonomy/results/shared_cache/03_adapters/allenai--OLMo-2-0425-1B-Instruct/yahoo_000g1_075g2_025g3_n1000_s00_r16_i00_b5008_fea27ccee,0/75/25,0.20486988127231598,-0.2306934893131256
behavioral,behavioral,cosine,dolly,0,pooled,-1,/weka/scratch/jhu/cpriebe1/MO/model-taxonomy/results/shared_cache/03_adapters/allenai--OLMo-2-0425-1B-Instruct/yahoo_000g1_050g2_050g3_n1000_s00_r16_i00_b5008_fea27ccee,0/50/50,-0.03833811357617378,-0.22628246247768402
behavioral,behavioral,cosine,dolly,0,pooled,-1,/weka/scratch/jhu/cpriebe1/MO/model-taxonomy/results/shared_cache/03_adapters/allenai--OLMo-2-0425-1B-Instruct/yahoo_000g1_025g2_075g3_n1000_s00_r16_i00_b5008_fea27ccee,0/25/75,-0.18438315391540527,-0.16705699265003204
behavioral,behavioral,cosine,dolly,0,pooled,-1,/weka/scratch/jhu/cpriebe1/MO/model-taxonomy/results/shared_cache/03_adapters/allenai--OLMo-2-0425-1B-Instruct/yahoo_000g1_000g2_100g3_n1000_s00_r16_i00_b5008_fea27ccee,0/0/100,-0.3100864589214325,-0.09746066480875015
behavioral,behavioral,cosine,dolly,0,mean,-1,/weka/scratch/jhu/cpriebe1/MO/model-taxonomy/results/shared_cache/03_adapters/allenai--OLMo-2-0425-1B-Instruct/yahoo_100g1_000g2_000g3_n1000_s00_r16_i00_b5008_fea27ccee,100/0/0,-6.56267495596137e-17,0.30382779240608215
behavioral,behavioral,cosine,dolly,0,mean,-1,/weka/scratch/jhu/cpriebe1/MO/model-taxonomy/results/shared_cache/03_adapters/allenai--OLMo-2-0425-1B-Instruct/yahoo_075g1_025g2_000g3_n1000_s00_r16_i00_b5008_fea27ccee,75/25/0,0.16935938596725464,0.22262559831142426
behavioral,behavioral,cosine,dolly,0,mean,-1,/weka/scratch/jhu/cpriebe1/MO/model-taxonomy/results/shared_cache/03_adapters/allenai--OLMo-2-0425-1B-Instruct/yahoo_075g1_000g2_025g3_n1000_s00_r16_i00_b5008_fea27ccee,75/0/25,-0.10030223429203033,0.2309800237417221
behavioral,behavioral,cosine,dolly,0,mean,-1,/weka/scratch/jhu/cpriebe1/MO/model-taxonomy/results/shared_cache/03_adapters/allenai--OLMo-2-0425-1B-Instruct/yahoo_050g1_050g2_000g3_n1000_s00_r16_i00_b5008_fea27ccee,50/50/0,0.22769589722156525,0.06781206279993057
behavioral,behavioral,cosine,dolly,0,mean,-1,/weka/scratch/jhu/cpriebe1/MO/model-taxonomy/results/shared_cache/03_adapters/allenai--OLMo-2-0425-1B-Instruct/yahoo_050g1_025g2_025g3_n1000_s00_r16_i00_b5008_fea27ccee,50/25/25,0.06290534138679504,0.1511732041835785
behavioral,behavioral,cosine,dolly,0,mean,-1,/weka/scratch/jhu/cpriebe1/MO/model-taxonomy/results/shared_cache/03_adapters/allenai--OLMo-2-0425-1B-Instruct/yahoo_050g1_000g2_050g3_n1000_s00_r16_i00_b5008_fea27ccee,50/0/50,-0.18777962028980255,0.14462700486183167
behavioral,behavioral,cosine,dolly,0,mean,-1,/weka/scratch/jhu/cpriebe1/MO/model-taxonomy/results/shared_cache/03_adapters/allenai--OLMo-2-0425-1B-Instruct/yahoo_033g1_033g2_033g3_n1000_s00_r16_i00_b5008_fea27ccee,33/33/33,0.031124310567975044,0.013134478591382504
behavioral,behavioral,cosine,dolly,0,mean,-1,/weka/scratch/jhu/cpriebe1/MO/model-taxonomy/results/shared_cache/03_adapters/allenai--OLMo-2-0425-1B-Instruct/yahoo_025g1_075g2_000g3_n1000_s00_r16_i00_b5008_fea27ccee,25/75/0,0.26872897148132324,-0.08028928935527802
behavioral,behavioral,cosine,dolly,0,mean,-1,/weka/scratch/jhu/cpriebe1/MO/model-taxonomy/results/shared_cache/03_adapters/allenai--OLMo-2-0425-1B-Instruct/yahoo_025g1_050g2_025g3_n1000_s00_r16_i00_b5008_fea27ccee,25/50/25,0.1384989321231842,-0.05823475867509842
behavioral,behavioral,cosine,dolly,0,mean,-1,/weka/scratch/jhu/cpriebe1/MO/model-taxonomy/results/shared_cache/03_adapters/allenai--OLMo-2-0425-1B-Instruct/yahoo_025g1_025g2_050g3_n1000_s00_r16_i00_b5008_fea27ccee,25/25/50,-0.09840551763772964,-0.03248552605509758
behavioral,behavioral,cosine,dolly,0,mean,-1,/weka/scratch/jhu/cpriebe1/MO/model-taxonomy/results/shared_cache/03_adapters/allenai--OLMo-2-0425-1B-Instruct/yahoo_025g1_000g2_075g3_n1000_s00_r16_i00_b5008_fea27ccee,25/0/75,-0.2899514138698578,0.07091224193572998
behavioral,behavioral,cosine,dolly,0,mean,-1,/weka/scratch/jhu/cpriebe1/MO/model-taxonomy/results/shared_cache/03_adapters/allenai--OLMo-2-0425-1B-Instruct/yahoo_000g1_100g2_000g3_n1000_s00_r16_i00_b5008_fea27ccee,0/100/0,0.10606382042169571,-0.31258925795555115
behavioral,behavioral,cosine,dolly,0,mean,-1,/weka/scratch/jhu/cpriebe1/MO/model-taxonomy/results/shared_cache/03_adapters/allenai--OLMo-2-0425-1B-Instruct/yahoo_000g1_075g2_025g3_n1000_s00_r16_i00_b5008_fea27ccee,0/75/25,0.20486988127231598,-0.2306934893131256
behavioral,behavioral,cosine,dolly,0,mean,-1,/weka/scratch/jhu/cpriebe1/MO/model-taxonomy/results/shared_cache/03_adapters/allenai--OLMo-2-0425-1B-Instruct/yahoo_000g1_050g2_050g3_n1000_s00_r16_i00_b5008_fea27ccee,0/50/50,-0.03833811357617378,-0.22628246247768402
behavioral,behavioral,cosine,dolly,0,mean,-1,/weka/scratch/jhu/cpriebe1/MO/model-taxonomy/results/shared_cache/03_adapters/allenai--OLMo-2-0425-1B-Instruct/yahoo_000g1_025g2_075g3_n1000_s00_r16_i00_b5008_fea27ccee,0/25/75,-0.18438315391540527,-0.16705699265003204
behavioral,behavioral,cosine,dolly,0,mean,-1,/weka/scratch/jhu/cpriebe1/MO/model-taxonomy/results/shared_cache/03_adapters/allenai--OLMo-2-0425-1B-Instruct/yahoo_000g1_000g2_100g3_n1000_s00_r16_i00_b5008_fea27ccee,0/0/100,-0.3100864589214325,-0.09746066480875015
behavioral,behavioral,cosine,dolly,0,seed_aligned,0,/weka/scratch/jhu/cpriebe1/MO/model-taxonomy/results/shared_cache/03_adapters/allenai--OLMo-2-0425-1B-Instruct/yahoo_100g1_000g2_000g3_n1000_s00_r16_i00_b5008_fea27ccee,100/0/0,-6.56267495596137e-17,0.30382779240608215
behavioral,behavioral,cosine,dolly,0,seed_aligned,0,/weka/scratch/jhu/cpriebe1/MO/model-taxonomy/results/shared_cache/03_adapters/allenai--OLMo-2-0425-1B-Instruct/yahoo_075g1_025g2_000g3_n1000_s00_r16_i00_b5008_fea27ccee,75/25/0,0.16935938596725464,0.22262559831142426
behavioral,behavioral,cosine,dolly,0,seed_aligned,0,/weka/scratch/jhu/cpriebe1/MO/model-taxonomy/results/shared_cache/03_adapters/allenai--OLMo-2-0425-1B-Instruct/yahoo_075g1_000g2_025g3_n1000_s00_r16_i00_b5008_fea27ccee,75/0/25,-0.10030223429203033,0.2309800237417221
behavioral,behavioral,cosine,dolly,0,seed_aligned,0,/weka/scratch/jhu/cpriebe1/MO/model-taxonomy/results/shared_cache/03_adapters/allenai--OLMo-2-0425-1B-Instruct/yahoo_050g1_050g2_000g3_n1000_s00_r16_i00_b5008_fea27ccee,50/50/0,0.22769589722156525,0.06781206279993057
behavioral,behavioral,cosine,dolly,0,seed_aligned,0,/weka/scratch/jhu/cpriebe1/MO/model-taxonomy/results/shared_cache/03_adapters/allenai--OLMo-2-0425-1B-Instruct/yahoo_050g1_025g2_025g3_n1000_s00_r16_i00_b5008_fea27ccee,50/25/25,0.06290534138679504,0.1511732041835785
behavioral,behavioral,cosine,dolly,0,seed_aligned,0,/weka/scratch/jhu/cpriebe1/MO/model-taxonomy/results/shared_cache/03_adapters/allenai--OLMo-2-0425-1B-Instruct/yahoo_050g1_000g2_050g3_n1000_s00_r16_i00_b5008_fea27ccee,50/0/50,-0.18777962028980255,0.14462700486183167
behavioral,behavioral,cosine,dolly,0,seed_aligned,0,/weka/scratch/jhu/cpriebe1/MO/model-taxonomy/results/shared_cache/03_adapters/allenai--OLMo-2-0425-1B-Instruct/yahoo_033g1_033g2_033g3_n1000_s00_r16_i00_b5008_fea27ccee,33/33/33,0.031124310567975044,0.013134478591382504
behavioral,behavioral,cosine,dolly,0,seed_aligned,0,/weka/scratch/jhu/cpriebe1/MO/model-taxonomy/results/shared_cache/03_adapters/allenai--OLMo-2-0425-1B-Instruct/yahoo_025g1_075g2_000g3_n1000_s00_r16_i00_b5008_fea27ccee,25/75/0,0.26872897148132324,-0.08028928935527802
behavioral,behavioral,cosine,dolly,0,seed_aligned,0,/weka/scratch/jhu/cpriebe1/MO/model-taxonomy/results/shared_cache/03_adapters/allenai--OLMo-2-0425-1B-Instruct/yahoo_025g1_050g2_025g3_n1000_s00_r16_i00_b5008_fea27ccee,25/50/25,0.1384989321231842,-0.05823475867509842
behavioral,behavioral,cosine,dolly,0,seed_aligned,0,/weka/scratch/jhu/cpriebe1/MO/model-taxonomy/results/shared_cache/03_adapters/allenai--OLMo-2-0425-1B-Instruct/yahoo_025g1_025g2_050g3_n1000_s00_r16_i00_b5008_fea27ccee,25/25/50,-0.09840551763772964,-0.03248552605509758
behavioral,behavioral,cosine,dolly,0,seed_aligned,0,/weka/scratch/jhu/cpriebe1/MO/model-taxonomy/results/shared_cache/03_adapters/allenai--OLMo-2-0425-1B-Instruct/yahoo_025g1_000g2_075g3_n1000_s00_r16_i00_b5008_fea27ccee,25/0/75,-0.2899514138698578,0.07091224193572998
behavioral,behavioral,cosine,dolly,0,seed_aligned,0,/weka/scratch/jhu/cpriebe1/MO/model-taxonomy/results/shared_cache/03_adapters/allenai--OLMo-2-0425-1B-Instruct/yahoo_000g1_100g2_000g3_n1000_s00_r16_i00_b5008_fea27ccee,0/100/0,0.10606382042169571,-0.31258925795555115
behavioral,behavioral,cosine,dolly,0,seed_aligned,0,/weka/scratch/jhu/cpriebe1/MO/model-taxonomy/results/shared_cache/03_adapters/allenai--OLMo-2-0425-1B-Instruct/yahoo_000g1_075g2_025g3_n1000_s00_r16_i00_b5008_fea27ccee,0/75/25,0.20486988127231598,-0.2306934893131256
behavioral,behavioral,cosine,dolly,0,seed_aligned,0,/weka/scratch/jhu/cpriebe1/MO/model-taxonomy/results/shared_cache/03_adapters/allenai--OLMo-2-0425-1B-Instruct/yahoo_000g1_050g2_050g3_n1000_s00_r16_i00_b5008_fea27ccee,0/50/50,-0.03833811357617378,-0.22628246247768402
behavioral,behavioral,cosine,dolly,0,seed_aligned,0,/weka/scratch/jhu/cpriebe1/MO/model-taxonomy/results/shared_cache/03_adapters/allenai--OLMo-2-0425-1B-Instruct/yahoo_000g1_025g2_075g3_n1000_s00_r16_i00_b5008_fea27ccee,0/25/75,-0.18438315391540527,-0.16705699265003204
behavioral,behavioral,cosine,dolly,0,seed_aligned,0,/weka/scratch/jhu/cpriebe1/MO/model-taxonomy/results/shared_cache/03_adapters/allenai--OLMo-2-0425-1B-Instruct/yahoo_000g1_000g2_100g3_n1000_s00_r16_i00_b5008_fea27ccee,0/0/100,-0.3100864589214325,-0.09746066480875015
behavioral,behavioral,cosine,dolly,1,pooled,-1,/weka/scratch/jhu/cpriebe1/MO/model-taxonomy/results/shared_cache/03_adapters/allenai--OLMo-2-0425-1B-Instruct/yahoo_100g1_000g2_000g3_n1000_s00_r16_i00_b5008_fea27ccee,100/0/0,1.7011093374244897e-17,0.30090123414993286
behavioral,behavioral,cosine,dolly,1,pooled,-1,/weka/scratch/jhu/cpriebe1/MO/model-taxonomy/results/shared_cache/03_adapters/allenai--OLMo-2-0425-1B-Instruct/yahoo_075g1_025g2_000g3_n1000_s00_r16_i00_b5008_fea27ccee,75/25/0,0.13827566802501678,0.23637765645980835
behavioral,behavioral,cosine,dolly,1,pooled,-1,/weka/scratch/jhu/cpriebe1/MO/model-taxonomy/results/shared_cache/03_adapters/allenai--OLMo-2-0425-1B-Instruct/yahoo_075g1_000g2_025g3_n1000_s00_r16_i00_b5008_fea27ccee,75/0/25,-0.13601067662239075,0.23081980645656586
behavioral,behavioral,cosine,dolly,1,pooled,-1,/weka/scratch/jhu/cpriebe1/MO/model-taxonomy/results/shared_cache/03_adapters/allenai--OLMo-2-0425-1B-Instruct/yahoo_050g1_050g2_000g3_n1000_s00_r16_i00_b5008_fea27ccee,50/50/0,0.22624215483665466,0.11241699010133743
behavioral,behavioral,cosine,dolly,1,pooled,-1,/weka/scratch/jhu/cpriebe1/MO/model-taxonomy/results/shared_cache/03_adapters/allenai--OLMo-2-0425-1B-Instruct/yahoo_050g1_025g2_025g3_n1000_s00_r16_i00_b5008_fea27ccee,50/25/25,0.01782964915037155,0.1363704949617386
behavioral,behavioral,cosine,dolly,1,pooled,-1,/weka/scratch/jhu/cpriebe1/MO/model-taxonomy/results/shared_cache/03_adapters/allenai--OLMo-2-0425-1B-Instruct/yahoo_050g1_000g2_050g3_n1000_s00_r16_i00_b5008_fea27ccee,50/0/50,-0.23258359730243683,0.1300066113471985
behavioral,behavioral,cosine,dolly,1,pooled,-1,/weka/scratch/jhu/cpriebe1/MO/model-taxonomy/results/shared_cache/03_adapters/allenai--OLMo-2-0425-1B-Instruct/yahoo_033g1_033g2_033g3_n1000_s00_r16_i00_b5008_fea27ccee,33/33/33,-0.03951548784971237,0.02976999245584011
behavioral,behavioral,cosine,dolly,1,pooled,-1,/weka/scratch/jhu/cpriebe1/MO/model-taxonomy/results/shared_cache/03_adapters/allenai--OLMo-2-0425-1B-Instruct/yahoo_025g1_075g2_000g3_n1000_s00_r16_i00_b5008_fea27ccee,25/75/0,0.2744293212890625,-0.008188072592020035
behavioral,behavioral,cosine,dolly,1,pooled,-1,/weka/scratch/jhu/cpriebe1/MO/model-taxonomy/results/shared_cache/03_adapters/allenai--OLMo-2-0425-1B-Instruct/yahoo_025g1_050g2_025g3_n1000_s00_r16_i00_b5008_fea27ccee,25/50/25,0.1213252991437912,-0.04801994934678078
behavioral,behavioral,cosine,dolly,1,pooled,-1,/weka/scratch/jhu/cpriebe1/MO/model-taxonomy/results/shared_cache/03_adapters/allenai--OLMo-2-0425-1B-Instruct/yahoo_025g1_025g2_050g3_n1000_s00_r16_i00_b5008_fea27ccee,25/25/50,-0.060278475284576416,-0.09594815224409103
behavioral,behavioral,cosine,dolly,1,pooled,-1,/weka/scratch/jhu/cpriebe1/MO/model-taxonomy/results/shared_cache/03_adapters/allenai--OLMo-2-0425-1B-Instruct/yahoo_025g1_000g2_075g3_n1000_s00_r16_i00_b5008_fea27ccee,25/0/75,-0.2828904688358307,0.001964269205927849
behavioral,behavioral,cosine,dolly,1,pooled,-1,/weka/scratch/jhu/cpriebe1/MO/model-taxonomy/results/shared_cache/03_adapters/allenai--OLMo-2-0425-1B-Instruct/yahoo_000g1_100g2_000g3_n1000_s00_r16_i00_b5008_fea27ccee,0/100/0,0.2762134373188019,-0.17103169858455658
behavioral,behavioral,cosine,dolly,1,pooled,-1,/weka/scratch/jhu/cpriebe1/MO/model-taxonomy/results/shared_cache/03_adapters/allenai--OLMo-2-0425-1B-Instruct/yahoo_000g1_075g2_025g3_n1000_s00_r16_i00_b5008_fea27ccee,0/75/25,0.14103257656097412,-0.24244359135627747
behavioral,behavioral,cosine,dolly,1,pooled,-1,/weka/scratch/jhu/cpriebe1/MO/model-taxonomy/results/shared_cache/03_adapters/allenai--OLMo-2-0425-1B-Instruct/yahoo_000g1_050g2_050g3_n1000_s00_r16_i00_b5008_fea27ccee,0/50/50,-0.0033683159854263067,-0.25879228115081787
behavioral,behavioral,cosine,dolly,1,pooled,-1,/weka/scratch/jhu/cpriebe1/MO/model-taxonomy/results/shared_cache/03_adapters/allenai--OLMo-2-0425-1B-Instruct/yahoo_000g1_025g2_075g3_n1000_s00_r16_i00_b5008_fea27ccee,0/25/75,-0.15509271621704102,-0.20603765547275543
behavioral,behavioral,cosine,dolly,1,pooled,-1,/weka/scratch/jhu/cpriebe1/MO/model-taxonomy/results/shared_cache/03_adapters/allenai--OLMo-2-0425-1B-Instruct/yahoo_000g1_000g2_100g3_n1000_s00_r16_i00_b5008_fea27ccee,0/0/100,-0.2856084108352661,-0.14816565811634064
behavioral,behavioral,cosine,dolly,1,mean,-1,/weka/scratch/jhu/cpriebe1/MO/model-taxonomy/results/shared_cache/03_adapters/allenai--OLMo-2-0425-1B-Instruct/yahoo_100g1_000g2_000g3_n1000_s00_r16_i00_b5008_fea27ccee,100/0/0,1.7011093374244897e-17,0.30090123414993286
behavioral,behavioral,cosine,dolly,1,mean,-1,/weka/scratch/jhu/cpriebe1/MO/model-taxonomy/results/shared_cache/03_adapters/allenai--OLMo-2-0425-1B-Instruct/yahoo_075g1_025g2_000g3_n1000_s00_r16_i00_b5008_fea27ccee,75/25/0,0.13827566802501678,0.23637765645980835
behavioral,behavioral,cosine,dolly,1,mean,-1,/weka/scratch/jhu/cpriebe1/MO/model-taxonomy/results/shared_cache/03_adapters/allenai--OLMo-2-0425-1B-Instruct/yahoo_075g1_000g2_025g3_n1000_s00_r16_i00_b5008_fea27ccee,75/0/25,-0.13601067662239075,0.23081980645656586
behavioral,behavioral,cosine,dolly,1,mean,-1,/weka/scratch/jhu/cpriebe1/MO/model-taxonomy/results/shared_cache/03_adapters/allenai--OLMo-2-0425-1B-Instruct/yahoo_050g1_050g2_000g3_n1000_s00_r16_i00_b5008_fea27ccee,50/50/0,0.22624215483665466,0.11241699010133743
behavioral,behavioral,cosine,dolly,1,mean,-1,/weka/scratch/jhu/cpriebe1/MO/model-taxonomy/results/shared_cache/03_adapters/allenai--OLMo-2-0425-1B-Instruct/yahoo_050g1_025g2_025g3_n1000_s00_r16_i00_b5008_fea27ccee,50/25/25,0.01782964915037155,0.1363704949617386
behavioral,behavioral,cosine,dolly,1,mean,-1,/weka/scratch/jhu/cpriebe1/MO/model-taxonomy/results/shared_cache/03_adapters/allenai--OLMo-2-0425-1B-Instruct/yahoo_050g1_000g2_050g3_n1000_s00_r16_i00_b5008_fea27ccee,50/0/50,-0.23258359730243683,0.1300066113471985
behavioral,behavioral,cosine,dolly,1,mean,-1,/weka/scratch/jhu/cpriebe1/MO/model-taxonomy/results/shared_cache/03_adapters/allenai--OLMo-2-0425-1B-Instruct/yahoo_033g1_033g2_033g3_n1000_s00_r16_i00_b5008_fea27ccee,33/33/33,-0.03951548784971237,0.02976999245584011
behavioral,behavioral,cosine,dolly,1,mean,-1,/weka/scratch/jhu/cpriebe1/MO/model-taxonomy/results/shared_cache/03_adapters/allenai--OLMo-2-0425-1B-Instruct/yahoo_025g1_075g2_000g3_n1000_s00_r16_i00_b5008_fea27ccee,25/75/0,0.2744293212890625,-0.008188072592020035
behavioral,behavioral,cosine,dolly,1,mean,-1,/weka/scratch/jhu/cpriebe1/MO/model-taxonomy/results/shared_cache/03_adapters/allenai--OLMo-2-0425-1B-Instruct/yahoo_025g1_050g2_025g3_n1000_s00_r16_i00_b5008_fea27ccee,25/50/25,0.1213252991437912,-0.04801994934678078
behavioral,behavioral,cosine,dolly,1,mean,-1,/weka/scratch/jhu/cpriebe1/MO/model-taxonomy/results/shared_cache/03_adapters/allenai--OLMo-2-0425-1B-Instruct/yahoo_025g1_025g2_050g3_n1000_s00_r16_i00_b5008_fea27ccee,25/25/50,-0.060278475284576416,-0.09594815224409103
behavioral,behavioral,cosine,dolly,1,mean,-1,/weka/scratch/jhu/cpriebe1/MO/model-taxonomy/results/shared_cache/03_adapters/allenai--OLMo-2-0425-1B-Instruct/yahoo_025g1_000g2_075g3_n1000_s00_r16_i00_b5008_fea27ccee,25/0/75,-0.2828904688358307,0.001964269205927849
behavioral,behavioral,cosine,dolly,1,mean,-1,/weka/scratch/jhu/cpriebe1/MO/model-taxonomy/results/shared_cache/03_adapters/allenai--OLMo-2-0425-1B-Instruct/yahoo_000g1_100g2_000g3_n1000_s00_r16_i00_b5008_fea27ccee,0/100/0,0.2762134373188019,-0.17103169858455658
behavioral,behavioral,cosine,dolly,1,mean,-1,/weka/scratch/jhu/cpriebe1/MO/model-taxonomy/results/shared_cache/03_adapters/allenai--OLMo-2-0425-1B-Instruct/yahoo_000g1_075g2_025g3_n1000_s00_r16_i00_b5008_fea27ccee,0/75/25,0.14103257656097412,-0.24244359135627747
behavioral,behavioral,cosine,dolly,1,mean,-1,/weka/scratch/jhu/cpriebe1/MO/model-taxonomy/results/shared_cache/03_adapters/allenai--OLMo-2-0425-1B-Instruct/yahoo_000g1_050g2_050g3_n1000_s00_r16_i00_b5008_fea27ccee,0/50/50,-0.0033683159854263067,-0.25879228115081787
behavioral,behavioral,cosine,dolly,1,mean,-1,/weka/scratch/jhu/cpriebe1/MO/model-taxonomy/results/shared_cache/03_adapters/allenai--OLMo-2-0425-1B-Instruct/yahoo_000g1_025g2_075g3_n1000_s00_r16_i00_b5008_fea27ccee,0/25/75,-0.15509271621704102,-0.20603765547275543
behavioral,behavioral,cosine,dolly,1,mean,-1,/weka/scratch/jhu/cpriebe1/MO/model-taxonomy/results/shared_cache/03_adapters/allenai--OLMo-2-0425-1B-Instruct/yahoo_000g1_000g2_100g3_n1000_s00_r16_i00_b5008_fea27ccee,0/0/100,-0.2856084108352661,-0.14816565811634064
behavioral,behavioral,cosine,dolly,1,seed_aligned,0,/weka/scratch/jhu/cpriebe1/MO/model-taxonomy/results/shared_cache/03_adapters/allenai--OLMo-2-0425-1B-Instruct/yahoo_100g1_000g2_000g3_n1000_s00_r16_i00_b5008_fea27ccee,100/0/0,1.7011093374244897e-17,0.30090123414993286
behavioral,behavioral,cosine,dolly,1,seed_aligned,0,/weka/scratch/jhu/cpriebe1/MO/model-taxonomy/results/shared_cache/03_adapters/allenai--OLMo-2-0425-1B-Instruct/yahoo_075g1_025g2_000g3_n1000_s00_r16_i00_b5008_fea27ccee,75/25/0,0.13827566802501678,0.23637765645980835
behavioral,behavioral,cosine,dolly,1,seed_aligned,0,/weka/scratch/jhu/cpriebe1/MO/model-taxonomy/results/shared_cache/03_adapters/allenai--OLMo-2-0425-1B-Instruct/yahoo_075g1_000g2_025g3_n1000_s00_r16_i00_b5008_fea27ccee,75/0/25,-0.13601067662239075,0.23081980645656586
behavioral,behavioral,cosine,dolly,1,seed_aligned,0,/weka/scratch/jhu/cpriebe1/MO/model-taxonomy/results/shared_cache/03_adapters/allenai--OLMo-2-0425-1B-Instruct/yahoo_050g1_050g2_000g3_n1000_s00_r16_i00_b5008_fea27ccee,50/50/0,0.22624215483665466,0.11241699010133743
behavioral,behavioral,cosine,dolly,1,seed_aligned,0,/weka/scratch/jhu/cpriebe1/MO/model-taxonomy/results/shared_cache/03_adapters/allenai--OLMo-2-0425-1B-Instruct/yahoo_050g1_025g2_025g3_n1000_s00_r16_i00_b5008_fea27ccee,50/25/25,0.01782964915037155,0.1363704949617386
behavioral,behavioral,cosine,dolly,1,seed_aligned,0,/weka/scratch/jhu/cpriebe1/MO/model-taxonomy/results/shared_cache/03_adapters/allenai--OLMo-2-0425-1B-Instruct/yahoo_050g1_000g2_050g3_n1000_s00_r16_i00_b5008_fea27ccee,50/0/50,-0.23258359730243683,0.1300066113471985
behavioral,behavioral,cosine,dolly,1,seed_aligned,0,/weka/scratch/jhu/cpriebe1/MO/model-taxonomy/results/shared_cache/03_adapters/allenai--OLMo-2-0425-1B-Instruct/yahoo_033g1_033g2_033g3_n1000_s00_r16_i00_b5008_fea27ccee,33/33/33,-0.03951548784971237,0.02976999245584011
behavioral,behavioral,cosine,dolly,1,seed_aligned,0,/weka/scratch/jhu/cpriebe1/MO/model-taxonomy/results/shared_cache/03_adapters/allenai--OLMo-2-0425-1B-Instruct/yahoo_025g1_075g2_000g3_n1000_s00_r16_i00_b5008_fea27ccee,25/75/0,0.2744293212890625,-0.008188072592020035
behavioral,behavioral,cosine,dolly,1,seed_aligned,0,/weka/scratch/jhu/cpriebe1/MO/model-taxonomy/results/shared_cache/03_adapters/allenai--OLMo-2-0425-1B-Instruct/yahoo_025g1_050g2_025g3_n1000_s00_r16_i00_b5008_fea27ccee,25/50/25,0.1213252991437912,-0.04801994934678078
behavioral,behavioral,cosine,dolly,1,seed_aligned,0,/weka/scratch/jhu/cpriebe1/MO/model-taxonomy/results/shared_cache/03_adapters/allenai--OLMo-2-0425-1B-Instruct/yahoo_025g1_025g2_050g3_n1000_s00_r16_i00_b5008_fea27ccee,25/25/50,-0.060278475284576416,-0.09594815224409103
behavioral,behavioral,cosine,dolly,1,seed_aligned,0,/weka/scratch/jhu/cpriebe1/MO/model-taxonomy/results/shared_cache/03_adapters/allenai--OLMo-2-0425-1B-Instruct/yahoo_025g1_000g2_075g3_n1000_s00_r16_i00_b5008_fea27ccee,25/0/75,-0.2828904688358307,0.001964269205927849
behavioral,behavioral,cosine,dolly,1,seed_aligned,0,/weka/scratch/jhu/cpriebe1/MO/model-taxonomy/results/shared_cache/03_adapters/allenai--OLMo-2-0425-1B-Instruct/yahoo_000g1_100g2_000g3_n1000_s00_r16_i00_b5008_fea27ccee,0/100/0,0.2762134373188019,-0.17103169858455658
behavioral,behavioral,cosine,dolly,1,seed_aligned,0,/weka/scratch/jhu/cpriebe1/MO/model-taxonomy/results/shared_cache/03_adapters/allenai--OLMo-2-0425-1B-Instruct/yahoo_000g1_075g2_025g3_n1000_s00_r16_i00_b5008_fea27ccee,0/75/25,0.14103257656097412,-0.24244359135627747
behavioral,behavioral,cosine,dolly,1,seed_aligned,0,/weka/scratch/jhu/cpriebe1/MO/model-taxonomy/results/shared_cache/03_adapters/allenai--OLMo-2-0425-1B-Instruct/yahoo_000g1_050g2_050g3_n1000_s00_r16_i00_b5008_fea27ccee,0/50/50,-0.0033683159854263067,-0.25879228115081787
behavioral,behavioral,cosine,dolly,1,seed_aligned,0,/weka/scratch/jhu/cpriebe1/MO/model-taxonomy/results/shared_cache/03_adapters/allenai--OLMo-2-0425-1B-Instruct/yahoo_000g1_025g2_075g3_n1000_s00_r16_i00_b5008_fea27ccee,0/25/75,-0.15509271621704102,-0.20603765547275543
behavioral,behavioral,cosine,dolly,1,seed_aligned,0,/weka/scratch/jhu/cpriebe1/MO/model-taxonomy/results/shared_cache/03_adapters/allenai--OLMo-2-0425-1B-Instruct/yahoo_000g1_000g2_100g3_n1000_s00_r16_i00_b5008_fea27ccee,0/0/100,-0.2856084108352661,-0.14816565811634064
behavioral,behavioral,cosine,dolly,2,pooled,-1,/weka/scratch/jhu/cpriebe1/MO/model-taxonomy/results/shared_cache/03_adapters/allenai--OLMo-2-0425-1B-Instruct/yahoo_100g1_000g2_000g3_n1000_s00_r16_i00_b5008_fea27ccee,100/0/0,-5.053494516270212e-17,0.28592967987060547
behavioral,behavioral,cosine,dolly,2,pooled,-1,/weka/scratch/jhu/cpriebe1/MO/model-taxonomy/results/shared_cache/03_adapters/allenai--OLMo-2-0425-1B-Instruct/yahoo_075g1_025g2_000g3_n1000_s00_r16_i00_b5008_fea27ccee,75/25/0,0.1403592824935913,0.25535741448402405
behavioral,behavioral,cosine,dolly,2,pooled,-1,/weka/scratch/jhu/cpriebe1/MO/model-taxonomy/results/shared_cache/03_adapters/allenai--OLMo-2-0425-1B-Instruct/yahoo_075g1_000g2_025g3_n1000_s00_r16_i00_b5008_fea27ccee,75/0/25,-0.12584765255451202,0.23789240419864655
behavioral,behavioral,cosine,dolly,2,pooled,-1,/weka/scratch/jhu/cpriebe1/MO/model-taxonomy/results/shared_cache/03_adapters/allenai--OLMo-2-0425-1B-Instruct/yahoo_050g1_050g2_000g3_n1000_s00_r16_i00_b5008_fea27ccee,50/50/0,0.21543455123901367,0.11277718842029572
behavioral,behavioral,cosine,dolly,2,pooled,-1,/weka/scratch/jhu/cpriebe1/MO/model-taxonomy/results/shared_cache/03_adapters/allenai--OLMo-2-0425-1B-Instruct/yahoo_050g1_025g2_025g3_n1000_s00_r16_i00_b5008_fea27ccee,50/25/25,0.02727964147925377,0.13652779161930084
behavioral,behavioral,cosine,dolly,2,pooled,-1,/weka/scratch/jhu/cpriebe1/MO/model-taxonomy/results/shared_cache/03_adapters/allenai--OLMo-2-0425-1B-Instruct/yahoo_050g1_000g2_050g3_n1000_s00_r16_i00_b5008_fea27ccee,50/0/50,-0.20103803277015686,0.13805824518203735
behavioral,behavioral,cosine,dolly,2,pooled,-1,/weka/scratch/jhu/cpriebe1/MO/model-taxonomy/results/shared_cache/03_adapters/allenai--OLMo-2-0425-1B-Instruct/yahoo_033g1_033g2_033g3_n1000_s00_r16_i00_b5008_fea27ccee,33/33/33,0.018683649599552155,-0.0066086226142942905
behavioral,behavioral,cosine,dolly,2,pooled,-1,/weka/scratch/jhu/cpriebe1/MO/model-taxonomy/results/shared_cache/03_adapters/allenai--OLMo-2-0425-1B-Instruct/yahoo_025g1_075g2_000g3_n1000_s00_r16_i00_b5008_fea27ccee,25/75/0,0.251414030790329,-0.026199935004115105
behavioral,behavioral,cosine,dolly,2,pooled,-1,/weka/scratch/jhu/cpriebe1/MO/model-taxonomy/results/shared_cache/03_adapters/allenai--OLMo-2-0425-1B-Instruct/yahoo_025g1_050g2_025g3_n1000_s00_r16_i00_b5008_fea27ccee,25/50/25,0.08322525769472122,-0.10507865995168686
behavioral,behavioral,cosine,dolly,2,pooled,-1,/weka/scratch/jhu/cpriebe1/MO/model-taxonomy/results/shared_cache/03_adapters/allenai--OLMo-2-0425-1B-Instruct/yahoo_025g1_025g2_050g3_n1000_s00_r16_i00_b5008_fea27ccee,25/25/50,-0.131321981549263,-0.017369842156767845
behavioral,behavioral,cosine,dolly,2,pooled,-1,/weka/scratch/jhu/cpriebe1/MO/model-taxonomy/results/shared_cache/03_adapters/allenai--OLMo-2-0425-1B-Instruct/yahoo_025g1_000g2_075g3_n1000_s00_r16_i00_b5008_fea27ccee,25/0/75,-0.2934724986553192,0.022251591086387634
behavioral,behavioral,cosine,dolly,2,pooled,-1,/weka/scratch/jhu/cpriebe1/MO/model-taxonomy/results/shared_cache/03_adapters/allenai--OLMo-2-0425-1B-Instruct/yahoo_000g1_100g2_000g3_n1000_s00_r16_i00_b5008_fea27ccee,0/100/0,0.2938206195831299,-0.15945231914520264
behavioral,behavioral,cosine,dolly,2,pooled,-1,/weka/scratch/jhu/cpriebe1/MO/model-taxonomy/results/shared_cache/03_adapters/allenai--OLMo-2-0425-1B-Instruct/yahoo_000g1_075g2_025g3_n1000_s00_r16_i00_b5008_fea27ccee,0/75/25,0.15173578262329102,-0.26547694206237793
behavioral,behavioral,cosine,dolly,2,pooled,-1,/weka/scratch/jhu/cpriebe1/MO/model-taxonomy/results/shared_cache/03_adapters/allenai--OLMo-2-0425-1B-Instruct/yahoo_000g1_050g2_050g3_n1000_s00_r16_i00_b5008_fea27ccee,0/50/50,-0.004497890826314688,-0.2552340626716614
behavioral,behavioral,cosine,dolly,2,pooled,-1,/weka/scratch/jhu/cpriebe1/MO/model-taxonomy/results/shared_cache/03_adapters/allenai--OLMo-2-0425-1B-Instruct/yahoo_000g1_025g2_075g3_n1000_s00_r16_i00_b5008_fea27ccee,0/25/75,-0.14152716100215912,-0.2141350507736206
behavioral,behavioral,cosine,dolly,2,pooled,-1,/weka/scratch/jhu/cpriebe1/MO/model-taxonomy/results/shared_cache/03_adapters/allenai--OLMo-2-0425-1B-Instruct/yahoo_000g1_000g2_100g3_n1000_s00_r16_i00_b5008_fea27ccee,0/0/100,-0.28424757719039917,-0.1392388790845871
behavioral,behavioral,cosine,dolly,2,mean,-1,/weka/scratch/jhu/cpriebe1/MO/model-taxonomy/results/shared_cache/03_adapters/allenai--OLMo-2-0425-1B-Instruct/yahoo_100g1_000g2_000g3_n1000_s00_r16_i00_b5008_fea27ccee,100/0/0,-5.053494516270212e-17,0.28592967987060547
behavioral,behavioral,cosine,dolly,2,mean,-1,/weka/scratch/jhu/cpriebe1/MO/model-taxonomy/results/shared_cache/03_adapters/allenai--OLMo-2-0425-1B-Instruct/yahoo_075g1_025g2_000g3_n1000_s00_r16_i00_b5008_fea27ccee,75/25/0,0.1403592824935913,0.25535741448402405
behavioral,behavioral,cosine,dolly,2,mean,-1,/weka/scratch/jhu/cpriebe1/MO/model-taxonomy/results/shared_cache/03_adapters/allenai--OLMo-2-0425-1B-Instruct/yahoo_075g1_000g2_025g3_n1000_s00_r16_i00_b5008_fea27ccee,75/0/25,-0.12584765255451202,0.23789240419864655
behavioral,behavioral,cosine,dolly,2,mean,-1,/weka/scratch/jhu/cpriebe1/MO/model-taxonomy/results/shared_cache/03_adapters/allenai--OLMo-2-0425-1B-Instruct/yahoo_050g1_050g2_000g3_n1000_s00_r16_i00_b5008_fea27ccee,50/50/0,0.21543455123901367,0.11277718842029572
behavioral,behavioral,cosine,dolly,2,mean,-1,/weka/scratch/jhu/cpriebe1/MO/model-taxonomy/results/shared_cache/03_adapters/allenai--OLMo-2-0425-1B-Instruct/yahoo_050g1_025g2_025g3_n1000_s00_r16_i00_b5008_fea27ccee,50/25/25,0.02727964147925377,0.13652779161930084
behavioral,behavioral,cosine,dolly,2,mean,-1,/weka/scratch/jhu/cpriebe1/MO/model-taxonomy/results/shared_cache/03_adapters/allenai--OLMo-2-0425-1B-Instruct/yahoo_050g1_000g2_050g3_n1000_s00_r16_i00_b5008_fea27ccee,50/0/50,-0.20103803277015686,0.13805824518203735
behavioral,behavioral,cosine,dolly,2,mean,-1,/weka/scratch/jhu/cpriebe1/MO/model-taxonomy/results/shared_cache/03_adapters/allenai--OLMo-2-0425-1B-Instruct/yahoo_033g1_033g2_033g3_n1000_s00_r16_i00_b5008_fea27ccee,33/33/33,0.018683649599552155,-0.0066086226142942905
behavioral,behavioral,cosine,dolly,2,mean,-1,/weka/scratch/jhu/cpriebe1/MO/model-taxonomy/results/shared_cache/03_adapters/allenai--OLMo-2-0425-1B-Instruct/yahoo_025g1_075g2_000g3_n1000_s00_r16_i00_b5008_fea27ccee,25/75/0,0.251414030790329,-0.026199935004115105
behavioral,behavioral,cosine,dolly,2,mean,-1,/weka/scratch/jhu/cpriebe1/MO/model-taxonomy/results/shared_cache/03_adapters/allenai--OLMo-2-0425-1B-Instruct/yahoo_025g1_050g2_025g3_n1000_s00_r16_i00_b5008_fea27ccee,25/50/25,0.08322525769472122,-0.10507865995168686
behavioral,behavioral,cosine,dolly,2,mean,-1,/weka/scratch/jhu/cpriebe1/MO/model-taxonomy/results/shared_cache/03_adapters/allenai--OLMo-2-0425-1B-Instruct/yahoo_025g1_025g2_050g3_n1000_s00_r16_i00_b5008_fea27ccee,25/25/50,-0.131321981549263,-0.017369842156767845
behavioral,behavioral,cosine,dolly,2,mean,-1,/weka/scratch/jhu/cpriebe1/MO/model-taxonomy/results/shared_cache/03_adapters/allenai--OLMo-2-0425-1B-Instruct/yahoo_025g1_000g2_075g3_n1000_s00_r16_i00_b5008_fea27ccee,25/0/75,-0.2934724986553192,0.022251591086387634
behavioral,behavioral,cosine,dolly,2,mean,-1,/weka/scratch/jhu/cpriebe1/MO/model-taxonomy/results/shared_cache/03_adapters/allenai--OLMo-2-0425-1B-Instruct/yahoo_000g1_100g2_000g3_n1000_s00_r16_i00_b5008_fea27ccee,0/100/0,0.2938206195831299,-0.15945231914520264
behavioral,behavioral,cosine,dolly,2,mean,-1,/weka/scratch/jhu/cpriebe1/MO/model-taxonomy/results/shared_cache/03_adapters/allenai--OLMo-2-0425-1B-Instruct/yahoo_000g1_075g2_025g3_n1000_s00_r16_i00_b5008_fea27ccee,0/75/25,0.15173578262329102,-0.26547694206237793
behavioral,behavioral,cosine,dolly,2,mean,-1,/weka/scratch/jhu/cpriebe1/MO/model-taxonomy/results/shared_cache/03_adapters/allenai--OLMo-2-0425-1B-Instruct/yahoo_000g1_050g2_050g3_n1000_s00_r16_i00_b5008_fea27ccee,0/50/50,-0.004497890826314688,-0.2552340626716614
behavioral,behavioral,cosine,dolly,2,mean,-1,/weka/scratch/jhu/cpriebe1/MO/model-taxonomy/results/shared_cache/03_adapters/allenai--OLMo-2-0425-1B-Instruct/yahoo_000g1_025g2_075g3_n1000_s00_r16_i00_b5008_fea27ccee,0/25/75,-0.14152716100215912,-0.2141350507736206
behavioral,behavioral,cosine,dolly,2,mean,-1,/weka/scratch/jhu/cpriebe1/MO/model-taxonomy/results/shared_cache/03_adapters/allenai--OLMo-2-0425-1B-Instruct/yahoo_000g1_000g2_100g3_n1000_s00_r16_i00_b5008_fea27ccee,0/0/100,-0.28424757719039917,-0.1392388790845871
behavioral,behavioral,cosine,dolly,2,seed_aligned,0,/weka/scratch/jhu/cpriebe1/MO/model-taxonomy/results/shared_cache/03_adapters/allenai--OLMo-2-0425-1B-Instruct/yahoo_100g1_000g2_000g3_n1000_s00_r16_i00_b5008_fea27ccee,100/0/0,-5.053494516270212e-17,0.28592967987060547
behavioral,behavioral,cosine,dolly,2,seed_aligned,0,/weka/scratch/jhu/cpriebe1/MO/model-taxonomy/results/shared_cache/03_adapters/allenai--OLMo-2-0425-1B-Instruct/yahoo_075g1_025g2_000g3_n1000_s00_r16_i00_b5008_fea27ccee,75/25/0,0.1403592824935913,0.25535741448402405
behavioral,behavioral,cosine,dolly,2,seed_aligned,0,/weka/scratch/jhu/cpriebe1/MO/model-taxonomy/results/shared_cache/03_adapters/allenai--OLMo-2-0425-1B-Instruct/yahoo_075g1_000g2_025g3_n1000_s00_r16_i00_b5008_fea27ccee,75/0/25,-0.12584765255451202,0.23789240419864655
behavioral,behavioral,cosine,dolly,2,seed_aligned,0,/weka/scratch/jhu/cpriebe1/MO/model-taxonomy/results/shared_cache/03_adapters/allenai--OLMo-2-0425-1B-Instruct/yahoo_050g1_050g2_000g3_n1000_s00_r16_i00_b5008_fea27ccee,50/50/0,0.21543455123901367,0.11277718842029572
behavioral,behavioral,cosine,dolly,2,seed_aligned,0,/weka/scratch/jhu/cpriebe1/MO/model-taxonomy/results/shared_cache/03_adapters/allenai--OLMo-2-0425-1B-Instruct/yahoo_050g1_025g2_025g3_n1000_s00_r16_i00_b5008_fea27ccee,50/25/25,0.02727964147925377,0.13652779161930084
behavioral,behavioral,cosine,dolly,2,seed_aligned,0,/weka/scratch/jhu/cpriebe1/MO/model-taxonomy/results/shared_cache/03_adapters/allenai--OLMo-2-0425-1B-Instruct/yahoo_050g1_000g2_050g3_n1000_s00_r16_i00_b5008_fea27ccee,50/0/50,-0.20103803277015686,0.13805824518203735
behavioral,behavioral,cosine,dolly,2,seed_aligned,0,/weka/scratch/jhu/cpriebe1/MO/model-taxonomy/results/shared_cache/03_adapters/allenai--OLMo-2-0425-1B-Instruct/yahoo_033g1_033g2_033g3_n1000_s00_r16_i00_b5008_fea27ccee,33/33/33,0.018683649599552155,-0.0066086226142942905
behavioral,behavioral,cosine,dolly,2,seed_aligned,0,/weka/scratch/jhu/cpriebe1/MO/model-taxonomy/results/shared_cache/03_adapters/allenai--OLMo-2-0425-1B-Instruct/yahoo_025g1_075g2_000g3_n1000_s00_r16_i00_b5008_fea27ccee,25/75/0,0.251414030790329,-0.026199935004115105
behavioral,behavioral,cosine,dolly,2,seed_aligned,0,/weka/scratch/jhu/cpriebe1/MO/model-taxonomy/results/shared_cache/03_adapters/allenai--OLMo-2-0425-1B-Instruct/yahoo_025g1_050g2_025g3_n1000_s00_r16_i00_b5008_fea27ccee,25/50/25,0.08322525769472122,-0.10507865995168686
behavioral,behavioral,cosine,dolly,2,seed_aligned,0,/weka/scratch/jhu/cpriebe1/MO/model-taxonomy/results/shared_cache/03_adapters/allenai--OLMo-2-0425-1B-Instruct/yahoo_025g1_025g2_050g3_n1000_s00_r16_i00_b5008_fea27ccee,25/25/50,-0.131321981549263,-0.017369842156767845
behavioral,behavioral,cosine,dolly,2,seed_aligned,0,/weka/scratch/jhu/cpriebe1/MO/model-taxonomy/results/shared_cache/03_adapters/allenai--OLMo-2-0425-1B-Instruct/yahoo_025g1_000g2_075g3_n1000_s00_r16_i00_b5008_fea27ccee,25/0/75,-0.2934724986553192,0.022251591086387634
behavioral,behavioral,cosine,dolly,2,seed_aligned,0,/weka/scratch/jhu/cpriebe1/MO/model-taxonomy/results/shared_cache/03_adapters/allenai--OLMo-2-0425-1B-Instruct/yahoo_000g1_100g2_000g3_n1000_s00_r16_i00_b5008_fea27ccee,0/100/0,0.2938206195831299,-0.15945231914520264
behavioral,behavioral,cosine,dolly,2,seed_aligned,0,/weka/scratch/jhu/cpriebe1/MO/model-taxonomy/results/shared_cache/03_adapters/allenai--OLMo-2-0425-1B-Instruct/yahoo_000g1_075g2_025g3_n1000_s00_r16_i00_b5008_fea27ccee,0/75/25,0.15173578262329102,-0.26547694206237793
behavioral,behavioral,cosine,dolly,2,seed_aligned,0,/weka/scratch/jhu/cpriebe1/MO/model-taxonomy/results/shared_cache/03_adapters/allenai--OLMo-2-0425-1B-Instruct/yahoo_000g1_050g2_050g3_n1000_s00_r16_i00_b5008_fea27ccee,0/50/50,-0.004497890826314688,-0.2552340626716614
behavioral,behavioral,cosine,dolly,2,seed_aligned,0,/weka/scratch/jhu/cpriebe1/MO/model-taxonomy/results/shared_cache/03_adapters/allenai--OLMo-2-0425-1B-Instruct/yahoo_000g1_025g2_075g3_n1000_s00_r16_i00_b5008_fea27ccee,0/25/75,-0.14152716100215912,-0.2141350507736206
behavioral,behavioral,cosine,dolly,2,seed_aligned,0,/weka/scratch/jhu/cpriebe1/MO/model-taxonomy/results/shared_cache/03_adapters/allenai--OLMo-2-0425-1B-Instruct/yahoo_000g1_000g2_100g3_n1000_s00_r16_i00_b5008_fea27ccee,0/0/100,-0.28424757719039917,-0.1392388790845871
behavioral,behavioral,cosine,dolly,5,pooled,-1,/weka/scratch/jhu/cpriebe1/MO/model-taxonomy/results/shared_cache/03_adapters/allenai--OLMo-2-0425-1B-Instruct/yahoo_100g1_000g2_000g3_n1000_s00_r16_i00_b5008_fea27ccee,100/0/0,-4.296258641953443e-17,0.295369416475296
behavioral,behavioral,cosine,dolly,5,pooled,-1,/weka/scratch/jhu/cpriebe1/MO/model-taxonomy/results/shared_cache/03_adapters/allenai--OLMo-2-0425-1B-Instruct/yahoo_075g1_025g2_000g3_n1000_s00_r16_i00_b5008_fea27ccee,75/25/0,0.14003191888332367,0.24028851091861725
behavioral,behavioral,cosine,dolly,5,pooled,-1,/weka/scratch/jhu/cpriebe1/MO/model-taxonomy/results/shared_cache/03_adapters/allenai--OLMo-2-0425-1B-Instruct/yahoo_075g1_000g2_025g3_n1000_s00_r16_i00_b5008_fea27ccee,75/0/25,-0.10719046741724014,0.23257414996623993
behavioral,behavioral,cosine,dolly,5,pooled,-1,/weka/scratch/jhu/cpriebe1/MO/model-taxonomy/results/shared_cache/03_adapters/allenai--OLMo-2-0425-1B-Instruct/yahoo_050g1_050g2_000g3_n1000_s00_r16_i00_b5008_fea27ccee,50/50/0,0.22239908576011658,0.09821203351020813
behavioral,behavioral,cosine,dolly,5,pooled,-1,/weka/scratch/jhu/cpriebe1/MO/model-taxonomy/results/shared_cache/03_adapters/allenai--OLMo-2-0425-1B-Instruct/yahoo_050g1_025g2_025g3_n1000_s00_r16_i00_b5008_fea27ccee,50/25/25,0.06007292494177818,0.11504751443862915
behavioral,behavioral,cosine,dolly,5,pooled,-1,/weka/scratch/jhu/cpriebe1/MO/model-taxonomy/results/shared_cache/03_adapters/allenai--OLMo-2-0425-1B-Instruct/yahoo_050g1_000g2_050g3_n1000_s00_r16_i00_b5008_fea27ccee,50/0/50,-0.18357661366462708,0.15026064217090607
behavioral,behavioral,cosine,dolly,5,pooled,-1,/weka/scratch/jhu/cpriebe1/MO/model-taxonomy/results/shared_cache/03_adapters/allenai--OLMo-2-0425-1B-Instruct/yahoo_033g1_033g2_033g3_n1000_s00_r16_i00_b5008_fea27ccee,33/33/33,0.006850802339613438,-0.029171930626034737
behavioral,behavioral,cosine,dolly,5,pooled,-1,/weka/scratch/jhu/cpriebe1/MO/model-taxonomy/results/shared_cache/03_adapters/allenai--OLMo-2-0425-1B-Instruct/yahoo_025g1_075g2_000g3_n1000_s00_r16_i00_b5008_fea27ccee,25/75/0,0.2731819152832031,-0.03873445838689804
behavioral,behavioral,cosine,dolly,5,pooled,-1,/weka/scratch/jhu/cpriebe1/MO/model-taxonomy/results/shared_cache/03_adapters/allenai--OLMo-2-0425-1B-Instruct/yahoo_025g1_050g2_025g3_n1000_s00_r16_i00_b5008_fea27ccee,25/50/25,0.12226131558418274,-0.08198722451925278
behavioral,behavioral,cosine,dolly,5,pooled,-1,/weka/scratch/jhu/cpriebe1/MO/model-taxonomy/results/shared_cache/03_adapters/allenai--OLMo-2-0425-1B-Instruct/yahoo_025g1_025g2_050g3_n1000_s00_r16_i00_b5008_fea27ccee,25/25/50,-0.11134891957044601,0.00025826666387729347
behavioral,behavioral,cosine,dolly,5,pooled,-1,/weka/scratch/jhu/cpriebe1/MO/model-taxonomy/results/shared_cache/03_adapters/allenai--OLMo-2-0425-1B-Instruct/yahoo_025g1_000g2_075g3_n1000_s00_r16_i00_b5008_fea27ccee,25/0/75,-0.28773775696754456,0.05144800618290901
behavioral,behavioral,cosine,dolly,5,pooled,-1,/weka/scratch/jhu/cpriebe1/MO/model-taxonomy/results/shared_cache/03_adapters/allenai--OLMo-2-0425-1B-Instruct/yahoo_000g1_100g2_000g3_n1000_s00_r16_i00_b5008_fea27ccee,0/100/0,0.262908399105072,-0.20622235536575317
behavioral,behavioral,cosine,dolly,5,pooled,-1,/weka/scratch/jhu/cpriebe1/MO/model-taxonomy/results/shared_cache/03_adapters/allenai--OLMo-2-0425-1B-Instruct/yahoo_000g1_075g2_025g3_n1000_s00_r16_i00_b5008_fea27ccee,0/75/25,0.12174348533153534,-0.26245808601379395
behavioral,behavioral,cosine,dolly,5,pooled,-1,/weka/scratch/jhu/cpriebe1/MO/model-taxonomy/results/shared_cache/03_adapters/allenai--OLMo-2-0425-1B-Instruct/yahoo_000g1_050g2_050g3_n1000_s00_r16_i00_b5008_fea27ccee,0/50/50,-0.03399068862199783,-0.26355457305908203
behavioral,behavioral,cosine,dolly,5,pooled,-1,/weka/scratch/jhu/cpriebe1/MO/model-taxonomy/results/shared_cache/03_adapters/allenai--OLMo-2-0425-1B-Instruct/yahoo_000g1_025g2_075g3_n1000_s00_r16_i00_b5008_fea27ccee,0/25/75,-0.17678695917129517,-0.18984879553318024
behavioral,behavioral,cosine,dolly,5,pooled,-1,/weka/scratch/jhu/cpriebe1/MO/model-taxonomy/results/shared_cache/03_adapters/allenai--OLMo-2-0425-1B-Instruct/yahoo_000g1_000g2_100g3_n1000_s00_r16_i00_b5008_fea27ccee,0/0/100,-0.30881842970848083,-0.11148110032081604
behavioral,behavioral,cosine,dolly,5,mean,-1,/weka/scratch/jhu/cpriebe1/MO/model-taxonomy/results/shared_cache/03_adapters/allenai--OLMo-2-0425-1B-Instruct/yahoo_100g1_000g2_000g3_n1000_s00_r16_i00_b5008_fea27ccee,100/0/0,-4.296258641953443e-17,0.295369416475296
behavioral,behavioral,cosine,dolly,5,mean,-1,/weka/scratch/jhu/cpriebe1/MO/model-taxonomy/results/shared_cache/03_adapters/allenai--OLMo-2-0425-1B-Instruct/yahoo_075g1_025g2_000g3_n1000_s00_r16_i00_b5008_fea27ccee,75/25/0,0.14003191888332367,0.24028851091861725
behavioral,behavioral,cosine,dolly,5,mean,-1,/weka/scratch/jhu/cpriebe1/MO/model-taxonomy/results/shared_cache/03_adapters/allenai--OLMo-2-0425-1B-Instruct/yahoo_075g1_000g2_025g3_n1000_s00_r16_i00_b5008_fea27ccee,75/0/25,-0.10719046741724014,0.23257414996623993
behavioral,behavioral,cosine,dolly,5,mean,-1,/weka/scratch/jhu/cpriebe1/MO/model-taxonomy/results/shared_cache/03_adapters/allenai--OLMo-2-0425-1B-Instruct/yahoo_050g1_050g2_000g3_n1000_s00_r16_i00_b5008_fea27ccee,50/50/0,0.22239908576011658,0.09821203351020813
behavioral,behavioral,cosine,dolly,5,mean,-1,/weka/scratch/jhu/cpriebe1/MO/model-taxonomy/results/shared_cache/03_adapters/allenai--OLMo-2-0425-1B-Instruct/yahoo_050g1_025g2_025g3_n1000_s00_r16_i00_b5008_fea27ccee,50/25/25,0.06007292494177818,0.11504751443862915
behavioral,behavioral,cosine,dolly,5,mean,-1,/weka/scratch/jhu/cpriebe1/MO/model-taxonomy/results/shared_cache/03_adapters/allenai--OLMo-2-0425-1B-Instruct/yahoo_050g1_000g2_050g3_n1000_s00_r16_i00_b5008_fea27ccee,50/0/50,-0.18357661366462708,0.15026064217090607
behavioral,behavioral,cosine,dolly,5,mean,-1,/weka/scratch/jhu/cpriebe1/MO/model-taxonomy/results/shared_cache/03_adapters/allenai--OLMo-2-0425-1B-Instruct/yahoo_033g1_033g2_033g3_n1000_s00_r16_i00_b5008_fea27ccee,33/33/33,0.006850802339613438,-0.029171930626034737
behavioral,behavioral,cosine,dolly,5,mean,-1,/weka/scratch/jhu/cpriebe1/MO/model-taxonomy/results/shared_cache/03_adapters/allenai--OLMo-2-0425-1B-Instruct/yahoo_025g1_075g2_000g3_n1000_s00_r16_i00_b5008_fea27ccee,25/75/0,0.2731819152832031,-0.03873445838689804
behavioral,behavioral,cosine,dolly,5,mean,-1,/weka/scratch/jhu/cpriebe1/MO/model-taxonomy/results/shared_cache/03_adapters/allenai--OLMo-2-0425-1B-Instruct/yahoo_025g1_050g2_025g3_n1000_s00_r16_i00_b5008_fea27ccee,25/50/25,0.12226131558418274,-0.08198722451925278
behavioral,behavioral,cosine,dolly,5,mean,-1,/weka/scratch/jhu/cpriebe1/MO/model-taxonomy/results/shared_cache/03_adapters/allenai--OLMo-2-0425-1B-Instruct/yahoo_025g1_025g2_050g3_n1000_s00_r16_i00_b5008_fea27ccee,25/25/50,-0.11134891957044601,0.00025826666387729347
behavioral,behavioral,cosine,dolly,5,mean,-1,/weka/scratch/jhu/cpriebe1/MO/model-taxonomy/results/shared_cache/03_adapters/allenai--OLMo-2-0425-1B-Instruct/yahoo_025g1_000g2_075g3_n1000_s00_r16_i00_b5008_fea27ccee,25/0/75,-0.28773775696754456,0.05144800618290901
behavioral,behavioral,cosine,dolly,5,mean,-1,/weka/scratch/jhu/cpriebe1/MO/model-taxonomy/results/shared_cache/03_adapters/allenai--OLMo-2-0425-1B-Instruct/yahoo_000g1_100g2_000g3_n1000_s00_r16_i00_b5008_fea27ccee,0/100/0,0.262908399105072,-0.20622235536575317
behavioral,behavioral,cosine,dolly,5,mean,-1,/weka/scratch/jhu/cpriebe1/MO/model-taxonomy/results/shared_cache/03_adapters/allenai--OLMo-2-0425-1B-Instruct/yahoo_000g1_075g2_025g3_n1000_s00_r16_i00_b5008_fea27ccee,0/75/25,0.12174348533153534,-0.26245808601379395
behavioral,behavioral,cosine,dolly,5,mean,-1,/weka/scratch/jhu/cpriebe1/MO/model-taxonomy/results/shared_cache/03_adapters/allenai--OLMo-2-0425-1B-Instruct/yahoo_000g1_050g2_050g3_n1000_s00_r16_i00_b5008_fea27ccee,0/50/50,-0.03399068862199783,-0.26355457305908203
behavioral,behavioral,cosine,dolly,5,mean,-1,/weka/scratch/jhu/cpriebe1/MO/model-taxonomy/results/shared_cache/03_adapters/allenai--OLMo-2-0425-1B-Instruct/yahoo_000g1_025g2_075g3_n1000_s00_r16_i00_b5008_fea27ccee,0/25/75,-0.17678695917129517,-0.18984879553318024
behavioral,behavioral,cosine,dolly,5,mean,-1,/weka/scratch/jhu/cpriebe1/MO/model-taxonomy/results/shared_cache/03_adapters/allenai--OLMo-2-0425-1B-Instruct/yahoo_000g1_000g2_100g3_n1000_s00_r16_i00_b5008_fea27ccee,0/0/100,-0.30881842970848083,-0.11148110032081604
behavioral,behavioral,cosine,dolly,5,seed_aligned,0,/weka/scratch/jhu/cpriebe1/MO/model-taxonomy/results/shared_cache/03_adapters/allenai--OLMo-2-0425-1B-Instruct/yahoo_100g1_000g2_000g3_n1000_s00_r16_i00_b5008_fea27ccee,100/0/0,-4.296258641953443e-17,0.295369416475296
behavioral,behavioral,cosine,dolly,5,seed_aligned,0,/weka/scratch/jhu/cpriebe1/MO/model-taxonomy/results/shared_cache/03_adapters/allenai--OLMo-2-0425-1B-Instruct/yahoo_075g1_025g2_000g3_n1000_s00_r16_i00_b5008_fea27ccee,75/25/0,0.14003191888332367,0.24028851091861725
behavioral,behavioral,cosine,dolly,5,seed_aligned,0,/weka/scratch/jhu/cpriebe1/MO/model-taxonomy/results/shared_cache/03_adapters/allenai--OLMo-2-0425-1B-Instruct/yahoo_075g1_000g2_025g3_n1000_s00_r16_i00_b5008_fea27ccee,75/0/25,-0.10719046741724014,0.23257414996623993
behavioral,behavioral,cosine,dolly,5,seed_aligned,0,/weka/scratch/jhu/cpriebe1/MO/model-taxonomy/results/shared_cache/03_adapters/allenai--OLMo-2-0425-1B-Instruct/yahoo_050g1_050g2_000g3_n1000_s00_r16_i00_b5008_fea27ccee,50/50/0,0.22239908576011658,0.09821203351020813
behavioral,behavioral,cosine,dolly,5,seed_aligned,0,/weka/scratch/jhu/cpriebe1/MO/model-taxonomy/results/shared_cache/03_adapters/allenai--OLMo-2-0425-1B-Instruct/yahoo_050g1_025g2_025g3_n1000_s00_r16_i00_b5008_fea27ccee,50/25/25,0.06007292494177818,0.11504751443862915
behavioral,behavioral,cosine,dolly,5,seed_aligned,0,/weka/scratch/jhu/cpriebe1/MO/model-taxonomy/results/shared_cache/03_adapters/allenai--OLMo-2-0425-1B-Instruct/yahoo_050g1_000g2_050g3_n1000_s00_r16_i00_b5008_fea27ccee,50/0/50,-0.18357661366462708,0.15026064217090607
behavioral,behavioral,cosine,dolly,5,seed_aligned,0,/weka/scratch/jhu/cpriebe1/MO/model-taxonomy/results/shared_cache/03_adapters/allenai--OLMo-2-0425-1B-Instruct/yahoo_033g1_033g2_033g3_n1000_s00_r16_i00_b5008_fea27ccee,33/33/33,0.006850802339613438,-0.029171930626034737
behavioral,behavioral,cosine,dolly,5,seed_aligned,0,/weka/scratch/jhu/cpriebe1/MO/model-taxonomy/results/shared_cache/03_adapters/allenai--OLMo-2-0425-1B-Instruct/yahoo_025g1_075g2_000g3_n1000_s00_r16_i00_b5008_fea27ccee,25/75/0,0.2731819152832031,-0.03873445838689804
behavioral,behavioral,cosine,dolly,5,seed_aligned,0,/weka/scratch/jhu/cpriebe1/MO/model-taxonomy/results/shared_cache/03_adapters/allenai--OLMo-2-0425-1B-Instruct/yahoo_025g1_050g2_025g3_n1000_s00_r16_i00_b5008_fea27ccee,25/50/25,0.12226131558418274,-0.08198722451925278
behavioral,behavioral,cosine,dolly,5,seed_aligned,0,/weka/scratch/jhu/cpriebe1/MO/model-taxonomy/results/shared_cache/03_adapters/allenai--OLMo-2-0425-1B-Instruct/yahoo_025g1_025g2_050g3_n1000_s00_r16_i00_b5008_fea27ccee,25/25/50,-0.11134891957044601,0.00025826666387729347
behavioral,behavioral,cosine,dolly,5,seed_aligned,0,/weka/scratch/jhu/cpriebe1/MO/model-taxonomy/results/shared_cache/03_adapters/allenai--OLMo-2-0425-1B-Instruct/yahoo_025g1_000g2_075g3_n1000_s00_r16_i00_b5008_fea27ccee,25/0/75,-0.28773775696754456,0.05144800618290901
behavioral,behavioral,cosine,dolly,5,seed_aligned,0,/weka/scratch/jhu/cpriebe1/MO/model-taxonomy/results/shared_cache/03_adapters/allenai--OLMo-2-0425-1B-Instruct/yahoo_000g1_100g2_000g3_n1000_s00_r16_i00_b5008_fea27ccee,0/100/0,0.262908399105072,-0.20622235536575317
behavioral,behavioral,cosine,dolly,5,seed_aligned,0,/weka/scratch/jhu/cpriebe1/MO/model-taxonomy/results/shared_cache/03_adapters/allenai--OLMo-2-0425-1B-Instruct/yahoo_000g1_075g2_025g3_n1000_s00_r16_i00_b5008_fea27ccee,0/75/25,0.12174348533153534,-0.26245808601379395
behavioral,behavioral,cosine,dolly,5,seed_aligned,0,/weka/scratch/jhu/cpriebe1/MO/model-taxonomy/results/shared_cache/03_adapters/allenai--OLMo-2-0425-1B-Instruct/yahoo_000g1_050g2_050g3_n1000_s00_r16_i00_b5008_fea27ccee,0/50/50,-0.03399068862199783,-0.26355457305908203
behavioral,behavioral,cosine,dolly,5,seed_aligned,0,/weka/scratch/jhu/cpriebe1/MO/model-taxonomy/results/shared_cache/03_adapters/allenai--OLMo-2-0425-1B-Instruct/yahoo_000g1_025g2_075g3_n1000_s00_r16_i00_b5008_fea27ccee,0/25/75,-0.17678695917129517,-0.18984879553318024
behavioral,behavioral,cosine,dolly,5,seed_aligned,0,/weka/scratch/jhu/cpriebe1/MO/model-taxonomy/results/shared_cache/03_adapters/allenai--OLMo-2-0425-1B-Instruct/yahoo_000g1_000g2_100g3_n1000_s00_r16_i00_b5008_fea27ccee,0/0/100,-0.30881842970848083,-0.11148110032081604
behavioral,behavioral,cosine,dolly,10,pooled,-1,/weka/scratch/jhu/cpriebe1/MO/model-taxonomy/results/shared_cache/03_adapters/allenai--OLMo-2-0425-1B-Instruct/yahoo_100g1_000g2_000g3_n1000_s00_r16_i00_b5008_fea27ccee,100/0/0,-8.856375326165991e-17,0.2993793785572052
behavioral,behavioral,cosine,dolly,10,pooled,-1,/weka/scratch/jhu/cpriebe1/MO/model-taxonomy/results/shared_cache/03_adapters/allenai--OLMo-2-0425-1B-Instruct/yahoo_075g1_025g2_000g3_n1000_s00_r16_i00_b5008_fea27ccee,75/25/0,0.13813306391239166,0.22621801495552063
behavioral,behavioral,cosine,dolly,10,pooled,-1,/weka/scratch/jhu/cpriebe1/MO/model-taxonomy/results/shared_cache/03_adapters/allenai--OLMo-2-0425-1B-Instruct/yahoo_075g1_000g2_025g3_n1000_s00_r16_i00_b5008_fea27ccee,75/0/25,-0.12094919383525848,0.2171439677476883
behavioral,behavioral,cosine,dolly,10,pooled,-1,/weka/scratch/jhu/cpriebe1/MO/model-taxonomy/results/shared_cache/03_adapters/allenai--OLMo-2-0425-1B-Instruct/yahoo_050g1_050g2_000g3_n1000_s00_r16_i00_b5008_fea27ccee,50/50/0,0.21177411079406738,0.08837296813726425
behavioral,behavioral,cosine,dolly,10,pooled,-1,/weka/scratch/jhu/cpriebe1/MO/model-taxonomy/results/shared_cache/03_adapters/allenai--OLMo-2-0425-1B-Instruct/yahoo_050g1_025g2_025g3_n1000_s00_r16_i00_b5008_fea27ccee,50/25/25,0.020732013508677483,0.13980576395988464
behavioral,behavioral,cosine,dolly,10,pooled,-1,/weka/scratch/jhu/cpriebe1/MO/model-taxonomy/results/shared_cache/03_adapters/allenai--OLMo-2-0425-1B-Instruct/yahoo_050g1_000g2_050g3_n1000_s00_r16_i00_b5008_fea27ccee,50/0/50,-0.23249180614948273,0.1543971747159958
behavioral,behavioral,cosine,dolly,10,pooled,-1,/weka/scratch/jhu/cpriebe1/MO/model-taxonomy/results/shared_cache/03_adapters/allenai--OLMo-2-0425-1B-Instruct/yahoo_033g1_033g2_033g3_n1000_s00_r16_i00_b5008_fea27ccee,33/33/33,0.01968807727098465,-0.00525377131998539
behavioral,behavioral,cosine,dolly,10,pooled,-1,/weka/scratch/jhu/cpriebe1/MO/model-taxonomy/results/shared_cache/03_adapters/allenai--OLMo-2-0425-1B-Instruct/yahoo_025g1_075g2_000g3_n1000_s00_r16_i00_b5008_fea27ccee,25/75/0,0.23751652240753174,-0.12179175019264221
behavioral,behavioral,cosine,dolly,10,pooled,-1,/weka/scratch/jhu/cpriebe1/MO/model-taxonomy/results/shared_cache/03_adapters/allenai--OLMo-2-0425-1B-Instruct/yahoo_025g1_050g2_025g3_n1000_s00_r16_i00_b5008_fea27ccee,25/50/25,0.10098475962877274,-0.12062790244817734
behavioral,behavioral,cosine,dolly,10,pooled,-1,/weka/scratch/jhu/cpriebe1/MO/model-taxonomy/results/shared_cache/03_adapters/allenai--OLMo-2-0425-1B-Instruct/yahoo_025g1_025g2_050g3_n1000_s00_r16_i00_b5008_fea27ccee,25/25/50,-0.11154650151729584,-0.01374399196356535
behavioral,behavioral,cosine,dolly,10,pooled,-1,/weka/scratch/jhu/cpriebe1/MO/model-taxonomy/results/shared_cache/03_adapters/allenai--OLMo-2-0425-1B-Instruct/yahoo_025g1_000g2_075g3_n1000_s00_r16_i00_b5008_fea27ccee,25/0/75,-0.2705046534538269,0.021237630397081375
behavioral,behavioral,cosine,dolly,10,pooled,-1,/weka/scratch/jhu/cpriebe1/MO/model-taxonomy/results/shared_cache/03_adapters/allenai--OLMo-2-0425-1B-Instruct/yahoo_000g1_100g2_000g3_n1000_s00_r16_i00_b5008_fea27ccee,0/100/0,0.3360104262828827,-0.04753205552697182
behavioral,behavioral,cosine,dolly,10,pooled,-1,/weka/scratch/jhu/cpriebe1/MO/model-taxonomy/results/shared_cache/03_adapters/allenai--OLMo-2-0425-1B-Instruct/yahoo_000g1_075g2_025g3_n1000_s00_r16_i00_b5008_fea27ccee,0/75/25,0.15661680698394775,-0.27548718452453613
behavioral,behavioral,cosine,dolly,10,pooled,-1,/weka/scratch/jhu/cpriebe1/MO/model-taxonomy/results/shared_cache/03_adapters/allenai--OLMo-2-0425-1B-Instruct/yahoo_000g1_050g2_050g3_n1000_s00_r16_i00_b5008_fea27ccee,0/50/50,-0.022701216861605644,-0.2509111166000366
behavioral,behavioral,cosine,dolly,10,pooled,-1,/weka/scratch/jhu/cpriebe1/MO/model-taxonomy/results/shared_cache/03_adapters/allenai--OLMo-2-0425-1B-Instruct/yahoo_000g1_025g2_075g3_n1000_s00_r16_i00_b5008_fea27ccee,0/25/75,-0.17039167881011963,-0.1934024542570114
behavioral,behavioral,cosine,dolly,10,pooled,-1,/weka/scratch/jhu/cpriebe1/MO/model-taxonomy/results/shared_cache/03_adapters/allenai--OLMo-2-0425-1B-Instruct/yahoo_000g1_000g2_100g3_n1000_s00_r16_i00_b5008_fea27ccee,0/0/100,-0.29287073016166687,-0.11780469864606857
behavioral,behavioral,cosine,dolly,10,mean,-1,/weka/scratch/jhu/cpriebe1/MO/model-taxonomy/results/shared_cache/03_adapters/allenai--OLMo-2-0425-1B-Instruct/yahoo_100g1_000g2_000g3_n1000_s00_r16_i00_b5008_fea27ccee,100/0/0,-8.856375326165991e-17,0.2993793785572052
behavioral,behavioral,cosine,dolly,10,mean,-1,/weka/scratch/jhu/cpriebe1/MO/model-taxonomy/results/shared_cache/03_adapters/allenai--OLMo-2-0425-1B-Instruct/yahoo_075g1_025g2_000g3_n1000_s00_r16_i00_b5008_fea27ccee,75/25/0,0.13813306391239166,0.22621801495552063
behavioral,behavioral,cosine,dolly,10,mean,-1,/weka/scratch/jhu/cpriebe1/MO/model-taxonomy/results/shared_cache/03_adapters/allenai--OLMo-2-0425-1B-Instruct/yahoo_075g1_000g2_025g3_n1000_s00_r16_i00_b5008_fea27ccee,75/0/25,-0.12094919383525848,0.2171439677476883
behavioral,behavioral,cosine,dolly,10,mean,-1,/weka/scratch/jhu/cpriebe1/MO/model-taxonomy/results/shared_cache/03_adapters/allenai--OLMo-2-0425-1B-Instruct/yahoo_050g1_050g2_000g3_n1000_s00_r16_i00_b5008_fea27ccee,50/50/0,0.21177411079406738,0.08837296813726425
behavioral,behavioral,cosine,dolly,10,mean,-1,/weka/scratch/jhu/cpriebe1/MO/model-taxonomy/results/shared_cache/03_adapters/allenai--OLMo-2-0425-1B-Instruct/yahoo_050g1_025g2_025g3_n1000_s00_r16_i00_b5008_fea27ccee,50/25/25,0.020732013508677483,0.13980576395988464
behavioral,behavioral,cosine,dolly,10,mean,-1,/weka/scratch/jhu/cpriebe1/MO/model-taxonomy/results/shared_cache/03_adapters/allenai--OLMo-2-0425-1B-Instruct/yahoo_050g1_000g2_050g3_n1000_s00_r16_i00_b5008_fea27ccee,50/0/50,-0.23249180614948273,0.1543971747159958
behavioral,behavioral,cosine,dolly,10,mean,-1,/weka/scratch/jhu/cpriebe1/MO/model-taxonomy/results/shared_cache/03_adapters/allenai--OLMo-2-0425-1B-Instruct/yahoo_033g1_033g2_033g3_n1000_s00_r16_i00_b5008_fea27ccee,33/33/33,0.01968807727098465,-0.00525377131998539
behavioral,behavioral,cosine,dolly,10,mean,-1,/weka/scratch/jhu/cpriebe1/MO/model-taxonomy/results/shared_cache/03_adapters/allenai--OLMo-2-0425-1B-Instruct/yahoo_025g1_075g2_000g3_n1000_s00_r16_i00_b5008_fea27ccee,25/75/0,0.23751652240753174,-0.12179175019264221
behavioral,behavioral,cosine,dolly,10,mean,-1,/weka/scratch/jhu/cpriebe1/MO/model-taxonomy/results/shared_cache/03_adapters/allenai--OLMo-2-0425-1B-Instruct/yahoo_025g1_050g2_025g3_n1000_s00_r16_i00_b5008_fea27ccee,25/50/25,0.10098475962877274,-0.12062790244817734
behavioral,behavioral,cosine,dolly,10,mean,-1,/weka/scratch/jhu/cpriebe1/MO/model-taxonomy/results/shared_cache/03_adapters/allenai--OLMo-2-0425-1B-Instruct/yahoo_025g1_025g2_050g3_n1000_s00_r16_i00_b5008_fea27ccee,25/25/50,-0.11154650151729584,-0.01374399196356535
behavioral,behavioral,cosine,dolly,10,mean,-1,/weka/scratch/jhu/cpriebe1/MO/model-taxonomy/results/shared_cache/03_adapters/allenai--OLMo-2-0425-1B-Instruct/yahoo_025g1_000g2_075g3_n1000_s00_r16_i00_b5008_fea27ccee,25/0/75,-0.2705046534538269,0.021237630397081375
behavioral,behavioral,cosine,dolly,10,mean,-1,/weka/scratch/jhu/cpriebe1/MO/model-taxonomy/results/shared_cache/03_adapters/allenai--OLMo-2-0425-1B-Instruct/yahoo_000g1_100g2_000g3_n1000_s00_r16_i00_b5008_fea27ccee,0/100/0,0.3360104262828827,-0.04753205552697182
behavioral,behavioral,cosine,dolly,10,mean,-1,/weka/scratch/jhu/cpriebe1/MO/model-taxonomy/results/shared_cache/03_adapters/allenai--OLMo-2-0425-1B-Instruct/yahoo_000g1_075g2_025g3_n1000_s00_r16_i00_b5008_fea27ccee,0/75/25,0.15661680698394775,-0.27548718452453613
behavioral,behavioral,cosine,dolly,10,mean,-1,/weka/scratch/jhu/cpriebe1/MO/model-taxonomy/results/shared_cache/03_adapters/allenai--OLMo-2-0425-1B-Instruct/yahoo_000g1_050g2_050g3_n1000_s00_r16_i00_b5008_fea27ccee,0/50/50,-0.022701216861605644,-0.2509111166000366
behavioral,behavioral,cosine,dolly,10,mean,-1,/weka/scratch/jhu/cpriebe1/MO/model-taxonomy/results/shared_cache/03_adapters/allenai--OLMo-2-0425-1B-Instruct/yahoo_000g1_025g2_075g3_n1000_s00_r16_i00_b5008_fea27ccee,0/25/75,-0.17039167881011963,-0.1934024542570114
behavioral,behavioral,cosine,dolly,10,mean,-1,/weka/scratch/jhu/cpriebe1/MO/model-taxonomy/results/shared_cache/03_adapters/allenai--OLMo-2-0425-1B-Instruct/yahoo_000g1_000g2_100g3_n1000_s00_r16_i00_b5008_fea27ccee,0/0/100,-0.29287073016166687,-0.11780469864606857
behavioral,behavioral,cosine,dolly,10,seed_aligned,0,/weka/scratch/jhu/cpriebe1/MO/model-taxonomy/results/shared_cache/03_adapters/allenai--OLMo-2-0425-1B-Instruct/yahoo_100g1_000g2_000g3_n1000_s00_r16_i00_b5008_fea27ccee,100/0/0,-8.856375326165991e-17,0.2993793785572052
behavioral,behavioral,cosine,dolly,10,seed_aligned,0,/weka/scratch/jhu/cpriebe1/MO/model-taxonomy/results/shared_cache/03_adapters/allenai--OLMo-2-0425-1B-Instruct/yahoo_075g1_025g2_000g3_n1000_s00_r16_i00_b5008_fea27ccee,75/25/0,0.13813306391239166,0.22621801495552063
behavioral,behavioral,cosine,dolly,10,seed_aligned,0,/weka/scratch/jhu/cpriebe1/MO/model-taxonomy/results/shared_cache/03_adapters/allenai--OLMo-2-0425-1B-Instruct/yahoo_075g1_000g2_025g3_n1000_s00_r16_i00_b5008_fea27ccee,75/0/25,-0.12094919383525848,0.2171439677476883
behavioral,behavioral,cosine,dolly,10,seed_aligned,0,/weka/scratch/jhu/cpriebe1/MO/model-taxonomy/results/shared_cache/03_adapters/allenai--OLMo-2-0425-1B-Instruct/yahoo_050g1_050g2_000g3_n1000_s00_r16_i00_b5008_fea27ccee,50/50/0,0.21177411079406738,0.08837296813726425
behavioral,behavioral,cosine,dolly,10,seed_aligned,0,/weka/scratch/jhu/cpriebe1/MO/model-taxonomy/results/shared_cache/03_adapters/allenai--OLMo-2-0425-1B-Instruct/yahoo_050g1_025g2_025g3_n1000_s00_r16_i00_b5008_fea27ccee,50/25/25,0.020732013508677483,0.13980576395988464
behavioral,behavioral,cosine,dolly,10,seed_aligned,0,/weka/scratch/jhu/cpriebe1/MO/model-taxonomy/results/shared_cache/03_adapters/allenai--OLMo-2-0425-1B-Instruct/yahoo_050g1_000g2_050g3_n1000_s00_r16_i00_b5008_fea27ccee,50/0/50,-0.23249180614948273,0.1543971747159958
behavioral,behavioral,cosine,dolly,10,seed_aligned,0,/weka/scratch/jhu/cpriebe1/MO/model-taxonomy/results/shared_cache/03_adapters/allenai--OLMo-2-0425-1B-Instruct/yahoo_033g1_033g2_033g3_n1000_s00_r16_i00_b5008_fea27ccee,33/33/33,0.01968807727098465,-0.00525377131998539
behavioral,behavioral,cosine,dolly,10,seed_aligned,0,/weka/scratch/jhu/cpriebe1/MO/model-taxonomy/results/shared_cache/03_adapters/allenai--OLMo-2-0425-1B-Instruct/yahoo_025g1_075g2_000g3_n1000_s00_r16_i00_b5008_fea27ccee,25/75/0,0.23751652240753174,-0.12179175019264221
behavioral,behavioral,cosine,dolly,10,seed_aligned,0,/weka/scratch/jhu/cpriebe1/MO/model-taxonomy/results/shared_cache/03_adapters/allenai--OLMo-2-0425-1B-Instruct/yahoo_025g1_050g2_025g3_n1000_s00_r16_i00_b5008_fea27ccee,25/50/25,0.10098475962877274,-0.12062790244817734
behavioral,behavioral,cosine,dolly,10,seed_aligned,0,/weka/scratch/jhu/cpriebe1/MO/model-taxonomy/results/shared_cache/03_adapters/allenai--OLMo-2-0425-1B-Instruct/yahoo_025g1_025g2_050g3_n1000_s00_r16_i00_b5008_fea27ccee,25/25/50,-0.11154650151729584,-0.01374399196356535
behavioral,behavioral,cosine,dolly,10,seed_aligned,0,/weka/scratch/jhu/cpriebe1/MO/model-taxonomy/results/shared_cache/03_adapters/allenai--OLMo-2-0425-1B-Instruct/yahoo_025g1_000g2_075g3_n1000_s00_r16_i00_b5008_fea27ccee,25/0/75,-0.2705046534538269,0.021237630397081375
behavioral,behavioral,cosine,dolly,10,seed_aligned,0,/weka/scratch/jhu/cpriebe1/MO/model-taxonomy/results/shared_cache/03_adapters/allenai--OLMo-2-0425-1B-Instruct/yahoo_000g1_100g2_000g3_n1000_s00_r16_i00_b5008_fea27ccee,0/100/0,0.3360104262828827,-0.04753205552697182
behavioral,behavioral,cosine,dolly,10,seed_aligned,0,/weka/scratch/jhu/cpriebe1/MO/model-taxonomy/results/shared_cache/03_adapters/allenai--OLMo-2-0425-1B-Instruct/yahoo_000g1_075g2_025g3_n1000_s00_r16_i00_b5008_fea27ccee,0/75/25,0.15661680698394775,-0.27548718452453613
behavioral,behavioral,cosine,dolly,10,seed_aligned,0,/weka/scratch/jhu/cpriebe1/MO/model-taxonomy/results/shared_cache/03_adapters/allenai--OLMo-2-0425-1B-Instruct/yahoo_000g1_050g2_050g3_n1000_s00_r16_i00_b5008_fea27ccee,0/50/50,-0.022701216861605644,-0.2509111166000366
behavioral,behavioral,cosine,dolly,10,seed_aligned,0,/weka/scratch/jhu/cpriebe1/MO/model-taxonomy/results/shared_cache/03_adapters/allenai--OLMo-2-0425-1B-Instruct/yahoo_000g1_025g2_075g3_n1000_s00_r16_i00_b5008_fea27ccee,0/25/75,-0.17039167881011963,-0.1934024542570114
behavioral,behavioral,cosine,dolly,10,seed_aligned,0,/weka/scratch/jhu/cpriebe1/MO/model-taxonomy/results/shared_cache/03_adapters/allenai--OLMo-2-0425-1B-Instruct/yahoo_000g1_000g2_100g3_n1000_s00_r16_i00_b5008_fea27ccee,0/0/100,-0.29287073016166687,-0.11780469864606857
behavioral,behavioral,cosine,dolly,20,pooled,-1,/weka/scratch/jhu/cpriebe1/MO/model-taxonomy/results/shared_cache/03_adapters/allenai--OLMo-2-0425-1B-Instruct/yahoo_100g1_000g2_000g3_n1000_s00_r16_i00_b5008_fea27ccee,100/0/0,-4.073002925497626e-17,0.30059733986854553
behavioral,behavioral,cosine,dolly,20,pooled,-1,/weka/scratch/jhu/cpriebe1/MO/model-taxonomy/results/shared_cache/03_adapters/allenai--OLMo-2-0425-1B-Instruct/yahoo_075g1_025g2_000g3_n1000_s00_r16_i00_b5008_fea27ccee,75/25/0,0.1516556292772293,0.22921176254749298
behavioral,behavioral,cosine,dolly,20,pooled,-1,/weka/scratch/jhu/cpriebe1/MO/model-taxonomy/results/shared_cache/03_adapters/allenai--OLMo-2-0425-1B-Instruct/yahoo_075g1_000g2_025g3_n1000_s00_r16_i00_b5008_fea27ccee,75/0/25,-0.09221827983856201,0.205648735165596
behavioral,behavioral,cosine,dolly,20,pooled,-1,/weka/scratch/jhu/cpriebe1/MO/model-taxonomy/results/shared_cache/03_adapters/allenai--OLMo-2-0425-1B-Instruct/yahoo_050g1_050g2_000g3_n1000_s00_r16_i00_b5008_fea27ccee,50/50/0,0.24112889170646667,0.08195479959249496
behavioral,behavioral,cosine,dolly,20,pooled,-1,/weka/scratch/jhu/cpriebe1/MO/model-taxonomy/results/shared_cache/03_adapters/allenai--OLMo-2-0425-1B-Instruct/yahoo_050g1_025g2_025g3_n1000_s00_r16_i00_b5008_fea27ccee,50/25/25,0.09064982086420059,0.13844916224479675
behavioral,behavioral,cosine,dolly,20,pooled,-1,/weka/scratch/jhu/cpriebe1/MO/model-taxonomy/results/shared_cache/03_adapters/allenai--OLMo-2-0425-1B-Instruct/yahoo_050g1_000g2_050g3_n1000_s00_r16_i00_b5008_fea27ccee,50/0/50,-0.20512250065803528,0.1703869104385376
behavioral,behavioral,cosine,dolly,20,pooled,-1,/weka/scratch/jhu/cpriebe1/MO/model-taxonomy/results/shared_cache/03_adapters/allenai--OLMo-2-0425-1B-Instruct/yahoo_033g1_033g2_033g3_n1000_s00_r16_i00_b5008_fea27ccee,33/33/33,0.008921670727431774,0.010484524071216583
behavioral,behavioral,cosine,dolly,20,pooled,-1,/weka/scratch/jhu/cpriebe1/MO/model-taxonomy/results/shared_cache/03_adapters/allenai--OLMo-2-0425-1B-Instruct/yahoo_025g1_075g2_000g3_n1000_s00_r16_i00_b5008_fea27ccee,25/75/0,0.26101192831993103,-0.05869242921471596
behavioral,behavioral,cosine,dolly,20,pooled,-1,/weka/scratch/jhu/cpriebe1/MO/model-taxonomy/results/shared_cache/03_adapters/allenai--OLMo-2-0425-1B-Instruct/yahoo_025g1_050g2_025g3_n1000_s00_r16_i00_b5008_fea27ccee,25/50/25,0.12470363080501556,-0.08189638704061508
behavioral,behavioral,cosine,dolly,20,pooled,-1,/weka/scratch/jhu/cpriebe1/MO/model-taxonomy/results/shared_cache/03_adapters/allenai--OLMo-2-0425-1B-Instruct/yahoo_025g1_025g2_050g3_n1000_s00_r16_i00_b5008_fea27ccee,25/25/50,-0.12178565561771393,-0.046184659004211426
behavioral,behavioral,cosine,dolly,20,pooled,-1,/weka/scratch/jhu/cpriebe1/MO/model-taxonomy/results/shared_cache/03_adapters/allenai--OLMo-2-0425-1B-Instruct/yahoo_025g1_000g2_075g3_n1000_s00_r16_i00_b5008_fea27ccee,25/0/75,-0.270648330450058,0.05182440206408501
behavioral,behavioral,cosine,dolly,20,pooled,-1,/weka/scratch/jhu/cpriebe1/MO/model-taxonomy/results/shared_cache/03_adapters/allenai--OLMo-2-0425-1B-Instruct/yahoo_000g1_100g2_000g3_n1000_s00_r16_i00_b5008_fea27ccee,0/100/0,0.2496681660413742,-0.22844073176383972
behavioral,behavioral,cosine,dolly,20,pooled,-1,/weka/scratch/jhu/cpriebe1/MO/model-taxonomy/results/shared_cache/03_adapters/allenai--OLMo-2-0425-1B-Instruct/yahoo_000g1_075g2_025g3_n1000_s00_r16_i00_b5008_fea27ccee,0/75/25,0.09401995688676834,-0.27827176451683044
behavioral,behavioral,cosine,dolly,20,pooled,-1,/weka/scratch/jhu/cpriebe1/MO/model-taxonomy/results/shared_cache/03_adapters/allenai--OLMo-2-0425-1B-Instruct/yahoo_000g1_050g2_050g3_n1000_s00_r16_i00_b5008_fea27ccee,0/50/50,-0.026959629729390144,-0.22459648549556732
behavioral,behavioral,cosine,dolly,20,pooled,-1,/weka/scratch/jhu/cpriebe1/MO/model-taxonomy/results/shared_cache/03_adapters/allenai--OLMo-2-0425-1B-Instruct/yahoo_000g1_025g2_075g3_n1000_s00_r16_i00_b5008_fea27ccee,0/25/75,-0.18207783997058868,-0.1945875883102417
behavioral,behavioral,cosine,dolly,20,pooled,-1,/weka/scratch/jhu/cpriebe1/MO/model-taxonomy/results/shared_cache/03_adapters/allenai--OLMo-2-0425-1B-Instruct/yahoo_000g1_000g2_100g3_n1000_s00_r16_i00_b5008_fea27ccee,0/0/100,-0.3229474425315857,-0.07588757574558258
behavioral,behavioral,cosine,dolly,20,mean,-1,/weka/scratch/jhu/cpriebe1/MO/model-taxonomy/results/shared_cache/03_adapters/allenai--OLMo-2-0425-1B-Instruct/yahoo_100g1_000g2_000g3_n1000_s00_r16_i00_b5008_fea27ccee,100/0/0,-4.073002925497626e-17,0.30059733986854553
behavioral,behavioral,cosine,dolly,20,mean,-1,/weka/scratch/jhu/cpriebe1/MO/model-taxonomy/results/shared_cache/03_adapters/allenai--OLMo-2-0425-1B-Instruct/yahoo_075g1_025g2_000g3_n1000_s00_r16_i00_b5008_fea27ccee,75/25/0,0.1516556292772293,0.22921176254749298
behavioral,behavioral,cosine,dolly,20,mean,-1,/weka/scratch/jhu/cpriebe1/MO/model-taxonomy/results/shared_cache/03_adapters/allenai--OLMo-2-0425-1B-Instruct/yahoo_075g1_000g2_025g3_n1000_s00_r16_i00_b5008_fea27ccee,75/0/25,-0.09221827983856201,0.205648735165596
behavioral,behavioral,cosine,dolly,20,mean,-1,/weka/scratch/jhu/cpriebe1/MO/model-taxonomy/results/shared_cache/03_adapters/allenai--OLMo-2-0425-1B-Instruct/yahoo_050g1_050g2_000g3_n1000_s00_r16_i00_b5008_fea27ccee,50/50/0,0.24112889170646667,0.08195479959249496
behavioral,behavioral,cosine,dolly,20,mean,-1,/weka/scratch/jhu/cpriebe1/MO/model-taxonomy/results/shared_cache/03_adapters/allenai--OLMo-2-0425-1B-Instruct/yahoo_050g1_025g2_025g3_n1000_s00_r16_i00_b5008_fea27ccee,50/25/25,0.09064982086420059,0.13844916224479675
behavioral,behavioral,cosine,dolly,20,mean,-1,/weka/scratch/jhu/cpriebe1/MO/model-taxonomy/results/shared_cache/03_adapters/allenai--OLMo-2-0425-1B-Instruct/yahoo_050g1_000g2_050g3_n1000_s00_r16_i00_b5008_fea27ccee,50/0/50,-0.20512250065803528,0.1703869104385376
behavioral,behavioral,cosine,dolly,20,mean,-1,/weka/scratch/jhu/cpriebe1/MO/model-taxonomy/results/shared_cache/03_adapters/allenai--OLMo-2-0425-1B-Instruct/yahoo_033g1_033g2_033g3_n1000_s00_r16_i00_b5008_fea27ccee,33/33/33,0.008921670727431774,0.010484524071216583
behavioral,behavioral,cosine,dolly,20,mean,-1,/weka/scratch/jhu/cpriebe1/MO/model-taxonomy/results/shared_cache/03_adapters/allenai--OLMo-2-0425-1B-Instruct/yahoo_025g1_075g2_000g3_n1000_s00_r16_i00_b5008_fea27ccee,25/75/0,0.26101192831993103,-0.05869242921471596
behavioral,behavioral,cosine,dolly,20,mean,-1,/weka/scratch/jhu/cpriebe1/MO/model-taxonomy/results/shared_cache/03_adapters/allenai--OLMo-2-0425-1B-Instruct/yahoo_025g1_050g2_025g3_n1000_s00_r16_i00_b5008_fea27ccee,25/50/25,0.12470363080501556,-0.08189638704061508
behavioral,behavioral,cosine,dolly,20,mean,-1,/weka/scratch/jhu/cpriebe1/MO/model-taxonomy/results/shared_cache/03_adapters/allenai--OLMo-2-0425-1B-Instruct/yahoo_025g1_025g2_050g3_n1000_s00_r16_i00_b5008_fea27ccee,25/25/50,-0.12178565561771393,-0.046184659004211426
behavioral,behavioral,cosine,dolly,20,mean,-1,/weka/scratch/jhu/cpriebe1/MO/model-taxonomy/results/shared_cache/03_adapters/allenai--OLMo-2-0425-1B-Instruct/yahoo_025g1_000g2_075g3_n1000_s00_r16_i00_b5008_fea27ccee,25/0/75,-0.270648330450058,0.05182440206408501
behavioral,behavioral,cosine,dolly,20,mean,-1,/weka/scratch/jhu/cpriebe1/MO/model-taxonomy/results/shared_cache/03_adapters/allenai--OLMo-2-0425-1B-Instruct/yahoo_000g1_100g2_000g3_n1000_s00_r16_i00_b5008_fea27ccee,0/100/0,0.2496681660413742,-0.22844073176383972
behavioral,behavioral,cosine,dolly,20,mean,-1,/weka/scratch/jhu/cpriebe1/MO/model-taxonomy/results/shared_cache/03_adapters/allenai--OLMo-2-0425-1B-Instruct/yahoo_000g1_075g2_025g3_n1000_s00_r16_i00_b5008_fea27ccee,0/75/25,0.09401995688676834,-0.27827176451683044
behavioral,behavioral,cosine,dolly,20,mean,-1,/weka/scratch/jhu/cpriebe1/MO/model-taxonomy/results/shared_cache/03_adapters/allenai--OLMo-2-0425-1B-Instruct/yahoo_000g1_050g2_050g3_n1000_s00_r16_i00_b5008_fea27ccee,0/50/50,-0.026959629729390144,-0.22459648549556732
behavioral,behavioral,cosine,dolly,20,mean,-1,/weka/scratch/jhu/cpriebe1/MO/model-taxonomy/results/shared_cache/03_adapters/allenai--OLMo-2-0425-1B-Instruct/yahoo_000g1_025g2_075g3_n1000_s00_r16_i00_b5008_fea27ccee,0/25/75,-0.18207783997058868,-0.1945875883102417
behavioral,behavioral,cosine,dolly,20,mean,-1,/weka/scratch/jhu/cpriebe1/MO/model-taxonomy/results/shared_cache/03_adapters/allenai--OLMo-2-0425-1B-Instruct/yahoo_000g1_000g2_100g3_n1000_s00_r16_i00_b5008_fea27ccee,0/0/100,-0.3229474425315857,-0.07588757574558258
behavioral,behavioral,cosine,dolly,20,seed_aligned,0,/weka/scratch/jhu/cpriebe1/MO/model-taxonomy/results/shared_cache/03_adapters/allenai--OLMo-2-0425-1B-Instruct/yahoo_100g1_000g2_000g3_n1000_s00_r16_i00_b5008_fea27ccee,100/0/0,-4.073002925497626e-17,0.30059733986854553
behavioral,behavioral,cosine,dolly,20,seed_aligned,0,/weka/scratch/jhu/cpriebe1/MO/model-taxonomy/results/shared_cache/03_adapters/allenai--OLMo-2-0425-1B-Instruct/yahoo_075g1_025g2_000g3_n1000_s00_r16_i00_b5008_fea27ccee,75/25/0,0.1516556292772293,0.22921176254749298
behavioral,behavioral,cosine,dolly,20,seed_aligned,0,/weka/scratch/jhu/cpriebe1/MO/model-taxonomy/results/shared_cache/03_adapters/allenai--OLMo-2-0425-1B-Instruct/yahoo_075g1_000g2_025g3_n1000_s00_r16_i00_b5008_fea27ccee,75/0/25,-0.09221827983856201,0.205648735165596
behavioral,behavioral,cosine,dolly,20,seed_aligned,0,/weka/scratch/jhu/cpriebe1/MO/model-taxonomy/results/shared_cache/03_adapters/allenai--OLMo-2-0425-1B-Instruct/yahoo_050g1_050g2_000g3_n1000_s00_r16_i00_b5008_fea27ccee,50/50/0,0.24112889170646667,0.08195479959249496
behavioral,behavioral,cosine,dolly,20,seed_aligned,0,/weka/scratch/jhu/cpriebe1/MO/model-taxonomy/results/shared_cache/03_adapters/allenai--OLMo-2-0425-1B-Instruct/yahoo_050g1_025g2_025g3_n1000_s00_r16_i00_b5008_fea27ccee,50/25/25,0.09064982086420059,0.13844916224479675
behavioral,behavioral,cosine,dolly,20,seed_aligned,0,/weka/scratch/jhu/cpriebe1/MO/model-taxonomy/results/shared_cache/03_adapters/allenai--OLMo-2-0425-1B-Instruct/yahoo_050g1_000g2_050g3_n1000_s00_r16_i00_b5008_fea27ccee,50/0/50,-0.20512250065803528,0.1703869104385376
behavioral,behavioral,cosine,dolly,20,seed_aligned,0,/weka/scratch/jhu/cpriebe1/MO/model-taxonomy/results/shared_cache/03_adapters/allenai--OLMo-2-0425-1B-Instruct/yahoo_033g1_033g2_033g3_n1000_s00_r16_i00_b5008_fea27ccee,33/33/33,0.008921670727431774,0.010484524071216583
behavioral,behavioral,cosine,dolly,20,seed_aligned,0,/weka/scratch/jhu/cpriebe1/MO/model-taxonomy/results/shared_cache/03_adapters/allenai--OLMo-2-0425-1B-Instruct/yahoo_025g1_075g2_000g3_n1000_s00_r16_i00_b5008_fea27ccee,25/75/0,0.26101192831993103,-0.05869242921471596
behavioral,behavioral,cosine,dolly,20,seed_aligned,0,/weka/scratch/jhu/cpriebe1/MO/model-taxonomy/results/shared_cache/03_adapters/allenai--OLMo-2-0425-1B-Instruct/yahoo_025g1_050g2_025g3_n1000_s00_r16_i00_b5008_fea27ccee,25/50/25,0.12470363080501556,-0.08189638704061508
behavioral,behavioral,cosine,dolly,20,seed_aligned,0,/weka/scratch/jhu/cpriebe1/MO/model-taxonomy/results/shared_cache/03_adapters/allenai--OLMo-2-0425-1B-Instruct/yahoo_025g1_025g2_050g3_n1000_s00_r16_i00_b5008_fea27ccee,25/25/50,-0.12178565561771393,-0.046184659004211426
behavioral,behavioral,cosine,dolly,20,seed_aligned,0,/weka/scratch/jhu/cpriebe1/MO/model-taxonomy/results/shared_cache/03_adapters/allenai--OLMo-2-0425-1B-Instruct/yahoo_025g1_000g2_075g3_n1000_s00_r16_i00_b5008_fea27ccee,25/0/75,-0.270648330450058,0.05182440206408501
behavioral,behavioral,cosine,dolly,20,seed_aligned,0,/weka/scratch/jhu/cpriebe1/MO/model-taxonomy/results/shared_cache/03_adapters/allenai--OLMo-2-0425-1B-Instruct/yahoo_000g1_100g2_000g3_n1000_s00_r16_i00_b5008_fea27ccee,0/100/0,0.2496681660413742,-0.22844073176383972
behavioral,behavioral,cosine,dolly,20,seed_aligned,0,/weka/scratch/jhu/cpriebe1/MO/model-taxonomy/results/shared_cache/03_adapters/allenai--OLMo-2-0425-1B-Instruct/yahoo_000g1_075g2_025g3_n1000_s00_r16_i00_b5008_fea27ccee,0/75/25,0.09401995688676834,-0.27827176451683044
behavioral,behavioral,cosine,dolly,20,seed_aligned,0,/weka/scratch/jhu/cpriebe1/MO/model-taxonomy/results/shared_cache/03_adapters/allenai--OLMo-2-0425-1B-Instruct/yahoo_000g1_050g2_050g3_n1000_s00_r16_i00_b5008_fea27ccee,0/50/50,-0.026959629729390144,-0.22459648549556732
behavioral,behavioral,cosine,dolly,20,seed_aligned,0,/weka/scratch/jhu/cpriebe1/MO/model-taxonomy/results/shared_cache/03_adapters/allenai--OLMo-2-0425-1B-Instruct/yahoo_000g1_025g2_075g3_n1000_s00_r16_i00_b5008_fea27ccee,0/25/75,-0.18207783997058868,-0.1945875883102417
behavioral,behavioral,cosine,dolly,20,seed_aligned,0,/weka/scratch/jhu/cpriebe1/MO/model-taxonomy/results/shared_cache/03_adapters/allenai--OLMo-2-0425-1B-Instruct/yahoo_000g1_000g2_100g3_n1000_s00_r16_i00_b5008_fea27ccee,0/0/100,-0.3229474425315857,-0.07588757574558258
behavioral,behavioral,cosine,dolly,50,pooled,-1,/weka/scratch/jhu/cpriebe1/MO/model-taxonomy/results/shared_cache/03_adapters/allenai--OLMo-2-0425-1B-Instruct/yahoo_100g1_000g2_000g3_n1000_s00_r16_i00_b5008_fea27ccee,100/0/0,-3.151625962637265e-17,0.3022351562976837
behavioral,behavioral,cosine,dolly,50,pooled,-1,/weka/scratch/jhu/cpriebe1/MO/model-taxonomy/results/shared_cache/03_adapters/allenai--OLMo-2-0425-1B-Instruct/yahoo_075g1_025g2_000g3_n1000_s00_r16_i00_b5008_fea27ccee,75/25/0,0.11222556978464127,0.23104184865951538
behavioral,behavioral,cosine,dolly,50,pooled,-1,/weka/scratch/jhu/cpriebe1/MO/model-taxonomy/results/shared_cache/03_adapters/allenai--OLMo-2-0425-1B-Instruct/yahoo_075g1_000g2_025g3_n1000_s00_r16_i00_b5008_fea27ccee,75/0/25,-0.14345820248126984,0.20139144361019135
behavioral,behavioral,cosine,dolly,50,pooled,-1,/weka/scratch/jhu/cpriebe1/MO/model-taxonomy/results/shared_cache/03_adapters/allenai--OLMo-2-0425-1B-Instruct/yahoo_050g1_050g2_000g3_n1000_s00_r16_i00_b5008_fea27ccee,50/50/0,0.21287409961223602,0.13636420667171478
behavioral,behavioral,cosine,dolly,50,pooled,-1,/weka/scratch/jhu/cpriebe1/MO/model-taxonomy/results/shared_cache/03_adapters/allenai--OLMo-2-0425-1B-Instruct/yahoo_050g1_025g2_025g3_n1000_s00_r16_i00_b5008_fea27ccee,50/25/25,-0.017052264884114265,0.13511249423027039
behavioral,behavioral,cosine,dolly,50,pooled,-1,/weka/scratch/jhu/cpriebe1/MO/model-taxonomy/results/shared_cache/03_adapters/allenai--OLMo-2-0425-1B-Instruct/yahoo_050g1_000g2_050g3_n1000_s00_r16_i00_b5008_fea27ccee,50/0/50,-0.24663951992988586,0.12607279419898987
behavioral,behavioral,cosine,dolly,50,pooled,-1,/weka/scratch/jhu/cpriebe1/MO/model-taxonomy/results/shared_cache/03_adapters/allenai--OLMo-2-0425-1B-Instruct/yahoo_033g1_033g2_033g3_n1000_s00_r16_i00_b5008_fea27ccee,33/33/33,0.016716385260224342,-0.010963617824018002
behavioral,behavioral,cosine,dolly,50,pooled,-1,/weka/scratch/jhu/cpriebe1/MO/model-taxonomy/results/shared_cache/03_adapters/allenai--OLMo-2-0425-1B-Instruct/yahoo_025g1_075g2_000g3_n1000_s00_r16_i00_b5008_fea27ccee,25/75/0,0.2757045030593872,0.020611807703971863
behavioral,behavioral,cosine,dolly,50,pooled,-1,/weka/scratch/jhu/cpriebe1/MO/model-taxonomy/results/shared_cache/03_adapters/allenai--OLMo-2-0425-1B-Instruct/yahoo_025g1_050g2_025g3_n1000_s00_r16_i00_b5008_fea27ccee,25/50/25,0.12627555429935455,-0.0774223804473877
behavioral,behavioral,cosine,dolly,50,pooled,-1,/weka/scratch/jhu/cpriebe1/MO/model-taxonomy/results/shared_cache/03_adapters/allenai--OLMo-2-0425-1B-Instruct/yahoo_025g1_025g2_050g3_n1000_s00_r16_i00_b5008_fea27ccee,25/25/50,-0.11861421167850494,-0.07005908340215683
behavioral,behavioral,cosine,dolly,50,pooled,-1,/weka/scratch/jhu/cpriebe1/MO/model-taxonomy/results/shared_cache/03_adapters/allenai--OLMo-2-0425-1B-Instruct/yahoo_025g1_000g2_075g3_n1000_s00_r16_i00_b5008_fea27ccee,25/0/75,-0.2849426865577698,-0.002056555123999715
behavioral,behavioral,cosine,dolly,50,pooled,-1,/weka/scratch/jhu/cpriebe1/MO/model-taxonomy/results/shared_cache/03_adapters/allenai--OLMo-2-0425-1B-Instruct/yahoo_000g1_100g2_000g3_n1000_s00_r16_i00_b5008_fea27ccee,0/100/0,0.29865002632141113,-0.13080082833766937
behavioral,behavioral,cosine,dolly,50,pooled,-1,/weka/scratch/jhu/cpriebe1/MO/model-taxonomy/results/shared_cache/03_adapters/allenai--OLMo-2-0425-1B-Instruct/yahoo_000g1_075g2_025g3_n1000_s00_r16_i00_b5008_fea27ccee,0/75/25,0.16600260138511658,-0.24083393812179565
behavioral,behavioral,cosine,dolly,50,pooled,-1,/weka/scratch/jhu/cpriebe1/MO/model-taxonomy/results/shared_cache/03_adapters/allenai--OLMo-2-0425-1B-Instruct/yahoo_000g1_050g2_050g3_n1000_s00_r16_i00_b5008_fea27ccee,0/50/50,0.015254068188369274,-0.24729979038238525
behavioral,behavioral,cosine,dolly,50,pooled,-1,/weka/scratch/jhu/cpriebe1/MO/model-taxonomy/results/shared_cache/03_adapters/allenai--OLMo-2-0425-1B-Instruct/yahoo_000g1_025g2_075g3_n1000_s00_r16_i00_b5008_fea27ccee,0/25/75,-0.12687700986862183,-0.22194689512252808
behavioral,behavioral,cosine,dolly,50,pooled,-1,/weka/scratch/jhu/cpriebe1/MO/model-taxonomy/results/shared_cache/03_adapters/allenai--OLMo-2-0425-1B-Instruct/yahoo_000g1_000g2_100g3_n1000_s00_r16_i00_b5008_fea27ccee,0/0/100,-0.28611889481544495,-0.1514466404914856
behavioral,behavioral,cosine,dolly,50,mean,-1,/weka/scratch/jhu/cpriebe1/MO/model-taxonomy/results/shared_cache/03_adapters/allenai--OLMo-2-0425-1B-Instruct/yahoo_100g1_000g2_000g3_n1000_s00_r16_i00_b5008_fea27ccee,100/0/0,-3.151625962637265e-17,0.3022351562976837
behavioral,behavioral,cosine,dolly,50,mean,-1,/weka/scratch/jhu/cpriebe1/MO/model-taxonomy/results/shared_cache/03_adapters/allenai--OLMo-2-0425-1B-Instruct/yahoo_075g1_025g2_000g3_n1000_s00_r16_i00_b5008_fea27ccee,75/25/0,0.11222556978464127,0.23104184865951538
behavioral,behavioral,cosine,dolly,50,mean,-1,/weka/scratch/jhu/cpriebe1/MO/model-taxonomy/results/shared_cache/03_adapters/allenai--OLMo-2-0425-1B-Instruct/yahoo_075g1_000g2_025g3_n1000_s00_r16_i00_b5008_fea27ccee,75/0/25,-0.14345820248126984,0.20139144361019135
behavioral,behavioral,cosine,dolly,50,mean,-1,/weka/scratch/jhu/cpriebe1/MO/model-taxonomy/results/shared_cache/03_adapters/allenai--OLMo-2-0425-1B-Instruct/yahoo_050g1_050g2_000g3_n1000_s00_r16_i00_b5008_fea27ccee,50/50/0,0.21287409961223602,0.13636420667171478
behavioral,behavioral,cosine,dolly,50,mean,-1,/weka/scratch/jhu/cpriebe1/MO/model-taxonomy/results/shared_cache/03_adapters/allenai--OLMo-2-0425-1B-Instruct/yahoo_050g1_025g2_025g3_n1000_s00_r16_i00_b5008_fea27ccee,50/25/25,-0.017052264884114265,0.13511249423027039
behavioral,behavioral,cosine,dolly,50,mean,-1,/weka/scratch/jhu/cpriebe1/MO/model-taxonomy/results/shared_cache/03_adapters/allenai--OLMo-2-0425-1B-Instruct/yahoo_050g1_000g2_050g3_n1000_s00_r16_i00_b5008_fea27ccee,50/0/50,-0.24663951992988586,0.12607279419898987
behavioral,behavioral,cosine,dolly,50,mean,-1,/weka/scratch/jhu/cpriebe1/MO/model-taxonomy/results/shared_cache/03_adapters/allenai--OLMo-2-0425-1B-Instruct/yahoo_033g1_033g2_033g3_n1000_s00_r16_i00_b5008_fea27ccee,33/33/33,0.016716385260224342,-0.010963617824018002
behavioral,behavioral,cosine,dolly,50,mean,-1,/weka/scratch/jhu/cpriebe1/MO/model-taxonomy/results/shared_cache/03_adapters/allenai--OLMo-2-0425-1B-Instruct/yahoo_025g1_075g2_000g3_n1000_s00_r16_i00_b5008_fea27ccee,25/75/0,0.2757045030593872,0.020611807703971863
behavioral,behavioral,cosine,dolly,50,mean,-1,/weka/scratch/jhu/cpriebe1/MO/model-taxonomy/results/shared_cache/03_adapters/allenai--OLMo-2-0425-1B-Instruct/yahoo_025g1_050g2_025g3_n1000_s00_r16_i00_b5008_fea27ccee,25/50/25,0.12627555429935455,-0.0774223804473877
behavioral,behavioral,cosine,dolly,50,mean,-1,/weka/scratch/jhu/cpriebe1/MO/model-taxonomy/results/shared_cache/03_adapters/allenai--OLMo-2-0425-1B-Instruct/yahoo_025g1_025g2_050g3_n1000_s00_r16_i00_b5008_fea27ccee,25/25/50,-0.11861421167850494,-0.07005908340215683
behavioral,behavioral,cosine,dolly,50,mean,-1,/weka/scratch/jhu/cpriebe1/MO/model-taxonomy/results/shared_cache/03_adapters/allenai--OLMo-2-0425-1B-Instruct/yahoo_025g1_000g2_075g3_n1000_s00_r16_i00_b5008_fea27ccee,25/0/75,-0.2849426865577698,-0.002056555123999715
behavioral,behavioral,cosine,dolly,50,mean,-1,/weka/scratch/jhu/cpriebe1/MO/model-taxonomy/results/shared_cache/03_adapters/allenai--OLMo-2-0425-1B-Instruct/yahoo_000g1_100g2_000g3_n1000_s00_r16_i00_b5008_fea27ccee,0/100/0,0.29865002632141113,-0.13080082833766937
behavioral,behavioral,cosine,dolly,50,mean,-1,/weka/scratch/jhu/cpriebe1/MO/model-taxonomy/results/shared_cache/03_adapters/allenai--OLMo-2-0425-1B-Instruct/yahoo_000g1_075g2_025g3_n1000_s00_r16_i00_b5008_fea27ccee,0/75/25,0.16600260138511658,-0.24083393812179565
behavioral,behavioral,cosine,dolly,50,mean,-1,/weka/scratch/jhu/cpriebe1/MO/model-taxonomy/results/shared_cache/03_adapters/allenai--OLMo-2-0425-1B-Instruct/yahoo_000g1_050g2_050g3_n1000_s00_r16_i00_b5008_fea27ccee,0/50/50,0.015254068188369274,-0.24729979038238525
behavioral,behavioral,cosine,dolly,50,mean,-1,/weka/scratch/jhu/cpriebe1/MO/model-taxonomy/results/shared_cache/03_adapters/allenai--OLMo-2-0425-1B-Instruct/yahoo_000g1_025g2_075g3_n1000_s00_r16_i00_b5008_fea27ccee,0/25/75,-0.12687700986862183,-0.22194689512252808
behavioral,behavioral,cosine,dolly,50,mean,-1,/weka/scratch/jhu/cpriebe1/MO/model-taxonomy/results/shared_cache/03_adapters/allenai--OLMo-2-0425-1B-Instruct/yahoo_000g1_000g2_100g3_n1000_s00_r16_i00_b5008_fea27ccee,0/0/100,-0.28611889481544495,-0.1514466404914856
behavioral,behavioral,cosine,dolly,50,seed_aligned,0,/weka/scratch/jhu/cpriebe1/MO/model-taxonomy/results/shared_cache/03_adapters/allenai--OLMo-2-0425-1B-Instruct/yahoo_100g1_000g2_000g3_n1000_s00_r16_i00_b5008_fea27ccee,100/0/0,-3.151625962637265e-17,0.3022351562976837
behavioral,behavioral,cosine,dolly,50,seed_aligned,0,/weka/scratch/jhu/cpriebe1/MO/model-taxonomy/results/shared_cache/03_adapters/allenai--OLMo-2-0425-1B-Instruct/yahoo_075g1_025g2_000g3_n1000_s00_r16_i00_b5008_fea27ccee,75/25/0,0.11222556978464127,0.23104184865951538
behavioral,behavioral,cosine,dolly,50,seed_aligned,0,/weka/scratch/jhu/cpriebe1/MO/model-taxonomy/results/shared_cache/03_adapters/allenai--OLMo-2-0425-1B-Instruct/yahoo_075g1_000g2_025g3_n1000_s00_r16_i00_b5008_fea27ccee,75/0/25,-0.14345820248126984,0.20139144361019135
behavioral,behavioral,cosine,dolly,50,seed_aligned,0,/weka/scratch/jhu/cpriebe1/MO/model-taxonomy/results/shared_cache/03_adapters/allenai--OLMo-2-0425-1B-Instruct/yahoo_050g1_050g2_000g3_n1000_s00_r16_i00_b5008_fea27ccee,50/50/0,0.21287409961223602,0.13636420667171478
behavioral,behavioral,cosine,dolly,50,seed_aligned,0,/weka/scratch/jhu/cpriebe1/MO/model-taxonomy/results/shared_cache/03_adapters/allenai--OLMo-2-0425-1B-Instruct/yahoo_050g1_025g2_025g3_n1000_s00_r16_i00_b5008_fea27ccee,50/25/25,-0.017052264884114265,0.13511249423027039
behavioral,behavioral,cosine,dolly,50,seed_aligned,0,/weka/scratch/jhu/cpriebe1/MO/model-taxonomy/results/shared_cache/03_adapters/allenai--OLMo-2-0425-1B-Instruct/yahoo_050g1_000g2_050g3_n1000_s00_r16_i00_b5008_fea27ccee,50/0/50,-0.24663951992988586,0.12607279419898987
behavioral,behavioral,cosine,dolly,50,seed_aligned,0,/weka/scratch/jhu/cpriebe1/MO/model-taxonomy/results/shared_cache/03_adapters/allenai--OLMo-2-0425-1B-Instruct/yahoo_033g1_033g2_033g3_n1000_s00_r16_i00_b5008_fea27ccee,33/33/33,0.016716385260224342,-0.010963617824018002
behavioral,behavioral,cosine,dolly,50,seed_aligned,0,/weka/scratch/jhu/cpriebe1/MO/model-taxonomy/results/shared_cache/03_adapters/allenai--OLMo-2-0425-1B-Instruct/yahoo_025g1_075g2_000g3_n1000_s00_r16_i00_b5008_fea27ccee,25/75/0,0.2757045030593872,0.020611807703971863
behavioral,behavioral,cosine,dolly,50,seed_aligned,0,/weka/scratch/jhu/cpriebe1/MO/model-taxonomy/results/shared_cache/03_adapters/allenai--OLMo-2-0425-1B-Instruct/yahoo_025g1_050g2_025g3_n1000_s00_r16_i00_b5008_fea27ccee,25/50/25,0.12627555429935455,-0.0774223804473877
behavioral,behavioral,cosine,dolly,50,seed_aligned,0,/weka/scratch/jhu/cpriebe1/MO/model-taxonomy/results/shared_cache/03_adapters/allenai--OLMo-2-0425-1B-Instruct/yahoo_025g1_025g2_050g3_n1000_s00_r16_i00_b5008_fea27ccee,25/25/50,-0.11861421167850494,-0.07005908340215683
behavioral,behavioral,cosine,dolly,50,seed_aligned,0,/weka/scratch/jhu/cpriebe1/MO/model-taxonomy/results/shared_cache/03_adapters/allenai--OLMo-2-0425-1B-Instruct/yahoo_025g1_000g2_075g3_n1000_s00_r16_i00_b5008_fea27ccee,25/0/75,-0.2849426865577698,-0.002056555123999715
behavioral,behavioral,cosine,dolly,50,seed_aligned,0,/weka/scratch/jhu/cpriebe1/MO/model-taxonomy/results/shared_cache/03_adapters/allenai--OLMo-2-0425-1B-Instruct/yahoo_000g1_100g2_000g3_n1000_s00_r16_i00_b5008_fea27ccee,0/100/0,0.29865002632141113,-0.13080082833766937
behavioral,behavioral,cosine,dolly,50,seed_aligned,0,/weka/scratch/jhu/cpriebe1/MO/model-taxonomy/results/shared_cache/03_adapters/allenai--OLMo-2-0425-1B-Instruct/yahoo_000g1_075g2_025g3_n1000_s00_r16_i00_b5008_fea27ccee,0/75/25,0.16600260138511658,-0.24083393812179565
behavioral,behavioral,cosine,dolly,50,seed_aligned,0,/weka/scratch/jhu/cpriebe1/MO/model-taxonomy/results/shared_cache/03_adapters/allenai--OLMo-2-0425-1B-Instruct/yahoo_000g1_050g2_050g3_n1000_s00_r16_i00_b5008_fea27ccee,0/50/50,0.015254068188369274,-0.24729979038238525
behavioral,behavioral,cosine,dolly,50,seed_aligned,0,/weka/scratch/jhu/cpriebe1/MO/model-taxonomy/results/shared_cache/03_adapters/allenai--OLMo-2-0425-1B-Instruct/yahoo_000g1_025g2_075g3_n1000_s00_r16_i00_b5008_fea27ccee,0/25/75,-0.12687700986862183,-0.22194689512252808
behavioral,behavioral,cosine,dolly,50,seed_aligned,0,/weka/scratch/jhu/cpriebe1/MO/model-taxonomy/results/shared_cache/03_adapters/allenai--OLMo-2-0425-1B-Instruct/yahoo_000g1_000g2_100g3_n1000_s00_r16_i00_b5008_fea27ccee,0/0/100,-0.28611889481544495,-0.1514466404914856
behavioral,behavioral,cosine,oasst1zh,0,pooled,-1,/weka/scratch/jhu/cpriebe1/MO/model-taxonomy/results/shared_cache/03_adapters/allenai--OLMo-2-0425-1B-Instruct/yahoo_100g1_000g2_000g3_n1000_s00_r16_i00_b5008_fea27ccee,100/0/0,2.2619028857135927e-17,0.2443733662366867
behavioral,behavioral,cosine,oasst1zh,0,pooled,-1,/weka/scratch/jhu/cpriebe1/MO/model-taxonomy/results/shared_cache/03_adapters/allenai--OLMo-2-0425-1B-Instruct/yahoo_075g1_025g2_000g3_n1000_s00_r16_i00_b5008_fea27ccee,75/25/0,0.16343267261981964,0.18504968285560608
behavioral,behavioral,cosine,oasst1zh,0,pooled,-1,/weka/scratch/jhu/cpriebe1/MO/model-taxonomy/results/shared_cache/03_adapters/allenai--OLMo-2-0425-1B-Instruct/yahoo_075g1_000g2_025g3_n1000_s00_r16_i00_b5008_fea27ccee,75/0/25,-0.09192302823066711,0.23248690366744995
behavioral,behavioral,cosine,oasst1zh,0,pooled,-1,/weka/scratch/jhu/cpriebe1/MO/model-taxonomy/results/shared_cache/03_adapters/allenai--OLMo-2-0425-1B-Instruct/yahoo_050g1_050g2_000g3_n1000_s00_r16_i00_b5008_fea27ccee,50/50/0,0.18040499091148376,0.01425319816917181
behavioral,behavioral,cosine,oasst1zh,0,pooled,-1,/weka/scratch/jhu/cpriebe1/MO/model-taxonomy/results/shared_cache/03_adapters/allenai--OLMo-2-0425-1B-Instruct/yahoo_050g1_025g2_025g3_n1000_s00_r16_i00_b5008_fea27ccee,50/25/25,0.10051100701093674,0.1035144180059433
behavioral,behavioral,cosine,oasst1zh,0,pooled,-1,/weka/scratch/jhu/cpriebe1/MO/model-taxonomy/results/shared_cache/03_adapters/allenai--OLMo-2-0425-1B-Instruct/yahoo_050g1_000g2_050g3_n1000_s00_r16_i00_b5008_fea27ccee,50/0/50,-0.2157784402370453,0.16195400059223175
behavioral,behavioral,cosine,oasst1zh,0,pooled,-1,/weka/scratch/jhu/cpriebe1/MO/model-taxonomy/results/shared_cache/03_adapters/allenai--OLMo-2-0425-1B-Instruct/yahoo_033g1_033g2_033g3_n1000_s00_r16_i00_b5008_fea27ccee,33/33/33,0.02068055234849453,0.011392935179173946
behavioral,behavioral,cosine,oasst1zh,0,pooled,-1,/weka/scratch/jhu/cpriebe1/MO/model-taxonomy/results/shared_cache/03_adapters/allenai--OLMo-2-0425-1B-Instruct/yahoo_025g1_075g2_000g3_n1000_s00_r16_i00_b5008_fea27ccee,25/75/0,0.3518580198287964,-0.014848622493445873
behavioral,behavioral,cosine,oasst1zh,0,pooled,-1,/weka/scratch/jhu/cpriebe1/MO/model-taxonomy/results/shared_cache/03_adapters/allenai--OLMo-2-0425-1B-Instruct/yahoo_025g1_050g2_025g3_n1000_s00_r16_i00_b5008_fea27ccee,25/50/25,0.07969331741333008,-0.17841041088104248
behavioral,behavioral,cosine,oasst1zh,0,pooled,-1,/weka/scratch/jhu/cpriebe1/MO/model-taxonomy/results/shared_cache/03_adapters/allenai--OLMo-2-0425-1B-Instruct/yahoo_025g1_025g2_050g3_n1000_s00_r16_i00_b5008_fea27ccee,25/25/50,-0.06826955825090408,-0.05922367423772812
behavioral,behavioral,cosine,oasst1zh,0,pooled,-1,/weka/scratch/jhu/cpriebe1/MO/model-taxonomy/results/shared_cache/03_adapters/allenai--OLMo-2-0425-1B-Instruct/yahoo_025g1_000g2_075g3_n1000_s00_r16_i00_b5008_fea27ccee,25/0/75,-0.25016701221466064,0.034749045968055725
behavioral,behavioral,cosine,oasst1zh,0,pooled,-1,/weka/scratch/jhu/cpriebe1/MO/model-taxonomy/results/shared_cache/03_adapters/allenai--OLMo-2-0425-1B-Instruct/yahoo_000g1_100g2_000g3_n1000_s00_r16_i00_b5008_fea27ccee,0/100/0,0.27101320028305054,-0.16140587627887726
behavioral,behavioral,cosine,oasst1zh,0,pooled,-1,/weka/scratch/jhu/cpriebe1/MO/model-taxonomy/results/shared_cache/03_adapters/allenai--OLMo-2-0425-1B-Instruct/yahoo_000g1_075g2_025g3_n1000_s00_r16_i00_b5008_fea27ccee,0/75/25,0.1699235439300537,-0.22514039278030396
behavioral,behavioral,cosine,oasst1zh,0,pooled,-1,/weka/scratch/jhu/cpriebe1/MO/model-taxonomy/results/shared_cache/03_adapters/allenai--OLMo-2-0425-1B-Instruct/yahoo_000g1_050g2_050g3_n1000_s00_r16_i00_b5008_fea27ccee,0/50/50,-0.08653463423252106,-0.19368770718574524
behavioral,behavioral,cosine,oasst1zh,0,pooled,-1,/weka/scratch/jhu/cpriebe1/MO/model-taxonomy/results/shared_cache/03_adapters/allenai--OLMo-2-0425-1B-Instruct/yahoo_000g1_025g2_075g3_n1000_s00_r16_i00_b5008_fea27ccee,0/25/75,-0.23042500019073486,-0.1516905277967453
behavioral,behavioral,cosine,oasst1zh,0,pooled,-1,/weka/scratch/jhu/cpriebe1/MO/model-taxonomy/results/shared_cache/03_adapters/allenai--OLMo-2-0425-1B-Instruct/yahoo_000g1_000g2_100g3_n1000_s00_r16_i00_b5008_fea27ccee,0/0/100,-0.3944196105003357,-0.003366341581568122
behavioral,behavioral,cosine,oasst1zh,0,mean,-1,/weka/scratch/jhu/cpriebe1/MO/model-taxonomy/results/shared_cache/03_adapters/allenai--OLMo-2-0425-1B-Instruct/yahoo_100g1_000g2_000g3_n1000_s00_r16_i00_b5008_fea27ccee,100/0/0,2.2619028857135927e-17,0.2443733662366867
behavioral,behavioral,cosine,oasst1zh,0,mean,-1,/weka/scratch/jhu/cpriebe1/MO/model-taxonomy/results/shared_cache/03_adapters/allenai--OLMo-2-0425-1B-Instruct/yahoo_075g1_025g2_000g3_n1000_s00_r16_i00_b5008_fea27ccee,75/25/0,0.16343267261981964,0.18504968285560608
behavioral,behavioral,cosine,oasst1zh,0,mean,-1,/weka/scratch/jhu/cpriebe1/MO/model-taxonomy/results/shared_cache/03_adapters/allenai--OLMo-2-0425-1B-Instruct/yahoo_075g1_000g2_025g3_n1000_s00_r16_i00_b5008_fea27ccee,75/0/25,-0.09192302823066711,0.23248690366744995
behavioral,behavioral,cosine,oasst1zh,0,mean,-1,/weka/scratch/jhu/cpriebe1/MO/model-taxonomy/results/shared_cache/03_adapters/allenai--OLMo-2-0425-1B-Instruct/yahoo_050g1_050g2_000g3_n1000_s00_r16_i00_b5008_fea27ccee,50/50/0,0.18040499091148376,0.01425319816917181
behavioral,behavioral,cosine,oasst1zh,0,mean,-1,/weka/scratch/jhu/cpriebe1/MO/model-taxonomy/results/shared_cache/03_adapters/allenai--OLMo-2-0425-1B-Instruct/yahoo_050g1_025g2_025g3_n1000_s00_r16_i00_b5008_fea27ccee,50/25/25,0.10051100701093674,0.1035144180059433
behavioral,behavioral,cosine,oasst1zh,0,mean,-1,/weka/scratch/jhu/cpriebe1/MO/model-taxonomy/results/shared_cache/03_adapters/allenai--OLMo-2-0425-1B-Instruct/yahoo_050g1_000g2_050g3_n1000_s00_r16_i00_b5008_fea27ccee,50/0/50,-0.2157784402370453,0.16195400059223175
behavioral,behavioral,cosine,oasst1zh,0,mean,-1,/weka/scratch/jhu/cpriebe1/MO/model-taxonomy/results/shared_cache/03_adapters/allenai--OLMo-2-0425-1B-Instruct/yahoo_033g1_033g2_033g3_n1000_s00_r16_i00_b5008_fea27ccee,33/33/33,0.02068055234849453,0.011392935179173946
behavioral,behavioral,cosine,oasst1zh,0,mean,-1,/weka/scratch/jhu/cpriebe1/MO/model-taxonomy/results/shared_cache/03_adapters/allenai--OLMo-2-0425-1B-Instruct/yahoo_025g1_075g2_000g3_n1000_s00_r16_i00_b5008_fea27ccee,25/75/0,0.3518580198287964,-0.014848622493445873
behavioral,behavioral,cosine,oasst1zh,0,mean,-1,/weka/scratch/jhu/cpriebe1/MO/model-taxonomy/results/shared_cache/03_adapters/allenai--OLMo-2-0425-1B-Instruct/yahoo_025g1_050g2_025g3_n1000_s00_r16_i00_b5008_fea27ccee,25/50/25,0.07969331741333008,-0.17841041088104248
behavioral,behavioral,cosine,oasst1zh,0,mean,-1,/weka/scratch/jhu/cpriebe1/MO/model-taxonomy/results/shared_cache/03_adapters/allenai--OLMo-2-0425-1B-Instruct/yahoo_025g1_025g2_050g3_n1000_s00_r16_i00_b5008_fea27ccee,25/25/50,-0.06826955825090408,-0.05922367423772812
behavioral,behavioral,cosine,oasst1zh,0,mean,-1,/weka/scratch/jhu/cpriebe1/MO/model-taxonomy/results/shared_cache/03_adapters/allenai--OLMo-2-0425-1B-Instruct/yahoo_025g1_000g2_075g3_n1000_s00_r16_i00_b5008_fea27ccee,25/0/75,-0.25016701221466064,0.034749045968055725
behavioral,behavioral,cosine,oasst1zh,0,mean,-1,/weka/scratch/jhu/cpriebe1/MO/model-taxonomy/results/shared_cache/03_adapters/allenai--OLMo-2-0425-1B-Instruct/yahoo_000g1_100g2_000g3_n1000_s00_r16_i00_b5008_fea27ccee,0/100/0,0.27101320028305054,-0.16140587627887726
behavioral,behavioral,cosine,oasst1zh,0,mean,-1,/weka/scratch/jhu/cpriebe1/MO/model-taxonomy/results/shared_cache/03_adapters/allenai--OLMo-2-0425-1B-Instruct/yahoo_000g1_075g2_025g3_n1000_s00_r16_i00_b5008_fea27ccee,0/75/25,0.1699235439300537,-0.22514039278030396
behavioral,behavioral,cosine,oasst1zh,0,mean,-1,/weka/scratch/jhu/cpriebe1/MO/model-taxonomy/results/shared_cache/03_adapters/allenai--OLMo-2-0425-1B-Instruct/yahoo_000g1_050g2_050g3_n1000_s00_r16_i00_b5008_fea27ccee,0/50/50,-0.08653463423252106,-0.19368770718574524
behavioral,behavioral,cosine,oasst1zh,0,mean,-1,/weka/scratch/jhu/cpriebe1/MO/model-taxonomy/results/shared_cache/03_adapters/allenai--OLMo-2-0425-1B-Instruct/yahoo_000g1_025g2_075g3_n1000_s00_r16_i00_b5008_fea27ccee,0/25/75,-0.23042500019073486,-0.1516905277967453
behavioral,behavioral,cosine,oasst1zh,0,mean,-1,/weka/scratch/jhu/cpriebe1/MO/model-taxonomy/results/shared_cache/03_adapters/allenai--OLMo-2-0425-1B-Instruct/yahoo_000g1_000g2_100g3_n1000_s00_r16_i00_b5008_fea27ccee,0/0/100,-0.3944196105003357,-0.003366341581568122
behavioral,behavioral,cosine,oasst1zh,0,seed_aligned,0,/weka/scratch/jhu/cpriebe1/MO/model-taxonomy/results/shared_cache/03_adapters/allenai--OLMo-2-0425-1B-Instruct/yahoo_100g1_000g2_000g3_n1000_s00_r16_i00_b5008_fea27ccee,100/0/0,2.2619028857135927e-17,0.2443733662366867
behavioral,behavioral,cosine,oasst1zh,0,seed_aligned,0,/weka/scratch/jhu/cpriebe1/MO/model-taxonomy/results/shared_cache/03_adapters/allenai--OLMo-2-0425-1B-Instruct/yahoo_075g1_025g2_000g3_n1000_s00_r16_i00_b5008_fea27ccee,75/25/0,0.16343267261981964,0.18504968285560608
behavioral,behavioral,cosine,oasst1zh,0,seed_aligned,0,/weka/scratch/jhu/cpriebe1/MO/model-taxonomy/results/shared_cache/03_adapters/allenai--OLMo-2-0425-1B-Instruct/yahoo_075g1_000g2_025g3_n1000_s00_r16_i00_b5008_fea27ccee,75/0/25,-0.09192302823066711,0.23248690366744995
behavioral,behavioral,cosine,oasst1zh,0,seed_aligned,0,/weka/scratch/jhu/cpriebe1/MO/model-taxonomy/results/shared_cache/03_adapters/allenai--OLMo-2-0425-1B-Instruct/yahoo_050g1_050g2_000g3_n1000_s00_r16_i00_b5008_fea27ccee,50/50/0,0.18040499091148376,0.01425319816917181
behavioral,behavioral,cosine,oasst1zh,0,seed_aligned,0,/weka/scratch/jhu/cpriebe1/MO/model-taxonomy/results/shared_cache/03_adapters/allenai--OLMo-2-0425-1B-Instruct/yahoo_050g1_025g2_025g3_n1000_s00_r16_i00_b5008_fea27ccee,50/25/25,0.10051100701093674,0.1035144180059433
behavioral,behavioral,cosine,oasst1zh,0,seed_aligned,0,/weka/scratch/jhu/cpriebe1/MO/model-taxonomy/results/shared_cache/03_adapters/allenai--OLMo-2-0425-1B-Instruct/yahoo_050g1_000g2_050g3_n1000_s00_r16_i00_b5008_fea27ccee,50/0/50,-0.2157784402370453,0.16195400059223175
behavioral,behavioral,cosine,oasst1zh,0,seed_aligned,0,/weka/scratch/jhu/cpriebe1/MO/model-taxonomy/results/shared_cache/03_adapters/allenai--OLMo-2-0425-1B-Instruct/yahoo_033g1_033g2_033g3_n1000_s00_r16_i00_b5008_fea27ccee,33/33/33,0.02068055234849453,0.011392935179173946
behavioral,behavioral,cosine,oasst1zh,0,seed_aligned,0,/weka/scratch/jhu/cpriebe1/MO/model-taxonomy/results/shared_cache/03_adapters/allenai--OLMo-2-0425-1B-Instruct/yahoo_025g1_075g2_000g3_n1000_s00_r16_i00_b5008_fea27ccee,25/75/0,0.3518580198287964,-0.014848622493445873
behavioral,behavioral,cosine,oasst1zh,0,seed_aligned,0,/weka/scratch/jhu/cpriebe1/MO/model-taxonomy/results/shared_cache/03_adapters/allenai--OLMo-2-0425-1B-Instruct/yahoo_025g1_050g2_025g3_n1000_s00_r16_i00_b5008_fea27ccee,25/50/25,0.07969331741333008,-0.17841041088104248
behavioral,behavioral,cosine,oasst1zh,0,seed_aligned,0,/weka/scratch/jhu/cpriebe1/MO/model-taxonomy/results/shared_cache/03_adapters/allenai--OLMo-2-0425-1B-Instruct/yahoo_025g1_025g2_050g3_n1000_s00_r16_i00_b5008_fea27ccee,25/25/50,-0.06826955825090408,-0.05922367423772812
behavioral,behavioral,cosine,oasst1zh,0,seed_aligned,0,/weka/scratch/jhu/cpriebe1/MO/model-taxonomy/results/shared_cache/03_adapters/allenai--OLMo-2-0425-1B-Instruct/yahoo_025g1_000g2_075g3_n1000_s00_r16_i00_b5008_fea27ccee,25/0/75,-0.25016701221466064,0.034749045968055725
behavioral,behavioral,cosine,oasst1zh,0,seed_aligned,0,/weka/scratch/jhu/cpriebe1/MO/model-taxonomy/results/shared_cache/03_adapters/allenai--OLMo-2-0425-1B-Instruct/yahoo_000g1_100g2_000g3_n1000_s00_r16_i00_b5008_fea27ccee,0/100/0,0.27101320028305054,-0.16140587627887726
behavioral,behavioral,cosine,oasst1zh,0,seed_aligned,0,/weka/scratch/jhu/cpriebe1/MO/model-taxonomy/results/shared_cache/03_adapters/allenai--OLMo-2-0425-1B-Instruct/yahoo_000g1_075g2_025g3_n1000_s00_r16_i00_b5008_fea27ccee,0/75/25,0.1699235439300537,-0.22514039278030396
behavioral,behavioral,cosine,oasst1zh,0,seed_aligned,0,/weka/scratch/jhu/cpriebe1/MO/model-taxonomy/results/shared_cache/03_adapters/allenai--OLMo-2-0425-1B-Instruct/yahoo_000g1_050g2_050g3_n1000_s00_r16_i00_b5008_fea27ccee,0/50/50,-0.08653463423252106,-0.19368770718574524
behavioral,behavioral,cosine,oasst1zh,0,seed_aligned,0,/weka/scratch/jhu/cpriebe1/MO/model-taxonomy/results/shared_cache/03_adapters/allenai--OLMo-2-0425-1B-Instruct/yahoo_000g1_025g2_075g3_n1000_s00_r16_i00_b5008_fea27ccee,0/25/75,-0.23042500019073486,-0.1516905277967453
behavioral,behavioral,cosine,oasst1zh,0,seed_aligned,0,/weka/scratch/jhu/cpriebe1/MO/model-taxonomy/results/shared_cache/03_adapters/allenai--OLMo-2-0425-1B-Instruct/yahoo_000g1_000g2_100g3_n1000_s00_r16_i00_b5008_fea27ccee,0/0/100,-0.3944196105003357,-0.003366341581568122
behavioral,behavioral,cosine,oasst1zh,1,pooled,-1,/weka/scratch/jhu/cpriebe1/MO/model-taxonomy/results/shared_cache/03_adapters/allenai--OLMo-2-0425-1B-Instruct/yahoo_100g1_000g2_000g3_n1000_s00_r16_i00_b5008_fea27ccee,100/0/0,3.3805379401217195e-17,0.26271840929985046
behavioral,behavioral,cosine,oasst1zh,1,pooled,-1,/weka/scratch/jhu/cpriebe1/MO/model-taxonomy/results/shared_cache/03_adapters/allenai--OLMo-2-0425-1B-Instruct/yahoo_075g1_025g2_000g3_n1000_s00_r16_i00_b5008_fea27ccee,75/25/0,0.10006152838468552,0.15815548598766327
behavioral,behavioral,cosine,oasst1zh,1,pooled,-1,/weka/scratch/jhu/cpriebe1/MO/model-taxonomy/results/shared_cache/03_adapters/allenai--OLMo-2-0425-1B-Instruct/yahoo_075g1_000g2_025g3_n1000_s00_r16_i00_b5008_fea27ccee,75/0/25,-0.08130333572626114,0.21099793910980225
behavioral,behavioral,cosine,oasst1zh,1,pooled,-1,/weka/scratch/jhu/cpriebe1/MO/model-taxonomy/results/shared_cache/03_adapters/allenai--OLMo-2-0425-1B-Instruct/yahoo_050g1_050g2_000g3_n1000_s00_r16_i00_b5008_fea27ccee,50/50/0,0.20070257782936096,0.03347263112664223
behavioral,behavioral,cosine,oasst1zh,1,pooled,-1,/weka/scratch/jhu/cpriebe1/MO/model-taxonomy/results/shared_cache/03_adapters/allenai--OLMo-2-0425-1B-Instruct/yahoo_050g1_025g2_025g3_n1000_s00_r16_i00_b5008_fea27ccee,50/25/25,0.19177712500095367,0.1783645749092102
behavioral,behavioral,cosine,oasst1zh,1,pooled,-1,/weka/scratch/jhu/cpriebe1/MO/model-taxonomy/results/shared_cache/03_adapters/allenai--OLMo-2-0425-1B-Instruct/yahoo_050g1_000g2_050g3_n1000_s00_r16_i00_b5008_fea27ccee,50/0/50,-0.18801993131637573,0.13420335948467255
behavioral,behavioral,cosine,oasst1zh,1,pooled,-1,/weka/scratch/jhu/cpriebe1/MO/model-taxonomy/results/shared_cache/03_adapters/allenai--OLMo-2-0425-1B-Instruct/yahoo_033g1_033g2_033g3_n1000_s00_r16_i00_b5008_fea27ccee,33/33/33,0.057086050510406494,0.014837422408163548
behavioral,behavioral,cosine,oasst1zh,1,pooled,-1,/weka/scratch/jhu/cpriebe1/MO/model-taxonomy/results/shared_cache/03_adapters/allenai--OLMo-2-0425-1B-Instruct/yahoo_025g1_075g2_000g3_n1000_s00_r16_i00_b5008_fea27ccee,25/75/0,0.3237046003341675,-0.11205647140741348
behavioral,behavioral,cosine,oasst1zh,1,pooled,-1,/weka/scratch/jhu/cpriebe1/MO/model-taxonomy/results/shared_cache/03_adapters/allenai--OLMo-2-0425-1B-Instruct/yahoo_025g1_050g2_025g3_n1000_s00_r16_i00_b5008_fea27ccee,25/50/25,0.17179495096206665,-0.09765119850635529
behavioral,behavioral,cosine,oasst1zh,1,pooled,-1,/weka/scratch/jhu/cpriebe1/MO/model-taxonomy/results/shared_cache/03_adapters/allenai--OLMo-2-0425-1B-Instruct/yahoo_025g1_025g2_050g3_n1000_s00_r16_i00_b5008_fea27ccee,25/25/50,-0.041339531540870667,-0.06863896548748016
behavioral,behavioral,cosine,oasst1zh,1,pooled,-1,/weka/scratch/jhu/cpriebe1/MO/model-taxonomy/results/shared_cache/03_adapters/allenai--OLMo-2-0425-1B-Instruct/yahoo_025g1_000g2_075g3_n1000_s00_r16_i00_b5008_fea27ccee,25/0/75,-0.26630187034606934,0.0069723110646009445
behavioral,behavioral,cosine,oasst1zh,1,pooled,-1,/weka/scratch/jhu/cpriebe1/MO/model-taxonomy/results/shared_cache/03_adapters/allenai--OLMo-2-0425-1B-Instruct/yahoo_000g1_100g2_000g3_n1000_s00_r16_i00_b5008_fea27ccee,0/100/0,0.16863515973091125,-0.237391859292984
behavioral,behavioral,cosine,oasst1zh,1,pooled,-1,/weka/scratch/jhu/cpriebe1/MO/model-taxonomy/results/shared_cache/03_adapters/allenai--OLMo-2-0425-1B-Instruct/yahoo_000g1_075g2_025g3_n1000_s00_r16_i00_b5008_fea27ccee,0/75/25,0.08555915206670761,-0.27502772212028503
behavioral,behavioral,cosine,oasst1zh,1,pooled,-1,/weka/scratch/jhu/cpriebe1/MO/model-taxonomy/results/shared_cache/03_adapters/allenai--OLMo-2-0425-1B-Instruct/yahoo_000g1_050g2_050g3_n1000_s00_r16_i00_b5008_fea27ccee,0/50/50,-0.11078150570392609,-0.19864943623542786
behavioral,behavioral,cosine,oasst1zh,1,pooled,-1,/weka/scratch/jhu/cpriebe1/MO/model-taxonomy/results/shared_cache/03_adapters/allenai--OLMo-2-0425-1B-Instruct/yahoo_000g1_025g2_075g3_n1000_s00_r16_i00_b5008_fea27ccee,0/25/75,-0.21413786709308624,-0.10728028416633606
behavioral,behavioral,cosine,oasst1zh,1,pooled,-1,/weka/scratch/jhu/cpriebe1/MO/model-taxonomy/results/shared_cache/03_adapters/allenai--OLMo-2-0425-1B-Instruct/yahoo_000g1_000g2_100g3_n1000_s00_r16_i00_b5008_fea27ccee,0/0/100,-0.39743709564208984,0.09697382152080536
behavioral,behavioral,cosine,oasst1zh,1,mean,-1,/weka/scratch/jhu/cpriebe1/MO/model-taxonomy/results/shared_cache/03_adapters/allenai--OLMo-2-0425-1B-Instruct/yahoo_100g1_000g2_000g3_n1000_s00_r16_i00_b5008_fea27ccee,100/0/0,3.3805379401217195e-17,0.26271840929985046
behavioral,behavioral,cosine,oasst1zh,1,mean,-1,/weka/scratch/jhu/cpriebe1/MO/model-taxonomy/results/shared_cache/03_adapters/allenai--OLMo-2-0425-1B-Instruct/yahoo_075g1_025g2_000g3_n1000_s00_r16_i00_b5008_fea27ccee,75/25/0,0.10006152838468552,0.15815548598766327
behavioral,behavioral,cosine,oasst1zh,1,mean,-1,/weka/scratch/jhu/cpriebe1/MO/model-taxonomy/results/shared_cache/03_adapters/allenai--OLMo-2-0425-1B-Instruct/yahoo_075g1_000g2_025g3_n1000_s00_r16_i00_b5008_fea27ccee,75/0/25,-0.08130333572626114,0.21099793910980225
behavioral,behavioral,cosine,oasst1zh,1,mean,-1,/weka/scratch/jhu/cpriebe1/MO/model-taxonomy/results/shared_cache/03_adapters/allenai--OLMo-2-0425-1B-Instruct/yahoo_050g1_050g2_000g3_n1000_s00_r16_i00_b5008_fea27ccee,50/50/0,0.20070257782936096,0.03347263112664223
behavioral,behavioral,cosine,oasst1zh,1,mean,-1,/weka/scratch/jhu/cpriebe1/MO/model-taxonomy/results/shared_cache/03_adapters/allenai--OLMo-2-0425-1B-Instruct/yahoo_050g1_025g2_025g3_n1000_s00_r16_i00_b5008_fea27ccee,50/25/25,0.19177712500095367,0.1783645749092102
behavioral,behavioral,cosine,oasst1zh,1,mean,-1,/weka/scratch/jhu/cpriebe1/MO/model-taxonomy/results/shared_cache/03_adapters/allenai--OLMo-2-0425-1B-Instruct/yahoo_050g1_000g2_050g3_n1000_s00_r16_i00_b5008_fea27ccee,50/0/50,-0.18801993131637573,0.13420335948467255
behavioral,behavioral,cosine,oasst1zh,1,mean,-1,/weka/scratch/jhu/cpriebe1/MO/model-taxonomy/results/shared_cache/03_adapters/allenai--OLMo-2-0425-1B-Instruct/yahoo_033g1_033g2_033g3_n1000_s00_r16_i00_b5008_fea27ccee,33/33/33,0.057086050510406494,0.014837422408163548
behavioral,behavioral,cosine,oasst1zh,1,mean,-1,/weka/scratch/jhu/cpriebe1/MO/model-taxonomy/results/shared_cache/03_adapters/allenai--OLMo-2-0425-1B-Instruct/yahoo_025g1_075g2_000g3_n1000_s00_r16_i00_b5008_fea27ccee,25/75/0,0.3237046003341675,-0.11205647140741348
behavioral,behavioral,cosine,oasst1zh,1,mean,-1,/weka/scratch/jhu/cpriebe1/MO/model-taxonomy/results/shared_cache/03_adapters/allenai--OLMo-2-0425-1B-Instruct/yahoo_025g1_050g2_025g3_n1000_s00_r16_i00_b5008_fea27ccee,25/50/25,0.17179495096206665,-0.09765119850635529
behavioral,behavioral,cosine,oasst1zh,1,mean,-1,/weka/scratch/jhu/cpriebe1/MO/model-taxonomy/results/shared_cache/03_adapters/allenai--OLMo-2-0425-1B-Instruct/yahoo_025g1_025g2_050g3_n1000_s00_r16_i00_b5008_fea27ccee,25/25/50,-0.041339531540870667,-0.06863896548748016
behavioral,behavioral,cosine,oasst1zh,1,mean,-1,/weka/scratch/jhu/cpriebe1/MO/model-taxonomy/results/shared_cache/03_adapters/allenai--OLMo-2-0425-1B-Instruct/yahoo_025g1_000g2_075g3_n1000_s00_r16_i00_b5008_fea27ccee,25/0/75,-0.26630187034606934,0.0069723110646009445
behavioral,behavioral,cosine,oasst1zh,1,mean,-1,/weka/scratch/jhu/cpriebe1/MO/model-taxonomy/results/shared_cache/03_adapters/allenai--OLMo-2-0425-1B-Instruct/yahoo_000g1_100g2_000g3_n1000_s00_r16_i00_b5008_fea27ccee,0/100/0,0.16863515973091125,-0.237391859292984
behavioral,behavioral,cosine,oasst1zh,1,mean,-1,/weka/scratch/jhu/cpriebe1/MO/model-taxonomy/results/shared_cache/03_adapters/allenai--OLMo-2-0425-1B-Instruct/yahoo_000g1_075g2_025g3_n1000_s00_r16_i00_b5008_fea27ccee,0/75/25,0.08555915206670761,-0.27502772212028503
behavioral,behavioral,cosine,oasst1zh,1,mean,-1,/weka/scratch/jhu/cpriebe1/MO/model-taxonomy/results/shared_cache/03_adapters/allenai--OLMo-2-0425-1B-Instruct/yahoo_000g1_050g2_050g3_n1000_s00_r16_i00_b5008_fea27ccee,0/50/50,-0.11078150570392609,-0.19864943623542786
behavioral,behavioral,cosine,oasst1zh,1,mean,-1,/weka/scratch/jhu/cpriebe1/MO/model-taxonomy/results/shared_cache/03_adapters/allenai--OLMo-2-0425-1B-Instruct/yahoo_000g1_025g2_075g3_n1000_s00_r16_i00_b5008_fea27ccee,0/25/75,-0.21413786709308624,-0.10728028416633606
behavioral,behavioral,cosine,oasst1zh,1,mean,-1,/weka/scratch/jhu/cpriebe1/MO/model-taxonomy/results/shared_cache/03_adapters/allenai--OLMo-2-0425-1B-Instruct/yahoo_000g1_000g2_100g3_n1000_s00_r16_i00_b5008_fea27ccee,0/0/100,-0.39743709564208984,0.09697382152080536
behavioral,behavioral,cosine,oasst1zh,1,seed_aligned,0,/weka/scratch/jhu/cpriebe1/MO/model-taxonomy/results/shared_cache/03_adapters/allenai--OLMo-2-0425-1B-Instruct/yahoo_100g1_000g2_000g3_n1000_s00_r16_i00_b5008_fea27ccee,100/0/0,3.3805379401217195e-17,0.26271840929985046
behavioral,behavioral,cosine,oasst1zh,1,seed_aligned,0,/weka/scratch/jhu/cpriebe1/MO/model-taxonomy/results/shared_cache/03_adapters/allenai--OLMo-2-0425-1B-Instruct/yahoo_075g1_025g2_000g3_n1000_s00_r16_i00_b5008_fea27ccee,75/25/0,0.10006152838468552,0.15815548598766327
behavioral,behavioral,cosine,oasst1zh,1,seed_aligned,0,/weka/scratch/jhu/cpriebe1/MO/model-taxonomy/results/shared_cache/03_adapters/allenai--OLMo-2-0425-1B-Instruct/yahoo_075g1_000g2_025g3_n1000_s00_r16_i00_b5008_fea27ccee,75/0/25,-0.08130333572626114,0.21099793910980225
behavioral,behavioral,cosine,oasst1zh,1,seed_aligned,0,/weka/scratch/jhu/cpriebe1/MO/model-taxonomy/results/shared_cache/03_adapters/allenai--OLMo-2-0425-1B-Instruct/yahoo_050g1_050g2_000g3_n1000_s00_r16_i00_b5008_fea27ccee,50/50/0,0.20070257782936096,0.03347263112664223
behavioral,behavioral,cosine,oasst1zh,1,seed_aligned,0,/weka/scratch/jhu/cpriebe1/MO/model-taxonomy/results/shared_cache/03_adapters/allenai--OLMo-2-0425-1B-Instruct/yahoo_050g1_025g2_025g3_n1000_s00_r16_i00_b5008_fea27ccee,50/25/25,0.19177712500095367,0.1783645749092102
behavioral,behavioral,cosine,oasst1zh,1,seed_aligned,0,/weka/scratch/jhu/cpriebe1/MO/model-taxonomy/results/shared_cache/03_adapters/allenai--OLMo-2-0425-1B-Instruct/yahoo_050g1_000g2_050g3_n1000_s00_r16_i00_b5008_fea27ccee,50/0/50,-0.18801993131637573,0.13420335948467255
behavioral,behavioral,cosine,oasst1zh,1,seed_aligned,0,/weka/scratch/jhu/cpriebe1/MO/model-taxonomy/results/shared_cache/03_adapters/allenai--OLMo-2-0425-1B-Instruct/yahoo_033g1_033g2_033g3_n1000_s00_r16_i00_b5008_fea27ccee,33/33/33,0.057086050510406494,0.014837422408163548
behavioral,behavioral,cosine,oasst1zh,1,seed_aligned,0,/weka/scratch/jhu/cpriebe1/MO/model-taxonomy/results/shared_cache/03_adapters/allenai--OLMo-2-0425-1B-Instruct/yahoo_025g1_075g2_000g3_n1000_s00_r16_i00_b5008_fea27ccee,25/75/0,0.3237046003341675,-0.11205647140741348
behavioral,behavioral,cosine,oasst1zh,1,seed_aligned,0,/weka/scratch/jhu/cpriebe1/MO/model-taxonomy/results/shared_cache/03_adapters/allenai--OLMo-2-0425-1B-Instruct/yahoo_025g1_050g2_025g3_n1000_s00_r16_i00_b5008_fea27ccee,25/50/25,0.17179495096206665,-0.09765119850635529
behavioral,behavioral,cosine,oasst1zh,1,seed_aligned,0,/weka/scratch/jhu/cpriebe1/MO/model-taxonomy/results/shared_cache/03_adapters/allenai--OLMo-2-0425-1B-Instruct/yahoo_025g1_025g2_050g3_n1000_s00_r16_i00_b5008_fea27ccee,25/25/50,-0.041339531540870667,-0.06863896548748016
behavioral,behavioral,cosine,oasst1zh,1,seed_aligned,0,/weka/scratch/jhu/cpriebe1/MO/model-taxonomy/results/shared_cache/03_adapters/allenai--OLMo-2-0425-1B-Instruct/yahoo_025g1_000g2_075g3_n1000_s00_r16_i00_b5008_fea27ccee,25/0/75,-0.26630187034606934,0.0069723110646009445
behavioral,behavioral,cosine,oasst1zh,1,seed_aligned,0,/weka/scratch/jhu/cpriebe1/MO/model-taxonomy/results/shared_cache/03_adapters/allenai--OLMo-2-0425-1B-Instruct/yahoo_000g1_100g2_000g3_n1000_s00_r16_i00_b5008_fea27ccee,0/100/0,0.16863515973091125,-0.237391859292984
behavioral,behavioral,cosine,oasst1zh,1,seed_aligned,0,/weka/scratch/jhu/cpriebe1/MO/model-taxonomy/results/shared_cache/03_adapters/allenai--OLMo-2-0425-1B-Instruct/yahoo_000g1_075g2_025g3_n1000_s00_r16_i00_b5008_fea27ccee,0/75/25,0.08555915206670761,-0.27502772212028503
behavioral,behavioral,cosine,oasst1zh,1,seed_aligned,0,/weka/scratch/jhu/cpriebe1/MO/model-taxonomy/results/shared_cache/03_adapters/allenai--OLMo-2-0425-1B-Instruct/yahoo_000g1_050g2_050g3_n1000_s00_r16_i00_b5008_fea27ccee,0/50/50,-0.11078150570392609,-0.19864943623542786
behavioral,behavioral,cosine,oasst1zh,1,seed_aligned,0,/weka/scratch/jhu/cpriebe1/MO/model-taxonomy/results/shared_cache/03_adapters/allenai--OLMo-2-0425-1B-Instruct/yahoo_000g1_025g2_075g3_n1000_s00_r16_i00_b5008_fea27ccee,0/25/75,-0.21413786709308624,-0.10728028416633606
behavioral,behavioral,cosine,oasst1zh,1,seed_aligned,0,/weka/scratch/jhu/cpriebe1/MO/model-taxonomy/results/shared_cache/03_adapters/allenai--OLMo-2-0425-1B-Instruct/yahoo_000g1_000g2_100g3_n1000_s00_r16_i00_b5008_fea27ccee,0/0/100,-0.39743709564208984,0.09697382152080536
behavioral,behavioral,cosine,oasst1zh,2,pooled,-1,/weka/scratch/jhu/cpriebe1/MO/model-taxonomy/results/shared_cache/03_adapters/allenai--OLMo-2-0425-1B-Instruct/yahoo_100g1_000g2_000g3_n1000_s00_r16_i00_b5008_fea27ccee,100/0/0,1.7992607691126844e-17,0.2561182975769043
behavioral,behavioral,cosine,oasst1zh,2,pooled,-1,/weka/scratch/jhu/cpriebe1/MO/model-taxonomy/results/shared_cache/03_adapters/allenai--OLMo-2-0425-1B-Instruct/yahoo_075g1_025g2_000g3_n1000_s00_r16_i00_b5008_fea27ccee,75/25/0,0.1545899361371994,0.20381084084510803
behavioral,behavioral,cosine,oasst1zh,2,pooled,-1,/weka/scratch/jhu/cpriebe1/MO/model-taxonomy/results/shared_cache/03_adapters/allenai--OLMo-2-0425-1B-Instruct/yahoo_075g1_000g2_025g3_n1000_s00_r16_i00_b5008_fea27ccee,75/0/25,-0.08509187400341034,0.2057272344827652
behavioral,behavioral,cosine,oasst1zh,2,pooled,-1,/weka/scratch/jhu/cpriebe1/MO/model-taxonomy/results/shared_cache/03_adapters/allenai--OLMo-2-0425-1B-Instruct/yahoo_050g1_050g2_000g3_n1000_s00_r16_i00_b5008_fea27ccee,50/50/0,0.2236584722995758,0.05162511765956879
behavioral,behavioral,cosine,oasst1zh,2,pooled,-1,/weka/scratch/jhu/cpriebe1/MO/model-taxonomy/results/shared_cache/03_adapters/allenai--OLMo-2-0425-1B-Instruct/yahoo_050g1_025g2_025g3_n1000_s00_r16_i00_b5008_fea27ccee,50/25/25,0.11734018474817276,0.11288026720285416
behavioral,behavioral,cosine,oasst1zh,2,pooled,-1,/weka/scratch/jhu/cpriebe1/MO/model-taxonomy/results/shared_cache/03_adapters/allenai--OLMo-2-0425-1B-Instruct/yahoo_050g1_000g2_050g3_n1000_s00_r16_i00_b5008_fea27ccee,50/0/50,-0.18513847887516022,0.13755832612514496
behavioral,behavioral,cosine,oasst1zh,2,pooled,-1,/weka/scratch/jhu/cpriebe1/MO/model-taxonomy/results/shared_cache/03_adapters/allenai--OLMo-2-0425-1B-Instruct/yahoo_033g1_033g2_033g3_n1000_s00_r16_i00_b5008_fea27ccee,33/33/33,0.03719913214445114,-0.027988163754343987
behavioral,behavioral,cosine,oasst1zh,2,pooled,-1,/weka/scratch/jhu/cpriebe1/MO/model-taxonomy/results/shared_cache/03_adapters/allenai--OLMo-2-0425-1B-Instruct/yahoo_025g1_075g2_000g3_n1000_s00_r16_i00_b5008_fea27ccee,25/75/0,0.33578625321388245,-0.09013725817203522
behavioral,behavioral,cosine,oasst1zh,2,pooled,-1,/weka/scratch/jhu/cpriebe1/MO/model-taxonomy/results/shared_cache/03_adapters/allenai--OLMo-2-0425-1B-Instruct/yahoo_025g1_050g2_025g3_n1000_s00_r16_i00_b5008_fea27ccee,25/50/25,0.17760460078716278,-0.0810723751783371
behavioral,behavioral,cosine,oasst1zh,2,pooled,-1,/weka/scratch/jhu/cpriebe1/MO/model-taxonomy/results/shared_cache/03_adapters/allenai--OLMo-2-0425-1B-Instruct/yahoo_025g1_025g2_050g3_n1000_s00_r16_i00_b5008_fea27ccee,25/25/50,-0.0714503824710846,-0.05863199755549431
behavioral,behavioral,cosine,oasst1zh,2,pooled,-1,/weka/scratch/jhu/cpriebe1/MO/model-taxonomy/results/shared_cache/03_adapters/allenai--OLMo-2-0425-1B-Instruct/yahoo_025g1_000g2_075g3_n1000_s00_r16_i00_b5008_fea27ccee,25/0/75,-0.2541751265525818,0.01760680228471756
behavioral,behavioral,cosine,oasst1zh,2,pooled,-1,/weka/scratch/jhu/cpriebe1/MO/model-taxonomy/results/shared_cache/03_adapters/allenai--OLMo-2-0425-1B-Instruct/yahoo_000g1_100g2_000g3_n1000_s00_r16_i00_b5008_fea27ccee,0/100/0,0.1857789009809494,-0.2415115237236023
behavioral,behavioral,cosine,oasst1zh,2,pooled,-1,/weka/scratch/jhu/cpriebe1/MO/model-taxonomy/results/shared_cache/03_adapters/allenai--OLMo-2-0425-1B-Instruct/yahoo_000g1_075g2_025g3_n1000_s00_r16_i00_b5008_fea27ccee,0/75/25,0.09793403744697571,-0.25212323665618896
behavioral,behavioral,cosine,oasst1zh,2,pooled,-1,/weka/scratch/jhu/cpriebe1/MO/model-taxonomy/results/shared_cache/03_adapters/allenai--OLMo-2-0425-1B-Instruct/yahoo_000g1_050g2_050g3_n1000_s00_r16_i00_b5008_fea27ccee,0/50/50,-0.10702104866504669,-0.2010631263256073
behavioral,behavioral,cosine,oasst1zh,2,pooled,-1,/weka/scratch/jhu/cpriebe1/MO/model-taxonomy/results/shared_cache/03_adapters/allenai--OLMo-2-0425-1B-Instruct/yahoo_000g1_025g2_075g3_n1000_s00_r16_i00_b5008_fea27ccee,0/25/75,-0.2319766879081726,-0.12617598474025726
behavioral,behavioral,cosine,oasst1zh,2,pooled,-1,/weka/scratch/jhu/cpriebe1/MO/model-taxonomy/results/shared_cache/03_adapters/allenai--OLMo-2-0425-1B-Instruct/yahoo_000g1_000g2_100g3_n1000_s00_r16_i00_b5008_fea27ccee,0/0/100,-0.3950379490852356,0.09337674826383591
behavioral,behavioral,cosine,oasst1zh,2,mean,-1,/weka/scratch/jhu/cpriebe1/MO/model-taxonomy/results/shared_cache/03_adapters/allenai--OLMo-2-0425-1B-Instruct/yahoo_100g1_000g2_000g3_n1000_s00_r16_i00_b5008_fea27ccee,100/0/0,1.7992607691126844e-17,0.2561182975769043
behavioral,behavioral,cosine,oasst1zh,2,mean,-1,/weka/scratch/jhu/cpriebe1/MO/model-taxonomy/results/shared_cache/03_adapters/allenai--OLMo-2-0425-1B-Instruct/yahoo_075g1_025g2_000g3_n1000_s00_r16_i00_b5008_fea27ccee,75/25/0,0.1545899361371994,0.20381084084510803
behavioral,behavioral,cosine,oasst1zh,2,mean,-1,/weka/scratch/jhu/cpriebe1/MO/model-taxonomy/results/shared_cache/03_adapters/allenai--OLMo-2-0425-1B-Instruct/yahoo_075g1_000g2_025g3_n1000_s00_r16_i00_b5008_fea27ccee,75/0/25,-0.08509187400341034,0.2057272344827652
behavioral,behavioral,cosine,oasst1zh,2,mean,-1,/weka/scratch/jhu/cpriebe1/MO/model-taxonomy/results/shared_cache/03_adapters/allenai--OLMo-2-0425-1B-Instruct/yahoo_050g1_050g2_000g3_n1000_s00_r16_i00_b5008_fea27ccee,50/50/0,0.2236584722995758,0.05162511765956879
behavioral,behavioral,cosine,oasst1zh,2,mean,-1,/weka/scratch/jhu/cpriebe1/MO/model-taxonomy/results/shared_cache/03_adapters/allenai--OLMo-2-0425-1B-Instruct/yahoo_050g1_025g2_025g3_n1000_s00_r16_i00_b5008_fea27ccee,50/25/25,0.11734018474817276,0.11288026720285416
behavioral,behavioral,cosine,oasst1zh,2,mean,-1,/weka/scratch/jhu/cpriebe1/MO/model-taxonomy/results/shared_cache/03_adapters/allenai--OLMo-2-0425-1B-Instruct/yahoo_050g1_000g2_050g3_n1000_s00_r16_i00_b5008_fea27ccee,50/0/50,-0.18513847887516022,0.13755832612514496
behavioral,behavioral,cosine,oasst1zh,2,mean,-1,/weka/scratch/jhu/cpriebe1/MO/model-taxonomy/results/shared_cache/03_adapters/allenai--OLMo-2-0425-1B-Instruct/yahoo_033g1_033g2_033g3_n1000_s00_r16_i00_b5008_fea27ccee,33/33/33,0.03719913214445114,-0.027988163754343987
behavioral,behavioral,cosine,oasst1zh,2,mean,-1,/weka/scratch/jhu/cpriebe1/MO/model-taxonomy/results/shared_cache/03_adapters/allenai--OLMo-2-0425-1B-Instruct/yahoo_025g1_075g2_000g3_n1000_s00_r16_i00_b5008_fea27ccee,25/75/0,0.33578625321388245,-0.09013725817203522
behavioral,behavioral,cosine,oasst1zh,2,mean,-1,/weka/scratch/jhu/cpriebe1/MO/model-taxonomy/results/shared_cache/03_adapters/allenai--OLMo-2-0425-1B-Instruct/yahoo_025g1_050g2_025g3_n1000_s00_r16_i00_b5008_fea27ccee,25/50/25,0.17760460078716278,-0.0810723751783371
behavioral,behavioral,cosine,oasst1zh,2,mean,-1,/weka/scratch/jhu/cpriebe1/MO/model-taxonomy/results/shared_cache/03_adapters/allenai--OLMo-2-0425-1B-Instruct/yahoo_025g1_025g2_050g3_n1000_s00_r16_i00_b5008_fea27ccee,25/25/50,-0.0714503824710846,-0.05863199755549431
behavioral,behavioral,cosine,oasst1zh,2,mean,-1,/weka/scratch/jhu/cpriebe1/MO/model-taxonomy/results/shared_cache/03_adapters/allenai--OLMo-2-0425-1B-Instruct/yahoo_025g1_000g2_075g3_n1000_s00_r16_i00_b5008_fea27ccee,25/0/75,-0.2541751265525818,0.01760680228471756
behavioral,behavioral,cosine,oasst1zh,2,mean,-1,/weka/scratch/jhu/cpriebe1/MO/model-taxonomy/results/shared_cache/03_adapters/allenai--OLMo-2-0425-1B-Instruct/yahoo_000g1_100g2_000g3_n1000_s00_r16_i00_b5008_fea27ccee,0/100/0,0.1857789009809494,-0.2415115237236023
behavioral,behavioral,cosine,oasst1zh,2,mean,-1,/weka/scratch/jhu/cpriebe1/MO/model-taxonomy/results/shared_cache/03_adapters/allenai--OLMo-2-0425-1B-Instruct/yahoo_000g1_075g2_025g3_n1000_s00_r16_i00_b5008_fea27ccee,0/75/25,0.09793403744697571,-0.25212323665618896
behavioral,behavioral,cosine,oasst1zh,2,mean,-1,/weka/scratch/jhu/cpriebe1/MO/model-taxonomy/results/shared_cache/03_adapters/allenai--OLMo-2-0425-1B-Instruct/yahoo_000g1_050g2_050g3_n1000_s00_r16_i00_b5008_fea27ccee,0/50/50,-0.10702104866504669,-0.2010631263256073
behavioral,behavioral,cosine,oasst1zh,2,mean,-1,/weka/scratch/jhu/cpriebe1/MO/model-taxonomy/results/shared_cache/03_adapters/allenai--OLMo-2-0425-1B-Instruct/yahoo_000g1_025g2_075g3_n1000_s00_r16_i00_b5008_fea27ccee,0/25/75,-0.2319766879081726,-0.12617598474025726
behavioral,behavioral,cosine,oasst1zh,2,mean,-1,/weka/scratch/jhu/cpriebe1/MO/model-taxonomy/results/shared_cache/03_adapters/allenai--OLMo-2-0425-1B-Instruct/yahoo_000g1_000g2_100g3_n1000_s00_r16_i00_b5008_fea27ccee,0/0/100,-0.3950379490852356,0.09337674826383591
behavioral,behavioral,cosine,oasst1zh,2,seed_aligned,0,/weka/scratch/jhu/cpriebe1/MO/model-taxonomy/results/shared_cache/03_adapters/allenai--OLMo-2-0425-1B-Instruct/yahoo_100g1_000g2_000g3_n1000_s00_r16_i00_b5008_fea27ccee,100/0/0,1.7992607691126844e-17,0.2561182975769043
behavioral,behavioral,cosine,oasst1zh,2,seed_aligned,0,/weka/scratch/jhu/cpriebe1/MO/model-taxonomy/results/shared_cache/03_adapters/allenai--OLMo-2-0425-1B-Instruct/yahoo_075g1_025g2_000g3_n1000_s00_r16_i00_b5008_fea27ccee,75/25/0,0.1545899361371994,0.20381084084510803
behavioral,behavioral,cosine,oasst1zh,2,seed_aligned,0,/weka/scratch/jhu/cpriebe1/MO/model-taxonomy/results/shared_cache/03_adapters/allenai--OLMo-2-0425-1B-Instruct/yahoo_075g1_000g2_025g3_n1000_s00_r16_i00_b5008_fea27ccee,75/0/25,-0.08509187400341034,0.2057272344827652
behavioral,behavioral,cosine,oasst1zh,2,seed_aligned,0,/weka/scratch/jhu/cpriebe1/MO/model-taxonomy/results/shared_cache/03_adapters/allenai--OLMo-2-0425-1B-Instruct/yahoo_050g1_050g2_000g3_n1000_s00_r16_i00_b5008_fea27ccee,50/50/0,0.2236584722995758,0.05162511765956879
behavioral,behavioral,cosine,oasst1zh,2,seed_aligned,0,/weka/scratch/jhu/cpriebe1/MO/model-taxonomy/results/shared_cache/03_adapters/allenai--OLMo-2-0425-1B-Instruct/yahoo_050g1_025g2_025g3_n1000_s00_r16_i00_b5008_fea27ccee,50/25/25,0.11734018474817276,0.11288026720285416
behavioral,behavioral,cosine,oasst1zh,2,seed_aligned,0,/weka/scratch/jhu/cpriebe1/MO/model-taxonomy/results/shared_cache/03_adapters/allenai--OLMo-2-0425-1B-Instruct/yahoo_050g1_000g2_050g3_n1000_s00_r16_i00_b5008_fea27ccee,50/0/50,-0.18513847887516022,0.13755832612514496
behavioral,behavioral,cosine,oasst1zh,2,seed_aligned,0,/weka/scratch/jhu/cpriebe1/MO/model-taxonomy/results/shared_cache/03_adapters/allenai--OLMo-2-0425-1B-Instruct/yahoo_033g1_033g2_033g3_n1000_s00_r16_i00_b5008_fea27ccee,33/33/33,0.03719913214445114,-0.027988163754343987
behavioral,behavioral,cosine,oasst1zh,2,seed_aligned,0,/weka/scratch/jhu/cpriebe1/MO/model-taxonomy/results/shared_cache/03_adapters/allenai--OLMo-2-0425-1B-Instruct/yahoo_025g1_075g2_000g3_n1000_s00_r16_i00_b5008_fea27ccee,25/75/0,0.33578625321388245,-0.09013725817203522
behavioral,behavioral,cosine,oasst1zh,2,seed_aligned,0,/weka/scratch/jhu/cpriebe1/MO/model-taxonomy/results/shared_cache/03_adapters/allenai--OLMo-2-0425-1B-Instruct/yahoo_025g1_050g2_025g3_n1000_s00_r16_i00_b5008_fea27ccee,25/50/25,0.17760460078716278,-0.0810723751783371
behavioral,behavioral,cosine,oasst1zh,2,seed_aligned,0,/weka/scratch/jhu/cpriebe1/MO/model-taxonomy/results/shared_cache/03_adapters/allenai--OLMo-2-0425-1B-Instruct/yahoo_025g1_025g2_050g3_n1000_s00_r16_i00_b5008_fea27ccee,25/25/50,-0.0714503824710846,-0.05863199755549431
behavioral,behavioral,cosine,oasst1zh,2,seed_aligned,0,/weka/scratch/jhu/cpriebe1/MO/model-taxonomy/results/shared_cache/03_adapters/allenai--OLMo-2-0425-1B-Instruct/yahoo_025g1_000g2_075g3_n1000_s00_r16_i00_b5008_fea27ccee,25/0/75,-0.2541751265525818,0.01760680228471756
behavioral,behavioral,cosine,oasst1zh,2,seed_aligned,0,/weka/scratch/jhu/cpriebe1/MO/model-taxonomy/results/shared_cache/03_adapters/allenai--OLMo-2-0425-1B-Instruct/yahoo_000g1_100g2_000g3_n1000_s00_r16_i00_b5008_fea27ccee,0/100/0,0.1857789009809494,-0.2415115237236023
behavioral,behavioral,cosine,oasst1zh,2,seed_aligned,0,/weka/scratch/jhu/cpriebe1/MO/model-taxonomy/results/shared_cache/03_adapters/allenai--OLMo-2-0425-1B-Instruct/yahoo_000g1_075g2_025g3_n1000_s00_r16_i00_b5008_fea27ccee,0/75/25,0.09793403744697571,-0.25212323665618896
behavioral,behavioral,cosine,oasst1zh,2,seed_aligned,0,/weka/scratch/jhu/cpriebe1/MO/model-taxonomy/results/shared_cache/03_adapters/allenai--OLMo-2-0425-1B-Instruct/yahoo_000g1_050g2_050g3_n1000_s00_r16_i00_b5008_fea27ccee,0/50/50,-0.10702104866504669,-0.2010631263256073
behavioral,behavioral,cosine,oasst1zh,2,seed_aligned,0,/weka/scratch/jhu/cpriebe1/MO/model-taxonomy/results/shared_cache/03_adapters/allenai--OLMo-2-0425-1B-Instruct/yahoo_000g1_025g2_075g3_n1000_s00_r16_i00_b5008_fea27ccee,0/25/75,-0.2319766879081726,-0.12617598474025726
behavioral,behavioral,cosine,oasst1zh,2,seed_aligned,0,/weka/scratch/jhu/cpriebe1/MO/model-taxonomy/results/shared_cache/03_adapters/allenai--OLMo-2-0425-1B-Instruct/yahoo_000g1_000g2_100g3_n1000_s00_r16_i00_b5008_fea27ccee,0/0/100,-0.3950379490852356,0.09337674826383591
behavioral,behavioral,cosine,oasst1zh,5,pooled,-1,/weka/scratch/jhu/cpriebe1/MO/model-taxonomy/results/shared_cache/03_adapters/allenai--OLMo-2-0425-1B-Instruct/yahoo_100g1_000g2_000g3_n1000_s00_r16_i00_b5008_fea27ccee,100/0/0,-5.4130593406351724e-17,0.276503324508667
behavioral,behavioral,cosine,oasst1zh,5,pooled,-1,/weka/scratch/jhu/cpriebe1/MO/model-taxonomy/results/shared_cache/03_adapters/allenai--OLMo-2-0425-1B-Instruct/yahoo_075g1_025g2_000g3_n1000_s00_r16_i00_b5008_fea27ccee,75/25/0,0.1697605401277542,0.1983562558889389
behavioral,behavioral,cosine,oasst1zh,5,pooled,-1,/weka/scratch/jhu/cpriebe1/MO/model-taxonomy/results/shared_cache/03_adapters/allenai--OLMo-2-0425-1B-Instruct/yahoo_075g1_000g2_025g3_n1000_s00_r16_i00_b5008_fea27ccee,75/0/25,-0.07954739779233932,0.20168106257915497
behavioral,behavioral,cosine,oasst1zh,5,pooled,-1,/weka/scratch/jhu/cpriebe1/MO/model-taxonomy/results/shared_cache/03_adapters/allenai--OLMo-2-0425-1B-Instruct/yahoo_050g1_050g2_000g3_n1000_s00_r16_i00_b5008_fea27ccee,50/50/0,0.21271325647830963,0.05241749808192253
behavioral,behavioral,cosine,oasst1zh,5,pooled,-1,/weka/scratch/jhu/cpriebe1/MO/model-taxonomy/results/shared_cache/03_adapters/allenai--OLMo-2-0425-1B-Instruct/yahoo_050g1_025g2_025g3_n1000_s00_r16_i00_b5008_fea27ccee,50/25/25,0.09546276181936264,0.1259610950946808
behavioral,behavioral,cosine,oasst1zh,5,pooled,-1,/weka/scratch/jhu/cpriebe1/MO/model-taxonomy/results/shared_cache/03_adapters/allenai--OLMo-2-0425-1B-Instruct/yahoo_050g1_000g2_050g3_n1000_s00_r16_i00_b5008_fea27ccee,50/0/50,-0.2048298716545105,0.16043122112751007
behavioral,behavioral,cosine,oasst1zh,5,pooled,-1,/weka/scratch/jhu/cpriebe1/MO/model-taxonomy/results/shared_cache/03_adapters/allenai--OLMo-2-0425-1B-Instruct/yahoo_033g1_033g2_033g3_n1000_s00_r16_i00_b5008_fea27ccee,33/33/33,0.05217331647872925,-0.03204720839858055
behavioral,behavioral,cosine,oasst1zh,5,pooled,-1,/weka/scratch/jhu/cpriebe1/MO/model-taxonomy/results/shared_cache/03_adapters/allenai--OLMo-2-0425-1B-Instruct/yahoo_025g1_075g2_000g3_n1000_s00_r16_i00_b5008_fea27ccee,25/75/0,0.3292841613292694,-0.09325041621923447
behavioral,behavioral,cosine,oasst1zh,5,pooled,-1,/weka/scratch/jhu/cpriebe1/MO/model-taxonomy/results/shared_cache/03_adapters/allenai--OLMo-2-0425-1B-Instruct/yahoo_025g1_050g2_025g3_n1000_s00_r16_i00_b5008_fea27ccee,25/50/25,0.181493878364563,-0.08481281250715256
behavioral,behavioral,cosine,oasst1zh,5,pooled,-1,/weka/scratch/jhu/cpriebe1/MO/model-taxonomy/results/shared_cache/03_adapters/allenai--OLMo-2-0425-1B-Instruct/yahoo_025g1_025g2_050g3_n1000_s00_r16_i00_b5008_fea27ccee,25/25/50,-0.0481862910091877,-0.028033290058374405
behavioral,behavioral,cosine,oasst1zh,5,pooled,-1,/weka/scratch/jhu/cpriebe1/MO/model-taxonomy/results/shared_cache/03_adapters/allenai--OLMo-2-0425-1B-Instruct/yahoo_025g1_000g2_075g3_n1000_s00_r16_i00_b5008_fea27ccee,25/0/75,-0.2546440660953522,0.038492023944854736
behavioral,behavioral,cosine,oasst1zh,5,pooled,-1,/weka/scratch/jhu/cpriebe1/MO/model-taxonomy/results/shared_cache/03_adapters/allenai--OLMo-2-0425-1B-Instruct/yahoo_000g1_100g2_000g3_n1000_s00_r16_i00_b5008_fea27ccee,0/100/0,0.1769297868013382,-0.24024610221385956
behavioral,behavioral,cosine,oasst1zh,5,pooled,-1,/weka/scratch/jhu/cpriebe1/MO/model-taxonomy/results/shared_cache/03_adapters/allenai--OLMo-2-0425-1B-Instruct/yahoo_000g1_075g2_025g3_n1000_s00_r16_i00_b5008_fea27ccee,0/75/25,0.08645113557577133,-0.2539801299571991
behavioral,behavioral,cosine,oasst1zh,5,pooled,-1,/weka/scratch/jhu/cpriebe1/MO/model-taxonomy/results/shared_cache/03_adapters/allenai--OLMo-2-0425-1B-Instruct/yahoo_000g1_050g2_050g3_n1000_s00_r16_i00_b5008_fea27ccee,0/50/50,-0.08601558208465576,-0.18692834675312042
behavioral,behavioral,cosine,oasst1zh,5,pooled,-1,/weka/scratch/jhu/cpriebe1/MO/model-taxonomy/results/shared_cache/03_adapters/allenai--OLMo-2-0425-1B-Instruct/yahoo_000g1_025g2_075g3_n1000_s00_r16_i00_b5008_fea27ccee,0/25/75,-0.22345571219921112,-0.13366742432117462
behavioral,behavioral,cosine,oasst1zh,5,pooled,-1,/weka/scratch/jhu/cpriebe1/MO/model-taxonomy/results/shared_cache/03_adapters/allenai--OLMo-2-0425-1B-Instruct/yahoo_000g1_000g2_100g3_n1000_s00_r16_i00_b5008_fea27ccee,0/0/100,-0.4075899124145508,-0.0008767396793700755
behavioral,behavioral,cosine,oasst1zh,5,mean,-1,/weka/scratch/jhu/cpriebe1/MO/model-taxonomy/results/shared_cache/03_adapters/allenai--OLMo-2-0425-1B-Instruct/yahoo_100g1_000g2_000g3_n1000_s00_r16_i00_b5008_fea27ccee,100/0/0,-5.4130593406351724e-17,0.276503324508667
behavioral,behavioral,cosine,oasst1zh,5,mean,-1,/weka/scratch/jhu/cpriebe1/MO/model-taxonomy/results/shared_cache/03_adapters/allenai--OLMo-2-0425-1B-Instruct/yahoo_075g1_025g2_000g3_n1000_s00_r16_i00_b5008_fea27ccee,75/25/0,0.1697605401277542,0.1983562558889389
behavioral,behavioral,cosine,oasst1zh,5,mean,-1,/weka/scratch/jhu/cpriebe1/MO/model-taxonomy/results/shared_cache/03_adapters/allenai--OLMo-2-0425-1B-Instruct/yahoo_075g1_000g2_025g3_n1000_s00_r16_i00_b5008_fea27ccee,75/0/25,-0.07954739779233932,0.20168106257915497
behavioral,behavioral,cosine,oasst1zh,5,mean,-1,/weka/scratch/jhu/cpriebe1/MO/model-taxonomy/results/shared_cache/03_adapters/allenai--OLMo-2-0425-1B-Instruct/yahoo_050g1_050g2_000g3_n1000_s00_r16_i00_b5008_fea27ccee,50/50/0,0.21271325647830963,0.05241749808192253
behavioral,behavioral,cosine,oasst1zh,5,mean,-1,/weka/scratch/jhu/cpriebe1/MO/model-taxonomy/results/shared_cache/03_adapters/allenai--OLMo-2-0425-1B-Instruct/yahoo_050g1_025g2_025g3_n1000_s00_r16_i00_b5008_fea27ccee,50/25/25,0.09546276181936264,0.1259610950946808
behavioral,behavioral,cosine,oasst1zh,5,mean,-1,/weka/scratch/jhu/cpriebe1/MO/model-taxonomy/results/shared_cache/03_adapters/allenai--OLMo-2-0425-1B-Instruct/yahoo_050g1_000g2_050g3_n1000_s00_r16_i00_b5008_fea27ccee,50/0/50,-0.2048298716545105,0.16043122112751007
behavioral,behavioral,cosine,oasst1zh,5,mean,-1,/weka/scratch/jhu/cpriebe1/MO/model-taxonomy/results/shared_cache/03_adapters/allenai--OLMo-2-0425-1B-Instruct/yahoo_033g1_033g2_033g3_n1000_s00_r16_i00_b5008_fea27ccee,33/33/33,0.05217331647872925,-0.03204720839858055
behavioral,behavioral,cosine,oasst1zh,5,mean,-1,/weka/scratch/jhu/cpriebe1/MO/model-taxonomy/results/shared_cache/03_adapters/allenai--OLMo-2-0425-1B-Instruct/yahoo_025g1_075g2_000g3_n1000_s00_r16_i00_b5008_fea27ccee,25/75/0,0.3292841613292694,-0.09325041621923447
behavioral,behavioral,cosine,oasst1zh,5,mean,-1,/weka/scratch/jhu/cpriebe1/MO/model-taxonomy/results/shared_cache/03_adapters/allenai--OLMo-2-0425-1B-Instruct/yahoo_025g1_050g2_025g3_n1000_s00_r16_i00_b5008_fea27ccee,25/50/25,0.181493878364563,-0.08481281250715256
behavioral,behavioral,cosine,oasst1zh,5,mean,-1,/weka/scratch/jhu/cpriebe1/MO/model-taxonomy/results/shared_cache/03_adapters/allenai--OLMo-2-0425-1B-Instruct/yahoo_025g1_025g2_050g3_n1000_s00_r16_i00_b5008_fea27ccee,25/25/50,-0.0481862910091877,-0.028033290058374405
behavioral,behavioral,cosine,oasst1zh,5,mean,-1,/weka/scratch/jhu/cpriebe1/MO/model-taxonomy/results/shared_cache/03_adapters/allenai--OLMo-2-0425-1B-Instruct/yahoo_025g1_000g2_075g3_n1000_s00_r16_i00_b5008_fea27ccee,25/0/75,-0.2546440660953522,0.038492023944854736
behavioral,behavioral,cosine,oasst1zh,5,mean,-1,/weka/scratch/jhu/cpriebe1/MO/model-taxonomy/results/shared_cache/03_adapters/allenai--OLMo-2-0425-1B-Instruct/yahoo_000g1_100g2_000g3_n1000_s00_r16_i00_b5008_fea27ccee,0/100/0,0.1769297868013382,-0.24024610221385956
behavioral,behavioral,cosine,oasst1zh,5,mean,-1,/weka/scratch/jhu/cpriebe1/MO/model-taxonomy/results/shared_cache/03_adapters/allenai--OLMo-2-0425-1B-Instruct/yahoo_000g1_075g2_025g3_n1000_s00_r16_i00_b5008_fea27ccee,0/75/25,0.08645113557577133,-0.2539801299571991
behavioral,behavioral,cosine,oasst1zh,5,mean,-1,/weka/scratch/jhu/cpriebe1/MO/model-taxonomy/results/shared_cache/03_adapters/allenai--OLMo-2-0425-1B-Instruct/yahoo_000g1_050g2_050g3_n1000_s00_r16_i00_b5008_fea27ccee,0/50/50,-0.08601558208465576,-0.18692834675312042
behavioral,behavioral,cosine,oasst1zh,5,mean,-1,/weka/scratch/jhu/cpriebe1/MO/model-taxonomy/results/shared_cache/03_adapters/allenai--OLMo-2-0425-1B-Instruct/yahoo_000g1_025g2_075g3_n1000_s00_r16_i00_b5008_fea27ccee,0/25/75,-0.22345571219921112,-0.13366742432117462
behavioral,behavioral,cosine,oasst1zh,5,mean,-1,/weka/scratch/jhu/cpriebe1/MO/model-taxonomy/results/shared_cache/03_adapters/allenai--OLMo-2-0425-1B-Instruct/yahoo_000g1_000g2_100g3_n1000_s00_r16_i00_b5008_fea27ccee,0/0/100,-0.4075899124145508,-0.0008767396793700755
behavioral,behavioral,cosine,oasst1zh,5,seed_aligned,0,/weka/scratch/jhu/cpriebe1/MO/model-taxonomy/results/shared_cache/03_adapters/allenai--OLMo-2-0425-1B-Instruct/yahoo_100g1_000g2_000g3_n1000_s00_r16_i00_b5008_fea27ccee,100/0/0,-5.4130593406351724e-17,0.276503324508667
behavioral,behavioral,cosine,oasst1zh,5,seed_aligned,0,/weka/scratch/jhu/cpriebe1/MO/model-taxonomy/results/shared_cache/03_adapters/allenai--OLMo-2-0425-1B-Instruct/yahoo_075g1_025g2_000g3_n1000_s00_r16_i00_b5008_fea27ccee,75/25/0,0.1697605401277542,0.1983562558889389
behavioral,behavioral,cosine,oasst1zh,5,seed_aligned,0,/weka/scratch/jhu/cpriebe1/MO/model-taxonomy/results/shared_cache/03_adapters/allenai--OLMo-2-0425-1B-Instruct/yahoo_075g1_000g2_025g3_n1000_s00_r16_i00_b5008_fea27ccee,75/0/25,-0.07954739779233932,0.20168106257915497
behavioral,behavioral,cosine,oasst1zh,5,seed_aligned,0,/weka/scratch/jhu/cpriebe1/MO/model-taxonomy/results/shared_cache/03_adapters/allenai--OLMo-2-0425-1B-Instruct/yahoo_050g1_050g2_000g3_n1000_s00_r16_i00_b5008_fea27ccee,50/50/0,0.21271325647830963,0.05241749808192253
behavioral,behavioral,cosine,oasst1zh,5,seed_aligned,0,/weka/scratch/jhu/cpriebe1/MO/model-taxonomy/results/shared_cache/03_adapters/allenai--OLMo-2-0425-1B-Instruct/yahoo_050g1_025g2_025g3_n1000_s00_r16_i00_b5008_fea27ccee,50/25/25,0.09546276181936264,0.1259610950946808
behavioral,behavioral,cosine,oasst1zh,5,seed_aligned,0,/weka/scratch/jhu/cpriebe1/MO/model-taxonomy/results/shared_cache/03_adapters/allenai--OLMo-2-0425-1B-Instruct/yahoo_050g1_000g2_050g3_n1000_s00_r16_i00_b5008_fea27ccee,50/0/50,-0.2048298716545105,0.16043122112751007
behavioral,behavioral,cosine,oasst1zh,5,seed_aligned,0,/weka/scratch/jhu/cpriebe1/MO/model-taxonomy/results/shared_cache/03_adapters/allenai--OLMo-2-0425-1B-Instruct/yahoo_033g1_033g2_033g3_n1000_s00_r16_i00_b5008_fea27ccee,33/33/33,0.05217331647872925,-0.03204720839858055
behavioral,behavioral,cosine,oasst1zh,5,seed_aligned,0,/weka/scratch/jhu/cpriebe1/MO/model-taxonomy/results/shared_cache/03_adapters/allenai--OLMo-2-0425-1B-Instruct/yahoo_025g1_075g2_000g3_n1000_s00_r16_i00_b5008_fea27ccee,25/75/0,0.3292841613292694,-0.09325041621923447
behavioral,behavioral,cosine,oasst1zh,5,seed_aligned,0,/weka/scratch/jhu/cpriebe1/MO/model-taxonomy/results/shared_cache/03_adapters/allenai--OLMo-2-0425-1B-Instruct/yahoo_025g1_050g2_025g3_n1000_s00_r16_i00_b5008_fea27ccee,25/50/25,0.181493878364563,-0.08481281250715256
behavioral,behavioral,cosine,oasst1zh,5,seed_aligned,0,/weka/scratch/jhu/cpriebe1/MO/model-taxonomy/results/shared_cache/03_adapters/allenai--OLMo-2-0425-1B-Instruct/yahoo_025g1_025g2_050g3_n1000_s00_r16_i00_b5008_fea27ccee,25/25/50,-0.0481862910091877,-0.028033290058374405
behavioral,behavioral,cosine,oasst1zh,5,seed_aligned,0,/weka/scratch/jhu/cpriebe1/MO/model-taxonomy/results/shared_cache/03_adapters/allenai--OLMo-2-0425-1B-Instruct/yahoo_025g1_000g2_075g3_n1000_s00_r16_i00_b5008_fea27ccee,25/0/75,-0.2546440660953522,0.038492023944854736
behavioral,behavioral,cosine,oasst1zh,5,seed_aligned,0,/weka/scratch/jhu/cpriebe1/MO/model-taxonomy/results/shared_cache/03_adapters/allenai--OLMo-2-0425-1B-Instruct/yahoo_000g1_100g2_000g3_n1000_s00_r16_i00_b5008_fea27ccee,0/100/0,0.1769297868013382,-0.24024610221385956
behavioral,behavioral,cosine,oasst1zh,5,seed_aligned,0,/weka/scratch/jhu/cpriebe1/MO/model-taxonomy/results/shared_cache/03_adapters/allenai--OLMo-2-0425-1B-Instruct/yahoo_000g1_075g2_025g3_n1000_s00_r16_i00_b5008_fea27ccee,0/75/25,0.08645113557577133,-0.2539801299571991
behavioral,behavioral,cosine,oasst1zh,5,seed_aligned,0,/weka/scratch/jhu/cpriebe1/MO/model-taxonomy/results/shared_cache/03_adapters/allenai--OLMo-2-0425-1B-Instruct/yahoo_000g1_050g2_050g3_n1000_s00_r16_i00_b5008_fea27ccee,0/50/50,-0.08601558208465576,-0.18692834675312042
behavioral,behavioral,cosine,oasst1zh,5,seed_aligned,0,/weka/scratch/jhu/cpriebe1/MO/model-taxonomy/results/shared_cache/03_adapters/allenai--OLMo-2-0425-1B-Instruct/yahoo_000g1_025g2_075g3_n1000_s00_r16_i00_b5008_fea27ccee,0/25/75,-0.22345571219921112,-0.13366742432117462
behavioral,behavioral,cosine,oasst1zh,5,seed_aligned,0,/weka/scratch/jhu/cpriebe1/MO/model-taxonomy/results/shared_cache/03_adapters/allenai--OLMo-2-0425-1B-Instruct/yahoo_000g1_000g2_100g3_n1000_s00_r16_i00_b5008_fea27ccee,0/0/100,-0.4075899124145508,-0.0008767396793700755
behavioral,behavioral,cosine,oasst1zh,10,pooled,-1,/weka/scratch/jhu/cpriebe1/MO/model-taxonomy/results/shared_cache/03_adapters/allenai--OLMo-2-0425-1B-Instruct/yahoo_100g1_000g2_000g3_n1000_s00_r16_i00_b5008_fea27ccee,100/0/0,6.910472639804396e-17,0.2678685486316681
behavioral,behavioral,cosine,oasst1zh,10,pooled,-1,/weka/scratch/jhu/cpriebe1/MO/model-taxonomy/results/shared_cache/03_adapters/allenai--OLMo-2-0425-1B-Instruct/yahoo_075g1_025g2_000g3_n1000_s00_r16_i00_b5008_fea27ccee,75/25/0,0.14644181728363037,0.20039336383342743
behavioral,behavioral,cosine,oasst1zh,10,pooled,-1,/weka/scratch/jhu/cpriebe1/MO/model-taxonomy/results/shared_cache/03_adapters/allenai--OLMo-2-0425-1B-Instruct/yahoo_075g1_000g2_025g3_n1000_s00_r16_i00_b5008_fea27ccee,75/0/25,-0.07651572674512863,0.20432662963867188
behavioral,behavioral,cosine,oasst1zh,10,pooled,-1,/weka/scratch/jhu/cpriebe1/MO/model-taxonomy/results/shared_cache/03_adapters/allenai--OLMo-2-0425-1B-Instruct/yahoo_050g1_050g2_000g3_n1000_s00_r16_i00_b5008_fea27ccee,50/50/0,0.24342767894268036,0.05749446153640747
behavioral,behavioral,cosine,oasst1zh,10,pooled,-1,/weka/scratch/jhu/cpriebe1/MO/model-taxonomy/results/shared_cache/03_adapters/allenai--OLMo-2-0425-1B-Instruct/yahoo_050g1_025g2_025g3_n1000_s00_r16_i00_b5008_fea27ccee,50/25/25,0.1325489580631256,0.11011621356010437
behavioral,behavioral,cosine,oasst1zh,10,pooled,-1,/weka/scratch/jhu/cpriebe1/MO/model-taxonomy/results/shared_cache/03_adapters/allenai--OLMo-2-0425-1B-Instruct/yahoo_050g1_000g2_050g3_n1000_s00_r16_i00_b5008_fea27ccee,50/0/50,-0.19373555481433868,0.16136597096920013
behavioral,behavioral,cosine,oasst1zh,10,pooled,-1,/weka/scratch/jhu/cpriebe1/MO/model-taxonomy/results/shared_cache/03_adapters/allenai--OLMo-2-0425-1B-Instruct/yahoo_033g1_033g2_033g3_n1000_s00_r16_i00_b5008_fea27ccee,33/33/33,0.030814968049526215,0.0025821183808147907
behavioral,behavioral,cosine,oasst1zh,10,pooled,-1,/weka/scratch/jhu/cpriebe1/MO/model-taxonomy/results/shared_cache/03_adapters/allenai--OLMo-2-0425-1B-Instruct/yahoo_025g1_075g2_000g3_n1000_s00_r16_i00_b5008_fea27ccee,25/75/0,0.3091636300086975,-0.09323756396770477
behavioral,behavioral,cosine,oasst1zh,10,pooled,-1,/weka/scratch/jhu/cpriebe1/MO/model-taxonomy/results/shared_cache/03_adapters/allenai--OLMo-2-0425-1B-Instruct/yahoo_025g1_050g2_025g3_n1000_s00_r16_i00_b5008_fea27ccee,25/50/25,0.14886189997196198,-0.09142471104860306
behavioral,behavioral,cosine,oasst1zh,10,pooled,-1,/weka/scratch/jhu/cpriebe1/MO/model-taxonomy/results/shared_cache/03_adapters/allenai--OLMo-2-0425-1B-Instruct/yahoo_025g1_025g2_050g3_n1000_s00_r16_i00_b5008_fea27ccee,25/25/50,-0.06839966028928757,-0.044294629245996475
behavioral,behavioral,cosine,oasst1zh,10,pooled,-1,/weka/scratch/jhu/cpriebe1/MO/model-taxonomy/results/shared_cache/03_adapters/allenai--OLMo-2-0425-1B-Instruct/yahoo_025g1_000g2_075g3_n1000_s00_r16_i00_b5008_fea27ccee,25/0/75,-0.26178601384162903,0.04542917013168335
behavioral,behavioral,cosine,oasst1zh,10,pooled,-1,/weka/scratch/jhu/cpriebe1/MO/model-taxonomy/results/shared_cache/03_adapters/allenai--OLMo-2-0425-1B-Instruct/yahoo_000g1_100g2_000g3_n1000_s00_r16_i00_b5008_fea27ccee,0/100/0,0.20333509147167206,-0.241025909781456
behavioral,behavioral,cosine,oasst1zh,10,pooled,-1,/weka/scratch/jhu/cpriebe1/MO/model-taxonomy/results/shared_cache/03_adapters/allenai--OLMo-2-0425-1B-Instruct/yahoo_000g1_075g2_025g3_n1000_s00_r16_i00_b5008_fea27ccee,0/75/25,0.1022084429860115,-0.25279366970062256
behavioral,behavioral,cosine,oasst1zh,10,pooled,-1,/weka/scratch/jhu/cpriebe1/MO/model-taxonomy/results/shared_cache/03_adapters/allenai--OLMo-2-0425-1B-Instruct/yahoo_000g1_050g2_050g3_n1000_s00_r16_i00_b5008_fea27ccee,0/50/50,-0.08883022516965866,-0.19307765364646912
behavioral,behavioral,cosine,oasst1zh,10,pooled,-1,/weka/scratch/jhu/cpriebe1/MO/model-taxonomy/results/shared_cache/03_adapters/allenai--OLMo-2-0425-1B-Instruct/yahoo_000g1_025g2_075g3_n1000_s00_r16_i00_b5008_fea27ccee,0/25/75,-0.22872623801231384,-0.1408839225769043
behavioral,behavioral,cosine,oasst1zh,10,pooled,-1,/weka/scratch/jhu/cpriebe1/MO/model-taxonomy/results/shared_cache/03_adapters/allenai--OLMo-2-0425-1B-Instruct/yahoo_000g1_000g2_100g3_n1000_s00_r16_i00_b5008_fea27ccee,0/0/100,-0.3988090753555298,0.00716159725561738
behavioral,behavioral,cosine,oasst1zh,10,mean,-1,/weka/scratch/jhu/cpriebe1/MO/model-taxonomy/results/shared_cache/03_adapters/allenai--OLMo-2-0425-1B-Instruct/yahoo_100g1_000g2_000g3_n1000_s00_r16_i00_b5008_fea27ccee,100/0/0,6.910472639804396e-17,0.2678685486316681
behavioral,behavioral,cosine,oasst1zh,10,mean,-1,/weka/scratch/jhu/cpriebe1/MO/model-taxonomy/results/shared_cache/03_adapters/allenai--OLMo-2-0425-1B-Instruct/yahoo_075g1_025g2_000g3_n1000_s00_r16_i00_b5008_fea27ccee,75/25/0,0.14644181728363037,0.20039336383342743
behavioral,behavioral,cosine,oasst1zh,10,mean,-1,/weka/scratch/jhu/cpriebe1/MO/model-taxonomy/results/shared_cache/03_adapters/allenai--OLMo-2-0425-1B-Instruct/yahoo_075g1_000g2_025g3_n1000_s00_r16_i00_b5008_fea27ccee,75/0/25,-0.07651572674512863,0.20432662963867188
behavioral,behavioral,cosine,oasst1zh,10,mean,-1,/weka/scratch/jhu/cpriebe1/MO/model-taxonomy/results/shared_cache/03_adapters/allenai--OLMo-2-0425-1B-Instruct/yahoo_050g1_050g2_000g3_n1000_s00_r16_i00_b5008_fea27ccee,50/50/0,0.24342767894268036,0.05749446153640747
behavioral,behavioral,cosine,oasst1zh,10,mean,-1,/weka/scratch/jhu/cpriebe1/MO/model-taxonomy/results/shared_cache/03_adapters/allenai--OLMo-2-0425-1B-Instruct/yahoo_050g1_025g2_025g3_n1000_s00_r16_i00_b5008_fea27ccee,50/25/25,0.1325489580631256,0.11011621356010437
behavioral,behavioral,cosine,oasst1zh,10,mean,-1,/weka/scratch/jhu/cpriebe1/MO/model-taxonomy/results/shared_cache/03_adapters/allenai--OLMo-2-0425-1B-Instruct/yahoo_050g1_000g2_050g3_n1000_s00_r16_i00_b5008_fea27ccee,50/0/50,-0.19373555481433868,0.16136597096920013
behavioral,behavioral,cosine,oasst1zh,10,mean,-1,/weka/scratch/jhu/cpriebe1/MO/model-taxonomy/results/shared_cache/03_adapters/allenai--OLMo-2-0425-1B-Instruct/yahoo_033g1_033g2_033g3_n1000_s00_r16_i00_b5008_fea27ccee,33/33/33,0.030814968049526215,0.0025821183808147907
behavioral,behavioral,cosine,oasst1zh,10,mean,-1,/weka/scratch/jhu/cpriebe1/MO/model-taxonomy/results/shared_cache/03_adapters/allenai--OLMo-2-0425-1B-Instruct/yahoo_025g1_075g2_000g3_n1000_s00_r16_i00_b5008_fea27ccee,25/75/0,0.3091636300086975,-0.09323756396770477
behavioral,behavioral,cosine,oasst1zh,10,mean,-1,/weka/scratch/jhu/cpriebe1/MO/model-taxonomy/results/shared_cache/03_adapters/allenai--OLMo-2-0425-1B-Instruct/yahoo_025g1_050g2_025g3_n1000_s00_r16_i00_b5008_fea27ccee,25/50/25,0.14886189997196198,-0.09142471104860306
behavioral,behavioral,cosine,oasst1zh,10,mean,-1,/weka/scratch/jhu/cpriebe1/MO/model-taxonomy/results/shared_cache/03_adapters/allenai--OLMo-2-0425-1B-Instruct/yahoo_025g1_025g2_050g3_n1000_s00_r16_i00_b5008_fea27ccee,25/25/50,-0.06839966028928757,-0.044294629245996475
behavioral,behavioral,cosine,oasst1zh,10,mean,-1,/weka/scratch/jhu/cpriebe1/MO/model-taxonomy/results/shared_cache/03_adapters/allenai--OLMo-2-0425-1B-Instruct/yahoo_025g1_000g2_075g3_n1000_s00_r16_i00_b5008_fea27ccee,25/0/75,-0.26178601384162903,0.04542917013168335
behavioral,behavioral,cosine,oasst1zh,10,mean,-1,/weka/scratch/jhu/cpriebe1/MO/model-taxonomy/results/shared_cache/03_adapters/allenai--OLMo-2-0425-1B-Instruct/yahoo_000g1_100g2_000g3_n1000_s00_r16_i00_b5008_fea27ccee,0/100/0,0.20333509147167206,-0.241025909781456
behavioral,behavioral,cosine,oasst1zh,10,mean,-1,/weka/scratch/jhu/cpriebe1/MO/model-taxonomy/results/shared_cache/03_adapters/allenai--OLMo-2-0425-1B-Instruct/yahoo_000g1_075g2_025g3_n1000_s00_r16_i00_b5008_fea27ccee,0/75/25,0.1022084429860115,-0.25279366970062256
behavioral,behavioral,cosine,oasst1zh,10,mean,-1,/weka/scratch/jhu/cpriebe1/MO/model-taxonomy/results/shared_cache/03_adapters/allenai--OLMo-2-0425-1B-Instruct/yahoo_000g1_050g2_050g3_n1000_s00_r16_i00_b5008_fea27ccee,0/50/50,-0.08883022516965866,-0.19307765364646912
behavioral,behavioral,cosine,oasst1zh,10,mean,-1,/weka/scratch/jhu/cpriebe1/MO/model-taxonomy/results/shared_cache/03_adapters/allenai--OLMo-2-0425-1B-Instruct/yahoo_000g1_025g2_075g3_n1000_s00_r16_i00_b5008_fea27ccee,0/25/75,-0.22872623801231384,-0.1408839225769043
behavioral,behavioral,cosine,oasst1zh,10,mean,-1,/weka/scratch/jhu/cpriebe1/MO/model-taxonomy/results/shared_cache/03_adapters/allenai--OLMo-2-0425-1B-Instruct/yahoo_000g1_000g2_100g3_n1000_s00_r16_i00_b5008_fea27ccee,0/0/100,-0.3988090753555298,0.00716159725561738
behavioral,behavioral,cosine,oasst1zh,10,seed_aligned,0,/weka/scratch/jhu/cpriebe1/MO/model-taxonomy/results/shared_cache/03_adapters/allenai--OLMo-2-0425-1B-Instruct/yahoo_100g1_000g2_000g3_n1000_s00_r16_i00_b5008_fea27ccee,100/0/0,6.910472639804396e-17,0.2678685486316681
behavioral,behavioral,cosine,oasst1zh,10,seed_aligned,0,/weka/scratch/jhu/cpriebe1/MO/model-taxonomy/results/shared_cache/03_adapters/allenai--OLMo-2-0425-1B-Instruct/yahoo_075g1_025g2_000g3_n1000_s00_r16_i00_b5008_fea27ccee,75/25/0,0.14644181728363037,0.20039336383342743
behavioral,behavioral,cosine,oasst1zh,10,seed_aligned,0,/weka/scratch/jhu/cpriebe1/MO/model-taxonomy/results/shared_cache/03_adapters/allenai--OLMo-2-0425-1B-Instruct/yahoo_075g1_000g2_025g3_n1000_s00_r16_i00_b5008_fea27ccee,75/0/25,-0.07651572674512863,0.20432662963867188
behavioral,behavioral,cosine,oasst1zh,10,seed_aligned,0,/weka/scratch/jhu/cpriebe1/MO/model-taxonomy/results/shared_cache/03_adapters/allenai--OLMo-2-0425-1B-Instruct/yahoo_050g1_050g2_000g3_n1000_s00_r16_i00_b5008_fea27ccee,50/50/0,0.24342767894268036,0.05749446153640747
behavioral,behavioral,cosine,oasst1zh,10,seed_aligned,0,/weka/scratch/jhu/cpriebe1/MO/model-taxonomy/results/shared_cache/03_adapters/allenai--OLMo-2-0425-1B-Instruct/yahoo_050g1_025g2_025g3_n1000_s00_r16_i00_b5008_fea27ccee,50/25/25,0.1325489580631256,0.11011621356010437
behavioral,behavioral,cosine,oasst1zh,10,seed_aligned,0,/weka/scratch/jhu/cpriebe1/MO/model-taxonomy/results/shared_cache/03_adapters/allenai--OLMo-2-0425-1B-Instruct/yahoo_050g1_000g2_050g3_n1000_s00_r16_i00_b5008_fea27ccee,50/0/50,-0.19373555481433868,0.16136597096920013
behavioral,behavioral,cosine,oasst1zh,10,seed_aligned,0,/weka/scratch/jhu/cpriebe1/MO/model-taxonomy/results/shared_cache/03_adapters/allenai--OLMo-2-0425-1B-Instruct/yahoo_033g1_033g2_033g3_n1000_s00_r16_i00_b5008_fea27ccee,33/33/33,0.030814968049526215,0.0025821183808147907
behavioral,behavioral,cosine,oasst1zh,10,seed_aligned,0,/weka/scratch/jhu/cpriebe1/MO/model-taxonomy/results/shared_cache/03_adapters/allenai--OLMo-2-0425-1B-Instruct/yahoo_025g1_075g2_000g3_n1000_s00_r16_i00_b5008_fea27ccee,25/75/0,0.3091636300086975,-0.09323756396770477
behavioral,behavioral,cosine,oasst1zh,10,seed_aligned,0,/weka/scratch/jhu/cpriebe1/MO/model-taxonomy/results/shared_cache/03_adapters/allenai--OLMo-2-0425-1B-Instruct/yahoo_025g1_050g2_025g3_n1000_s00_r16_i00_b5008_fea27ccee,25/50/25,0.14886189997196198,-0.09142471104860306
behavioral,behavioral,cosine,oasst1zh,10,seed_aligned,0,/weka/scratch/jhu/cpriebe1/MO/model-taxonomy/results/shared_cache/03_adapters/allenai--OLMo-2-0425-1B-Instruct/yahoo_025g1_025g2_050g3_n1000_s00_r16_i00_b5008_fea27ccee,25/25/50,-0.06839966028928757,-0.044294629245996475
behavioral,behavioral,cosine,oasst1zh,10,seed_aligned,0,/weka/scratch/jhu/cpriebe1/MO/model-taxonomy/results/shared_cache/03_adapters/allenai--OLMo-2-0425-1B-Instruct/yahoo_025g1_000g2_075g3_n1000_s00_r16_i00_b5008_fea27ccee,25/0/75,-0.26178601384162903,0.04542917013168335
behavioral,behavioral,cosine,oasst1zh,10,seed_aligned,0,/weka/scratch/jhu/cpriebe1/MO/model-taxonomy/results/shared_cache/03_adapters/allenai--OLMo-2-0425-1B-Instruct/yahoo_000g1_100g2_000g3_n1000_s00_r16_i00_b5008_fea27ccee,0/100/0,0.20333509147167206,-0.241025909781456
behavioral,behavioral,cosine,oasst1zh,10,seed_aligned,0,/weka/scratch/jhu/cpriebe1/MO/model-taxonomy/results/shared_cache/03_adapters/allenai--OLMo-2-0425-1B-Instruct/yahoo_000g1_075g2_025g3_n1000_s00_r16_i00_b5008_fea27ccee,0/75/25,0.1022084429860115,-0.25279366970062256
behavioral,behavioral,cosine,oasst1zh,10,seed_aligned,0,/weka/scratch/jhu/cpriebe1/MO/model-taxonomy/results/shared_cache/03_adapters/allenai--OLMo-2-0425-1B-Instruct/yahoo_000g1_050g2_050g3_n1000_s00_r16_i00_b5008_fea27ccee,0/50/50,-0.08883022516965866,-0.19307765364646912
behavioral,behavioral,cosine,oasst1zh,10,seed_aligned,0,/weka/scratch/jhu/cpriebe1/MO/model-taxonomy/results/shared_cache/03_adapters/allenai--OLMo-2-0425-1B-Instruct/yahoo_000g1_025g2_075g3_n1000_s00_r16_i00_b5008_fea27ccee,0/25/75,-0.22872623801231384,-0.1408839225769043
behavioral,behavioral,cosine,oasst1zh,10,seed_aligned,0,/weka/scratch/jhu/cpriebe1/MO/model-taxonomy/results/shared_cache/03_adapters/allenai--OLMo-2-0425-1B-Instruct/yahoo_000g1_000g2_100g3_n1000_s00_r16_i00_b5008_fea27ccee,0/0/100,-0.3988090753555298,0.00716159725561738
behavioral,behavioral,cosine,oasst1zh,20,pooled,-1,/weka/scratch/jhu/cpriebe1/MO/model-taxonomy/results/shared_cache/03_adapters/allenai--OLMo-2-0425-1B-Instruct/yahoo_100g1_000g2_000g3_n1000_s00_r16_i00_b5008_fea27ccee,100/0/0,-1.0643329632997357e-16,0.2786845266819
behavioral,behavioral,cosine,oasst1zh,20,pooled,-1,/weka/scratch/jhu/cpriebe1/MO/model-taxonomy/results/shared_cache/03_adapters/allenai--OLMo-2-0425-1B-Instruct/yahoo_075g1_025g2_000g3_n1000_s00_r16_i00_b5008_fea27ccee,75/25/0,0.14790932834148407,0.1923871785402298
behavioral,behavioral,cosine,oasst1zh,20,pooled,-1,/weka/scratch/jhu/cpriebe1/MO/model-taxonomy/results/shared_cache/03_adapters/allenai--OLMo-2-0425-1B-Instruct/yahoo_075g1_000g2_025g3_n1000_s00_r16_i00_b5008_fea27ccee,75/0/25,-0.07847876846790314,0.21410077810287476
behavioral,behavioral,cosine,oasst1zh,20,pooled,-1,/weka/scratch/jhu/cpriebe1/MO/model-taxonomy/results/shared_cache/03_adapters/allenai--OLMo-2-0425-1B-Instruct/yahoo_050g1_050g2_000g3_n1000_s00_r16_i00_b5008_fea27ccee,50/50/0,0.22635091841220856,0.06073013320565224
behavioral,behavioral,cosine,oasst1zh,20,pooled,-1,/weka/scratch/jhu/cpriebe1/MO/model-taxonomy/results/shared_cache/03_adapters/allenai--OLMo-2-0425-1B-Instruct/yahoo_050g1_025g2_025g3_n1000_s00_r16_i00_b5008_fea27ccee,50/25/25,0.1165044978260994,0.09886632114648819
behavioral,behavioral,cosine,oasst1zh,20,pooled,-1,/weka/scratch/jhu/cpriebe1/MO/model-taxonomy/results/shared_cache/03_adapters/allenai--OLMo-2-0425-1B-Instruct/yahoo_050g1_000g2_050g3_n1000_s00_r16_i00_b5008_fea27ccee,50/0/50,-0.1989821046590805,0.1644315868616104
behavioral,behavioral,cosine,oasst1zh,20,pooled,-1,/weka/scratch/jhu/cpriebe1/MO/model-taxonomy/results/shared_cache/03_adapters/allenai--OLMo-2-0425-1B-Instruct/yahoo_033g1_033g2_033g3_n1000_s00_r16_i00_b5008_fea27ccee,33/33/33,0.046720653772354126,-0.013304270803928375
behavioral,behavioral,cosine,oasst1zh,20,pooled,-1,/weka/scratch/jhu/cpriebe1/MO/model-taxonomy/results/shared_cache/03_adapters/allenai--OLMo-2-0425-1B-Instruct/yahoo_025g1_075g2_000g3_n1000_s00_r16_i00_b5008_fea27ccee,25/75/0,0.33096426725387573,-0.09008396416902542
behavioral,behavioral,cosine,oasst1zh,20,pooled,-1,/weka/scratch/jhu/cpriebe1/MO/model-taxonomy/results/shared_cache/03_adapters/allenai--OLMo-2-0425-1B-Instruct/yahoo_025g1_050g2_025g3_n1000_s00_r16_i00_b5008_fea27ccee,25/50/25,0.17051047086715698,-0.08464615046977997
behavioral,behavioral,cosine,oasst1zh,20,pooled,-1,/weka/scratch/jhu/cpriebe1/MO/model-taxonomy/results/shared_cache/03_adapters/allenai--OLMo-2-0425-1B-Instruct/yahoo_025g1_025g2_050g3_n1000_s00_r16_i00_b5008_fea27ccee,25/25/50,-0.07196422666311264,-0.05188318341970444
behavioral,behavioral,cosine,oasst1zh,20,pooled,-1,/weka/scratch/jhu/cpriebe1/MO/model-taxonomy/results/shared_cache/03_adapters/allenai--OLMo-2-0425-1B-Instruct/yahoo_025g1_000g2_075g3_n1000_s00_r16_i00_b5008_fea27ccee,25/0/75,-0.24584484100341797,0.03312433138489723
behavioral,behavioral,cosine,oasst1zh,20,pooled,-1,/weka/scratch/jhu/cpriebe1/MO/model-taxonomy/results/shared_cache/03_adapters/allenai--OLMo-2-0425-1B-Instruct/yahoo_000g1_100g2_000g3_n1000_s00_r16_i00_b5008_fea27ccee,0/100/0,0.18537721037864685,-0.250428706407547
behavioral,behavioral,cosine,oasst1zh,20,pooled,-1,/weka/scratch/jhu/cpriebe1/MO/model-taxonomy/results/shared_cache/03_adapters/allenai--OLMo-2-0425-1B-Instruct/yahoo_000g1_075g2_025g3_n1000_s00_r16_i00_b5008_fea27ccee,0/75/25,0.08861144632101059,-0.24999096989631653
behavioral,behavioral,cosine,oasst1zh,20,pooled,-1,/weka/scratch/jhu/cpriebe1/MO/model-taxonomy/results/shared_cache/03_adapters/allenai--OLMo-2-0425-1B-Instruct/yahoo_000g1_050g2_050g3_n1000_s00_r16_i00_b5008_fea27ccee,0/50/50,-0.09590104967355728,-0.19792050123214722
behavioral,behavioral,cosine,oasst1zh,20,pooled,-1,/weka/scratch/jhu/cpriebe1/MO/model-taxonomy/results/shared_cache/03_adapters/allenai--OLMo-2-0425-1B-Instruct/yahoo_000g1_025g2_075g3_n1000_s00_r16_i00_b5008_fea27ccee,0/25/75,-0.2375371754169464,-0.1403788924217224
behavioral,behavioral,cosine,oasst1zh,20,pooled,-1,/weka/scratch/jhu/cpriebe1/MO/model-taxonomy/results/shared_cache/03_adapters/allenai--OLMo-2-0425-1B-Instruct/yahoo_000g1_000g2_100g3_n1000_s00_r16_i00_b5008_fea27ccee,0/0/100,-0.38424059748649597,0.0363118015229702
behavioral,behavioral,cosine,oasst1zh,20,mean,-1,/weka/scratch/jhu/cpriebe1/MO/model-taxonomy/results/shared_cache/03_adapters/allenai--OLMo-2-0425-1B-Instruct/yahoo_100g1_000g2_000g3_n1000_s00_r16_i00_b5008_fea27ccee,100/0/0,-1.0643329632997357e-16,0.2786845266819
behavioral,behavioral,cosine,oasst1zh,20,mean,-1,/weka/scratch/jhu/cpriebe1/MO/model-taxonomy/results/shared_cache/03_adapters/allenai--OLMo-2-0425-1B-Instruct/yahoo_075g1_025g2_000g3_n1000_s00_r16_i00_b5008_fea27ccee,75/25/0,0.14790932834148407,0.1923871785402298
behavioral,behavioral,cosine,oasst1zh,20,mean,-1,/weka/scratch/jhu/cpriebe1/MO/model-taxonomy/results/shared_cache/03_adapters/allenai--OLMo-2-0425-1B-Instruct/yahoo_075g1_000g2_025g3_n1000_s00_r16_i00_b5008_fea27ccee,75/0/25,-0.07847876846790314,0.21410077810287476
behavioral,behavioral,cosine,oasst1zh,20,mean,-1,/weka/scratch/jhu/cpriebe1/MO/model-taxonomy/results/shared_cache/03_adapters/allenai--OLMo-2-0425-1B-Instruct/yahoo_050g1_050g2_000g3_n1000_s00_r16_i00_b5008_fea27ccee,50/50/0,0.22635091841220856,0.06073013320565224
behavioral,behavioral,cosine,oasst1zh,20,mean,-1,/weka/scratch/jhu/cpriebe1/MO/model-taxonomy/results/shared_cache/03_adapters/allenai--OLMo-2-0425-1B-Instruct/yahoo_050g1_025g2_025g3_n1000_s00_r16_i00_b5008_fea27ccee,50/25/25,0.1165044978260994,0.09886632114648819
behavioral,behavioral,cosine,oasst1zh,20,mean,-1,/weka/scratch/jhu/cpriebe1/MO/model-taxonomy/results/shared_cache/03_adapters/allenai--OLMo-2-0425-1B-Instruct/yahoo_050g1_000g2_050g3_n1000_s00_r16_i00_b5008_fea27ccee,50/0/50,-0.1989821046590805,0.1644315868616104
behavioral,behavioral,cosine,oasst1zh,20,mean,-1,/weka/scratch/jhu/cpriebe1/MO/model-taxonomy/results/shared_cache/03_adapters/allenai--OLMo-2-0425-1B-Instruct/yahoo_033g1_033g2_033g3_n1000_s00_r16_i00_b5008_fea27ccee,33/33/33,0.046720653772354126,-0.013304270803928375
behavioral,behavioral,cosine,oasst1zh,20,mean,-1,/weka/scratch/jhu/cpriebe1/MO/model-taxonomy/results/shared_cache/03_adapters/allenai--OLMo-2-0425-1B-Instruct/yahoo_025g1_075g2_000g3_n1000_s00_r16_i00_b5008_fea27ccee,25/75/0,0.33096426725387573,-0.09008396416902542
behavioral,behavioral,cosine,oasst1zh,20,mean,-1,/weka/scratch/jhu/cpriebe1/MO/model-taxonomy/results/shared_cache/03_adapters/allenai--OLMo-2-0425-1B-Instruct/yahoo_025g1_050g2_025g3_n1000_s00_r16_i00_b5008_fea27ccee,25/50/25,0.17051047086715698,-0.08464615046977997
behavioral,behavioral,cosine,oasst1zh,20,mean,-1,/weka/scratch/jhu/cpriebe1/MO/model-taxonomy/results/shared_cache/03_adapters/allenai--OLMo-2-0425-1B-Instruct/yahoo_025g1_025g2_050g3_n1000_s00_r16_i00_b5008_fea27ccee,25/25/50,-0.07196422666311264,-0.05188318341970444
behavioral,behavioral,cosine,oasst1zh,20,mean,-1,/weka/scratch/jhu/cpriebe1/MO/model-taxonomy/results/shared_cache/03_adapters/allenai--OLMo-2-0425-1B-Instruct/yahoo_025g1_000g2_075g3_n1000_s00_r16_i00_b5008_fea27ccee,25/0/75,-0.24584484100341797,0.03312433138489723
behavioral,behavioral,cosine,oasst1zh,20,mean,-1,/weka/scratch/jhu/cpriebe1/MO/model-taxonomy/results/shared_cache/03_adapters/allenai--OLMo-2-0425-1B-Instruct/yahoo_000g1_100g2_000g3_n1000_s00_r16_i00_b5008_fea27ccee,0/100/0,0.18537721037864685,-0.250428706407547
behavioral,behavioral,cosine,oasst1zh,20,mean,-1,/weka/scratch/jhu/cpriebe1/MO/model-taxonomy/results/shared_cache/03_adapters/allenai--OLMo-2-0425-1B-Instruct/yahoo_000g1_075g2_025g3_n1000_s00_r16_i00_b5008_fea27ccee,0/75/25,0.08861144632101059,-0.24999096989631653
behavioral,behavioral,cosine,oasst1zh,20,mean,-1,/weka/scratch/jhu/cpriebe1/MO/model-taxonomy/results/shared_cache/03_adapters/allenai--OLMo-2-0425-1B-Instruct/yahoo_000g1_050g2_050g3_n1000_s00_r16_i00_b5008_fea27ccee,0/50/50,-0.09590104967355728,-0.19792050123214722
behavioral,behavioral,cosine,oasst1zh,20,mean,-1,/weka/scratch/jhu/cpriebe1/MO/model-taxonomy/results/shared_cache/03_adapters/allenai--OLMo-2-0425-1B-Instruct/yahoo_000g1_025g2_075g3_n1000_s00_r16_i00_b5008_fea27ccee,0/25/75,-0.2375371754169464,-0.1403788924217224
behavioral,behavioral,cosine,oasst1zh,20,mean,-1,/weka/scratch/jhu/cpriebe1/MO/model-taxonomy/results/shared_cache/03_adapters/allenai--OLMo-2-0425-1B-Instruct/yahoo_000g1_000g2_100g3_n1000_s00_r16_i00_b5008_fea27ccee,0/0/100,-0.38424059748649597,0.0363118015229702
behavioral,behavioral,cosine,oasst1zh,20,seed_aligned,0,/weka/scratch/jhu/cpriebe1/MO/model-taxonomy/results/shared_cache/03_adapters/allenai--OLMo-2-0425-1B-Instruct/yahoo_100g1_000g2_000g3_n1000_s00_r16_i00_b5008_fea27ccee,100/0/0,-1.0643329632997357e-16,0.2786845266819
behavioral,behavioral,cosine,oasst1zh,20,seed_aligned,0,/weka/scratch/jhu/cpriebe1/MO/model-taxonomy/results/shared_cache/03_adapters/allenai--OLMo-2-0425-1B-Instruct/yahoo_075g1_025g2_000g3_n1000_s00_r16_i00_b5008_fea27ccee,75/25/0,0.14790932834148407,0.1923871785402298
behavioral,behavioral,cosine,oasst1zh,20,seed_aligned,0,/weka/scratch/jhu/cpriebe1/MO/model-taxonomy/results/shared_cache/03_adapters/allenai--OLMo-2-0425-1B-Instruct/yahoo_075g1_000g2_025g3_n1000_s00_r16_i00_b5008_fea27ccee,75/0/25,-0.07847876846790314,0.21410077810287476
behavioral,behavioral,cosine,oasst1zh,20,seed_aligned,0,/weka/scratch/jhu/cpriebe1/MO/model-taxonomy/results/shared_cache/03_adapters/allenai--OLMo-2-0425-1B-Instruct/yahoo_050g1_050g2_000g3_n1000_s00_r16_i00_b5008_fea27ccee,50/50/0,0.22635091841220856,0.06073013320565224
behavioral,behavioral,cosine,oasst1zh,20,seed_aligned,0,/weka/scratch/jhu/cpriebe1/MO/model-taxonomy/results/shared_cache/03_adapters/allenai--OLMo-2-0425-1B-Instruct/yahoo_050g1_025g2_025g3_n1000_s00_r16_i00_b5008_fea27ccee,50/25/25,0.1165044978260994,0.09886632114648819
behavioral,behavioral,cosine,oasst1zh,20,seed_aligned,0,/weka/scratch/jhu/cpriebe1/MO/model-taxonomy/results/shared_cache/03_adapters/allenai--OLMo-2-0425-1B-Instruct/yahoo_050g1_000g2_050g3_n1000_s00_r16_i00_b5008_fea27ccee,50/0/50,-0.1989821046590805,0.1644315868616104
behavioral,behavioral,cosine,oasst1zh,20,seed_aligned,0,/weka/scratch/jhu/cpriebe1/MO/model-taxonomy/results/shared_cache/03_adapters/allenai--OLMo-2-0425-1B-Instruct/yahoo_033g1_033g2_033g3_n1000_s00_r16_i00_b5008_fea27ccee,33/33/33,0.046720653772354126,-0.013304270803928375
behavioral,behavioral,cosine,oasst1zh,20,seed_aligned,0,/weka/scratch/jhu/cpriebe1/MO/model-taxonomy/results/shared_cache/03_adapters/allenai--OLMo-2-0425-1B-Instruct/yahoo_025g1_075g2_000g3_n1000_s00_r16_i00_b5008_fea27ccee,25/75/0,0.33096426725387573,-0.09008396416902542
behavioral,behavioral,cosine,oasst1zh,20,seed_aligned,0,/weka/scratch/jhu/cpriebe1/MO/model-taxonomy/results/shared_cache/03_adapters/allenai--OLMo-2-0425-1B-Instruct/yahoo_025g1_050g2_025g3_n1000_s00_r16_i00_b5008_fea27ccee,25/50/25,0.17051047086715698,-0.08464615046977997
behavioral,behavioral,cosine,oasst1zh,20,seed_aligned,0,/weka/scratch/jhu/cpriebe1/MO/model-taxonomy/results/shared_cache/03_adapters/allenai--OLMo-2-0425-1B-Instruct/yahoo_025g1_025g2_050g3_n1000_s00_r16_i00_b5008_fea27ccee,25/25/50,-0.07196422666311264,-0.05188318341970444
behavioral,behavioral,cosine,oasst1zh,20,seed_aligned,0,/weka/scratch/jhu/cpriebe1/MO/model-taxonomy/results/shared_cache/03_adapters/allenai--OLMo-2-0425-1B-Instruct/yahoo_025g1_000g2_075g3_n1000_s00_r16_i00_b5008_fea27ccee,25/0/75,-0.24584484100341797,0.03312433138489723
behavioral,behavioral,cosine,oasst1zh,20,seed_aligned,0,/weka/scratch/jhu/cpriebe1/MO/model-taxonomy/results/shared_cache/03_adapters/allenai--OLMo-2-0425-1B-Instruct/yahoo_000g1_100g2_000g3_n1000_s00_r16_i00_b5008_fea27ccee,0/100/0,0.18537721037864685,-0.250428706407547
behavioral,behavioral,cosine,oasst1zh,20,seed_aligned,0,/weka/scratch/jhu/cpriebe1/MO/model-taxonomy/results/shared_cache/03_adapters/allenai--OLMo-2-0425-1B-Instruct/yahoo_000g1_075g2_025g3_n1000_s00_r16_i00_b5008_fea27ccee,0/75/25,0.08861144632101059,-0.24999096989631653
behavioral,behavioral,cosine,oasst1zh,20,seed_aligned,0,/weka/scratch/jhu/cpriebe1/MO/model-taxonomy/results/shared_cache/03_adapters/allenai--OLMo-2-0425-1B-Instruct/yahoo_000g1_050g2_050g3_n1000_s00_r16_i00_b5008_fea27ccee,0/50/50,-0.09590104967355728,-0.19792050123214722
behavioral,behavioral,cosine,oasst1zh,20,seed_aligned,0,/weka/scratch/jhu/cpriebe1/MO/model-taxonomy/results/shared_cache/03_adapters/allenai--OLMo-2-0425-1B-Instruct/yahoo_000g1_025g2_075g3_n1000_s00_r16_i00_b5008_fea27ccee,0/25/75,-0.2375371754169464,-0.1403788924217224
behavioral,behavioral,cosine,oasst1zh,20,seed_aligned,0,/weka/scratch/jhu/cpriebe1/MO/model-taxonomy/results/shared_cache/03_adapters/allenai--OLMo-2-0425-1B-Instruct/yahoo_000g1_000g2_100g3_n1000_s00_r16_i00_b5008_fea27ccee,0/0/100,-0.38424059748649597,0.0363118015229702
behavioral,behavioral,cosine,oasst1zh,50,pooled,-1,/weka/scratch/jhu/cpriebe1/MO/model-taxonomy/results/shared_cache/03_adapters/allenai--OLMo-2-0425-1B-Instruct/yahoo_100g1_000g2_000g3_n1000_s00_r16_i00_b5008_fea27ccee,100/0/0,-1.467481272395625e-17,0.2941194474697113
behavioral,behavioral,cosine,oasst1zh,50,pooled,-1,/weka/scratch/jhu/cpriebe1/MO/model-taxonomy/results/shared_cache/03_adapters/allenai--OLMo-2-0425-1B-Instruct/yahoo_075g1_025g2_000g3_n1000_s00_r16_i00_b5008_fea27ccee,75/25/0,0.13409897685050964,0.20344004034996033
behavioral,behavioral,cosine,oasst1zh,50,pooled,-1,/weka/scratch/jhu/cpriebe1/MO/model-taxonomy/results/shared_cache/03_adapters/allenai--OLMo-2-0425-1B-Instruct/yahoo_075g1_000g2_025g3_n1000_s00_r16_i00_b5008_fea27ccee,75/0/25,-0.09250171482563019,0.18819710612297058
behavioral,behavioral,cosine,oasst1zh,50,pooled,-1,/weka/scratch/jhu/cpriebe1/MO/model-taxonomy/results/shared_cache/03_adapters/allenai--OLMo-2-0425-1B-Instruct/yahoo_050g1_050g2_000g3_n1000_s00_r16_i00_b5008_fea27ccee,50/50/0,0.2240682989358902,0.10567627847194672
behavioral,behavioral,cosine,oasst1zh,50,pooled,-1,/weka/scratch/jhu/cpriebe1/MO/model-taxonomy/results/shared_cache/03_adapters/allenai--OLMo-2-0425-1B-Instruct/yahoo_050g1_025g2_025g3_n1000_s00_r16_i00_b5008_fea27ccee,50/25/25,0.05552273616194725,0.10977143049240112
behavioral,behavioral,cosine,oasst1zh,50,pooled,-1,/weka/scratch/jhu/cpriebe1/MO/model-taxonomy/results/shared_cache/03_adapters/allenai--OLMo-2-0425-1B-Instruct/yahoo_050g1_000g2_050g3_n1000_s00_r16_i00_b5008_fea27ccee,50/0/50,-0.22197119891643524,0.1564859002828598
behavioral,behavioral,cosine,oasst1zh,50,pooled,-1,/weka/scratch/jhu/cpriebe1/MO/model-taxonomy/results/shared_cache/03_adapters/allenai--OLMo-2-0425-1B-Instruct/yahoo_033g1_033g2_033g3_n1000_s00_r16_i00_b5008_fea27ccee,33/33/33,0.03362516313791275,-0.039816781878471375
behavioral,behavioral,cosine,oasst1zh,50,pooled,-1,/weka/scratch/jhu/cpriebe1/MO/model-taxonomy/results/shared_cache/03_adapters/allenai--OLMo-2-0425-1B-Instruct/yahoo_025g1_075g2_000g3_n1000_s00_r16_i00_b5008_fea27ccee,25/75/0,0.32048752903938293,-0.021122368052601814
behavioral,behavioral,cosine,oasst1zh,50,pooled,-1,/weka/scratch/jhu/cpriebe1/MO/model-taxonomy/results/shared_cache/03_adapters/allenai--OLMo-2-0425-1B-Instruct/yahoo_025g1_050g2_025g3_n1000_s00_r16_i00_b5008_fea27ccee,25/50/25,0.16136594116687775,-0.07751412689685822
behavioral,behavioral,cosine,oasst1zh,50,pooled,-1,/weka/scratch/jhu/cpriebe1/MO/model-taxonomy/results/shared_cache/03_adapters/allenai--OLMo-2-0425-1B-Instruct/yahoo_025g1_025g2_050g3_n1000_s00_r16_i00_b5008_fea27ccee,25/25/50,-0.08500052988529205,-0.022122541442513466
behavioral,behavioral,cosine,oasst1zh,50,pooled,-1,/weka/scratch/jhu/cpriebe1/MO/model-taxonomy/results/shared_cache/03_adapters/allenai--OLMo-2-0425-1B-Instruct/yahoo_025g1_000g2_075g3_n1000_s00_r16_i00_b5008_fea27ccee,25/0/75,-0.2848869562149048,0.04084521904587746
behavioral,behavioral,cosine,oasst1zh,50,pooled,-1,/weka/scratch/jhu/cpriebe1/MO/model-taxonomy/results/shared_cache/03_adapters/allenai--OLMo-2-0425-1B-Instruct/yahoo_000g1_100g2_000g3_n1000_s00_r16_i00_b5008_fea27ccee,0/100/0,0.24307768046855927,-0.20931783318519592
behavioral,behavioral,cosine,oasst1zh,50,pooled,-1,/weka/scratch/jhu/cpriebe1/MO/model-taxonomy/results/shared_cache/03_adapters/allenai--OLMo-2-0425-1B-Instruct/yahoo_000g1_075g2_025g3_n1000_s00_r16_i00_b5008_fea27ccee,0/75/25,0.11673087626695633,-0.25366494059562683
behavioral,behavioral,cosine,oasst1zh,50,pooled,-1,/weka/scratch/jhu/cpriebe1/MO/model-taxonomy/results/shared_cache/03_adapters/allenai--OLMo-2-0425-1B-Instruct/yahoo_000g1_050g2_050g3_n1000_s00_r16_i00_b5008_fea27ccee,0/50/50,-0.05230840668082237,-0.21923279762268066
behavioral,behavioral,cosine,oasst1zh,50,pooled,-1,/weka/scratch/jhu/cpriebe1/MO/model-taxonomy/results/shared_cache/03_adapters/allenai--OLMo-2-0425-1B-Instruct/yahoo_000g1_025g2_075g3_n1000_s00_r16_i00_b5008_fea27ccee,0/25/75,-0.2005620300769806,-0.16719554364681244
behavioral,behavioral,cosine,oasst1zh,50,pooled,-1,/weka/scratch/jhu/cpriebe1/MO/model-taxonomy/results/shared_cache/03_adapters/allenai--OLMo-2-0425-1B-Instruct/yahoo_000g1_000g2_100g3_n1000_s00_r16_i00_b5008_fea27ccee,0/0/100,-0.3517463803291321,-0.08854848146438599
behavioral,behavioral,cosine,oasst1zh,50,mean,-1,/weka/scratch/jhu/cpriebe1/MO/model-taxonomy/results/shared_cache/03_adapters/allenai--OLMo-2-0425-1B-Instruct/yahoo_100g1_000g2_000g3_n1000_s00_r16_i00_b5008_fea27ccee,100/0/0,-1.467481272395625e-17,0.2941194474697113
behavioral,behavioral,cosine,oasst1zh,50,mean,-1,/weka/scratch/jhu/cpriebe1/MO/model-taxonomy/results/shared_cache/03_adapters/allenai--OLMo-2-0425-1B-Instruct/yahoo_075g1_025g2_000g3_n1000_s00_r16_i00_b5008_fea27ccee,75/25/0,0.13409897685050964,0.20344004034996033
behavioral,behavioral,cosine,oasst1zh,50,mean,-1,/weka/scratch/jhu/cpriebe1/MO/model-taxonomy/results/shared_cache/03_adapters/allenai--OLMo-2-0425-1B-Instruct/yahoo_075g1_000g2_025g3_n1000_s00_r16_i00_b5008_fea27ccee,75/0/25,-0.09250171482563019,0.18819710612297058
behavioral,behavioral,cosine,oasst1zh,50,mean,-1,/weka/scratch/jhu/cpriebe1/MO/model-taxonomy/results/shared_cache/03_adapters/allenai--OLMo-2-0425-1B-Instruct/yahoo_050g1_050g2_000g3_n1000_s00_r16_i00_b5008_fea27ccee,50/50/0,0.2240682989358902,0.10567627847194672
behavioral,behavioral,cosine,oasst1zh,50,mean,-1,/weka/scratch/jhu/cpriebe1/MO/model-taxonomy/results/shared_cache/03_adapters/allenai--OLMo-2-0425-1B-Instruct/yahoo_050g1_025g2_025g3_n1000_s00_r16_i00_b5008_fea27ccee,50/25/25,0.05552273616194725,0.10977143049240112
behavioral,behavioral,cosine,oasst1zh,50,mean,-1,/weka/scratch/jhu/cpriebe1/MO/model-taxonomy/results/shared_cache/03_adapters/allenai--OLMo-2-0425-1B-Instruct/yahoo_050g1_000g2_050g3_n1000_s00_r16_i00_b5008_fea27ccee,50/0/50,-0.22197119891643524,0.1564859002828598
behavioral,behavioral,cosine,oasst1zh,50,mean,-1,/weka/scratch/jhu/cpriebe1/MO/model-taxonomy/results/shared_cache/03_adapters/allenai--OLMo-2-0425-1B-Instruct/yahoo_033g1_033g2_033g3_n1000_s00_r16_i00_b5008_fea27ccee,33/33/33,0.03362516313791275,-0.039816781878471375
behavioral,behavioral,cosine,oasst1zh,50,mean,-1,/weka/scratch/jhu/cpriebe1/MO/model-taxonomy/results/shared_cache/03_adapters/allenai--OLMo-2-0425-1B-Instruct/yahoo_025g1_075g2_000g3_n1000_s00_r16_i00_b5008_fea27ccee,25/75/0,0.32048752903938293,-0.021122368052601814
behavioral,behavioral,cosine,oasst1zh,50,mean,-1,/weka/scratch/jhu/cpriebe1/MO/model-taxonomy/results/shared_cache/03_adapters/allenai--OLMo-2-0425-1B-Instruct/yahoo_025g1_050g2_025g3_n1000_s00_r16_i00_b5008_fea27ccee,25/50/25,0.16136594116687775,-0.07751412689685822
behavioral,behavioral,cosine,oasst1zh,50,mean,-1,/weka/scratch/jhu/cpriebe1/MO/model-taxonomy/results/shared_cache/03_adapters/allenai--OLMo-2-0425-1B-Instruct/yahoo_025g1_025g2_050g3_n1000_s00_r16_i00_b5008_fea27ccee,25/25/50,-0.08500052988529205,-0.022122541442513466
behavioral,behavioral,cosine,oasst1zh,50,mean,-1,/weka/scratch/jhu/cpriebe1/MO/model-taxonomy/results/shared_cache/03_adapters/allenai--OLMo-2-0425-1B-Instruct/yahoo_025g1_000g2_075g3_n1000_s00_r16_i00_b5008_fea27ccee,25/0/75,-0.2848869562149048,0.04084521904587746
behavioral,behavioral,cosine,oasst1zh,50,mean,-1,/weka/scratch/jhu/cpriebe1/MO/model-taxonomy/results/shared_cache/03_adapters/allenai--OLMo-2-0425-1B-Instruct/yahoo_000g1_100g2_000g3_n1000_s00_r16_i00_b5008_fea27ccee,0/100/0,0.24307768046855927,-0.20931783318519592
behavioral,behavioral,cosine,oasst1zh,50,mean,-1,/weka/scratch/jhu/cpriebe1/MO/model-taxonomy/results/shared_cache/03_adapters/allenai--OLMo-2-0425-1B-Instruct/yahoo_000g1_075g2_025g3_n1000_s00_r16_i00_b5008_fea27ccee,0/75/25,0.11673087626695633,-0.25366494059562683
behavioral,behavioral,cosine,oasst1zh,50,mean,-1,/weka/scratch/jhu/cpriebe1/MO/model-taxonomy/results/shared_cache/03_adapters/allenai--OLMo-2-0425-1B-Instruct/yahoo_000g1_050g2_050g3_n1000_s00_r16_i00_b5008_fea27ccee,0/50/50,-0.05230840668082237,-0.21923279762268066
behavioral,behavioral,cosine,oasst1zh,50,mean,-1,/weka/scratch/jhu/cpriebe1/MO/model-taxonomy/results/shared_cache/03_adapters/allenai--OLMo-2-0425-1B-Instruct/yahoo_000g1_025g2_075g3_n1000_s00_r16_i00_b5008_fea27ccee,0/25/75,-0.2005620300769806,-0.16719554364681244
behavioral,behavioral,cosine,oasst1zh,50,mean,-1,/weka/scratch/jhu/cpriebe1/MO/model-taxonomy/results/shared_cache/03_adapters/allenai--OLMo-2-0425-1B-Instruct/yahoo_000g1_000g2_100g3_n1000_s00_r16_i00_b5008_fea27ccee,0/0/100,-0.3517463803291321,-0.08854848146438599
behavioral,behavioral,cosine,oasst1zh,50,seed_aligned,0,/weka/scratch/jhu/cpriebe1/MO/model-taxonomy/results/shared_cache/03_adapters/allenai--OLMo-2-0425-1B-Instruct/yahoo_100g1_000g2_000g3_n1000_s00_r16_i00_b5008_fea27ccee,100/0/0,-1.467481272395625e-17,0.2941194474697113
behavioral,behavioral,cosine,oasst1zh,50,seed_aligned,0,/weka/scratch/jhu/cpriebe1/MO/model-taxonomy/results/shared_cache/03_adapters/allenai--OLMo-2-0425-1B-Instruct/yahoo_075g1_025g2_000g3_n1000_s00_r16_i00_b5008_fea27ccee,75/25/0,0.13409897685050964,0.20344004034996033
behavioral,behavioral,cosine,oasst1zh,50,seed_aligned,0,/weka/scratch/jhu/cpriebe1/MO/model-taxonomy/results/shared_cache/03_adapters/allenai--OLMo-2-0425-1B-Instruct/yahoo_075g1_000g2_025g3_n1000_s00_r16_i00_b5008_fea27ccee,75/0/25,-0.09250171482563019,0.18819710612297058
behavioral,behavioral,cosine,oasst1zh,50,seed_aligned,0,/weka/scratch/jhu/cpriebe1/MO/model-taxonomy/results/shared_cache/03_adapters/allenai--OLMo-2-0425-1B-Instruct/yahoo_050g1_050g2_000g3_n1000_s00_r16_i00_b5008_fea27ccee,50/50/0,0.2240682989358902,0.10567627847194672
behavioral,behavioral,cosine,oasst1zh,50,seed_aligned,0,/weka/scratch/jhu/cpriebe1/MO/model-taxonomy/results/shared_cache/03_adapters/allenai--OLMo-2-0425-1B-Instruct/yahoo_050g1_025g2_025g3_n1000_s00_r16_i00_b5008_fea27ccee,50/25/25,0.05552273616194725,0.10977143049240112
behavioral,behavioral,cosine,oasst1zh,50,seed_aligned,0,/weka/scratch/jhu/cpriebe1/MO/model-taxonomy/results/shared_cache/03_adapters/allenai--OLMo-2-0425-1B-Instruct/yahoo_050g1_000g2_050g3_n1000_s00_r16_i00_b5008_fea27ccee,50/0/50,-0.22197119891643524,0.1564859002828598
behavioral,behavioral,cosine,oasst1zh,50,seed_aligned,0,/weka/scratch/jhu/cpriebe1/MO/model-taxonomy/results/shared_cache/03_adapters/allenai--OLMo-2-0425-1B-Instruct/yahoo_033g1_033g2_033g3_n1000_s00_r16_i00_b5008_fea27ccee,33/33/33,0.03362516313791275,-0.039816781878471375
behavioral,behavioral,cosine,oasst1zh,50,seed_aligned,0,/weka/scratch/jhu/cpriebe1/MO/model-taxonomy/results/shared_cache/03_adapters/allenai--OLMo-2-0425-1B-Instruct/yahoo_025g1_075g2_000g3_n1000_s00_r16_i00_b5008_fea27ccee,25/75/0,0.32048752903938293,-0.021122368052601814
behavioral,behavioral,cosine,oasst1zh,50,seed_aligned,0,/weka/scratch/jhu/cpriebe1/MO/model-taxonomy/results/shared_cache/03_adapters/allenai--OLMo-2-0425-1B-Instruct/yahoo_025g1_050g2_025g3_n1000_s00_r16_i00_b5008_fea27ccee,25/50/25,0.16136594116687775,-0.07751412689685822
behavioral,behavioral,cosine,oasst1zh,50,seed_aligned,0,/weka/scratch/jhu/cpriebe1/MO/model-taxonomy/results/shared_cache/03_adapters/allenai--OLMo-2-0425-1B-Instruct/yahoo_025g1_025g2_050g3_n1000_s00_r16_i00_b5008_fea27ccee,25/25/50,-0.08500052988529205,-0.022122541442513466
behavioral,behavioral,cosine,oasst1zh,50,seed_aligned,0,/weka/scratch/jhu/cpriebe1/MO/model-taxonomy/results/shared_cache/03_adapters/allenai--OLMo-2-0425-1B-Instruct/yahoo_025g1_000g2_075g3_n1000_s00_r16_i00_b5008_fea27ccee,25/0/75,-0.2848869562149048,0.04084521904587746
behavioral,behavioral,cosine,oasst1zh,50,seed_aligned,0,/weka/scratch/jhu/cpriebe1/MO/model-taxonomy/results/shared_cache/03_adapters/allenai--OLMo-2-0425-1B-Instruct/yahoo_000g1_100g2_000g3_n1000_s00_r16_i00_b5008_fea27ccee,0/100/0,0.24307768046855927,-0.20931783318519592
behavioral,behavioral,cosine,oasst1zh,50,seed_aligned,0,/weka/scratch/jhu/cpriebe1/MO/model-taxonomy/results/shared_cache/03_adapters/allenai--OLMo-2-0425-1B-Instruct/yahoo_000g1_075g2_025g3_n1000_s00_r16_i00_b5008_fea27ccee,0/75/25,0.11673087626695633,-0.25366494059562683
behavioral,behavioral,cosine,oasst1zh,50,seed_aligned,0,/weka/scratch/jhu/cpriebe1/MO/model-taxonomy/results/shared_cache/03_adapters/allenai--OLMo-2-0425-1B-Instruct/yahoo_000g1_050g2_050g3_n1000_s00_r16_i00_b5008_fea27ccee,0/50/50,-0.05230840668082237,-0.21923279762268066
behavioral,behavioral,cosine,oasst1zh,50,seed_aligned,0,/weka/scratch/jhu/cpriebe1/MO/model-taxonomy/results/shared_cache/03_adapters/allenai--OLMo-2-0425-1B-Instruct/yahoo_000g1_025g2_075g3_n1000_s00_r16_i00_b5008_fea27ccee,0/25/75,-0.2005620300769806,-0.16719554364681244
behavioral,behavioral,cosine,oasst1zh,50,seed_aligned,0,/weka/scratch/jhu/cpriebe1/MO/model-taxonomy/results/shared_cache/03_adapters/allenai--OLMo-2-0425-1B-Instruct/yahoo_000g1_000g2_100g3_n1000_s00_r16_i00_b5008_fea27ccee,0/0/100,-0.3517463803291321,-0.08854848146438599
behavioral_greedy,behavioral,cosine,none,100,pooled,-1,/weka/scratch/jhu/cpriebe1/MO/model-taxonomy/results/shared_cache/03_adapters/allenai--OLMo-2-0425-1B-Instruct/yahoo_100g1_000g2_000g3_n1000_s00_r16_i00_b5008_fea27ccee,100/0/0,-2.1583057931807165e-17,0.3248589336872101
behavioral_greedy,behavioral,cosine,none,100,pooled,-1,/weka/scratch/jhu/cpriebe1/MO/model-taxonomy/results/shared_cache/03_adapters/allenai--OLMo-2-0425-1B-Instruct/yahoo_075g1_025g2_000g3_n1000_s00_r16_i00_b5008_fea27ccee,75/25/0,0.26300692558288574,0.14397113025188446
behavioral_greedy,behavioral,cosine,none,100,pooled,-1,/weka/scratch/jhu/cpriebe1/MO/model-taxonomy/results/shared_cache/03_adapters/allenai--OLMo-2-0425-1B-Instruct/yahoo_075g1_000g2_025g3_n1000_s00_r16_i00_b5008_fea27ccee,75/0/25,-0.08399350196123123,0.21329651772975922
behavioral_greedy,behavioral,cosine,none,100,pooled,-1,/weka/scratch/jhu/cpriebe1/MO/model-taxonomy/results/shared_cache/03_adapters/allenai--OLMo-2-0425-1B-Instruct/yahoo_050g1_050g2_000g3_n1000_s00_r16_i00_b5008_fea27ccee,50/50/0,0.16686177253723145,0.19653095304965973
behavioral_greedy,behavioral,cosine,none,100,pooled,-1,/weka/scratch/jhu/cpriebe1/MO/model-taxonomy/results/shared_cache/03_adapters/allenai--OLMo-2-0425-1B-Instruct/yahoo_050g1_025g2_025g3_n1000_s00_r16_i00_b5008_fea27ccee,50/25/25,0.039224930107593536,0.1034066453576088
behavioral_greedy,behavioral,cosine,none,100,pooled,-1,/weka/scratch/jhu/cpriebe1/MO/model-taxonomy/results/shared_cache/03_adapters/allenai--OLMo-2-0425-1B-Instruct/yahoo_050g1_000g2_050g3_n1000_s00_r16_i00_b5008_fea27ccee,50/0/50,-0.21654106676578522,0.16824451088905334
behavioral_greedy,behavioral,cosine,none,100,pooled,-1,/weka/scratch/jhu/cpriebe1/MO/model-taxonomy/results/shared_cache/03_adapters/allenai--OLMo-2-0425-1B-Instruct/yahoo_033g1_033g2_033g3_n1000_s00_r16_i00_b5008_fea27ccee,33/33/33,-0.008893889375030994,-0.043738748878240585
behavioral_greedy,behavioral,cosine,none,100,pooled,-1,/weka/scratch/jhu/cpriebe1/MO/model-taxonomy/results/shared_cache/03_adapters/allenai--OLMo-2-0425-1B-Instruct/yahoo_025g1_075g2_000g3_n1000_s00_r16_i00_b5008_fea27ccee,25/75/0,0.23535141348838806,-0.17185112833976746
behavioral_greedy,behavioral,cosine,none,100,pooled,-1,/weka/scratch/jhu/cpriebe1/MO/model-taxonomy/results/shared_cache/03_adapters/allenai--OLMo-2-0425-1B-Instruct/yahoo_025g1_050g2_025g3_n1000_s00_r16_i00_b5008_fea27ccee,25/50/25,0.11207970976829529,-0.06922011077404022
behavioral_greedy,behavioral,cosine,none,100,pooled,-1,/weka/scratch/jhu/cpriebe1/MO/model-taxonomy/results/shared_cache/03_adapters/allenai--OLMo-2-0425-1B-Instruct/yahoo_025g1_025g2_050g3_n1000_s00_r16_i00_b5008_fea27ccee,25/25/50,-0.13343706727027893,0.013320031575858593
behavioral_greedy,behavioral,cosine,none,100,pooled,-1,/weka/scratch/jhu/cpriebe1/MO/model-taxonomy/results/shared_cache/03_adapters/allenai--OLMo-2-0425-1B-Instruct/yahoo_025g1_000g2_075g3_n1000_s00_r16_i00_b5008_fea27ccee,25/0/75,-0.3127223253250122,0.019976802170276642
behavioral_greedy,behavioral,cosine,none,100,pooled,-1,/weka/scratch/jhu/cpriebe1/MO/model-taxonomy/results/shared_cache/03_adapters/allenai--OLMo-2-0425-1B-Instruct/yahoo_000g1_100g2_000g3_n1000_s00_r16_i00_b5008_fea27ccee,0/100/0,0.3082846701145172,-0.07423015683889389
behavioral_greedy,behavioral,cosine,none,100,pooled,-1,/weka/scratch/jhu/cpriebe1/MO/model-taxonomy/results/shared_cache/03_adapters/allenai--OLMo-2-0425-1B-Instruct/yahoo_000g1_075g2_025g3_n1000_s00_r16_i00_b5008_fea27ccee,0/75/25,0.09753740578889847,-0.23957452178001404
behavioral_greedy,behavioral,cosine,none,100,pooled,-1,/weka/scratch/jhu/cpriebe1/MO/model-taxonomy/results/shared_cache/03_adapters/allenai--OLMo-2-0425-1B-Instruct/yahoo_000g1_050g2_050g3_n1000_s00_r16_i00_b5008_fea27ccee,0/50/50,-0.05894703045487404,-0.24127471446990967
behavioral_greedy,behavioral,cosine,none,100,pooled,-1,/weka/scratch/jhu/cpriebe1/MO/model-taxonomy/results/shared_cache/03_adapters/allenai--OLMo-2-0425-1B-Instruct/yahoo_000g1_025g2_075g3_n1000_s00_r16_i00_b5008_fea27ccee,0/25/75,-0.16416817903518677,-0.2115066945552826
behavioral_greedy,behavioral,cosine,none,100,pooled,-1,/weka/scratch/jhu/cpriebe1/MO/model-taxonomy/results/shared_cache/03_adapters/allenai--OLMo-2-0425-1B-Instruct/yahoo_000g1_000g2_100g3_n1000_s00_r16_i00_b5008_fea27ccee,0/0/100,-0.24364380538463593,-0.13220946490764618
behavioral_greedy,behavioral,cosine,none,100,mean,-1,/weka/scratch/jhu/cpriebe1/MO/model-taxonomy/results/shared_cache/03_adapters/allenai--OLMo-2-0425-1B-Instruct/yahoo_100g1_000g2_000g3_n1000_s00_r16_i00_b5008_fea27ccee,100/0/0,-2.1583057931807165e-17,0.3248589336872101
behavioral_greedy,behavioral,cosine,none,100,mean,-1,/weka/scratch/jhu/cpriebe1/MO/model-taxonomy/results/shared_cache/03_adapters/allenai--OLMo-2-0425-1B-Instruct/yahoo_075g1_025g2_000g3_n1000_s00_r16_i00_b5008_fea27ccee,75/25/0,0.26300692558288574,0.14397113025188446
behavioral_greedy,behavioral,cosine,none,100,mean,-1,/weka/scratch/jhu/cpriebe1/MO/model-taxonomy/results/shared_cache/03_adapters/allenai--OLMo-2-0425-1B-Instruct/yahoo_075g1_000g2_025g3_n1000_s00_r16_i00_b5008_fea27ccee,75/0/25,-0.08399350196123123,0.21329651772975922
behavioral_greedy,behavioral,cosine,none,100,mean,-1,/weka/scratch/jhu/cpriebe1/MO/model-taxonomy/results/shared_cache/03_adapters/allenai--OLMo-2-0425-1B-Instruct/yahoo_050g1_050g2_000g3_n1000_s00_r16_i00_b5008_fea27ccee,50/50/0,0.16686177253723145,0.19653095304965973
behavioral_greedy,behavioral,cosine,none,100,mean,-1,/weka/scratch/jhu/cpriebe1/MO/model-taxonomy/results/shared_cache/03_adapters/allenai--OLMo-2-0425-1B-Instruct/yahoo_050g1_025g2_025g3_n1000_s00_r16_i00_b5008_fea27ccee,50/25/25,0.039224930107593536,0.1034066453576088
behavioral_greedy,behavioral,cosine,none,100,mean,-1,/weka/scratch/jhu/cpriebe1/MO/model-taxonomy/results/shared_cache/03_adapters/allenai--OLMo-2-0425-1B-Instruct/yahoo_050g1_000g2_050g3_n1000_s00_r16_i00_b5008_fea27ccee,50/0/50,-0.21654106676578522,0.16824451088905334
behavioral_greedy,behavioral,cosine,none,100,mean,-1,/weka/scratch/jhu/cpriebe1/MO/model-taxonomy/results/shared_cache/03_adapters/allenai--OLMo-2-0425-1B-Instruct/yahoo_033g1_033g2_033g3_n1000_s00_r16_i00_b5008_fea27ccee,33/33/33,-0.008893889375030994,-0.043738748878240585
behavioral_greedy,behavioral,cosine,none,100,mean,-1,/weka/scratch/jhu/cpriebe1/MO/model-taxonomy/results/shared_cache/03_adapters/allenai--OLMo-2-0425-1B-Instruct/yahoo_025g1_075g2_000g3_n1000_s00_r16_i00_b5008_fea27ccee,25/75/0,0.23535141348838806,-0.17185112833976746
behavioral_greedy,behavioral,cosine,none,100,mean,-1,/weka/scratch/jhu/cpriebe1/MO/model-taxonomy/results/shared_cache/03_adapters/allenai--OLMo-2-0425-1B-Instruct/yahoo_025g1_050g2_025g3_n1000_s00_r16_i00_b5008_fea27ccee,25/50/25,0.11207970976829529,-0.06922011077404022
behavioral_greedy,behavioral,cosine,none,100,mean,-1,/weka/scratch/jhu/cpriebe1/MO/model-taxonomy/results/shared_cache/03_adapters/allenai--OLMo-2-0425-1B-Instruct/yahoo_025g1_025g2_050g3_n1000_s00_r16_i00_b5008_fea27ccee,25/25/50,-0.13343706727027893,0.013320031575858593
behavioral_greedy,behavioral,cosine,none,100,mean,-1,/weka/scratch/jhu/cpriebe1/MO/model-taxonomy/results/shared_cache/03_adapters/allenai--OLMo-2-0425-1B-Instruct/yahoo_025g1_000g2_075g3_n1000_s00_r16_i00_b5008_fea27ccee,25/0/75,-0.3127223253250122,0.019976802170276642
behavioral_greedy,behavioral,cosine,none,100,mean,-1,/weka/scratch/jhu/cpriebe1/MO/model-taxonomy/results/shared_cache/03_adapters/allenai--OLMo-2-0425-1B-Instruct/yahoo_000g1_100g2_000g3_n1000_s00_r16_i00_b5008_fea27ccee,0/100/0,0.3082846701145172,-0.07423015683889389
behavioral_greedy,behavioral,cosine,none,100,mean,-1,/weka/scratch/jhu/cpriebe1/MO/model-taxonomy/results/shared_cache/03_adapters/allenai--OLMo-2-0425-1B-Instruct/yahoo_000g1_075g2_025g3_n1000_s00_r16_i00_b5008_fea27ccee,0/75/25,0.09753740578889847,-0.23957452178001404
behavioral_greedy,behavioral,cosine,none,100,mean,-1,/weka/scratch/jhu/cpriebe1/MO/model-taxonomy/results/shared_cache/03_adapters/allenai--OLMo-2-0425-1B-Instruct/yahoo_000g1_050g2_050g3_n1000_s00_r16_i00_b5008_fea27ccee,0/50/50,-0.05894703045487404,-0.24127471446990967
behavioral_greedy,behavioral,cosine,none,100,mean,-1,/weka/scratch/jhu/cpriebe1/MO/model-taxonomy/results/shared_cache/03_adapters/allenai--OLMo-2-0425-1B-Instruct/yahoo_000g1_025g2_075g3_n1000_s00_r16_i00_b5008_fea27ccee,0/25/75,-0.16416817903518677,-0.2115066945552826
behavioral_greedy,behavioral,cosine,none,100,mean,-1,/weka/scratch/jhu/cpriebe1/MO/model-taxonomy/results/shared_cache/03_adapters/allenai--OLMo-2-0425-1B-Instruct/yahoo_000g1_000g2_100g3_n1000_s00_r16_i00_b5008_fea27ccee,0/0/100,-0.24364380538463593,-0.13220946490764618
behavioral_greedy,behavioral,cosine,none,100,seed_aligned,0,/weka/scratch/jhu/cpriebe1/MO/model-taxonomy/results/shared_cache/03_adapters/allenai--OLMo-2-0425-1B-Instruct/yahoo_100g1_000g2_000g3_n1000_s00_r16_i00_b5008_fea27ccee,100/0/0,-2.1583057931807165e-17,0.3248589336872101
behavioral_greedy,behavioral,cosine,none,100,seed_aligned,0,/weka/scratch/jhu/cpriebe1/MO/model-taxonomy/results/shared_cache/03_adapters/allenai--OLMo-2-0425-1B-Instruct/yahoo_075g1_025g2_000g3_n1000_s00_r16_i00_b5008_fea27ccee,75/25/0,0.26300692558288574,0.14397113025188446
behavioral_greedy,behavioral,cosine,none,100,seed_aligned,0,/weka/scratch/jhu/cpriebe1/MO/model-taxonomy/results/shared_cache/03_adapters/allenai--OLMo-2-0425-1B-Instruct/yahoo_075g1_000g2_025g3_n1000_s00_r16_i00_b5008_fea27ccee,75/0/25,-0.08399350196123123,0.21329651772975922
behavioral_greedy,behavioral,cosine,none,100,seed_aligned,0,/weka/scratch/jhu/cpriebe1/MO/model-taxonomy/results/shared_cache/03_adapters/allenai--OLMo-2-0425-1B-Instruct/yahoo_050g1_050g2_000g3_n1000_s00_r16_i00_b5008_fea27ccee,50/50/0,0.16686177253723145,0.19653095304965973
behavioral_greedy,behavioral,cosine,none,100,seed_aligned,0,/weka/scratch/jhu/cpriebe1/MO/model-taxonomy/results/shared_cache/03_adapters/allenai--OLMo-2-0425-1B-Instruct/yahoo_050g1_025g2_025g3_n1000_s00_r16_i00_b5008_fea27ccee,50/25/25,0.039224930107593536,0.1034066453576088
behavioral_greedy,behavioral,cosine,none,100,seed_aligned,0,/weka/scratch/jhu/cpriebe1/MO/model-taxonomy/results/shared_cache/03_adapters/allenai--OLMo-2-0425-1B-Instruct/yahoo_050g1_000g2_050g3_n1000_s00_r16_i00_b5008_fea27ccee,50/0/50,-0.21654106676578522,0.16824451088905334
behavioral_greedy,behavioral,cosine,none,100,seed_aligned,0,/weka/scratch/jhu/cpriebe1/MO/model-taxonomy/results/shared_cache/03_adapters/allenai--OLMo-2-0425-1B-Instruct/yahoo_033g1_033g2_033g3_n1000_s00_r16_i00_b5008_fea27ccee,33/33/33,-0.008893889375030994,-0.043738748878240585
behavioral_greedy,behavioral,cosine,none,100,seed_aligned,0,/weka/scratch/jhu/cpriebe1/MO/model-taxonomy/results/shared_cache/03_adapters/allenai--OLMo-2-0425-1B-Instruct/yahoo_025g1_075g2_000g3_n1000_s00_r16_i00_b5008_fea27ccee,25/75/0,0.23535141348838806,-0.17185112833976746
behavioral_greedy,behavioral,cosine,none,100,seed_aligned,0,/weka/scratch/jhu/cpriebe1/MO/model-taxonomy/results/shared_cache/03_adapters/allenai--OLMo-2-0425-1B-Instruct/yahoo_025g1_050g2_025g3_n1000_s00_r16_i00_b5008_fea27ccee,25/50/25,0.11207970976829529,-0.06922011077404022
behavioral_greedy,behavioral,cosine,none,100,seed_aligned,0,/weka/scratch/jhu/cpriebe1/MO/model-taxonomy/results/shared_cache/03_adapters/allenai--OLMo-2-0425-1B-Instruct/yahoo_025g1_025g2_050g3_n1000_s00_r16_i00_b5008_fea27ccee,25/25/50,-0.13343706727027893,0.013320031575858593
behavioral_greedy,behavioral,cosine,none,100,seed_aligned,0,/weka/scratch/jhu/cpriebe1/MO/model-taxonomy/results/shared_cache/03_adapters/allenai--OLMo-2-0425-1B-Instruct/yahoo_025g1_000g2_075g3_n1000_s00_r16_i00_b5008_fea27ccee,25/0/75,-0.3127223253250122,0.019976802170276642
behavioral_greedy,behavioral,cosine,none,100,seed_aligned,0,/weka/scratch/jhu/cpriebe1/MO/model-taxonomy/results/shared_cache/03_adapters/allenai--OLMo-2-0425-1B-Instruct/yahoo_000g1_100g2_000g3_n1000_s00_r16_i00_b5008_fea27ccee,0/100/0,0.3082846701145172,-0.07423015683889389
behavioral_greedy,behavioral,cosine,none,100,seed_aligned,0,/weka/scratch/jhu/cpriebe1/MO/model-taxonomy/results/shared_cache/03_adapters/allenai--OLMo-2-0425-1B-Instruct/yahoo_000g1_075g2_025g3_n1000_s00_r16_i00_b5008_fea27ccee,0/75/25,0.09753740578889847,-0.23957452178001404
behavioral_greedy,behavioral,cosine,none,100,seed_aligned,0,/weka/scratch/jhu/cpriebe1/MO/model-taxonomy/results/shared_cache/03_adapters/allenai--OLMo-2-0425-1B-Instruct/yahoo_000g1_050g2_050g3_n1000_s00_r16_i00_b5008_fea27ccee,0/50/50,-0.05894703045487404,-0.24127471446990967
behavioral_greedy,behavioral,cosine,none,100,seed_aligned,0,/weka/scratch/jhu/cpriebe1/MO/model-taxonomy/results/shared_cache/03_adapters/allenai--OLMo-2-0425-1B-Instruct/yahoo_000g1_025g2_075g3_n1000_s00_r16_i00_b5008_fea27ccee,0/25/75,-0.16416817903518677,-0.2115066945552826
behavioral_greedy,behavioral,cosine,none,100,seed_aligned,0,/weka/scratch/jhu/cpriebe1/MO/model-taxonomy/results/shared_cache/03_adapters/allenai--OLMo-2-0425-1B-Instruct/yahoo_000g1_000g2_100g3_n1000_s00_r16_i00_b5008_fea27ccee,0/0/100,-0.24364380538463593,-0.13220946490764618
behavioral_greedy,behavioral,cosine,dolly,0,pooled,-1,/weka/scratch/jhu/cpriebe1/MO/model-taxonomy/results/shared_cache/03_adapters/allenai--OLMo-2-0425-1B-Instruct/yahoo_100g1_000g2_000g3_n1000_s00_r16_i00_b5008_fea27ccee,100/0/0,-3.0809281591713376e-17,0.27709057927131653
behavioral_greedy,behavioral,cosine,dolly,0,pooled,-1,/weka/scratch/jhu/cpriebe1/MO/model-taxonomy/results/shared_cache/03_adapters/allenai--OLMo-2-0425-1B-Instruct/yahoo_075g1_025g2_000g3_n1000_s00_r16_i00_b5008_fea27ccee,75/25/0,0.19803261756896973,0.1584138125181198
behavioral_greedy,behavioral,cosine,dolly,0,pooled,-1,/weka/scratch/jhu/cpriebe1/MO/model-taxonomy/results/shared_cache/03_adapters/allenai--OLMo-2-0425-1B-Instruct/yahoo_075g1_000g2_025g3_n1000_s00_r16_i00_b5008_fea27ccee,75/0/25,0.09638269990682602,0.2600310742855072
behavioral_greedy,behavioral,cosine,dolly,0,pooled,-1,/weka/scratch/jhu/cpriebe1/MO/model-taxonomy/results/shared_cache/03_adapters/allenai--OLMo-2-0425-1B-Instruct/yahoo_050g1_050g2_000g3_n1000_s00_r16_i00_b5008_fea27ccee,50/50/0,0.17204175889492035,0.05769956856966019
behavioral_greedy,behavioral,cosine,dolly,0,pooled,-1,/weka/scratch/jhu/cpriebe1/MO/model-taxonomy/results/shared_cache/03_adapters/allenai--OLMo-2-0425-1B-Instruct/yahoo_050g1_025g2_025g3_n1000_s00_r16_i00_b5008_fea27ccee,50/25/25,-0.028067056089639664,0.13019125163555145
behavioral_greedy,behavioral,cosine,dolly,0,pooled,-1,/weka/scratch/jhu/cpriebe1/MO/model-taxonomy/results/shared_cache/03_adapters/allenai--OLMo-2-0425-1B-Instruct/yahoo_050g1_000g2_050g3_n1000_s00_r16_i00_b5008_fea27ccee,50/0/50,-0.19210486114025116,0.23772072792053223
behavioral_greedy,behavioral,cosine,dolly,0,pooled,-1,/weka/scratch/jhu/cpriebe1/MO/model-taxonomy/results/shared_cache/03_adapters/allenai--OLMo-2-0425-1B-Instruct/yahoo_033g1_033g2_033g3_n1000_s00_r16_i00_b5008_fea27ccee,33/33/33,-0.034138064831495285,0.015150528401136398
behavioral_greedy,behavioral,cosine,dolly,0,pooled,-1,/weka/scratch/jhu/cpriebe1/MO/model-taxonomy/results/shared_cache/03_adapters/allenai--OLMo-2-0425-1B-Instruct/yahoo_025g1_075g2_000g3_n1000_s00_r16_i00_b5008_fea27ccee,25/75/0,0.29292914271354675,-0.06869813054800034
behavioral_greedy,behavioral,cosine,dolly,0,pooled,-1,/weka/scratch/jhu/cpriebe1/MO/model-taxonomy/results/shared_cache/03_adapters/allenai--OLMo-2-0425-1B-Instruct/yahoo_025g1_050g2_025g3_n1000_s00_r16_i00_b5008_fea27ccee,25/50/25,0.14050929248332977,-0.06295082718133926
behavioral_greedy,behavioral,cosine,dolly,0,pooled,-1,/weka/scratch/jhu/cpriebe1/MO/model-taxonomy/results/shared_cache/03_adapters/allenai--OLMo-2-0425-1B-Instruct/yahoo_025g1_025g2_050g3_n1000_s00_r16_i00_b5008_fea27ccee,25/25/50,-0.13731996715068817,-0.015897992998361588
behavioral_greedy,behavioral,cosine,dolly,0,pooled,-1,/weka/scratch/jhu/cpriebe1/MO/model-taxonomy/results/shared_cache/03_adapters/allenai--OLMo-2-0425-1B-Instruct/yahoo_025g1_000g2_075g3_n1000_s00_r16_i00_b5008_fea27ccee,25/0/75,-0.2921500504016876,0.06133002042770386
behavioral_greedy,behavioral,cosine,dolly,0,pooled,-1,/weka/scratch/jhu/cpriebe1/MO/model-taxonomy/results/shared_cache/03_adapters/allenai--OLMo-2-0425-1B-Instruct/yahoo_000g1_100g2_000g3_n1000_s00_r16_i00_b5008_fea27ccee,0/100/0,0.07589179277420044,-0.3105454742908478
behavioral_greedy,behavioral,cosine,dolly,0,pooled,-1,/weka/scratch/jhu/cpriebe1/MO/model-taxonomy/results/shared_cache/03_adapters/allenai--OLMo-2-0425-1B-Instruct/yahoo_000g1_075g2_025g3_n1000_s00_r16_i00_b5008_fea27ccee,0/75/25,0.1989384889602661,-0.22989992797374725
behavioral_greedy,behavioral,cosine,dolly,0,pooled,-1,/weka/scratch/jhu/cpriebe1/MO/model-taxonomy/results/shared_cache/03_adapters/allenai--OLMo-2-0425-1B-Instruct/yahoo_000g1_050g2_050g3_n1000_s00_r16_i00_b5008_fea27ccee,0/50/50,-0.007574369665235281,-0.1985761672258377
behavioral_greedy,behavioral,cosine,dolly,0,pooled,-1,/weka/scratch/jhu/cpriebe1/MO/model-taxonomy/results/shared_cache/03_adapters/allenai--OLMo-2-0425-1B-Instruct/yahoo_000g1_025g2_075g3_n1000_s00_r16_i00_b5008_fea27ccee,0/25/75,-0.16738711297512054,-0.1986035853624344
behavioral_greedy,behavioral,cosine,dolly,0,pooled,-1,/weka/scratch/jhu/cpriebe1/MO/model-taxonomy/results/shared_cache/03_adapters/allenai--OLMo-2-0425-1B-Instruct/yahoo_000g1_000g2_100g3_n1000_s00_r16_i00_b5008_fea27ccee,0/0/100,-0.315984308719635,-0.11245545744895935
behavioral_greedy,behavioral,cosine,dolly,0,mean,-1,/weka/scratch/jhu/cpriebe1/MO/model-taxonomy/results/shared_cache/03_adapters/allenai--OLMo-2-0425-1B-Instruct/yahoo_100g1_000g2_000g3_n1000_s00_r16_i00_b5008_fea27ccee,100/0/0,-3.0809281591713376e-17,0.27709057927131653
behavioral_greedy,behavioral,cosine,dolly,0,mean,-1,/weka/scratch/jhu/cpriebe1/MO/model-taxonomy/results/shared_cache/03_adapters/allenai--OLMo-2-0425-1B-Instruct/yahoo_075g1_025g2_000g3_n1000_s00_r16_i00_b5008_fea27ccee,75/25/0,0.19803261756896973,0.1584138125181198
behavioral_greedy,behavioral,cosine,dolly,0,mean,-1,/weka/scratch/jhu/cpriebe1/MO/model-taxonomy/results/shared_cache/03_adapters/allenai--OLMo-2-0425-1B-Instruct/yahoo_075g1_000g2_025g3_n1000_s00_r16_i00_b5008_fea27ccee,75/0/25,0.09638269990682602,0.2600310742855072
behavioral_greedy,behavioral,cosine,dolly,0,mean,-1,/weka/scratch/jhu/cpriebe1/MO/model-taxonomy/results/shared_cache/03_adapters/allenai--OLMo-2-0425-1B-Instruct/yahoo_050g1_050g2_000g3_n1000_s00_r16_i00_b5008_fea27ccee,50/50/0,0.17204175889492035,0.05769956856966019
behavioral_greedy,behavioral,cosine,dolly,0,mean,-1,/weka/scratch/jhu/cpriebe1/MO/model-taxonomy/results/shared_cache/03_adapters/allenai--OLMo-2-0425-1B-Instruct/yahoo_050g1_025g2_025g3_n1000_s00_r16_i00_b5008_fea27ccee,50/25/25,-0.028067056089639664,0.13019125163555145
behavioral_greedy,behavioral,cosine,dolly,0,mean,-1,/weka/scratch/jhu/cpriebe1/MO/model-taxonomy/results/shared_cache/03_adapters/allenai--OLMo-2-0425-1B-Instruct/yahoo_050g1_000g2_050g3_n1000_s00_r16_i00_b5008_fea27ccee,50/0/50,-0.19210486114025116,0.23772072792053223
behavioral_greedy,behavioral,cosine,dolly,0,mean,-1,/weka/scratch/jhu/cpriebe1/MO/model-taxonomy/results/shared_cache/03_adapters/allenai--OLMo-2-0425-1B-Instruct/yahoo_033g1_033g2_033g3_n1000_s00_r16_i00_b5008_fea27ccee,33/33/33,-0.034138064831495285,0.015150528401136398
behavioral_greedy,behavioral,cosine,dolly,0,mean,-1,/weka/scratch/jhu/cpriebe1/MO/model-taxonomy/results/shared_cache/03_adapters/allenai--OLMo-2-0425-1B-Instruct/yahoo_025g1_075g2_000g3_n1000_s00_r16_i00_b5008_fea27ccee,25/75/0,0.29292914271354675,-0.06869813054800034
behavioral_greedy,behavioral,cosine,dolly,0,mean,-1,/weka/scratch/jhu/cpriebe1/MO/model-taxonomy/results/shared_cache/03_adapters/allenai--OLMo-2-0425-1B-Instruct/yahoo_025g1_050g2_025g3_n1000_s00_r16_i00_b5008_fea27ccee,25/50/25,0.14050929248332977,-0.06295082718133926
behavioral_greedy,behavioral,cosine,dolly,0,mean,-1,/weka/scratch/jhu/cpriebe1/MO/model-taxonomy/results/shared_cache/03_adapters/allenai--OLMo-2-0425-1B-Instruct/yahoo_025g1_025g2_050g3_n1000_s00_r16_i00_b5008_fea27ccee,25/25/50,-0.13731996715068817,-0.015897992998361588
behavioral_greedy,behavioral,cosine,dolly,0,mean,-1,/weka/scratch/jhu/cpriebe1/MO/model-taxonomy/results/shared_cache/03_adapters/allenai--OLMo-2-0425-1B-Instruct/yahoo_025g1_000g2_075g3_n1000_s00_r16_i00_b5008_fea27ccee,25/0/75,-0.2921500504016876,0.06133002042770386
behavioral_greedy,behavioral,cosine,dolly,0,mean,-1,/weka/scratch/jhu/cpriebe1/MO/model-taxonomy/results/shared_cache/03_adapters/allenai--OLMo-2-0425-1B-Instruct/yahoo_000g1_100g2_000g3_n1000_s00_r16_i00_b5008_fea27ccee,0/100/0,0.07589179277420044,-0.3105454742908478
behavioral_greedy,behavioral,cosine,dolly,0,mean,-1,/weka/scratch/jhu/cpriebe1/MO/model-taxonomy/results/shared_cache/03_adapters/allenai--OLMo-2-0425-1B-Instruct/yahoo_000g1_075g2_025g3_n1000_s00_r16_i00_b5008_fea27ccee,0/75/25,0.1989384889602661,-0.22989992797374725
behavioral_greedy,behavioral,cosine,dolly,0,mean,-1,/weka/scratch/jhu/cpriebe1/MO/model-taxonomy/results/shared_cache/03_adapters/allenai--OLMo-2-0425-1B-Instruct/yahoo_000g1_050g2_050g3_n1000_s00_r16_i00_b5008_fea27ccee,0/50/50,-0.007574369665235281,-0.1985761672258377
behavioral_greedy,behavioral,cosine,dolly,0,mean,-1,/weka/scratch/jhu/cpriebe1/MO/model-taxonomy/results/shared_cache/03_adapters/allenai--OLMo-2-0425-1B-Instruct/yahoo_000g1_025g2_075g3_n1000_s00_r16_i00_b5008_fea27ccee,0/25/75,-0.16738711297512054,-0.1986035853624344
behavioral_greedy,behavioral,cosine,dolly,0,mean,-1,/weka/scratch/jhu/cpriebe1/MO/model-taxonomy/results/shared_cache/03_adapters/allenai--OLMo-2-0425-1B-Instruct/yahoo_000g1_000g2_100g3_n1000_s00_r16_i00_b5008_fea27ccee,0/0/100,-0.315984308719635,-0.11245545744895935
behavioral_greedy,behavioral,cosine,dolly,0,seed_aligned,0,/weka/scratch/jhu/cpriebe1/MO/model-taxonomy/results/shared_cache/03_adapters/allenai--OLMo-2-0425-1B-Instruct/yahoo_100g1_000g2_000g3_n1000_s00_r16_i00_b5008_fea27ccee,100/0/0,-3.0809281591713376e-17,0.27709057927131653
behavioral_greedy,behavioral,cosine,dolly,0,seed_aligned,0,/weka/scratch/jhu/cpriebe1/MO/model-taxonomy/results/shared_cache/03_adapters/allenai--OLMo-2-0425-1B-Instruct/yahoo_075g1_025g2_000g3_n1000_s00_r16_i00_b5008_fea27ccee,75/25/0,0.19803261756896973,0.1584138125181198
behavioral_greedy,behavioral,cosine,dolly,0,seed_aligned,0,/weka/scratch/jhu/cpriebe1/MO/model-taxonomy/results/shared_cache/03_adapters/allenai--OLMo-2-0425-1B-Instruct/yahoo_075g1_000g2_025g3_n1000_s00_r16_i00_b5008_fea27ccee,75/0/25,0.09638269990682602,0.2600310742855072
behavioral_greedy,behavioral,cosine,dolly,0,seed_aligned,0,/weka/scratch/jhu/cpriebe1/MO/model-taxonomy/results/shared_cache/03_adapters/allenai--OLMo-2-0425-1B-Instruct/yahoo_050g1_050g2_000g3_n1000_s00_r16_i00_b5008_fea27ccee,50/50/0,0.17204175889492035,0.05769956856966019
behavioral_greedy,behavioral,cosine,dolly,0,seed_aligned,0,/weka/scratch/jhu/cpriebe1/MO/model-taxonomy/results/shared_cache/03_adapters/allenai--OLMo-2-0425-1B-Instruct/yahoo_050g1_025g2_025g3_n1000_s00_r16_i00_b5008_fea27ccee,50/25/25,-0.028067056089639664,0.13019125163555145
behavioral_greedy,behavioral,cosine,dolly,0,seed_aligned,0,/weka/scratch/jhu/cpriebe1/MO/model-taxonomy/results/shared_cache/03_adapters/allenai--OLMo-2-0425-1B-Instruct/yahoo_050g1_000g2_050g3_n1000_s00_r16_i00_b5008_fea27ccee,50/0/50,-0.19210486114025116,0.23772072792053223
behavioral_greedy,behavioral,cosine,dolly,0,seed_aligned,0,/weka/scratch/jhu/cpriebe1/MO/model-taxonomy/results/shared_cache/03_adapters/allenai--OLMo-2-0425-1B-Instruct/yahoo_033g1_033g2_033g3_n1000_s00_r16_i00_b5008_fea27ccee,33/33/33,-0.034138064831495285,0.015150528401136398
behavioral_greedy,behavioral,cosine,dolly,0,seed_aligned,0,/weka/scratch/jhu/cpriebe1/MO/model-taxonomy/results/shared_cache/03_adapters/allenai--OLMo-2-0425-1B-Instruct/yahoo_025g1_075g2_000g3_n1000_s00_r16_i00_b5008_fea27ccee,25/75/0,0.29292914271354675,-0.06869813054800034
behavioral_greedy,behavioral,cosine,dolly,0,seed_aligned,0,/weka/scratch/jhu/cpriebe1/MO/model-taxonomy/results/shared_cache/03_adapters/allenai--OLMo-2-0425-1B-Instruct/yahoo_025g1_050g2_025g3_n1000_s00_r16_i00_b5008_fea27ccee,25/50/25,0.14050929248332977,-0.06295082718133926
behavioral_greedy,behavioral,cosine,dolly,0,seed_aligned,0,/weka/scratch/jhu/cpriebe1/MO/model-taxonomy/results/shared_cache/03_adapters/allenai--OLMo-2-0425-1B-Instruct/yahoo_025g1_025g2_050g3_n1000_s00_r16_i00_b5008_fea27ccee,25/25/50,-0.13731996715068817,-0.015897992998361588
behavioral_greedy,behavioral,cosine,dolly,0,seed_aligned,0,/weka/scratch/jhu/cpriebe1/MO/model-taxonomy/results/shared_cache/03_adapters/allenai--OLMo-2-0425-1B-Instruct/yahoo_025g1_000g2_075g3_n1000_s00_r16_i00_b5008_fea27ccee,25/0/75,-0.2921500504016876,0.06133002042770386
behavioral_greedy,behavioral,cosine,dolly,0,seed_aligned,0,/weka/scratch/jhu/cpriebe1/MO/model-taxonomy/results/shared_cache/03_adapters/allenai--OLMo-2-0425-1B-Instruct/yahoo_000g1_100g2_000g3_n1000_s00_r16_i00_b5008_fea27ccee,0/100/0,0.07589179277420044,-0.3105454742908478
behavioral_greedy,behavioral,cosine,dolly,0,seed_aligned,0,/weka/scratch/jhu/cpriebe1/MO/model-taxonomy/results/shared_cache/03_adapters/allenai--OLMo-2-0425-1B-Instruct/yahoo_000g1_075g2_025g3_n1000_s00_r16_i00_b5008_fea27ccee,0/75/25,0.1989384889602661,-0.22989992797374725
behavioral_greedy,behavioral,cosine,dolly,0,seed_aligned,0,/weka/scratch/jhu/cpriebe1/MO/model-taxonomy/results/shared_cache/03_adapters/allenai--OLMo-2-0425-1B-Instruct/yahoo_000g1_050g2_050g3_n1000_s00_r16_i00_b5008_fea27ccee,0/50/50,-0.007574369665235281,-0.1985761672258377
behavioral_greedy,behavioral,cosine,dolly,0,seed_aligned,0,/weka/scratch/jhu/cpriebe1/MO/model-taxonomy/results/shared_cache/03_adapters/allenai--OLMo-2-0425-1B-Instruct/yahoo_000g1_025g2_075g3_n1000_s00_r16_i00_b5008_fea27ccee,0/25/75,-0.16738711297512054,-0.1986035853624344
behavioral_greedy,behavioral,cosine,dolly,0,seed_aligned,0,/weka/scratch/jhu/cpriebe1/MO/model-taxonomy/results/shared_cache/03_adapters/allenai--OLMo-2-0425-1B-Instruct/yahoo_000g1_000g2_100g3_n1000_s00_r16_i00_b5008_fea27ccee,0/0/100,-0.315984308719635,-0.11245545744895935
behavioral_greedy,behavioral,cosine,dolly,1,pooled,-1,/weka/scratch/jhu/cpriebe1/MO/model-taxonomy/results/shared_cache/03_adapters/allenai--OLMo-2-0425-1B-Instruct/yahoo_100g1_000g2_000g3_n1000_s00_r16_i00_b5008_fea27ccee,100/0/0,-2.7904075628687802e-18,0.3023621141910553
behavioral_greedy,behavioral,cosine,dolly,1,pooled,-1,/weka/scratch/jhu/cpriebe1/MO/model-taxonomy/results/shared_cache/03_adapters/allenai--OLMo-2-0425-1B-Instruct/yahoo_075g1_025g2_000g3_n1000_s00_r16_i00_b5008_fea27ccee,75/25/0,0.11684788763523102,0.2194136530160904
behavioral_greedy,behavioral,cosine,dolly,1,pooled,-1,/weka/scratch/jhu/cpriebe1/MO/model-taxonomy/results/shared_cache/03_adapters/allenai--OLMo-2-0425-1B-Instruct/yahoo_075g1_000g2_025g3_n1000_s00_r16_i00_b5008_fea27ccee,75/0/25,-0.10848306119441986,0.23922398686408997
behavioral_greedy,behavioral,cosine,dolly,1,pooled,-1,/weka/scratch/jhu/cpriebe1/MO/model-taxonomy/results/shared_cache/03_adapters/allenai--OLMo-2-0425-1B-Instruct/yahoo_050g1_050g2_000g3_n1000_s00_r16_i00_b5008_fea27ccee,50/50/0,0.15096265077590942,0.1027834340929985
behavioral_greedy,behavioral,cosine,dolly,1,pooled,-1,/weka/scratch/jhu/cpriebe1/MO/model-taxonomy/results/shared_cache/03_adapters/allenai--OLMo-2-0425-1B-Instruct/yahoo_050g1_025g2_025g3_n1000_s00_r16_i00_b5008_fea27ccee,50/25/25,-0.0030783393885940313,0.09597495198249817
behavioral_greedy,behavioral,cosine,dolly,1,pooled,-1,/weka/scratch/jhu/cpriebe1/MO/model-taxonomy/results/shared_cache/03_adapters/allenai--OLMo-2-0425-1B-Instruct/yahoo_050g1_000g2_050g3_n1000_s00_r16_i00_b5008_fea27ccee,50/0/50,-0.2613321840763092,-0.13598346710205078
behavioral_greedy,behavioral,cosine,dolly,1,pooled,-1,/weka/scratch/jhu/cpriebe1/MO/model-taxonomy/results/shared_cache/03_adapters/allenai--OLMo-2-0425-1B-Instruct/yahoo_033g1_033g2_033g3_n1000_s00_r16_i00_b5008_fea27ccee,33/33/33,-0.024219240993261337,-0.0024042350705713034
behavioral_greedy,behavioral,cosine,dolly,1,pooled,-1,/weka/scratch/jhu/cpriebe1/MO/model-taxonomy/results/shared_cache/03_adapters/allenai--OLMo-2-0425-1B-Instruct/yahoo_025g1_075g2_000g3_n1000_s00_r16_i00_b5008_fea27ccee,25/75/0,0.27195364236831665,-0.11042321473360062
behavioral_greedy,behavioral,cosine,dolly,1,pooled,-1,/weka/scratch/jhu/cpriebe1/MO/model-taxonomy/results/shared_cache/03_adapters/allenai--OLMo-2-0425-1B-Instruct/yahoo_025g1_050g2_025g3_n1000_s00_r16_i00_b5008_fea27ccee,25/50/25,0.1358533799648285,-0.07473047077655792
behavioral_greedy,behavioral,cosine,dolly,1,pooled,-1,/weka/scratch/jhu/cpriebe1/MO/model-taxonomy/results/shared_cache/03_adapters/allenai--OLMo-2-0425-1B-Instruct/yahoo_025g1_025g2_050g3_n1000_s00_r16_i00_b5008_fea27ccee,25/25/50,-0.10009047389030457,-0.08271568268537521
behavioral_greedy,behavioral,cosine,dolly,1,pooled,-1,/weka/scratch/jhu/cpriebe1/MO/model-taxonomy/results/shared_cache/03_adapters/allenai--OLMo-2-0425-1B-Instruct/yahoo_025g1_000g2_075g3_n1000_s00_r16_i00_b5008_fea27ccee,25/0/75,-0.273105651140213,0.13039296865463257
behavioral_greedy,behavioral,cosine,dolly,1,pooled,-1,/weka/scratch/jhu/cpriebe1/MO/model-taxonomy/results/shared_cache/03_adapters/allenai--OLMo-2-0425-1B-Instruct/yahoo_000g1_100g2_000g3_n1000_s00_r16_i00_b5008_fea27ccee,0/100/0,0.3104488253593445,0.03048512153327465
behavioral_greedy,behavioral,cosine,dolly,1,pooled,-1,/weka/scratch/jhu/cpriebe1/MO/model-taxonomy/results/shared_cache/03_adapters/allenai--OLMo-2-0425-1B-Instruct/yahoo_000g1_075g2_025g3_n1000_s00_r16_i00_b5008_fea27ccee,0/75/25,0.1903785914182663,-0.2508793771266937
behavioral_greedy,behavioral,cosine,dolly,1,pooled,-1,/weka/scratch/jhu/cpriebe1/MO/model-taxonomy/results/shared_cache/03_adapters/allenai--OLMo-2-0425-1B-Instruct/yahoo_000g1_050g2_050g3_n1000_s00_r16_i00_b5008_fea27ccee,0/50/50,0.031019171699881554,-0.24218939244747162
behavioral_greedy,behavioral,cosine,dolly,1,pooled,-1,/weka/scratch/jhu/cpriebe1/MO/model-taxonomy/results/shared_cache/03_adapters/allenai--OLMo-2-0425-1B-Instruct/yahoo_000g1_025g2_075g3_n1000_s00_r16_i00_b5008_fea27ccee,0/25/75,-0.11280766874551773,-0.2344764918088913
behavioral_greedy,behavioral,cosine,dolly,1,pooled,-1,/weka/scratch/jhu/cpriebe1/MO/model-taxonomy/results/shared_cache/03_adapters/allenai--OLMo-2-0425-1B-Instruct/yahoo_000g1_000g2_100g3_n1000_s00_r16_i00_b5008_fea27ccee,0/0/100,-0.32434749603271484,0.013166096061468124
behavioral_greedy,behavioral,cosine,dolly,1,mean,-1,/weka/scratch/jhu/cpriebe1/MO/model-taxonomy/results/shared_cache/03_adapters/allenai--OLMo-2-0425-1B-Instruct/yahoo_100g1_000g2_000g3_n1000_s00_r16_i00_b5008_fea27ccee,100/0/0,-2.7904075628687802e-18,0.3023621141910553
behavioral_greedy,behavioral,cosine,dolly,1,mean,-1,/weka/scratch/jhu/cpriebe1/MO/model-taxonomy/results/shared_cache/03_adapters/allenai--OLMo-2-0425-1B-Instruct/yahoo_075g1_025g2_000g3_n1000_s00_r16_i00_b5008_fea27ccee,75/25/0,0.11684788763523102,0.2194136530160904
behavioral_greedy,behavioral,cosine,dolly,1,mean,-1,/weka/scratch/jhu/cpriebe1/MO/model-taxonomy/results/shared_cache/03_adapters/allenai--OLMo-2-0425-1B-Instruct/yahoo_075g1_000g2_025g3_n1000_s00_r16_i00_b5008_fea27ccee,75/0/25,-0.10848306119441986,0.23922398686408997
behavioral_greedy,behavioral,cosine,dolly,1,mean,-1,/weka/scratch/jhu/cpriebe1/MO/model-taxonomy/results/shared_cache/03_adapters/allenai--OLMo-2-0425-1B-Instruct/yahoo_050g1_050g2_000g3_n1000_s00_r16_i00_b5008_fea27ccee,50/50/0,0.15096265077590942,0.1027834340929985
behavioral_greedy,behavioral,cosine,dolly,1,mean,-1,/weka/scratch/jhu/cpriebe1/MO/model-taxonomy/results/shared_cache/03_adapters/allenai--OLMo-2-0425-1B-Instruct/yahoo_050g1_025g2_025g3_n1000_s00_r16_i00_b5008_fea27ccee,50/25/25,-0.0030783393885940313,0.09597495198249817
behavioral_greedy,behavioral,cosine,dolly,1,mean,-1,/weka/scratch/jhu/cpriebe1/MO/model-taxonomy/results/shared_cache/03_adapters/allenai--OLMo-2-0425-1B-Instruct/yahoo_050g1_000g2_050g3_n1000_s00_r16_i00_b5008_fea27ccee,50/0/50,-0.2613321840763092,-0.13598346710205078
behavioral_greedy,behavioral,cosine,dolly,1,mean,-1,/weka/scratch/jhu/cpriebe1/MO/model-taxonomy/results/shared_cache/03_adapters/allenai--OLMo-2-0425-1B-Instruct/yahoo_033g1_033g2_033g3_n1000_s00_r16_i00_b5008_fea27ccee,33/33/33,-0.024219240993261337,-0.0024042350705713034
behavioral_greedy,behavioral,cosine,dolly,1,mean,-1,/weka/scratch/jhu/cpriebe1/MO/model-taxonomy/results/shared_cache/03_adapters/allenai--OLMo-2-0425-1B-Instruct/yahoo_025g1_075g2_000g3_n1000_s00_r16_i00_b5008_fea27ccee,25/75/0,0.27195364236831665,-0.11042321473360062
behavioral_greedy,behavioral,cosine,dolly,1,mean,-1,/weka/scratch/jhu/cpriebe1/MO/model-taxonomy/results/shared_cache/03_adapters/allenai--OLMo-2-0425-1B-Instruct/yahoo_025g1_050g2_025g3_n1000_s00_r16_i00_b5008_fea27ccee,25/50/25,0.1358533799648285,-0.07473047077655792
behavioral_greedy,behavioral,cosine,dolly,1,mean,-1,/weka/scratch/jhu/cpriebe1/MO/model-taxonomy/results/shared_cache/03_adapters/allenai--OLMo-2-0425-1B-Instruct/yahoo_025g1_025g2_050g3_n1000_s00_r16_i00_b5008_fea27ccee,25/25/50,-0.10009047389030457,-0.08271568268537521
behavioral_greedy,behavioral,cosine,dolly,1,mean,-1,/weka/scratch/jhu/cpriebe1/MO/model-taxonomy/results/shared_cache/03_adapters/allenai--OLMo-2-0425-1B-Instruct/yahoo_025g1_000g2_075g3_n1000_s00_r16_i00_b5008_fea27ccee,25/0/75,-0.273105651140213,0.13039296865463257
behavioral_greedy,behavioral,cosine,dolly,1,mean,-1,/weka/scratch/jhu/cpriebe1/MO/model-taxonomy/results/shared_cache/03_adapters/allenai--OLMo-2-0425-1B-Instruct/yahoo_000g1_100g2_000g3_n1000_s00_r16_i00_b5008_fea27ccee,0/100/0,0.3104488253593445,0.03048512153327465
behavioral_greedy,behavioral,cosine,dolly,1,mean,-1,/weka/scratch/jhu/cpriebe1/MO/model-taxonomy/results/shared_cache/03_adapters/allenai--OLMo-2-0425-1B-Instruct/yahoo_000g1_075g2_025g3_n1000_s00_r16_i00_b5008_fea27ccee,0/75/25,0.1903785914182663,-0.2508793771266937
behavioral_greedy,behavioral,cosine,dolly,1,mean,-1,/weka/scratch/jhu/cpriebe1/MO/model-taxonomy/results/shared_cache/03_adapters/allenai--OLMo-2-0425-1B-Instruct/yahoo_000g1_050g2_050g3_n1000_s00_r16_i00_b5008_fea27ccee,0/50/50,0.031019171699881554,-0.24218939244747162
behavioral_greedy,behavioral,cosine,dolly,1,mean,-1,/weka/scratch/jhu/cpriebe1/MO/model-taxonomy/results/shared_cache/03_adapters/allenai--OLMo-2-0425-1B-Instruct/yahoo_000g1_025g2_075g3_n1000_s00_r16_i00_b5008_fea27ccee,0/25/75,-0.11280766874551773,-0.2344764918088913
behavioral_greedy,behavioral,cosine,dolly,1,mean,-1,/weka/scratch/jhu/cpriebe1/MO/model-taxonomy/results/shared_cache/03_adapters/allenai--OLMo-2-0425-1B-Instruct/yahoo_000g1_000g2_100g3_n1000_s00_r16_i00_b5008_fea27ccee,0/0/100,-0.32434749603271484,0.013166096061468124
behavioral_greedy,behavioral,cosine,dolly,1,seed_aligned,0,/weka/scratch/jhu/cpriebe1/MO/model-taxonomy/results/shared_cache/03_adapters/allenai--OLMo-2-0425-1B-Instruct/yahoo_100g1_000g2_000g3_n1000_s00_r16_i00_b5008_fea27ccee,100/0/0,-2.7904075628687802e-18,0.3023621141910553
behavioral_greedy,behavioral,cosine,dolly,1,seed_aligned,0,/weka/scratch/jhu/cpriebe1/MO/model-taxonomy/results/shared_cache/03_adapters/allenai--OLMo-2-0425-1B-Instruct/yahoo_075g1_025g2_000g3_n1000_s00_r16_i00_b5008_fea27ccee,75/25/0,0.11684788763523102,0.2194136530160904
behavioral_greedy,behavioral,cosine,dolly,1,seed_aligned,0,/weka/scratch/jhu/cpriebe1/MO/model-taxonomy/results/shared_cache/03_adapters/allenai--OLMo-2-0425-1B-Instruct/yahoo_075g1_000g2_025g3_n1000_s00_r16_i00_b5008_fea27ccee,75/0/25,-0.10848306119441986,0.23922398686408997
behavioral_greedy,behavioral,cosine,dolly,1,seed_aligned,0,/weka/scratch/jhu/cpriebe1/MO/model-taxonomy/results/shared_cache/03_adapters/allenai--OLMo-2-0425-1B-Instruct/yahoo_050g1_050g2_000g3_n1000_s00_r16_i00_b5008_fea27ccee,50/50/0,0.15096265077590942,0.1027834340929985
behavioral_greedy,behavioral,cosine,dolly,1,seed_aligned,0,/weka/scratch/jhu/cpriebe1/MO/model-taxonomy/results/shared_cache/03_adapters/allenai--OLMo-2-0425-1B-Instruct/yahoo_050g1_025g2_025g3_n1000_s00_r16_i00_b5008_fea27ccee,50/25/25,-0.0030783393885940313,0.09597495198249817
behavioral_greedy,behavioral,cosine,dolly,1,seed_aligned,0,/weka/scratch/jhu/cpriebe1/MO/model-taxonomy/results/shared_cache/03_adapters/allenai--OLMo-2-0425-1B-Instruct/yahoo_050g1_000g2_050g3_n1000_s00_r16_i00_b5008_fea27ccee,50/0/50,-0.2613321840763092,-0.13598346710205078
behavioral_greedy,behavioral,cosine,dolly,1,seed_aligned,0,/weka/scratch/jhu/cpriebe1/MO/model-taxonomy/results/shared_cache/03_adapters/allenai--OLMo-2-0425-1B-Instruct/yahoo_033g1_033g2_033g3_n1000_s00_r16_i00_b5008_fea27ccee,33/33/33,-0.024219240993261337,-0.0024042350705713034
behavioral_greedy,behavioral,cosine,dolly,1,seed_aligned,0,/weka/scratch/jhu/cpriebe1/MO/model-taxonomy/results/shared_cache/03_adapters/allenai--OLMo-2-0425-1B-Instruct/yahoo_025g1_075g2_000g3_n1000_s00_r16_i00_b5008_fea27ccee,25/75/0,0.27195364236831665,-0.11042321473360062
behavioral_greedy,behavioral,cosine,dolly,1,seed_aligned,0,/weka/scratch/jhu/cpriebe1/MO/model-taxonomy/results/shared_cache/03_adapters/allenai--OLMo-2-0425-1B-Instruct/yahoo_025g1_050g2_025g3_n1000_s00_r16_i00_b5008_fea27ccee,25/50/25,0.1358533799648285,-0.07473047077655792
behavioral_greedy,behavioral,cosine,dolly,1,seed_aligned,0,/weka/scratch/jhu/cpriebe1/MO/model-taxonomy/results/shared_cache/03_adapters/allenai--OLMo-2-0425-1B-Instruct/yahoo_025g1_025g2_050g3_n1000_s00_r16_i00_b5008_fea27ccee,25/25/50,-0.10009047389030457,-0.08271568268537521
behavioral_greedy,behavioral,cosine,dolly,1,seed_aligned,0,/weka/scratch/jhu/cpriebe1/MO/model-taxonomy/results/shared_cache/03_adapters/allenai--OLMo-2-0425-1B-Instruct/yahoo_025g1_000g2_075g3_n1000_s00_r16_i00_b5008_fea27ccee,25/0/75,-0.273105651140213,0.13039296865463257
behavioral_greedy,behavioral,cosine,dolly,1,seed_aligned,0,/weka/scratch/jhu/cpriebe1/MO/model-taxonomy/results/shared_cache/03_adapters/allenai--OLMo-2-0425-1B-Instruct/yahoo_000g1_100g2_000g3_n1000_s00_r16_i00_b5008_fea27ccee,0/100/0,0.3104488253593445,0.03048512153327465
behavioral_greedy,behavioral,cosine,dolly,1,seed_aligned,0,/weka/scratch/jhu/cpriebe1/MO/model-taxonomy/results/shared_cache/03_adapters/allenai--OLMo-2-0425-1B-Instruct/yahoo_000g1_075g2_025g3_n1000_s00_r16_i00_b5008_fea27ccee,0/75/25,0.1903785914182663,-0.2508793771266937
behavioral_greedy,behavioral,cosine,dolly,1,seed_aligned,0,/weka/scratch/jhu/cpriebe1/MO/model-taxonomy/results/shared_cache/03_adapters/allenai--OLMo-2-0425-1B-Instruct/yahoo_000g1_050g2_050g3_n1000_s00_r16_i00_b5008_fea27ccee,0/50/50,0.031019171699881554,-0.24218939244747162
behavioral_greedy,behavioral,cosine,dolly,1,seed_aligned,0,/weka/scratch/jhu/cpriebe1/MO/model-taxonomy/results/shared_cache/03_adapters/allenai--OLMo-2-0425-1B-Instruct/yahoo_000g1_025g2_075g3_n1000_s00_r16_i00_b5008_fea27ccee,0/25/75,-0.11280766874551773,-0.2344764918088913
behavioral_greedy,behavioral,cosine,dolly,1,seed_aligned,0,/weka/scratch/jhu/cpriebe1/MO/model-taxonomy/results/shared_cache/03_adapters/allenai--OLMo-2-0425-1B-Instruct/yahoo_000g1_000g2_100g3_n1000_s00_r16_i00_b5008_fea27ccee,0/0/100,-0.32434749603271484,0.013166096061468124
behavioral_greedy,behavioral,cosine,dolly,2,pooled,-1,/weka/scratch/jhu/cpriebe1/MO/model-taxonomy/results/shared_cache/03_adapters/allenai--OLMo-2-0425-1B-Instruct/yahoo_100g1_000g2_000g3_n1000_s00_r16_i00_b5008_fea27ccee,100/0/0,-3.627801415804031e-17,0.3224988281726837
behavioral_greedy,behavioral,cosine,dolly,2,pooled,-1,/weka/scratch/jhu/cpriebe1/MO/model-taxonomy/results/shared_cache/03_adapters/allenai--OLMo-2-0425-1B-Instruct/yahoo_075g1_025g2_000g3_n1000_s00_r16_i00_b5008_fea27ccee,75/25/0,0.13484548032283783,0.20964860916137695
behavioral_greedy,behavioral,cosine,dolly,2,pooled,-1,/weka/scratch/jhu/cpriebe1/MO/model-taxonomy/results/shared_cache/03_adapters/allenai--OLMo-2-0425-1B-Instruct/yahoo_075g1_000g2_025g3_n1000_s00_r16_i00_b5008_fea27ccee,75/0/25,-0.11466863006353378,0.24158157408237457
behavioral_greedy,behavioral,cosine,dolly,2,pooled,-1,/weka/scratch/jhu/cpriebe1/MO/model-taxonomy/results/shared_cache/03_adapters/allenai--OLMo-2-0425-1B-Instruct/yahoo_050g1_050g2_000g3_n1000_s00_r16_i00_b5008_fea27ccee,50/50/0,0.1600298434495926,0.0951511487364769
behavioral_greedy,behavioral,cosine,dolly,2,pooled,-1,/weka/scratch/jhu/cpriebe1/MO/model-taxonomy/results/shared_cache/03_adapters/allenai--OLMo-2-0425-1B-Instruct/yahoo_050g1_025g2_025g3_n1000_s00_r16_i00_b5008_fea27ccee,50/25/25,0.0014199538854882121,0.10532427579164505
behavioral_greedy,behavioral,cosine,dolly,2,pooled,-1,/weka/scratch/jhu/cpriebe1/MO/model-taxonomy/results/shared_cache/03_adapters/allenai--OLMo-2-0425-1B-Instruct/yahoo_050g1_000g2_050g3_n1000_s00_r16_i00_b5008_fea27ccee,50/0/50,-0.2575976550579071,-0.17895959317684174
behavioral_greedy,behavioral,cosine,dolly,2,pooled,-1,/weka/scratch/jhu/cpriebe1/MO/model-taxonomy/results/shared_cache/03_adapters/allenai--OLMo-2-0425-1B-Instruct/yahoo_033g1_033g2_033g3_n1000_s00_r16_i00_b5008_fea27ccee,33/33/33,-0.02778005599975586,0.013771268539130688
behavioral_greedy,behavioral,cosine,dolly,2,pooled,-1,/weka/scratch/jhu/cpriebe1/MO/model-taxonomy/results/shared_cache/03_adapters/allenai--OLMo-2-0425-1B-Instruct/yahoo_025g1_075g2_000g3_n1000_s00_r16_i00_b5008_fea27ccee,25/75/0,0.2546348571777344,-0.12422265112400055
behavioral_greedy,behavioral,cosine,dolly,2,pooled,-1,/weka/scratch/jhu/cpriebe1/MO/model-taxonomy/results/shared_cache/03_adapters/allenai--OLMo-2-0425-1B-Instruct/yahoo_025g1_050g2_025g3_n1000_s00_r16_i00_b5008_fea27ccee,25/50/25,0.13528534770011902,-0.06330811232328415
behavioral_greedy,behavioral,cosine,dolly,2,pooled,-1,/weka/scratch/jhu/cpriebe1/MO/model-taxonomy/results/shared_cache/03_adapters/allenai--OLMo-2-0425-1B-Instruct/yahoo_025g1_025g2_050g3_n1000_s00_r16_i00_b5008_fea27ccee,25/25/50,-0.1283511221408844,-0.06097745522856712
behavioral_greedy,behavioral,cosine,dolly,2,pooled,-1,/weka/scratch/jhu/cpriebe1/MO/model-taxonomy/results/shared_cache/03_adapters/allenai--OLMo-2-0425-1B-Instruct/yahoo_025g1_000g2_075g3_n1000_s00_r16_i00_b5008_fea27ccee,25/0/75,-0.25700950622558594,0.1164778620004654
behavioral_greedy,behavioral,cosine,dolly,2,pooled,-1,/weka/scratch/jhu/cpriebe1/MO/model-taxonomy/results/shared_cache/03_adapters/allenai--OLMo-2-0425-1B-Instruct/yahoo_000g1_100g2_000g3_n1000_s00_r16_i00_b5008_fea27ccee,0/100/0,0.3106565475463867,0.01469508558511734
behavioral_greedy,behavioral,cosine,dolly,2,pooled,-1,/weka/scratch/jhu/cpriebe1/MO/model-taxonomy/results/shared_cache/03_adapters/allenai--OLMo-2-0425-1B-Instruct/yahoo_000g1_075g2_025g3_n1000_s00_r16_i00_b5008_fea27ccee,0/75/25,0.17929159104824066,-0.25442561507225037
behavioral_greedy,behavioral,cosine,dolly,2,pooled,-1,/weka/scratch/jhu/cpriebe1/MO/model-taxonomy/results/shared_cache/03_adapters/allenai--OLMo-2-0425-1B-Instruct/yahoo_000g1_050g2_050g3_n1000_s00_r16_i00_b5008_fea27ccee,0/50/50,0.03784056752920151,-0.23716464638710022
behavioral_greedy,behavioral,cosine,dolly,2,pooled,-1,/weka/scratch/jhu/cpriebe1/MO/model-taxonomy/results/shared_cache/03_adapters/allenai--OLMo-2-0425-1B-Instruct/yahoo_000g1_025g2_075g3_n1000_s00_r16_i00_b5008_fea27ccee,0/25/75,-0.10258659720420837,-0.21568772196769714
behavioral_greedy,behavioral,cosine,dolly,2,pooled,-1,/weka/scratch/jhu/cpriebe1/MO/model-taxonomy/results/shared_cache/03_adapters/allenai--OLMo-2-0425-1B-Instruct/yahoo_000g1_000g2_100g3_n1000_s00_r16_i00_b5008_fea27ccee,0/0/100,-0.32601064443588257,0.015597161836922169
behavioral_greedy,behavioral,cosine,dolly,2,mean,-1,/weka/scratch/jhu/cpriebe1/MO/model-taxonomy/results/shared_cache/03_adapters/allenai--OLMo-2-0425-1B-Instruct/yahoo_100g1_000g2_000g3_n1000_s00_r16_i00_b5008_fea27ccee,100/0/0,-3.627801415804031e-17,0.3224988281726837
behavioral_greedy,behavioral,cosine,dolly,2,mean,-1,/weka/scratch/jhu/cpriebe1/MO/model-taxonomy/results/shared_cache/03_adapters/allenai--OLMo-2-0425-1B-Instruct/yahoo_075g1_025g2_000g3_n1000_s00_r16_i00_b5008_fea27ccee,75/25/0,0.13484548032283783,0.20964860916137695
behavioral_greedy,behavioral,cosine,dolly,2,mean,-1,/weka/scratch/jhu/cpriebe1/MO/model-taxonomy/results/shared_cache/03_adapters/allenai--OLMo-2-0425-1B-Instruct/yahoo_075g1_000g2_025g3_n1000_s00_r16_i00_b5008_fea27ccee,75/0/25,-0.11466863006353378,0.24158157408237457
behavioral_greedy,behavioral,cosine,dolly,2,mean,-1,/weka/scratch/jhu/cpriebe1/MO/model-taxonomy/results/shared_cache/03_adapters/allenai--OLMo-2-0425-1B-Instruct/yahoo_050g1_050g2_000g3_n1000_s00_r16_i00_b5008_fea27ccee,50/50/0,0.1600298434495926,0.0951511487364769
behavioral_greedy,behavioral,cosine,dolly,2,mean,-1,/weka/scratch/jhu/cpriebe1/MO/model-taxonomy/results/shared_cache/03_adapters/allenai--OLMo-2-0425-1B-Instruct/yahoo_050g1_025g2_025g3_n1000_s00_r16_i00_b5008_fea27ccee,50/25/25,0.0014199538854882121,0.10532427579164505
behavioral_greedy,behavioral,cosine,dolly,2,mean,-1,/weka/scratch/jhu/cpriebe1/MO/model-taxonomy/results/shared_cache/03_adapters/allenai--OLMo-2-0425-1B-Instruct/yahoo_050g1_000g2_050g3_n1000_s00_r16_i00_b5008_fea27ccee,50/0/50,-0.2575976550579071,-0.17895959317684174
behavioral_greedy,behavioral,cosine,dolly,2,mean,-1,/weka/scratch/jhu/cpriebe1/MO/model-taxonomy/results/shared_cache/03_adapters/allenai--OLMo-2-0425-1B-Instruct/yahoo_033g1_033g2_033g3_n1000_s00_r16_i00_b5008_fea27ccee,33/33/33,-0.02778005599975586,0.013771268539130688
behavioral_greedy,behavioral,cosine,dolly,2,mean,-1,/weka/scratch/jhu/cpriebe1/MO/model-taxonomy/results/shared_cache/03_adapters/allenai--OLMo-2-0425-1B-Instruct/yahoo_025g1_075g2_000g3_n1000_s00_r16_i00_b5008_fea27ccee,25/75/0,0.2546348571777344,-0.12422265112400055
behavioral_greedy,behavioral,cosine,dolly,2,mean,-1,/weka/scratch/jhu/cpriebe1/MO/model-taxonomy/results/shared_cache/03_adapters/allenai--OLMo-2-0425-1B-Instruct/yahoo_025g1_050g2_025g3_n1000_s00_r16_i00_b5008_fea27ccee,25/50/25,0.13528534770011902,-0.06330811232328415
behavioral_greedy,behavioral,cosine,dolly,2,mean,-1,/weka/scratch/jhu/cpriebe1/MO/model-taxonomy/results/shared_cache/03_adapters/allenai--OLMo-2-0425-1B-Instruct/yahoo_025g1_025g2_050g3_n1000_s00_r16_i00_b5008_fea27ccee,25/25/50,-0.1283511221408844,-0.06097745522856712
behavioral_greedy,behavioral,cosine,dolly,2,mean,-1,/weka/scratch/jhu/cpriebe1/MO/model-taxonomy/results/shared_cache/03_adapters/allenai--OLMo-2-0425-1B-Instruct/yahoo_025g1_000g2_075g3_n1000_s00_r16_i00_b5008_fea27ccee,25/0/75,-0.25700950622558594,0.1164778620004654
behavioral_greedy,behavioral,cosine,dolly,2,mean,-1,/weka/scratch/jhu/cpriebe1/MO/model-taxonomy/results/shared_cache/03_adapters/allenai--OLMo-2-0425-1B-Instruct/yahoo_000g1_100g2_000g3_n1000_s00_r16_i00_b5008_fea27ccee,0/100/0,0.3106565475463867,0.01469508558511734
behavioral_greedy,behavioral,cosine,dolly,2,mean,-1,/weka/scratch/jhu/cpriebe1/MO/model-taxonomy/results/shared_cache/03_adapters/allenai--OLMo-2-0425-1B-Instruct/yahoo_000g1_075g2_025g3_n1000_s00_r16_i00_b5008_fea27ccee,0/75/25,0.17929159104824066,-0.25442561507225037
behavioral_greedy,behavioral,cosine,dolly,2,mean,-1,/weka/scratch/jhu/cpriebe1/MO/model-taxonomy/results/shared_cache/03_adapters/allenai--OLMo-2-0425-1B-Instruct/yahoo_000g1_050g2_050g3_n1000_s00_r16_i00_b5008_fea27ccee,0/50/50,0.03784056752920151,-0.23716464638710022
behavioral_greedy,behavioral,cosine,dolly,2,mean,-1,/weka/scratch/jhu/cpriebe1/MO/model-taxonomy/results/shared_cache/03_adapters/allenai--OLMo-2-0425-1B-Instruct/yahoo_000g1_025g2_075g3_n1000_s00_r16_i00_b5008_fea27ccee,0/25/75,-0.10258659720420837,-0.21568772196769714
behavioral_greedy,behavioral,cosine,dolly,2,mean,-1,/weka/scratch/jhu/cpriebe1/MO/model-taxonomy/results/shared_cache/03_adapters/allenai--OLMo-2-0425-1B-Instruct/yahoo_000g1_000g2_100g3_n1000_s00_r16_i00_b5008_fea27ccee,0/0/100,-0.32601064443588257,0.015597161836922169
behavioral_greedy,behavioral,cosine,dolly,2,seed_aligned,0,/weka/scratch/jhu/cpriebe1/MO/model-taxonomy/results/shared_cache/03_adapters/allenai--OLMo-2-0425-1B-Instruct/yahoo_100g1_000g2_000g3_n1000_s00_r16_i00_b5008_fea27ccee,100/0/0,-3.627801415804031e-17,0.3224988281726837
behavioral_greedy,behavioral,cosine,dolly,2,seed_aligned,0,/weka/scratch/jhu/cpriebe1/MO/model-taxonomy/results/shared_cache/03_adapters/allenai--OLMo-2-0425-1B-Instruct/yahoo_075g1_025g2_000g3_n1000_s00_r16_i00_b5008_fea27ccee,75/25/0,0.13484548032283783,0.20964860916137695
behavioral_greedy,behavioral,cosine,dolly,2,seed_aligned,0,/weka/scratch/jhu/cpriebe1/MO/model-taxonomy/results/shared_cache/03_adapters/allenai--OLMo-2-0425-1B-Instruct/yahoo_075g1_000g2_025g3_n1000_s00_r16_i00_b5008_fea27ccee,75/0/25,-0.11466863006353378,0.24158157408237457
behavioral_greedy,behavioral,cosine,dolly,2,seed_aligned,0,/weka/scratch/jhu/cpriebe1/MO/model-taxonomy/results/shared_cache/03_adapters/allenai--OLMo-2-0425-1B-Instruct/yahoo_050g1_050g2_000g3_n1000_s00_r16_i00_b5008_fea27ccee,50/50/0,0.1600298434495926,0.0951511487364769
behavioral_greedy,behavioral,cosine,dolly,2,seed_aligned,0,/weka/scratch/jhu/cpriebe1/MO/model-taxonomy/results/shared_cache/03_adapters/allenai--OLMo-2-0425-1B-Instruct/yahoo_050g1_025g2_025g3_n1000_s00_r16_i00_b5008_fea27ccee,50/25/25,0.0014199538854882121,0.10532427579164505
behavioral_greedy,behavioral,cosine,dolly,2,seed_aligned,0,/weka/scratch/jhu/cpriebe1/MO/model-taxonomy/results/shared_cache/03_adapters/allenai--OLMo-2-0425-1B-Instruct/yahoo_050g1_000g2_050g3_n1000_s00_r16_i00_b5008_fea27ccee,50/0/50,-0.2575976550579071,-0.17895959317684174
behavioral_greedy,behavioral,cosine,dolly,2,seed_aligned,0,/weka/scratch/jhu/cpriebe1/MO/model-taxonomy/results/shared_cache/03_adapters/allenai--OLMo-2-0425-1B-Instruct/yahoo_033g1_033g2_033g3_n1000_s00_r16_i00_b5008_fea27ccee,33/33/33,-0.02778005599975586,0.013771268539130688
behavioral_greedy,behavioral,cosine,dolly,2,seed_aligned,0,/weka/scratch/jhu/cpriebe1/MO/model-taxonomy/results/shared_cache/03_adapters/allenai--OLMo-2-0425-1B-Instruct/yahoo_025g1_075g2_000g3_n1000_s00_r16_i00_b5008_fea27ccee,25/75/0,0.2546348571777344,-0.12422265112400055
behavioral_greedy,behavioral,cosine,dolly,2,seed_aligned,0,/weka/scratch/jhu/cpriebe1/MO/model-taxonomy/results/shared_cache/03_adapters/allenai--OLMo-2-0425-1B-Instruct/yahoo_025g1_050g2_025g3_n1000_s00_r16_i00_b5008_fea27ccee,25/50/25,0.13528534770011902,-0.06330811232328415
behavioral_greedy,behavioral,cosine,dolly,2,seed_aligned,0,/weka/scratch/jhu/cpriebe1/MO/model-taxonomy/results/shared_cache/03_adapters/allenai--OLMo-2-0425-1B-Instruct/yahoo_025g1_025g2_050g3_n1000_s00_r16_i00_b5008_fea27ccee,25/25/50,-0.1283511221408844,-0.06097745522856712
behavioral_greedy,behavioral,cosine,dolly,2,seed_aligned,0,/weka/scratch/jhu/cpriebe1/MO/model-taxonomy/results/shared_cache/03_adapters/allenai--OLMo-2-0425-1B-Instruct/yahoo_025g1_000g2_075g3_n1000_s00_r16_i00_b5008_fea27ccee,25/0/75,-0.25700950622558594,0.1164778620004654
behavioral_greedy,behavioral,cosine,dolly,2,seed_aligned,0,/weka/scratch/jhu/cpriebe1/MO/model-taxonomy/results/shared_cache/03_adapters/allenai--OLMo-2-0425-1B-Instruct/yahoo_000g1_100g2_000g3_n1000_s00_r16_i00_b5008_fea27ccee,0/100/0,0.3106565475463867,0.01469508558511734
behavioral_greedy,behavioral,cosine,dolly,2,seed_aligned,0,/weka/scratch/jhu/cpriebe1/MO/model-taxonomy/results/shared_cache/03_adapters/allenai--OLMo-2-0425-1B-Instruct/yahoo_000g1_075g2_025g3_n1000_s00_r16_i00_b5008_fea27ccee,0/75/25,0.17929159104824066,-0.25442561507225037
behavioral_greedy,behavioral,cosine,dolly,2,seed_aligned,0,/weka/scratch/jhu/cpriebe1/MO/model-taxonomy/results/shared_cache/03_adapters/allenai--OLMo-2-0425-1B-Instruct/yahoo_000g1_050g2_050g3_n1000_s00_r16_i00_b5008_fea27ccee,0/50/50,0.03784056752920151,-0.23716464638710022
behavioral_greedy,behavioral,cosine,dolly,2,seed_aligned,0,/weka/scratch/jhu/cpriebe1/MO/model-taxonomy/results/shared_cache/03_adapters/allenai--OLMo-2-0425-1B-Instruct/yahoo_000g1_025g2_075g3_n1000_s00_r16_i00_b5008_fea27ccee,0/25/75,-0.10258659720420837,-0.21568772196769714
behavioral_greedy,behavioral,cosine,dolly,2,seed_aligned,0,/weka/scratch/jhu/cpriebe1/MO/model-taxonomy/results/shared_cache/03_adapters/allenai--OLMo-2-0425-1B-Instruct/yahoo_000g1_000g2_100g3_n1000_s00_r16_i00_b5008_fea27ccee,0/0/100,-0.32601064443588257,0.015597161836922169
behavioral_greedy,behavioral,cosine,dolly,5,pooled,-1,/weka/scratch/jhu/cpriebe1/MO/model-taxonomy/results/shared_cache/03_adapters/allenai--OLMo-2-0425-1B-Instruct/yahoo_100g1_000g2_000g3_n1000_s00_r16_i00_b5008_fea27ccee,100/0/0,2.7047131816924198e-17,0.30001771450042725
behavioral_greedy,behavioral,cosine,dolly,5,pooled,-1,/weka/scratch/jhu/cpriebe1/MO/model-taxonomy/results/shared_cache/03_adapters/allenai--OLMo-2-0425-1B-Instruct/yahoo_075g1_025g2_000g3_n1000_s00_r16_i00_b5008_fea27ccee,75/25/0,0.23464883863925934,0.13183370232582092
behavioral_greedy,behavioral,cosine,dolly,5,pooled,-1,/weka/scratch/jhu/cpriebe1/MO/model-taxonomy/results/shared_cache/03_adapters/allenai--OLMo-2-0425-1B-Instruct/yahoo_075g1_000g2_025g3_n1000_s00_r16_i00_b5008_fea27ccee,75/0/25,0.1196933388710022,0.24357737600803375
behavioral_greedy,behavioral,cosine,dolly,5,pooled,-1,/weka/scratch/jhu/cpriebe1/MO/model-taxonomy/results/shared_cache/03_adapters/allenai--OLMo-2-0425-1B-Instruct/yahoo_050g1_050g2_000g3_n1000_s00_r16_i00_b5008_fea27ccee,50/50/0,0.22966383397579193,0.006687771063297987
behavioral_greedy,behavioral,cosine,dolly,5,pooled,-1,/weka/scratch/jhu/cpriebe1/MO/model-taxonomy/results/shared_cache/03_adapters/allenai--OLMo-2-0425-1B-Instruct/yahoo_050g1_025g2_025g3_n1000_s00_r16_i00_b5008_fea27ccee,50/25/25,0.06011547893285751,0.12008960545063019
behavioral_greedy,behavioral,cosine,dolly,5,pooled,-1,/weka/scratch/jhu/cpriebe1/MO/model-taxonomy/results/shared_cache/03_adapters/allenai--OLMo-2-0425-1B-Instruct/yahoo_050g1_000g2_050g3_n1000_s00_r16_i00_b5008_fea27ccee,50/0/50,-0.16022682189941406,0.25134140253067017
behavioral_greedy,behavioral,cosine,dolly,5,pooled,-1,/weka/scratch/jhu/cpriebe1/MO/model-taxonomy/results/shared_cache/03_adapters/allenai--OLMo-2-0425-1B-Instruct/yahoo_033g1_033g2_033g3_n1000_s00_r16_i00_b5008_fea27ccee,33/33/33,-0.018580086529254913,0.03903777152299881
behavioral_greedy,behavioral,cosine,dolly,5,pooled,-1,/weka/scratch/jhu/cpriebe1/MO/model-taxonomy/results/shared_cache/03_adapters/allenai--OLMo-2-0425-1B-Instruct/yahoo_025g1_075g2_000g3_n1000_s00_r16_i00_b5008_fea27ccee,25/75/0,0.24628371000289917,-0.14388146996498108
behavioral_greedy,behavioral,cosine,dolly,5,pooled,-1,/weka/scratch/jhu/cpriebe1/MO/model-taxonomy/results/shared_cache/03_adapters/allenai--OLMo-2-0425-1B-Instruct/yahoo_025g1_050g2_025g3_n1000_s00_r16_i00_b5008_fea27ccee,25/50/25,0.1287076771259308,-0.08953369408845901
behavioral_greedy,behavioral,cosine,dolly,5,pooled,-1,/weka/scratch/jhu/cpriebe1/MO/model-taxonomy/results/shared_cache/03_adapters/allenai--OLMo-2-0425-1B-Instruct/yahoo_025g1_025g2_050g3_n1000_s00_r16_i00_b5008_fea27ccee,25/25/50,-0.11209021508693695,-0.0006146998493932188
behavioral_greedy,behavioral,cosine,dolly,5,pooled,-1,/weka/scratch/jhu/cpriebe1/MO/model-taxonomy/results/shared_cache/03_adapters/allenai--OLMo-2-0425-1B-Instruct/yahoo_025g1_000g2_075g3_n1000_s00_r16_i00_b5008_fea27ccee,25/0/75,-0.2670666575431824,0.0984342023730278
behavioral_greedy,behavioral,cosine,dolly,5,pooled,-1,/weka/scratch/jhu/cpriebe1/MO/model-taxonomy/results/shared_cache/03_adapters/allenai--OLMo-2-0425-1B-Instruct/yahoo_000g1_100g2_000g3_n1000_s00_r16_i00_b5008_fea27ccee,0/100/0,0.02018985152244568,-0.292517751455307
behavioral_greedy,behavioral,cosine,dolly,5,pooled,-1,/weka/scratch/jhu/cpriebe1/MO/model-taxonomy/results/shared_cache/03_adapters/allenai--OLMo-2-0425-1B-Instruct/yahoo_000g1_075g2_025g3_n1000_s00_r16_i00_b5008_fea27ccee,0/75/25,0.1409156173467636,-0.27068814635276794
behavioral_greedy,behavioral,cosine,dolly,5,pooled,-1,/weka/scratch/jhu/cpriebe1/MO/model-taxonomy/results/shared_cache/03_adapters/allenai--OLMo-2-0425-1B-Instruct/yahoo_000g1_050g2_050g3_n1000_s00_r16_i00_b5008_fea27ccee,0/50/50,-0.09401579201221466,-0.2169162929058075
behavioral_greedy,behavioral,cosine,dolly,5,pooled,-1,/weka/scratch/jhu/cpriebe1/MO/model-taxonomy/results/shared_cache/03_adapters/allenai--OLMo-2-0425-1B-Instruct/yahoo_000g1_025g2_075g3_n1000_s00_r16_i00_b5008_fea27ccee,0/25/75,-0.199440136551857,-0.1348758190870285
behavioral_greedy,behavioral,cosine,dolly,5,pooled,-1,/weka/scratch/jhu/cpriebe1/MO/model-taxonomy/results/shared_cache/03_adapters/allenai--OLMo-2-0425-1B-Instruct/yahoo_000g1_000g2_100g3_n1000_s00_r16_i00_b5008_fea27ccee,0/0/100,-0.32879865169525146,-0.041991665959358215
behavioral_greedy,behavioral,cosine,dolly,5,mean,-1,/weka/scratch/jhu/cpriebe1/MO/model-taxonomy/results/shared_cache/03_adapters/allenai--OLMo-2-0425-1B-Instruct/yahoo_100g1_000g2_000g3_n1000_s00_r16_i00_b5008_fea27ccee,100/0/0,2.7047131816924198e-17,0.30001771450042725
behavioral_greedy,behavioral,cosine,dolly,5,mean,-1,/weka/scratch/jhu/cpriebe1/MO/model-taxonomy/results/shared_cache/03_adapters/allenai--OLMo-2-0425-1B-Instruct/yahoo_075g1_025g2_000g3_n1000_s00_r16_i00_b5008_fea27ccee,75/25/0,0.23464883863925934,0.13183370232582092
behavioral_greedy,behavioral,cosine,dolly,5,mean,-1,/weka/scratch/jhu/cpriebe1/MO/model-taxonomy/results/shared_cache/03_adapters/allenai--OLMo-2-0425-1B-Instruct/yahoo_075g1_000g2_025g3_n1000_s00_r16_i00_b5008_fea27ccee,75/0/25,0.1196933388710022,0.24357737600803375
behavioral_greedy,behavioral,cosine,dolly,5,mean,-1,/weka/scratch/jhu/cpriebe1/MO/model-taxonomy/results/shared_cache/03_adapters/allenai--OLMo-2-0425-1B-Instruct/yahoo_050g1_050g2_000g3_n1000_s00_r16_i00_b5008_fea27ccee,50/50/0,0.22966383397579193,0.006687771063297987
behavioral_greedy,behavioral,cosine,dolly,5,mean,-1,/weka/scratch/jhu/cpriebe1/MO/model-taxonomy/results/shared_cache/03_adapters/allenai--OLMo-2-0425-1B-Instruct/yahoo_050g1_025g2_025g3_n1000_s00_r16_i00_b5008_fea27ccee,50/25/25,0.06011547893285751,0.12008960545063019
behavioral_greedy,behavioral,cosine,dolly,5,mean,-1,/weka/scratch/jhu/cpriebe1/MO/model-taxonomy/results/shared_cache/03_adapters/allenai--OLMo-2-0425-1B-Instruct/yahoo_050g1_000g2_050g3_n1000_s00_r16_i00_b5008_fea27ccee,50/0/50,-0.16022682189941406,0.25134140253067017
behavioral_greedy,behavioral,cosine,dolly,5,mean,-1,/weka/scratch/jhu/cpriebe1/MO/model-taxonomy/results/shared_cache/03_adapters/allenai--OLMo-2-0425-1B-Instruct/yahoo_033g1_033g2_033g3_n1000_s00_r16_i00_b5008_fea27ccee,33/33/33,-0.018580086529254913,0.03903777152299881
behavioral_greedy,behavioral,cosine,dolly,5,mean,-1,/weka/scratch/jhu/cpriebe1/MO/model-taxonomy/results/shared_cache/03_adapters/allenai--OLMo-2-0425-1B-Instruct/yahoo_025g1_075g2_000g3_n1000_s00_r16_i00_b5008_fea27ccee,25/75/0,0.24628371000289917,-0.14388146996498108
behavioral_greedy,behavioral,cosine,dolly,5,mean,-1,/weka/scratch/jhu/cpriebe1/MO/model-taxonomy/results/shared_cache/03_adapters/allenai--OLMo-2-0425-1B-Instruct/yahoo_025g1_050g2_025g3_n1000_s00_r16_i00_b5008_fea27ccee,25/50/25,0.1287076771259308,-0.08953369408845901
behavioral_greedy,behavioral,cosine,dolly,5,mean,-1,/weka/scratch/jhu/cpriebe1/MO/model-taxonomy/results/shared_cache/03_adapters/allenai--OLMo-2-0425-1B-Instruct/yahoo_025g1_025g2_050g3_n1000_s00_r16_i00_b5008_fea27ccee,25/25/50,-0.11209021508693695,-0.0006146998493932188
behavioral_greedy,behavioral,cosine,dolly,5,mean,-1,/weka/scratch/jhu/cpriebe1/MO/model-taxonomy/results/shared_cache/03_adapters/allenai--OLMo-2-0425-1B-Instruct/yahoo_025g1_000g2_075g3_n1000_s00_r16_i00_b5008_fea27ccee,25/0/75,-0.2670666575431824,0.0984342023730278
behavioral_greedy,behavioral,cosine,dolly,5,mean,-1,/weka/scratch/jhu/cpriebe1/MO/model-taxonomy/results/shared_cache/03_adapters/allenai--OLMo-2-0425-1B-Instruct/yahoo_000g1_100g2_000g3_n1000_s00_r16_i00_b5008_fea27ccee,0/100/0,0.02018985152244568,-0.292517751455307
behavioral_greedy,behavioral,cosine,dolly,5,mean,-1,/weka/scratch/jhu/cpriebe1/MO/model-taxonomy/results/shared_cache/03_adapters/allenai--OLMo-2-0425-1B-Instruct/yahoo_000g1_075g2_025g3_n1000_s00_r16_i00_b5008_fea27ccee,0/75/25,0.1409156173467636,-0.27068814635276794
behavioral_greedy,behavioral,cosine,dolly,5,mean,-1,/weka/scratch/jhu/cpriebe1/MO/model-taxonomy/results/shared_cache/03_adapters/allenai--OLMo-2-0425-1B-Instruct/yahoo_000g1_050g2_050g3_n1000_s00_r16_i00_b5008_fea27ccee,0/50/50,-0.09401579201221466,-0.2169162929058075
behavioral_greedy,behavioral,cosine,dolly,5,mean,-1,/weka/scratch/jhu/cpriebe1/MO/model-taxonomy/results/shared_cache/03_adapters/allenai--OLMo-2-0425-1B-Instruct/yahoo_000g1_025g2_075g3_n1000_s00_r16_i00_b5008_fea27ccee,0/25/75,-0.199440136551857,-0.1348758190870285
behavioral_greedy,behavioral,cosine,dolly,5,mean,-1,/weka/scratch/jhu/cpriebe1/MO/model-taxonomy/results/shared_cache/03_adapters/allenai--OLMo-2-0425-1B-Instruct/yahoo_000g1_000g2_100g3_n1000_s00_r16_i00_b5008_fea27ccee,0/0/100,-0.32879865169525146,-0.041991665959358215
behavioral_greedy,behavioral,cosine,dolly,5,seed_aligned,0,/weka/scratch/jhu/cpriebe1/MO/model-taxonomy/results/shared_cache/03_adapters/allenai--OLMo-2-0425-1B-Instruct/yahoo_100g1_000g2_000g3_n1000_s00_r16_i00_b5008_fea27ccee,100/0/0,2.7047131816924198e-17,0.30001771450042725
behavioral_greedy,behavioral,cosine,dolly,5,seed_aligned,0,/weka/scratch/jhu/cpriebe1/MO/model-taxonomy/results/shared_cache/03_adapters/allenai--OLMo-2-0425-1B-Instruct/yahoo_075g1_025g2_000g3_n1000_s00_r16_i00_b5008_fea27ccee,75/25/0,0.23464883863925934,0.13183370232582092
behavioral_greedy,behavioral,cosine,dolly,5,seed_aligned,0,/weka/scratch/jhu/cpriebe1/MO/model-taxonomy/results/shared_cache/03_adapters/allenai--OLMo-2-0425-1B-Instruct/yahoo_075g1_000g2_025g3_n1000_s00_r16_i00_b5008_fea27ccee,75/0/25,0.1196933388710022,0.24357737600803375
behavioral_greedy,behavioral,cosine,dolly,5,seed_aligned,0,/weka/scratch/jhu/cpriebe1/MO/model-taxonomy/results/shared_cache/03_adapters/allenai--OLMo-2-0425-1B-Instruct/yahoo_050g1_050g2_000g3_n1000_s00_r16_i00_b5008_fea27ccee,50/50/0,0.22966383397579193,0.006687771063297987
behavioral_greedy,behavioral,cosine,dolly,5,seed_aligned,0,/weka/scratch/jhu/cpriebe1/MO/model-taxonomy/results/shared_cache/03_adapters/allenai--OLMo-2-0425-1B-Instruct/yahoo_050g1_025g2_025g3_n1000_s00_r16_i00_b5008_fea27ccee,50/25/25,0.06011547893285751,0.12008960545063019
behavioral_greedy,behavioral,cosine,dolly,5,seed_aligned,0,/weka/scratch/jhu/cpriebe1/MO/model-taxonomy/results/shared_cache/03_adapters/allenai--OLMo-2-0425-1B-Instruct/yahoo_050g1_000g2_050g3_n1000_s00_r16_i00_b5008_fea27ccee,50/0/50,-0.16022682189941406,0.25134140253067017
behavioral_greedy,behavioral,cosine,dolly,5,seed_aligned,0,/weka/scratch/jhu/cpriebe1/MO/model-taxonomy/results/shared_cache/03_adapters/allenai--OLMo-2-0425-1B-Instruct/yahoo_033g1_033g2_033g3_n1000_s00_r16_i00_b5008_fea27ccee,33/33/33,-0.018580086529254913,0.03903777152299881
behavioral_greedy,behavioral,cosine,dolly,5,seed_aligned,0,/weka/scratch/jhu/cpriebe1/MO/model-taxonomy/results/shared_cache/03_adapters/allenai--OLMo-2-0425-1B-Instruct/yahoo_025g1_075g2_000g3_n1000_s00_r16_i00_b5008_fea27ccee,25/75/0,0.24628371000289917,-0.14388146996498108
behavioral_greedy,behavioral,cosine,dolly,5,seed_aligned,0,/weka/scratch/jhu/cpriebe1/MO/model-taxonomy/results/shared_cache/03_adapters/allenai--OLMo-2-0425-1B-Instruct/yahoo_025g1_050g2_025g3_n1000_s00_r16_i00_b5008_fea27ccee,25/50/25,0.1287076771259308,-0.08953369408845901
behavioral_greedy,behavioral,cosine,dolly,5,seed_aligned,0,/weka/scratch/jhu/cpriebe1/MO/model-taxonomy/results/shared_cache/03_adapters/allenai--OLMo-2-0425-1B-Instruct/yahoo_025g1_025g2_050g3_n1000_s00_r16_i00_b5008_fea27ccee,25/25/50,-0.11209021508693695,-0.0006146998493932188
behavioral_greedy,behavioral,cosine,dolly,5,seed_aligned,0,/weka/scratch/jhu/cpriebe1/MO/model-taxonomy/results/shared_cache/03_adapters/allenai--OLMo-2-0425-1B-Instruct/yahoo_025g1_000g2_075g3_n1000_s00_r16_i00_b5008_fea27ccee,25/0/75,-0.2670666575431824,0.0984342023730278
behavioral_greedy,behavioral,cosine,dolly,5,seed_aligned,0,/weka/scratch/jhu/cpriebe1/MO/model-taxonomy/results/shared_cache/03_adapters/allenai--OLMo-2-0425-1B-Instruct/yahoo_000g1_100g2_000g3_n1000_s00_r16_i00_b5008_fea27ccee,0/100/0,0.02018985152244568,-0.292517751455307
behavioral_greedy,behavioral,cosine,dolly,5,seed_aligned,0,/weka/scratch/jhu/cpriebe1/MO/model-taxonomy/results/shared_cache/03_adapters/allenai--OLMo-2-0425-1B-Instruct/yahoo_000g1_075g2_025g3_n1000_s00_r16_i00_b5008_fea27ccee,0/75/25,0.1409156173467636,-0.27068814635276794
behavioral_greedy,behavioral,cosine,dolly,5,seed_aligned,0,/weka/scratch/jhu/cpriebe1/MO/model-taxonomy/results/shared_cache/03_adapters/allenai--OLMo-2-0425-1B-Instruct/yahoo_000g1_050g2_050g3_n1000_s00_r16_i00_b5008_fea27ccee,0/50/50,-0.09401579201221466,-0.2169162929058075
behavioral_greedy,behavioral,cosine,dolly,5,seed_aligned,0,/weka/scratch/jhu/cpriebe1/MO/model-taxonomy/results/shared_cache/03_adapters/allenai--OLMo-2-0425-1B-Instruct/yahoo_000g1_025g2_075g3_n1000_s00_r16_i00_b5008_fea27ccee,0/25/75,-0.199440136551857,-0.1348758190870285
behavioral_greedy,behavioral,cosine,dolly,5,seed_aligned,0,/weka/scratch/jhu/cpriebe1/MO/model-taxonomy/results/shared_cache/03_adapters/allenai--OLMo-2-0425-1B-Instruct/yahoo_000g1_000g2_100g3_n1000_s00_r16_i00_b5008_fea27ccee,0/0/100,-0.32879865169525146,-0.041991665959358215
behavioral_greedy,behavioral,cosine,dolly,10,pooled,-1,/weka/scratch/jhu/cpriebe1/MO/model-taxonomy/results/shared_cache/03_adapters/allenai--OLMo-2-0425-1B-Instruct/yahoo_100g1_000g2_000g3_n1000_s00_r16_i00_b5008_fea27ccee,100/0/0,-4.4175603774451594e-17,0.30280613899230957
behavioral_greedy,behavioral,cosine,dolly,10,pooled,-1,/weka/scratch/jhu/cpriebe1/MO/model-taxonomy/results/shared_cache/03_adapters/allenai--OLMo-2-0425-1B-Instruct/yahoo_075g1_025g2_000g3_n1000_s00_r16_i00_b5008_fea27ccee,75/25/0,0.1482919305562973,0.22871366143226624
behavioral_greedy,behavioral,cosine,dolly,10,pooled,-1,/weka/scratch/jhu/cpriebe1/MO/model-taxonomy/results/shared_cache/03_adapters/allenai--OLMo-2-0425-1B-Instruct/yahoo_075g1_000g2_025g3_n1000_s00_r16_i00_b5008_fea27ccee,75/0/25,-0.14740654826164246,0.2356882095336914
behavioral_greedy,behavioral,cosine,dolly,10,pooled,-1,/weka/scratch/jhu/cpriebe1/MO/model-taxonomy/results/shared_cache/03_adapters/allenai--OLMo-2-0425-1B-Instruct/yahoo_050g1_050g2_000g3_n1000_s00_r16_i00_b5008_fea27ccee,50/50/0,0.16004382073879242,0.10748499631881714
behavioral_greedy,behavioral,cosine,dolly,10,pooled,-1,/weka/scratch/jhu/cpriebe1/MO/model-taxonomy/results/shared_cache/03_adapters/allenai--OLMo-2-0425-1B-Instruct/yahoo_050g1_025g2_025g3_n1000_s00_r16_i00_b5008_fea27ccee,50/25/25,-0.031869418919086456,0.1327086240053177
behavioral_greedy,behavioral,cosine,dolly,10,pooled,-1,/weka/scratch/jhu/cpriebe1/MO/model-taxonomy/results/shared_cache/03_adapters/allenai--OLMo-2-0425-1B-Instruct/yahoo_050g1_000g2_050g3_n1000_s00_r16_i00_b5008_fea27ccee,50/0/50,-0.2693527340888977,0.1371377855539322
behavioral_greedy,behavioral,cosine,dolly,10,pooled,-1,/weka/scratch/jhu/cpriebe1/MO/model-taxonomy/results/shared_cache/03_adapters/allenai--OLMo-2-0425-1B-Instruct/yahoo_033g1_033g2_033g3_n1000_s00_r16_i00_b5008_fea27ccee,33/33/33,-0.03760421276092529,0.016125760972499847
behavioral_greedy,behavioral,cosine,dolly,10,pooled,-1,/weka/scratch/jhu/cpriebe1/MO/model-taxonomy/results/shared_cache/03_adapters/allenai--OLMo-2-0425-1B-Instruct/yahoo_025g1_075g2_000g3_n1000_s00_r16_i00_b5008_fea27ccee,25/75/0,0.26194071769714355,-0.1106022521853447
behavioral_greedy,behavioral,cosine,dolly,10,pooled,-1,/weka/scratch/jhu/cpriebe1/MO/model-taxonomy/results/shared_cache/03_adapters/allenai--OLMo-2-0425-1B-Instruct/yahoo_025g1_050g2_025g3_n1000_s00_r16_i00_b5008_fea27ccee,25/50/25,0.1464863121509552,-0.07227762788534164
behavioral_greedy,behavioral,cosine,dolly,10,pooled,-1,/weka/scratch/jhu/cpriebe1/MO/model-taxonomy/results/shared_cache/03_adapters/allenai--OLMo-2-0425-1B-Instruct/yahoo_025g1_025g2_050g3_n1000_s00_r16_i00_b5008_fea27ccee,25/25/50,-0.09407443553209305,-0.06472737342119217
behavioral_greedy,behavioral,cosine,dolly,10,pooled,-1,/weka/scratch/jhu/cpriebe1/MO/model-taxonomy/results/shared_cache/03_adapters/allenai--OLMo-2-0425-1B-Instruct/yahoo_025g1_000g2_075g3_n1000_s00_r16_i00_b5008_fea27ccee,25/0/75,-0.26639506220817566,-0.029202239587903023
behavioral_greedy,behavioral,cosine,dolly,10,pooled,-1,/weka/scratch/jhu/cpriebe1/MO/model-taxonomy/results/shared_cache/03_adapters/allenai--OLMo-2-0425-1B-Instruct/yahoo_000g1_100g2_000g3_n1000_s00_r16_i00_b5008_fea27ccee,0/100/0,0.2995464503765106,0.024447713047266006
behavioral_greedy,behavioral,cosine,dolly,10,pooled,-1,/weka/scratch/jhu/cpriebe1/MO/model-taxonomy/results/shared_cache/03_adapters/allenai--OLMo-2-0425-1B-Instruct/yahoo_000g1_075g2_025g3_n1000_s00_r16_i00_b5008_fea27ccee,0/75/25,0.1775648593902588,-0.2629200220108032
behavioral_greedy,behavioral,cosine,dolly,10,pooled,-1,/weka/scratch/jhu/cpriebe1/MO/model-taxonomy/results/shared_cache/03_adapters/allenai--OLMo-2-0425-1B-Instruct/yahoo_000g1_050g2_050g3_n1000_s00_r16_i00_b5008_fea27ccee,0/50/50,0.03467041626572609,-0.22510550916194916
behavioral_greedy,behavioral,cosine,dolly,10,pooled,-1,/weka/scratch/jhu/cpriebe1/MO/model-taxonomy/results/shared_cache/03_adapters/allenai--OLMo-2-0425-1B-Instruct/yahoo_000g1_025g2_075g3_n1000_s00_r16_i00_b5008_fea27ccee,0/25/75,-0.11833526939153671,-0.2314126044511795
behavioral_greedy,behavioral,cosine,dolly,10,pooled,-1,/weka/scratch/jhu/cpriebe1/MO/model-taxonomy/results/shared_cache/03_adapters/allenai--OLMo-2-0425-1B-Instruct/yahoo_000g1_000g2_100g3_n1000_s00_r16_i00_b5008_fea27ccee,0/0/100,-0.26350682973861694,-0.18886524438858032
behavioral_greedy,behavioral,cosine,dolly,10,mean,-1,/weka/scratch/jhu/cpriebe1/MO/model-taxonomy/results/shared_cache/03_adapters/allenai--OLMo-2-0425-1B-Instruct/yahoo_100g1_000g2_000g3_n1000_s00_r16_i00_b5008_fea27ccee,100/0/0,-4.4175603774451594e-17,0.30280613899230957
behavioral_greedy,behavioral,cosine,dolly,10,mean,-1,/weka/scratch/jhu/cpriebe1/MO/model-taxonomy/results/shared_cache/03_adapters/allenai--OLMo-2-0425-1B-Instruct/yahoo_075g1_025g2_000g3_n1000_s00_r16_i00_b5008_fea27ccee,75/25/0,0.1482919305562973,0.22871366143226624
behavioral_greedy,behavioral,cosine,dolly,10,mean,-1,/weka/scratch/jhu/cpriebe1/MO/model-taxonomy/results/shared_cache/03_adapters/allenai--OLMo-2-0425-1B-Instruct/yahoo_075g1_000g2_025g3_n1000_s00_r16_i00_b5008_fea27ccee,75/0/25,-0.14740654826164246,0.2356882095336914
behavioral_greedy,behavioral,cosine,dolly,10,mean,-1,/weka/scratch/jhu/cpriebe1/MO/model-taxonomy/results/shared_cache/03_adapters/allenai--OLMo-2-0425-1B-Instruct/yahoo_050g1_050g2_000g3_n1000_s00_r16_i00_b5008_fea27ccee,50/50/0,0.16004382073879242,0.10748499631881714
behavioral_greedy,behavioral,cosine,dolly,10,mean,-1,/weka/scratch/jhu/cpriebe1/MO/model-taxonomy/results/shared_cache/03_adapters/allenai--OLMo-2-0425-1B-Instruct/yahoo_050g1_025g2_025g3_n1000_s00_r16_i00_b5008_fea27ccee,50/25/25,-0.031869418919086456,0.1327086240053177
behavioral_greedy,behavioral,cosine,dolly,10,mean,-1,/weka/scratch/jhu/cpriebe1/MO/model-taxonomy/results/shared_cache/03_adapters/allenai--OLMo-2-0425-1B-Instruct/yahoo_050g1_000g2_050g3_n1000_s00_r16_i00_b5008_fea27ccee,50/0/50,-0.2693527340888977,0.1371377855539322
behavioral_greedy,behavioral,cosine,dolly,10,mean,-1,/weka/scratch/jhu/cpriebe1/MO/model-taxonomy/results/shared_cache/03_adapters/allenai--OLMo-2-0425-1B-Instruct/yahoo_033g1_033g2_033g3_n1000_s00_r16_i00_b5008_fea27ccee,33/33/33,-0.03760421276092529,0.016125760972499847
behavioral_greedy,behavioral,cosine,dolly,10,mean,-1,/weka/scratch/jhu/cpriebe1/MO/model-taxonomy/results/shared_cache/03_adapters/allenai--OLMo-2-0425-1B-Instruct/yahoo_025g1_075g2_000g3_n1000_s00_r16_i00_b5008_fea27ccee,25/75/0,0.26194071769714355,-0.1106022521853447
behavioral_greedy,behavioral,cosine,dolly,10,mean,-1,/weka/scratch/jhu/cpriebe1/MO/model-taxonomy/results/shared_cache/03_adapters/allenai--OLMo-2-0425-1B-Instruct/yahoo_025g1_050g2_025g3_n1000_s00_r16_i00_b5008_fea27ccee,25/50/25,0.1464863121509552,-0.07227762788534164
behavioral_greedy,behavioral,cosine,dolly,10,mean,-1,/weka/scratch/jhu/cpriebe1/MO/model-taxonomy/results/shared_cache/03_adapters/allenai--OLMo-2-0425-1B-Instruct/yahoo_025g1_025g2_050g3_n1000_s00_r16_i00_b5008_fea27ccee,25/25/50,-0.09407443553209305,-0.06472737342119217
behavioral_greedy,behavioral,cosine,dolly,10,mean,-1,/weka/scratch/jhu/cpriebe1/MO/model-taxonomy/results/shared_cache/03_adapters/allenai--OLMo-2-0425-1B-Instruct/yahoo_025g1_000g2_075g3_n1000_s00_r16_i00_b5008_fea27ccee,25/0/75,-0.26639506220817566,-0.029202239587903023
behavioral_greedy,behavioral,cosine,dolly,10,mean,-1,/weka/scratch/jhu/cpriebe1/MO/model-taxonomy/results/shared_cache/03_adapters/allenai--OLMo-2-0425-1B-Instruct/yahoo_000g1_100g2_000g3_n1000_s00_r16_i00_b5008_fea27ccee,0/100/0,0.2995464503765106,0.024447713047266006
behavioral_greedy,behavioral,cosine,dolly,10,mean,-1,/weka/scratch/jhu/cpriebe1/MO/model-taxonomy/results/shared_cache/03_adapters/allenai--OLMo-2-0425-1B-Instruct/yahoo_000g1_075g2_025g3_n1000_s00_r16_i00_b5008_fea27ccee,0/75/25,0.1775648593902588,-0.2629200220108032
behavioral_greedy,behavioral,cosine,dolly,10,mean,-1,/weka/scratch/jhu/cpriebe1/MO/model-taxonomy/results/shared_cache/03_adapters/allenai--OLMo-2-0425-1B-Instruct/yahoo_000g1_050g2_050g3_n1000_s00_r16_i00_b5008_fea27ccee,0/50/50,0.03467041626572609,-0.22510550916194916
behavioral_greedy,behavioral,cosine,dolly,10,mean,-1,/weka/scratch/jhu/cpriebe1/MO/model-taxonomy/results/shared_cache/03_adapters/allenai--OLMo-2-0425-1B-Instruct/yahoo_000g1_025g2_075g3_n1000_s00_r16_i00_b5008_fea27ccee,0/25/75,-0.11833526939153671,-0.2314126044511795
behavioral_greedy,behavioral,cosine,dolly,10,mean,-1,/weka/scratch/jhu/cpriebe1/MO/model-taxonomy/results/shared_cache/03_adapters/allenai--OLMo-2-0425-1B-Instruct/yahoo_000g1_000g2_100g3_n1000_s00_r16_i00_b5008_fea27ccee,0/0/100,-0.26350682973861694,-0.18886524438858032
behavioral_greedy,behavioral,cosine,dolly,10,seed_aligned,0,/weka/scratch/jhu/cpriebe1/MO/model-taxonomy/results/shared_cache/03_adapters/allenai--OLMo-2-0425-1B-Instruct/yahoo_100g1_000g2_000g3_n1000_s00_r16_i00_b5008_fea27ccee,100/0/0,-4.4175603774451594e-17,0.30280613899230957
behavioral_greedy,behavioral,cosine,dolly,10,seed_aligned,0,/weka/scratch/jhu/cpriebe1/MO/model-taxonomy/results/shared_cache/03_adapters/allenai--OLMo-2-0425-1B-Instruct/yahoo_075g1_025g2_000g3_n1000_s00_r16_i00_b5008_fea27ccee,75/25/0,0.1482919305562973,0.22871366143226624
behavioral_greedy,behavioral,cosine,dolly,10,seed_aligned,0,/weka/scratch/jhu/cpriebe1/MO/model-taxonomy/results/shared_cache/03_adapters/allenai--OLMo-2-0425-1B-Instruct/yahoo_075g1_000g2_025g3_n1000_s00_r16_i00_b5008_fea27ccee,75/0/25,-0.14740654826164246,0.2356882095336914
behavioral_greedy,behavioral,cosine,dolly,10,seed_aligned,0,/weka/scratch/jhu/cpriebe1/MO/model-taxonomy/results/shared_cache/03_adapters/allenai--OLMo-2-0425-1B-Instruct/yahoo_050g1_050g2_000g3_n1000_s00_r16_i00_b5008_fea27ccee,50/50/0,0.16004382073879242,0.10748499631881714
behavioral_greedy,behavioral,cosine,dolly,10,seed_aligned,0,/weka/scratch/jhu/cpriebe1/MO/model-taxonomy/results/shared_cache/03_adapters/allenai--OLMo-2-0425-1B-Instruct/yahoo_050g1_025g2_025g3_n1000_s00_r16_i00_b5008_fea27ccee,50/25/25,-0.031869418919086456,0.1327086240053177
behavioral_greedy,behavioral,cosine,dolly,10,seed_aligned,0,/weka/scratch/jhu/cpriebe1/MO/model-taxonomy/results/shared_cache/03_adapters/allenai--OLMo-2-0425-1B-Instruct/yahoo_050g1_000g2_050g3_n1000_s00_r16_i00_b5008_fea27ccee,50/0/50,-0.2693527340888977,0.1371377855539322
behavioral_greedy,behavioral,cosine,dolly,10,seed_aligned,0,/weka/scratch/jhu/cpriebe1/MO/model-taxonomy/results/shared_cache/03_adapters/allenai--OLMo-2-0425-1B-Instruct/yahoo_033g1_033g2_033g3_n1000_s00_r16_i00_b5008_fea27ccee,33/33/33,-0.03760421276092529,0.016125760972499847
behavioral_greedy,behavioral,cosine,dolly,10,seed_aligned,0,/weka/scratch/jhu/cpriebe1/MO/model-taxonomy/results/shared_cache/03_adapters/allenai--OLMo-2-0425-1B-Instruct/yahoo_025g1_075g2_000g3_n1000_s00_r16_i00_b5008_fea27ccee,25/75/0,0.26194071769714355,-0.1106022521853447
behavioral_greedy,behavioral,cosine,dolly,10,seed_aligned,0,/weka/scratch/jhu/cpriebe1/MO/model-taxonomy/results/shared_cache/03_adapters/allenai--OLMo-2-0425-1B-Instruct/yahoo_025g1_050g2_025g3_n1000_s00_r16_i00_b5008_fea27ccee,25/50/25,0.1464863121509552,-0.07227762788534164
behavioral_greedy,behavioral,cosine,dolly,10,seed_aligned,0,/weka/scratch/jhu/cpriebe1/MO/model-taxonomy/results/shared_cache/03_adapters/allenai--OLMo-2-0425-1B-Instruct/yahoo_025g1_025g2_050g3_n1000_s00_r16_i00_b5008_fea27ccee,25/25/50,-0.09407443553209305,-0.06472737342119217
behavioral_greedy,behavioral,cosine,dolly,10,seed_aligned,0,/weka/scratch/jhu/cpriebe1/MO/model-taxonomy/results/shared_cache/03_adapters/allenai--OLMo-2-0425-1B-Instruct/yahoo_025g1_000g2_075g3_n1000_s00_r16_i00_b5008_fea27ccee,25/0/75,-0.26639506220817566,-0.029202239587903023
behavioral_greedy,behavioral,cosine,dolly,10,seed_aligned,0,/weka/scratch/jhu/cpriebe1/MO/model-taxonomy/results/shared_cache/03_adapters/allenai--OLMo-2-0425-1B-Instruct/yahoo_000g1_100g2_000g3_n1000_s00_r16_i00_b5008_fea27ccee,0/100/0,0.2995464503765106,0.024447713047266006
behavioral_greedy,behavioral,cosine,dolly,10,seed_aligned,0,/weka/scratch/jhu/cpriebe1/MO/model-taxonomy/results/shared_cache/03_adapters/allenai--OLMo-2-0425-1B-Instruct/yahoo_000g1_075g2_025g3_n1000_s00_r16_i00_b5008_fea27ccee,0/75/25,0.1775648593902588,-0.2629200220108032
behavioral_greedy,behavioral,cosine,dolly,10,seed_aligned,0,/weka/scratch/jhu/cpriebe1/MO/model-taxonomy/results/shared_cache/03_adapters/allenai--OLMo-2-0425-1B-Instruct/yahoo_000g1_050g2_050g3_n1000_s00_r16_i00_b5008_fea27ccee,0/50/50,0.03467041626572609,-0.22510550916194916
behavioral_greedy,behavioral,cosine,dolly,10,seed_aligned,0,/weka/scratch/jhu/cpriebe1/MO/model-taxonomy/results/shared_cache/03_adapters/allenai--OLMo-2-0425-1B-Instruct/yahoo_000g1_025g2_075g3_n1000_s00_r16_i00_b5008_fea27ccee,0/25/75,-0.11833526939153671,-0.2314126044511795
behavioral_greedy,behavioral,cosine,dolly,10,seed_aligned,0,/weka/scratch/jhu/cpriebe1/MO/model-taxonomy/results/shared_cache/03_adapters/allenai--OLMo-2-0425-1B-Instruct/yahoo_000g1_000g2_100g3_n1000_s00_r16_i00_b5008_fea27ccee,0/0/100,-0.26350682973861694,-0.18886524438858032
behavioral_greedy,behavioral,cosine,dolly,20,pooled,-1,/weka/scratch/jhu/cpriebe1/MO/model-taxonomy/results/shared_cache/03_adapters/allenai--OLMo-2-0425-1B-Instruct/yahoo_100g1_000g2_000g3_n1000_s00_r16_i00_b5008_fea27ccee,100/0/0,-6.4415681042219715e-18,0.3149462640285492
behavioral_greedy,behavioral,cosine,dolly,20,pooled,-1,/weka/scratch/jhu/cpriebe1/MO/model-taxonomy/results/shared_cache/03_adapters/allenai--OLMo-2-0425-1B-Instruct/yahoo_075g1_025g2_000g3_n1000_s00_r16_i00_b5008_fea27ccee,75/25/0,0.13802802562713623,0.2258007675409317
behavioral_greedy,behavioral,cosine,dolly,20,pooled,-1,/weka/scratch/jhu/cpriebe1/MO/model-taxonomy/results/shared_cache/03_adapters/allenai--OLMo-2-0425-1B-Instruct/yahoo_075g1_000g2_025g3_n1000_s00_r16_i00_b5008_fea27ccee,75/0/25,-0.14945019781589508,0.23968663811683655
behavioral_greedy,behavioral,cosine,dolly,20,pooled,-1,/weka/scratch/jhu/cpriebe1/MO/model-taxonomy/results/shared_cache/03_adapters/allenai--OLMo-2-0425-1B-Instruct/yahoo_050g1_050g2_000g3_n1000_s00_r16_i00_b5008_fea27ccee,50/50/0,0.1513347029685974,0.11319859325885773
behavioral_greedy,behavioral,cosine,dolly,20,pooled,-1,/weka/scratch/jhu/cpriebe1/MO/model-taxonomy/results/shared_cache/03_adapters/allenai--OLMo-2-0425-1B-Instruct/yahoo_050g1_025g2_025g3_n1000_s00_r16_i00_b5008_fea27ccee,50/25/25,-0.04364899918437004,0.12519142031669617
behavioral_greedy,behavioral,cosine,dolly,20,pooled,-1,/weka/scratch/jhu/cpriebe1/MO/model-taxonomy/results/shared_cache/03_adapters/allenai--OLMo-2-0425-1B-Instruct/yahoo_050g1_000g2_050g3_n1000_s00_r16_i00_b5008_fea27ccee,50/0/50,-0.25194495916366577,0.11982265114784241
behavioral_greedy,behavioral,cosine,dolly,20,pooled,-1,/weka/scratch/jhu/cpriebe1/MO/model-taxonomy/results/shared_cache/03_adapters/allenai--OLMo-2-0425-1B-Instruct/yahoo_033g1_033g2_033g3_n1000_s00_r16_i00_b5008_fea27ccee,33/33/33,-0.008097349666059017,0.004877845291048288
behavioral_greedy,behavioral,cosine,dolly,20,pooled,-1,/weka/scratch/jhu/cpriebe1/MO/model-taxonomy/results/shared_cache/03_adapters/allenai--OLMo-2-0425-1B-Instruct/yahoo_025g1_075g2_000g3_n1000_s00_r16_i00_b5008_fea27ccee,25/75/0,0.27096572518348694,-0.10811484605073929
behavioral_greedy,behavioral,cosine,dolly,20,pooled,-1,/weka/scratch/jhu/cpriebe1/MO/model-taxonomy/results/shared_cache/03_adapters/allenai--OLMo-2-0425-1B-Instruct/yahoo_025g1_050g2_025g3_n1000_s00_r16_i00_b5008_fea27ccee,25/50/25,0.12582163512706757,-0.06091144308447838
behavioral_greedy,behavioral,cosine,dolly,20,pooled,-1,/weka/scratch/jhu/cpriebe1/MO/model-taxonomy/results/shared_cache/03_adapters/allenai--OLMo-2-0425-1B-Instruct/yahoo_025g1_025g2_050g3_n1000_s00_r16_i00_b5008_fea27ccee,25/25/50,-0.12125108391046524,-0.06218232214450836
behavioral_greedy,behavioral,cosine,dolly,20,pooled,-1,/weka/scratch/jhu/cpriebe1/MO/model-taxonomy/results/shared_cache/03_adapters/allenai--OLMo-2-0425-1B-Instruct/yahoo_025g1_000g2_075g3_n1000_s00_r16_i00_b5008_fea27ccee,25/0/75,-0.2838287949562073,-0.03578673303127289
behavioral_greedy,behavioral,cosine,dolly,20,pooled,-1,/weka/scratch/jhu/cpriebe1/MO/model-taxonomy/results/shared_cache/03_adapters/allenai--OLMo-2-0425-1B-Instruct/yahoo_000g1_100g2_000g3_n1000_s00_r16_i00_b5008_fea27ccee,0/100/0,0.3257771134376526,0.030619293451309204
behavioral_greedy,behavioral,cosine,dolly,20,pooled,-1,/weka/scratch/jhu/cpriebe1/MO/model-taxonomy/results/shared_cache/03_adapters/allenai--OLMo-2-0425-1B-Instruct/yahoo_000g1_075g2_025g3_n1000_s00_r16_i00_b5008_fea27ccee,0/75/25,0.1650986671447754,-0.2312621772289276
behavioral_greedy,behavioral,cosine,dolly,20,pooled,-1,/weka/scratch/jhu/cpriebe1/MO/model-taxonomy/results/shared_cache/03_adapters/allenai--OLMo-2-0425-1B-Instruct/yahoo_000g1_050g2_050g3_n1000_s00_r16_i00_b5008_fea27ccee,0/50/50,0.033677343279123306,-0.24543839693069458
behavioral_greedy,behavioral,cosine,dolly,20,pooled,-1,/weka/scratch/jhu/cpriebe1/MO/model-taxonomy/results/shared_cache/03_adapters/allenai--OLMo-2-0425-1B-Instruct/yahoo_000g1_025g2_075g3_n1000_s00_r16_i00_b5008_fea27ccee,0/25/75,-0.10628852993249893,-0.2373047173023224
behavioral_greedy,behavioral,cosine,dolly,20,pooled,-1,/weka/scratch/jhu/cpriebe1/MO/model-taxonomy/results/shared_cache/03_adapters/allenai--OLMo-2-0425-1B-Instruct/yahoo_000g1_000g2_100g3_n1000_s00_r16_i00_b5008_fea27ccee,0/0/100,-0.2461933046579361,-0.1931428462266922
behavioral_greedy,behavioral,cosine,dolly,20,mean,-1,/weka/scratch/jhu/cpriebe1/MO/model-taxonomy/results/shared_cache/03_adapters/allenai--OLMo-2-0425-1B-Instruct/yahoo_100g1_000g2_000g3_n1000_s00_r16_i00_b5008_fea27ccee,100/0/0,-6.4415681042219715e-18,0.3149462640285492
behavioral_greedy,behavioral,cosine,dolly,20,mean,-1,/weka/scratch/jhu/cpriebe1/MO/model-taxonomy/results/shared_cache/03_adapters/allenai--OLMo-2-0425-1B-Instruct/yahoo_075g1_025g2_000g3_n1000_s00_r16_i00_b5008_fea27ccee,75/25/0,0.13802802562713623,0.2258007675409317
behavioral_greedy,behavioral,cosine,dolly,20,mean,-1,/weka/scratch/jhu/cpriebe1/MO/model-taxonomy/results/shared_cache/03_adapters/allenai--OLMo-2-0425-1B-Instruct/yahoo_075g1_000g2_025g3_n1000_s00_r16_i00_b5008_fea27ccee,75/0/25,-0.14945019781589508,0.23968663811683655
behavioral_greedy,behavioral,cosine,dolly,20,mean,-1,/weka/scratch/jhu/cpriebe1/MO/model-taxonomy/results/shared_cache/03_adapters/allenai--OLMo-2-0425-1B-Instruct/yahoo_050g1_050g2_000g3_n1000_s00_r16_i00_b5008_fea27ccee,50/50/0,0.1513347029685974,0.11319859325885773
behavioral_greedy,behavioral,cosine,dolly,20,mean,-1,/weka/scratch/jhu/cpriebe1/MO/model-taxonomy/results/shared_cache/03_adapters/allenai--OLMo-2-0425-1B-Instruct/yahoo_050g1_025g2_025g3_n1000_s00_r16_i00_b5008_fea27ccee,50/25/25,-0.04364899918437004,0.12519142031669617
behavioral_greedy,behavioral,cosine,dolly,20,mean,-1,/weka/scratch/jhu/cpriebe1/MO/model-taxonomy/results/shared_cache/03_adapters/allenai--OLMo-2-0425-1B-Instruct/yahoo_050g1_000g2_050g3_n1000_s00_r16_i00_b5008_fea27ccee,50/0/50,-0.25194495916366577,0.11982265114784241
behavioral_greedy,behavioral,cosine,dolly,20,mean,-1,/weka/scratch/jhu/cpriebe1/MO/model-taxonomy/results/shared_cache/03_adapters/allenai--OLMo-2-0425-1B-Instruct/yahoo_033g1_033g2_033g3_n1000_s00_r16_i00_b5008_fea27ccee,33/33/33,-0.008097349666059017,0.004877845291048288
behavioral_greedy,behavioral,cosine,dolly,20,mean,-1,/weka/scratch/jhu/cpriebe1/MO/model-taxonomy/results/shared_cache/03_adapters/allenai--OLMo-2-0425-1B-Instruct/yahoo_025g1_075g2_000g3_n1000_s00_r16_i00_b5008_fea27ccee,25/75/0,0.27096572518348694,-0.10811484605073929
behavioral_greedy,behavioral,cosine,dolly,20,mean,-1,/weka/scratch/jhu/cpriebe1/MO/model-taxonomy/results/shared_cache/03_adapters/allenai--OLMo-2-0425-1B-Instruct/yahoo_025g1_050g2_025g3_n1000_s00_r16_i00_b5008_fea27ccee,25/50/25,0.12582163512706757,-0.06091144308447838
behavioral_greedy,behavioral,cosine,dolly,20,mean,-1,/weka/scratch/jhu/cpriebe1/MO/model-taxonomy/results/shared_cache/03_adapters/allenai--OLMo-2-0425-1B-Instruct/yahoo_025g1_025g2_050g3_n1000_s00_r16_i00_b5008_fea27ccee,25/25/50,-0.12125108391046524,-0.06218232214450836
behavioral_greedy,behavioral,cosine,dolly,20,mean,-1,/weka/scratch/jhu/cpriebe1/MO/model-taxonomy/results/shared_cache/03_adapters/allenai--OLMo-2-0425-1B-Instruct/yahoo_025g1_000g2_075g3_n1000_s00_r16_i00_b5008_fea27ccee,25/0/75,-0.2838287949562073,-0.03578673303127289
behavioral_greedy,behavioral,cosine,dolly,20,mean,-1,/weka/scratch/jhu/cpriebe1/MO/model-taxonomy/results/shared_cache/03_adapters/allenai--OLMo-2-0425-1B-Instruct/yahoo_000g1_100g2_000g3_n1000_s00_r16_i00_b5008_fea27ccee,0/100/0,0.3257771134376526,0.030619293451309204
behavioral_greedy,behavioral,cosine,dolly,20,mean,-1,/weka/scratch/jhu/cpriebe1/MO/model-taxonomy/results/shared_cache/03_adapters/allenai--OLMo-2-0425-1B-Instruct/yahoo_000g1_075g2_025g3_n1000_s00_r16_i00_b5008_fea27ccee,0/75/25,0.1650986671447754,-0.2312621772289276
behavioral_greedy,behavioral,cosine,dolly,20,mean,-1,/weka/scratch/jhu/cpriebe1/MO/model-taxonomy/results/shared_cache/03_adapters/allenai--OLMo-2-0425-1B-Instruct/yahoo_000g1_050g2_050g3_n1000_s00_r16_i00_b5008_fea27ccee,0/50/50,0.033677343279123306,-0.24543839693069458
behavioral_greedy,behavioral,cosine,dolly,20,mean,-1,/weka/scratch/jhu/cpriebe1/MO/model-taxonomy/results/shared_cache/03_adapters/allenai--OLMo-2-0425-1B-Instruct/yahoo_000g1_025g2_075g3_n1000_s00_r16_i00_b5008_fea27ccee,0/25/75,-0.10628852993249893,-0.2373047173023224
behavioral_greedy,behavioral,cosine,dolly,20,mean,-1,/weka/scratch/jhu/cpriebe1/MO/model-taxonomy/results/shared_cache/03_adapters/allenai--OLMo-2-0425-1B-Instruct/yahoo_000g1_000g2_100g3_n1000_s00_r16_i00_b5008_fea27ccee,0/0/100,-0.2461933046579361,-0.1931428462266922
behavioral_greedy,behavioral,cosine,dolly,20,seed_aligned,0,/weka/scratch/jhu/cpriebe1/MO/model-taxonomy/results/shared_cache/03_adapters/allenai--OLMo-2-0425-1B-Instruct/yahoo_100g1_000g2_000g3_n1000_s00_r16_i00_b5008_fea27ccee,100/0/0,-6.4415681042219715e-18,0.3149462640285492
behavioral_greedy,behavioral,cosine,dolly,20,seed_aligned,0,/weka/scratch/jhu/cpriebe1/MO/model-taxonomy/results/shared_cache/03_adapters/allenai--OLMo-2-0425-1B-Instruct/yahoo_075g1_025g2_000g3_n1000_s00_r16_i00_b5008_fea27ccee,75/25/0,0.13802802562713623,0.2258007675409317
behavioral_greedy,behavioral,cosine,dolly,20,seed_aligned,0,/weka/scratch/jhu/cpriebe1/MO/model-taxonomy/results/shared_cache/03_adapters/allenai--OLMo-2-0425-1B-Instruct/yahoo_075g1_000g2_025g3_n1000_s00_r16_i00_b5008_fea27ccee,75/0/25,-0.14945019781589508,0.23968663811683655
behavioral_greedy,behavioral,cosine,dolly,20,seed_aligned,0,/weka/scratch/jhu/cpriebe1/MO/model-taxonomy/results/shared_cache/03_adapters/allenai--OLMo-2-0425-1B-Instruct/yahoo_050g1_050g2_000g3_n1000_s00_r16_i00_b5008_fea27ccee,50/50/0,0.1513347029685974,0.11319859325885773
behavioral_greedy,behavioral,cosine,dolly,20,seed_aligned,0,/weka/scratch/jhu/cpriebe1/MO/model-taxonomy/results/shared_cache/03_adapters/allenai--OLMo-2-0425-1B-Instruct/yahoo_050g1_025g2_025g3_n1000_s00_r16_i00_b5008_fea27ccee,50/25/25,-0.04364899918437004,0.12519142031669617
behavioral_greedy,behavioral,cosine,dolly,20,seed_aligned,0,/weka/scratch/jhu/cpriebe1/MO/model-taxonomy/results/shared_cache/03_adapters/allenai--OLMo-2-0425-1B-Instruct/yahoo_050g1_000g2_050g3_n1000_s00_r16_i00_b5008_fea27ccee,50/0/50,-0.25194495916366577,0.11982265114784241
behavioral_greedy,behavioral,cosine,dolly,20,seed_aligned,0,/weka/scratch/jhu/cpriebe1/MO/model-taxonomy/results/shared_cache/03_adapters/allenai--OLMo-2-0425-1B-Instruct/yahoo_033g1_033g2_033g3_n1000_s00_r16_i00_b5008_fea27ccee,33/33/33,-0.008097349666059017,0.004877845291048288
behavioral_greedy,behavioral,cosine,dolly,20,seed_aligned,0,/weka/scratch/jhu/cpriebe1/MO/model-taxonomy/results/shared_cache/03_adapters/allenai--OLMo-2-0425-1B-Instruct/yahoo_025g1_075g2_000g3_n1000_s00_r16_i00_b5008_fea27ccee,25/75/0,0.27096572518348694,-0.10811484605073929
behavioral_greedy,behavioral,cosine,dolly,20,seed_aligned,0,/weka/scratch/jhu/cpriebe1/MO/model-taxonomy/results/shared_cache/03_adapters/allenai--OLMo-2-0425-1B-Instruct/yahoo_025g1_050g2_025g3_n1000_s00_r16_i00_b5008_fea27ccee,25/50/25,0.12582163512706757,-0.06091144308447838
behavioral_greedy,behavioral,cosine,dolly,20,seed_aligned,0,/weka/scratch/jhu/cpriebe1/MO/model-taxonomy/results/shared_cache/03_adapters/allenai--OLMo-2-0425-1B-Instruct/yahoo_025g1_025g2_050g3_n1000_s00_r16_i00_b5008_fea27ccee,25/25/50,-0.12125108391046524,-0.06218232214450836
behavioral_greedy,behavioral,cosine,dolly,20,seed_aligned,0,/weka/scratch/jhu/cpriebe1/MO/model-taxonomy/results/shared_cache/03_adapters/allenai--OLMo-2-0425-1B-Instruct/yahoo_025g1_000g2_075g3_n1000_s00_r16_i00_b5008_fea27ccee,25/0/75,-0.2838287949562073,-0.03578673303127289
behavioral_greedy,behavioral,cosine,dolly,20,seed_aligned,0,/weka/scratch/jhu/cpriebe1/MO/model-taxonomy/results/shared_cache/03_adapters/allenai--OLMo-2-0425-1B-Instruct/yahoo_000g1_100g2_000g3_n1000_s00_r16_i00_b5008_fea27ccee,0/100/0,0.3257771134376526,0.030619293451309204
behavioral_greedy,behavioral,cosine,dolly,20,seed_aligned,0,/weka/scratch/jhu/cpriebe1/MO/model-taxonomy/results/shared_cache/03_adapters/allenai--OLMo-2-0425-1B-Instruct/yahoo_000g1_075g2_025g3_n1000_s00_r16_i00_b5008_fea27ccee,0/75/25,0.1650986671447754,-0.2312621772289276
behavioral_greedy,behavioral,cosine,dolly,20,seed_aligned,0,/weka/scratch/jhu/cpriebe1/MO/model-taxonomy/results/shared_cache/03_adapters/allenai--OLMo-2-0425-1B-Instruct/yahoo_000g1_050g2_050g3_n1000_s00_r16_i00_b5008_fea27ccee,0/50/50,0.033677343279123306,-0.24543839693069458
behavioral_greedy,behavioral,cosine,dolly,20,seed_aligned,0,/weka/scratch/jhu/cpriebe1/MO/model-taxonomy/results/shared_cache/03_adapters/allenai--OLMo-2-0425-1B-Instruct/yahoo_000g1_025g2_075g3_n1000_s00_r16_i00_b5008_fea27ccee,0/25/75,-0.10628852993249893,-0.2373047173023224
behavioral_greedy,behavioral,cosine,dolly,20,seed_aligned,0,/weka/scratch/jhu/cpriebe1/MO/model-taxonomy/results/shared_cache/03_adapters/allenai--OLMo-2-0425-1B-Instruct/yahoo_000g1_000g2_100g3_n1000_s00_r16_i00_b5008_fea27ccee,0/0/100,-0.2461933046579361,-0.1931428462266922
behavioral_greedy,behavioral,cosine,dolly,50,pooled,-1,/weka/scratch/jhu/cpriebe1/MO/model-taxonomy/results/shared_cache/03_adapters/allenai--OLMo-2-0425-1B-Instruct/yahoo_100g1_000g2_000g3_n1000_s00_r16_i00_b5008_fea27ccee,100/0/0,-3.711740064771217e-17,0.3246556520462036
behavioral_greedy,behavioral,cosine,dolly,50,pooled,-1,/weka/scratch/jhu/cpriebe1/MO/model-taxonomy/results/shared_cache/03_adapters/allenai--OLMo-2-0425-1B-Instruct/yahoo_075g1_025g2_000g3_n1000_s00_r16_i00_b5008_fea27ccee,75/25/0,0.21127377450466156,0.12807878851890564
behavioral_greedy,behavioral,cosine,dolly,50,pooled,-1,/weka/scratch/jhu/cpriebe1/MO/model-taxonomy/results/shared_cache/03_adapters/allenai--OLMo-2-0425-1B-Instruct/yahoo_075g1_000g2_025g3_n1000_s00_r16_i00_b5008_fea27ccee,75/0/25,-0.14898449182510376,0.22310081124305725
behavioral_greedy,behavioral,cosine,dolly,50,pooled,-1,/weka/scratch/jhu/cpriebe1/MO/model-taxonomy/results/shared_cache/03_adapters/allenai--OLMo-2-0425-1B-Instruct/yahoo_050g1_050g2_000g3_n1000_s00_r16_i00_b5008_fea27ccee,50/50/0,0.1713583916425705,0.19280219078063965
behavioral_greedy,behavioral,cosine,dolly,50,pooled,-1,/weka/scratch/jhu/cpriebe1/MO/model-taxonomy/results/shared_cache/03_adapters/allenai--OLMo-2-0425-1B-Instruct/yahoo_050g1_025g2_025g3_n1000_s00_r16_i00_b5008_fea27ccee,50/25/25,0.010520725511014462,0.15703561902046204
behavioral_greedy,behavioral,cosine,dolly,50,pooled,-1,/weka/scratch/jhu/cpriebe1/MO/model-taxonomy/results/shared_cache/03_adapters/allenai--OLMo-2-0425-1B-Instruct/yahoo_050g1_000g2_050g3_n1000_s00_r16_i00_b5008_fea27ccee,50/0/50,-0.27980658411979675,0.023471537977457047
behavioral_greedy,behavioral,cosine,dolly,50,pooled,-1,/weka/scratch/jhu/cpriebe1/MO/model-taxonomy/results/shared_cache/03_adapters/allenai--OLMo-2-0425-1B-Instruct/yahoo_033g1_033g2_033g3_n1000_s00_r16_i00_b5008_fea27ccee,33/33/33,-0.009055113419890404,0.02506965957581997
behavioral_greedy,behavioral,cosine,dolly,50,pooled,-1,/weka/scratch/jhu/cpriebe1/MO/model-taxonomy/results/shared_cache/03_adapters/allenai--OLMo-2-0425-1B-Instruct/yahoo_025g1_075g2_000g3_n1000_s00_r16_i00_b5008_fea27ccee,25/75/0,0.25543561577796936,-0.17961710691452026
behavioral_greedy,behavioral,cosine,dolly,50,pooled,-1,/weka/scratch/jhu/cpriebe1/MO/model-taxonomy/results/shared_cache/03_adapters/allenai--OLMo-2-0425-1B-Instruct/yahoo_025g1_050g2_025g3_n1000_s00_r16_i00_b5008_fea27ccee,25/50/25,0.11125725507736206,-0.04857848584651947
behavioral_greedy,behavioral,cosine,dolly,50,pooled,-1,/weka/scratch/jhu/cpriebe1/MO/model-taxonomy/results/shared_cache/03_adapters/allenai--OLMo-2-0425-1B-Instruct/yahoo_025g1_025g2_050g3_n1000_s00_r16_i00_b5008_fea27ccee,25/25/50,-0.0966348648071289,-0.053833968937397
behavioral_greedy,behavioral,cosine,dolly,50,pooled,-1,/weka/scratch/jhu/cpriebe1/MO/model-taxonomy/results/shared_cache/03_adapters/allenai--OLMo-2-0425-1B-Instruct/yahoo_025g1_000g2_075g3_n1000_s00_r16_i00_b5008_fea27ccee,25/0/75,-0.28026095032691956,0.10843444615602493
behavioral_greedy,behavioral,cosine,dolly,50,pooled,-1,/weka/scratch/jhu/cpriebe1/MO/model-taxonomy/results/shared_cache/03_adapters/allenai--OLMo-2-0425-1B-Instruct/yahoo_000g1_100g2_000g3_n1000_s00_r16_i00_b5008_fea27ccee,0/100/0,0.3101308047771454,-0.04945354908704758
behavioral_greedy,behavioral,cosine,dolly,50,pooled,-1,/weka/scratch/jhu/cpriebe1/MO/model-taxonomy/results/shared_cache/03_adapters/allenai--OLMo-2-0425-1B-Instruct/yahoo_000g1_075g2_025g3_n1000_s00_r16_i00_b5008_fea27ccee,0/75/25,0.12485907226800919,-0.21470417082309723
behavioral_greedy,behavioral,cosine,dolly,50,pooled,-1,/weka/scratch/jhu/cpriebe1/MO/model-taxonomy/results/shared_cache/03_adapters/allenai--OLMo-2-0425-1B-Instruct/yahoo_000g1_050g2_050g3_n1000_s00_r16_i00_b5008_fea27ccee,0/50/50,-0.007351326290518045,-0.22621887922286987
behavioral_greedy,behavioral,cosine,dolly,50,pooled,-1,/weka/scratch/jhu/cpriebe1/MO/model-taxonomy/results/shared_cache/03_adapters/allenai--OLMo-2-0425-1B-Instruct/yahoo_000g1_025g2_075g3_n1000_s00_r16_i00_b5008_fea27ccee,0/25/75,-0.12329021096229553,-0.2426651418209076
behavioral_greedy,behavioral,cosine,dolly,50,pooled,-1,/weka/scratch/jhu/cpriebe1/MO/model-taxonomy/results/shared_cache/03_adapters/allenai--OLMo-2-0425-1B-Instruct/yahoo_000g1_000g2_100g3_n1000_s00_r16_i00_b5008_fea27ccee,0/0/100,-0.2494521141052246,-0.16757741570472717
behavioral_greedy,behavioral,cosine,dolly,50,mean,-1,/weka/scratch/jhu/cpriebe1/MO/model-taxonomy/results/shared_cache/03_adapters/allenai--OLMo-2-0425-1B-Instruct/yahoo_100g1_000g2_000g3_n1000_s00_r16_i00_b5008_fea27ccee,100/0/0,-3.711740064771217e-17,0.3246556520462036
behavioral_greedy,behavioral,cosine,dolly,50,mean,-1,/weka/scratch/jhu/cpriebe1/MO/model-taxonomy/results/shared_cache/03_adapters/allenai--OLMo-2-0425-1B-Instruct/yahoo_075g1_025g2_000g3_n1000_s00_r16_i00_b5008_fea27ccee,75/25/0,0.21127377450466156,0.12807878851890564
behavioral_greedy,behavioral,cosine,dolly,50,mean,-1,/weka/scratch/jhu/cpriebe1/MO/model-taxonomy/results/shared_cache/03_adapters/allenai--OLMo-2-0425-1B-Instruct/yahoo_075g1_000g2_025g3_n1000_s00_r16_i00_b5008_fea27ccee,75/0/25,-0.14898449182510376,0.22310081124305725
behavioral_greedy,behavioral,cosine,dolly,50,mean,-1,/weka/scratch/jhu/cpriebe1/MO/model-taxonomy/results/shared_cache/03_adapters/allenai--OLMo-2-0425-1B-Instruct/yahoo_050g1_050g2_000g3_n1000_s00_r16_i00_b5008_fea27ccee,50/50/0,0.1713583916425705,0.19280219078063965
behavioral_greedy,behavioral,cosine,dolly,50,mean,-1,/weka/scratch/jhu/cpriebe1/MO/model-taxonomy/results/shared_cache/03_adapters/allenai--OLMo-2-0425-1B-Instruct/yahoo_050g1_025g2_025g3_n1000_s00_r16_i00_b5008_fea27ccee,50/25/25,0.010520725511014462,0.15703561902046204
behavioral_greedy,behavioral,cosine,dolly,50,mean,-1,/weka/scratch/jhu/cpriebe1/MO/model-taxonomy/results/shared_cache/03_adapters/allenai--OLMo-2-0425-1B-Instruct/yahoo_050g1_000g2_050g3_n1000_s00_r16_i00_b5008_fea27ccee,50/0/50,-0.27980658411979675,0.023471537977457047
behavioral_greedy,behavioral,cosine,dolly,50,mean,-1,/weka/scratch/jhu/cpriebe1/MO/model-taxonomy/results/shared_cache/03_adapters/allenai--OLMo-2-0425-1B-Instruct/yahoo_033g1_033g2_033g3_n1000_s00_r16_i00_b5008_fea27ccee,33/33/33,-0.009055113419890404,0.02506965957581997
behavioral_greedy,behavioral,cosine,dolly,50,mean,-1,/weka/scratch/jhu/cpriebe1/MO/model-taxonomy/results/shared_cache/03_adapters/allenai--OLMo-2-0425-1B-Instruct/yahoo_025g1_075g2_000g3_n1000_s00_r16_i00_b5008_fea27ccee,25/75/0,0.25543561577796936,-0.17961710691452026
behavioral_greedy,behavioral,cosine,dolly,50,mean,-1,/weka/scratch/jhu/cpriebe1/MO/model-taxonomy/results/shared_cache/03_adapters/allenai--OLMo-2-0425-1B-Instruct/yahoo_025g1_050g2_025g3_n1000_s00_r16_i00_b5008_fea27ccee,25/50/25,0.11125725507736206,-0.04857848584651947
behavioral_greedy,behavioral,cosine,dolly,50,mean,-1,/weka/scratch/jhu/cpriebe1/MO/model-taxonomy/results/shared_cache/03_adapters/allenai--OLMo-2-0425-1B-Instruct/yahoo_025g1_025g2_050g3_n1000_s00_r16_i00_b5008_fea27ccee,25/25/50,-0.0966348648071289,-0.053833968937397
behavioral_greedy,behavioral,cosine,dolly,50,mean,-1,/weka/scratch/jhu/cpriebe1/MO/model-taxonomy/results/shared_cache/03_adapters/allenai--OLMo-2-0425-1B-Instruct/yahoo_025g1_000g2_075g3_n1000_s00_r16_i00_b5008_fea27ccee,25/0/75,-0.28026095032691956,0.10843444615602493
behavioral_greedy,behavioral,cosine,dolly,50,mean,-1,/weka/scratch/jhu/cpriebe1/MO/model-taxonomy/results/shared_cache/03_adapters/allenai--OLMo-2-0425-1B-Instruct/yahoo_000g1_100g2_000g3_n1000_s00_r16_i00_b5008_fea27ccee,0/100/0,0.3101308047771454,-0.04945354908704758
behavioral_greedy,behavioral,cosine,dolly,50,mean,-1,/weka/scratch/jhu/cpriebe1/MO/model-taxonomy/results/shared_cache/03_adapters/allenai--OLMo-2-0425-1B-Instruct/yahoo_000g1_075g2_025g3_n1000_s00_r16_i00_b5008_fea27ccee,0/75/25,0.12485907226800919,-0.21470417082309723
behavioral_greedy,behavioral,cosine,dolly,50,mean,-1,/weka/scratch/jhu/cpriebe1/MO/model-taxonomy/results/shared_cache/03_adapters/allenai--OLMo-2-0425-1B-Instruct/yahoo_000g1_050g2_050g3_n1000_s00_r16_i00_b5008_fea27ccee,0/50/50,-0.007351326290518045,-0.22621887922286987
behavioral_greedy,behavioral,cosine,dolly,50,mean,-1,/weka/scratch/jhu/cpriebe1/MO/model-taxonomy/results/shared_cache/03_adapters/allenai--OLMo-2-0425-1B-Instruct/yahoo_000g1_025g2_075g3_n1000_s00_r16_i00_b5008_fea27ccee,0/25/75,-0.12329021096229553,-0.2426651418209076
behavioral_greedy,behavioral,cosine,dolly,50,mean,-1,/weka/scratch/jhu/cpriebe1/MO/model-taxonomy/results/shared_cache/03_adapters/allenai--OLMo-2-0425-1B-Instruct/yahoo_000g1_000g2_100g3_n1000_s00_r16_i00_b5008_fea27ccee,0/0/100,-0.2494521141052246,-0.16757741570472717
behavioral_greedy,behavioral,cosine,dolly,50,seed_aligned,0,/weka/scratch/jhu/cpriebe1/MO/model-taxonomy/results/shared_cache/03_adapters/allenai--OLMo-2-0425-1B-Instruct/yahoo_100g1_000g2_000g3_n1000_s00_r16_i00_b5008_fea27ccee,100/0/0,-3.711740064771217e-17,0.3246556520462036
behavioral_greedy,behavioral,cosine,dolly,50,seed_aligned,0,/weka/scratch/jhu/cpriebe1/MO/model-taxonomy/results/shared_cache/03_adapters/allenai--OLMo-2-0425-1B-Instruct/yahoo_075g1_025g2_000g3_n1000_s00_r16_i00_b5008_fea27ccee,75/25/0,0.21127377450466156,0.12807878851890564
behavioral_greedy,behavioral,cosine,dolly,50,seed_aligned,0,/weka/scratch/jhu/cpriebe1/MO/model-taxonomy/results/shared_cache/03_adapters/allenai--OLMo-2-0425-1B-Instruct/yahoo_075g1_000g2_025g3_n1000_s00_r16_i00_b5008_fea27ccee,75/0/25,-0.14898449182510376,0.22310081124305725
behavioral_greedy,behavioral,cosine,dolly,50,seed_aligned,0,/weka/scratch/jhu/cpriebe1/MO/model-taxonomy/results/shared_cache/03_adapters/allenai--OLMo-2-0425-1B-Instruct/yahoo_050g1_050g2_000g3_n1000_s00_r16_i00_b5008_fea27ccee,50/50/0,0.1713583916425705,0.19280219078063965
behavioral_greedy,behavioral,cosine,dolly,50,seed_aligned,0,/weka/scratch/jhu/cpriebe1/MO/model-taxonomy/results/shared_cache/03_adapters/allenai--OLMo-2-0425-1B-Instruct/yahoo_050g1_025g2_025g3_n1000_s00_r16_i00_b5008_fea27ccee,50/25/25,0.010520725511014462,0.15703561902046204
behavioral_greedy,behavioral,cosine,dolly,50,seed_aligned,0,/weka/scratch/jhu/cpriebe1/MO/model-taxonomy/results/shared_cache/03_adapters/allenai--OLMo-2-0425-1B-Instruct/yahoo_050g1_000g2_050g3_n1000_s00_r16_i00_b5008_fea27ccee,50/0/50,-0.27980658411979675,0.023471537977457047
behavioral_greedy,behavioral,cosine,dolly,50,seed_aligned,0,/weka/scratch/jhu/cpriebe1/MO/model-taxonomy/results/shared_cache/03_adapters/allenai--OLMo-2-0425-1B-Instruct/yahoo_033g1_033g2_033g3_n1000_s00_r16_i00_b5008_fea27ccee,33/33/33,-0.009055113419890404,0.02506965957581997
behavioral_greedy,behavioral,cosine,dolly,50,seed_aligned,0,/weka/scratch/jhu/cpriebe1/MO/model-taxonomy/results/shared_cache/03_adapters/allenai--OLMo-2-0425-1B-Instruct/yahoo_025g1_075g2_000g3_n1000_s00_r16_i00_b5008_fea27ccee,25/75/0,0.25543561577796936,-0.17961710691452026
behavioral_greedy,behavioral,cosine,dolly,50,seed_aligned,0,/weka/scratch/jhu/cpriebe1/MO/model-taxonomy/results/shared_cache/03_adapters/allenai--OLMo-2-0425-1B-Instruct/yahoo_025g1_050g2_025g3_n1000_s00_r16_i00_b5008_fea27ccee,25/50/25,0.11125725507736206,-0.04857848584651947
behavioral_greedy,behavioral,cosine,dolly,50,seed_aligned,0,/weka/scratch/jhu/cpriebe1/MO/model-taxonomy/results/shared_cache/03_adapters/allenai--OLMo-2-0425-1B-Instruct/yahoo_025g1_025g2_050g3_n1000_s00_r16_i00_b5008_fea27ccee,25/25/50,-0.0966348648071289,-0.053833968937397
behavioral_greedy,behavioral,cosine,dolly,50,seed_aligned,0,/weka/scratch/jhu/cpriebe1/MO/model-taxonomy/results/shared_cache/03_adapters/allenai--OLMo-2-0425-1B-Instruct/yahoo_025g1_000g2_075g3_n1000_s00_r16_i00_b5008_fea27ccee,25/0/75,-0.28026095032691956,0.10843444615602493
behavioral_greedy,behavioral,cosine,dolly,50,seed_aligned,0,/weka/scratch/jhu/cpriebe1/MO/model-taxonomy/results/shared_cache/03_adapters/allenai--OLMo-2-0425-1B-Instruct/yahoo_000g1_100g2_000g3_n1000_s00_r16_i00_b5008_fea27ccee,0/100/0,0.3101308047771454,-0.04945354908704758
behavioral_greedy,behavioral,cosine,dolly,50,seed_aligned,0,/weka/scratch/jhu/cpriebe1/MO/model-taxonomy/results/shared_cache/03_adapters/allenai--OLMo-2-0425-1B-Instruct/yahoo_000g1_075g2_025g3_n1000_s00_r16_i00_b5008_fea27ccee,0/75/25,0.12485907226800919,-0.21470417082309723
behavioral_greedy,behavioral,cosine,dolly,50,seed_aligned,0,/weka/scratch/jhu/cpriebe1/MO/model-taxonomy/results/shared_cache/03_adapters/allenai--OLMo-2-0425-1B-Instruct/yahoo_000g1_050g2_050g3_n1000_s00_r16_i00_b5008_fea27ccee,0/50/50,-0.007351326290518045,-0.22621887922286987
behavioral_greedy,behavioral,cosine,dolly,50,seed_aligned,0,/weka/scratch/jhu/cpriebe1/MO/model-taxonomy/results/shared_cache/03_adapters/allenai--OLMo-2-0425-1B-Instruct/yahoo_000g1_025g2_075g3_n1000_s00_r16_i00_b5008_fea27ccee,0/25/75,-0.12329021096229553,-0.2426651418209076
behavioral_greedy,behavioral,cosine,dolly,50,seed_aligned,0,/weka/scratch/jhu/cpriebe1/MO/model-taxonomy/results/shared_cache/03_adapters/allenai--OLMo-2-0425-1B-Instruct/yahoo_000g1_000g2_100g3_n1000_s00_r16_i00_b5008_fea27ccee,0/0/100,-0.2494521141052246,-0.16757741570472717
behavioral_greedy,behavioral,cosine,oasst1zh,0,pooled,-1,/weka/scratch/jhu/cpriebe1/MO/model-taxonomy/results/shared_cache/03_adapters/allenai--OLMo-2-0425-1B-Instruct/yahoo_100g1_000g2_000g3_n1000_s00_r16_i00_b5008_fea27ccee,100/0/0,-2.617732782817723e-18,0.2713736593723297
behavioral_greedy,behavioral,cosine,oasst1zh,0,pooled,-1,/weka/scratch/jhu/cpriebe1/MO/model-taxonomy/results/shared_cache/03_adapters/allenai--OLMo-2-0425-1B-Instruct/yahoo_075g1_025g2_000g3_n1000_s00_r16_i00_b5008_fea27ccee,75/25/0,0.13193050026893616,0.18072699010372162
behavioral_greedy,behavioral,cosine,oasst1zh,0,pooled,-1,/weka/scratch/jhu/cpriebe1/MO/model-taxonomy/results/shared_cache/03_adapters/allenai--OLMo-2-0425-1B-Instruct/yahoo_075g1_000g2_025g3_n1000_s00_r16_i00_b5008_fea27ccee,75/0/25,-0.12811976671218872,0.2206048220396042
behavioral_greedy,behavioral,cosine,oasst1zh,0,pooled,-1,/weka/scratch/jhu/cpriebe1/MO/model-taxonomy/results/shared_cache/03_adapters/allenai--OLMo-2-0425-1B-Instruct/yahoo_050g1_050g2_000g3_n1000_s00_r16_i00_b5008_fea27ccee,50/50/0,0.17583464086055756,0.029347077012062073
behavioral_greedy,behavioral,cosine,oasst1zh,0,pooled,-1,/weka/scratch/jhu/cpriebe1/MO/model-taxonomy/results/shared_cache/03_adapters/allenai--OLMo-2-0425-1B-Instruct/yahoo_050g1_025g2_025g3_n1000_s00_r16_i00_b5008_fea27ccee,50/25/25,0.12978355586528778,-0.21169348061084747
behavioral_greedy,behavioral,cosine,oasst1zh,0,pooled,-1,/weka/scratch/jhu/cpriebe1/MO/model-taxonomy/results/shared_cache/03_adapters/allenai--OLMo-2-0425-1B-Instruct/yahoo_050g1_000g2_050g3_n1000_s00_r16_i00_b5008_fea27ccee,50/0/50,-0.26266413927078247,0.15171025693416595
behavioral_greedy,behavioral,cosine,oasst1zh,0,pooled,-1,/weka/scratch/jhu/cpriebe1/MO/model-taxonomy/results/shared_cache/03_adapters/allenai--OLMo-2-0425-1B-Instruct/yahoo_033g1_033g2_033g3_n1000_s00_r16_i00_b5008_fea27ccee,33/33/33,0.0023386473767459393,-0.0453387014567852
behavioral_greedy,behavioral,cosine,oasst1zh,0,pooled,-1,/weka/scratch/jhu/cpriebe1/MO/model-taxonomy/results/shared_cache/03_adapters/allenai--OLMo-2-0425-1B-Instruct/yahoo_025g1_075g2_000g3_n1000_s00_r16_i00_b5008_fea27ccee,25/75/0,0.25546392798423767,0.139241561293602
behavioral_greedy,behavioral,cosine,oasst1zh,0,pooled,-1,/weka/scratch/jhu/cpriebe1/MO/model-taxonomy/results/shared_cache/03_adapters/allenai--OLMo-2-0425-1B-Instruct/yahoo_025g1_050g2_025g3_n1000_s00_r16_i00_b5008_fea27ccee,25/50/25,0.06201925873756409,-0.26612749695777893
behavioral_greedy,behavioral,cosine,oasst1zh,0,pooled,-1,/weka/scratch/jhu/cpriebe1/MO/model-taxonomy/results/shared_cache/03_adapters/allenai--OLMo-2-0425-1B-Instruct/yahoo_025g1_025g2_050g3_n1000_s00_r16_i00_b5008_fea27ccee,25/25/50,0.002937566488981247,0.06369280070066452
behavioral_greedy,behavioral,cosine,oasst1zh,0,pooled,-1,/weka/scratch/jhu/cpriebe1/MO/model-taxonomy/results/shared_cache/03_adapters/allenai--OLMo-2-0425-1B-Instruct/yahoo_025g1_000g2_075g3_n1000_s00_r16_i00_b5008_fea27ccee,25/0/75,-0.24299851059913635,-0.012599260546267033
behavioral_greedy,behavioral,cosine,oasst1zh,0,pooled,-1,/weka/scratch/jhu/cpriebe1/MO/model-taxonomy/results/shared_cache/03_adapters/allenai--OLMo-2-0425-1B-Instruct/yahoo_000g1_100g2_000g3_n1000_s00_r16_i00_b5008_fea27ccee,0/100/0,0.2977544069290161,-0.025107109919190407
behavioral_greedy,behavioral,cosine,oasst1zh,0,pooled,-1,/weka/scratch/jhu/cpriebe1/MO/model-taxonomy/results/shared_cache/03_adapters/allenai--OLMo-2-0425-1B-Instruct/yahoo_000g1_075g2_025g3_n1000_s00_r16_i00_b5008_fea27ccee,0/75/25,0.2223038673400879,-0.1094646155834198
behavioral_greedy,behavioral,cosine,oasst1zh,0,pooled,-1,/weka/scratch/jhu/cpriebe1/MO/model-taxonomy/results/shared_cache/03_adapters/allenai--OLMo-2-0425-1B-Instruct/yahoo_000g1_050g2_050g3_n1000_s00_r16_i00_b5008_fea27ccee,0/50/50,-0.0650961697101593,-0.15787538886070251
behavioral_greedy,behavioral,cosine,oasst1zh,0,pooled,-1,/weka/scratch/jhu/cpriebe1/MO/model-taxonomy/results/shared_cache/03_adapters/allenai--OLMo-2-0425-1B-Instruct/yahoo_000g1_025g2_075g3_n1000_s00_r16_i00_b5008_fea27ccee,0/25/75,-0.22446107864379883,-0.20725484192371368
behavioral_greedy,behavioral,cosine,oasst1zh,0,pooled,-1,/weka/scratch/jhu/cpriebe1/MO/model-taxonomy/results/shared_cache/03_adapters/allenai--OLMo-2-0425-1B-Instruct/yahoo_000g1_000g2_100g3_n1000_s00_r16_i00_b5008_fea27ccee,0/0/100,-0.35702669620513916,-0.021236281841993332
behavioral_greedy,behavioral,cosine,oasst1zh,0,mean,-1,/weka/scratch/jhu/cpriebe1/MO/model-taxonomy/results/shared_cache/03_adapters/allenai--OLMo-2-0425-1B-Instruct/yahoo_100g1_000g2_000g3_n1000_s00_r16_i00_b5008_fea27ccee,100/0/0,-2.617732782817723e-18,0.2713736593723297
behavioral_greedy,behavioral,cosine,oasst1zh,0,mean,-1,/weka/scratch/jhu/cpriebe1/MO/model-taxonomy/results/shared_cache/03_adapters/allenai--OLMo-2-0425-1B-Instruct/yahoo_075g1_025g2_000g3_n1000_s00_r16_i00_b5008_fea27ccee,75/25/0,0.13193050026893616,0.18072699010372162
behavioral_greedy,behavioral,cosine,oasst1zh,0,mean,-1,/weka/scratch/jhu/cpriebe1/MO/model-taxonomy/results/shared_cache/03_adapters/allenai--OLMo-2-0425-1B-Instruct/yahoo_075g1_000g2_025g3_n1000_s00_r16_i00_b5008_fea27ccee,75/0/25,-0.12811976671218872,0.2206048220396042
behavioral_greedy,behavioral,cosine,oasst1zh,0,mean,-1,/weka/scratch/jhu/cpriebe1/MO/model-taxonomy/results/shared_cache/03_adapters/allenai--OLMo-2-0425-1B-Instruct/yahoo_050g1_050g2_000g3_n1000_s00_r16_i00_b5008_fea27ccee,50/50/0,0.17583464086055756,0.029347077012062073
behavioral_greedy,behavioral,cosine,oasst1zh,0,mean,-1,/weka/scratch/jhu/cpriebe1/MO/model-taxonomy/results/shared_cache/03_adapters/allenai--OLMo-2-0425-1B-Instruct/yahoo_050g1_025g2_025g3_n1000_s00_r16_i00_b5008_fea27ccee,50/25/25,0.12978355586528778,-0.21169348061084747
behavioral_greedy,behavioral,cosine,oasst1zh,0,mean,-1,/weka/scratch/jhu/cpriebe1/MO/model-taxonomy/results/shared_cache/03_adapters/allenai--OLMo-2-0425-1B-Instruct/yahoo_050g1_000g2_050g3_n1000_s00_r16_i00_b5008_fea27ccee,50/0/50,-0.26266413927078247,0.15171025693416595
behavioral_greedy,behavioral,cosine,oasst1zh,0,mean,-1,/weka/scratch/jhu/cpriebe1/MO/model-taxonomy/results/shared_cache/03_adapters/allenai--OLMo-2-0425-1B-Instruct/yahoo_033g1_033g2_033g3_n1000_s00_r16_i00_b5008_fea27ccee,33/33/33,0.0023386473767459393,-0.0453387014567852
behavioral_greedy,behavioral,cosine,oasst1zh,0,mean,-1,/weka/scratch/jhu/cpriebe1/MO/model-taxonomy/results/shared_cache/03_adapters/allenai--OLMo-2-0425-1B-Instruct/yahoo_025g1_075g2_000g3_n1000_s00_r16_i00_b5008_fea27ccee,25/75/0,0.25546392798423767,0.139241561293602
behavioral_greedy,behavioral,cosine,oasst1zh,0,mean,-1,/weka/scratch/jhu/cpriebe1/MO/model-taxonomy/results/shared_cache/03_adapters/allenai--OLMo-2-0425-1B-Instruct/yahoo_025g1_050g2_025g3_n1000_s00_r16_i00_b5008_fea27ccee,25/50/25,0.06201925873756409,-0.26612749695777893
behavioral_greedy,behavioral,cosine,oasst1zh,0,mean,-1,/weka/scratch/jhu/cpriebe1/MO/model-taxonomy/results/shared_cache/03_adapters/allenai--OLMo-2-0425-1B-Instruct/yahoo_025g1_025g2_050g3_n1000_s00_r16_i00_b5008_fea27ccee,25/25/50,0.002937566488981247,0.06369280070066452
behavioral_greedy,behavioral,cosine,oasst1zh,0,mean,-1,/weka/scratch/jhu/cpriebe1/MO/model-taxonomy/results/shared_cache/03_adapters/allenai--OLMo-2-0425-1B-Instruct/yahoo_025g1_000g2_075g3_n1000_s00_r16_i00_b5008_fea27ccee,25/0/75,-0.24299851059913635,-0.012599260546267033
behavioral_greedy,behavioral,cosine,oasst1zh,0,mean,-1,/weka/scratch/jhu/cpriebe1/MO/model-taxonomy/results/shared_cache/03_adapters/allenai--OLMo-2-0425-1B-Instruct/yahoo_000g1_100g2_000g3_n1000_s00_r16_i00_b5008_fea27ccee,0/100/0,0.2977544069290161,-0.025107109919190407
behavioral_greedy,behavioral,cosine,oasst1zh,0,mean,-1,/weka/scratch/jhu/cpriebe1/MO/model-taxonomy/results/shared_cache/03_adapters/allenai--OLMo-2-0425-1B-Instruct/yahoo_000g1_075g2_025g3_n1000_s00_r16_i00_b5008_fea27ccee,0/75/25,0.2223038673400879,-0.1094646155834198
behavioral_greedy,behavioral,cosine,oasst1zh,0,mean,-1,/weka/scratch/jhu/cpriebe1/MO/model-taxonomy/results/shared_cache/03_adapters/allenai--OLMo-2-0425-1B-Instruct/yahoo_000g1_050g2_050g3_n1000_s00_r16_i00_b5008_fea27ccee,0/50/50,-0.0650961697101593,-0.15787538886070251
behavioral_greedy,behavioral,cosine,oasst1zh,0,mean,-1,/weka/scratch/jhu/cpriebe1/MO/model-taxonomy/results/shared_cache/03_adapters/allenai--OLMo-2-0425-1B-Instruct/yahoo_000g1_025g2_075g3_n1000_s00_r16_i00_b5008_fea27ccee,0/25/75,-0.22446107864379883,-0.20725484192371368
behavioral_greedy,behavioral,cosine,oasst1zh,0,mean,-1,/weka/scratch/jhu/cpriebe1/MO/model-taxonomy/results/shared_cache/03_adapters/allenai--OLMo-2-0425-1B-Instruct/yahoo_000g1_000g2_100g3_n1000_s00_r16_i00_b5008_fea27ccee,0/0/100,-0.35702669620513916,-0.021236281841993332
behavioral_greedy,behavioral,cosine,oasst1zh,0,seed_aligned,0,/weka/scratch/jhu/cpriebe1/MO/model-taxonomy/results/shared_cache/03_adapters/allenai--OLMo-2-0425-1B-Instruct/yahoo_100g1_000g2_000g3_n1000_s00_r16_i00_b5008_fea27ccee,100/0/0,-2.617732782817723e-18,0.2713736593723297
behavioral_greedy,behavioral,cosine,oasst1zh,0,seed_aligned,0,/weka/scratch/jhu/cpriebe1/MO/model-taxonomy/results/shared_cache/03_adapters/allenai--OLMo-2-0425-1B-Instruct/yahoo_075g1_025g2_000g3_n1000_s00_r16_i00_b5008_fea27ccee,75/25/0,0.13193050026893616,0.18072699010372162
behavioral_greedy,behavioral,cosine,oasst1zh,0,seed_aligned,0,/weka/scratch/jhu/cpriebe1/MO/model-taxonomy/results/shared_cache/03_adapters/allenai--OLMo-2-0425-1B-Instruct/yahoo_075g1_000g2_025g3_n1000_s00_r16_i00_b5008_fea27ccee,75/0/25,-0.12811976671218872,0.2206048220396042
behavioral_greedy,behavioral,cosine,oasst1zh,0,seed_aligned,0,/weka/scratch/jhu/cpriebe1/MO/model-taxonomy/results/shared_cache/03_adapters/allenai--OLMo-2-0425-1B-Instruct/yahoo_050g1_050g2_000g3_n1000_s00_r16_i00_b5008_fea27ccee,50/50/0,0.17583464086055756,0.029347077012062073
behavioral_greedy,behavioral,cosine,oasst1zh,0,seed_aligned,0,/weka/scratch/jhu/cpriebe1/MO/model-taxonomy/results/shared_cache/03_adapters/allenai--OLMo-2-0425-1B-Instruct/yahoo_050g1_025g2_025g3_n1000_s00_r16_i00_b5008_fea27ccee,50/25/25,0.12978355586528778,-0.21169348061084747
behavioral_greedy,behavioral,cosine,oasst1zh,0,seed_aligned,0,/weka/scratch/jhu/cpriebe1/MO/model-taxonomy/results/shared_cache/03_adapters/allenai--OLMo-2-0425-1B-Instruct/yahoo_050g1_000g2_050g3_n1000_s00_r16_i00_b5008_fea27ccee,50/0/50,-0.26266413927078247,0.15171025693416595
behavioral_greedy,behavioral,cosine,oasst1zh,0,seed_aligned,0,/weka/scratch/jhu/cpriebe1/MO/model-taxonomy/results/shared_cache/03_adapters/allenai--OLMo-2-0425-1B-Instruct/yahoo_033g1_033g2_033g3_n1000_s00_r16_i00_b5008_fea27ccee,33/33/33,0.0023386473767459393,-0.0453387014567852
behavioral_greedy,behavioral,cosine,oasst1zh,0,seed_aligned,0,/weka/scratch/jhu/cpriebe1/MO/model-taxonomy/results/shared_cache/03_adapters/allenai--OLMo-2-0425-1B-Instruct/yahoo_025g1_075g2_000g3_n1000_s00_r16_i00_b5008_fea27ccee,25/75/0,0.25546392798423767,0.139241561293602
behavioral_greedy,behavioral,cosine,oasst1zh,0,seed_aligned,0,/weka/scratch/jhu/cpriebe1/MO/model-taxonomy/results/shared_cache/03_adapters/allenai--OLMo-2-0425-1B-Instruct/yahoo_025g1_050g2_025g3_n1000_s00_r16_i00_b5008_fea27ccee,25/50/25,0.06201925873756409,-0.26612749695777893
behavioral_greedy,behavioral,cosine,oasst1zh,0,seed_aligned,0,/weka/scratch/jhu/cpriebe1/MO/model-taxonomy/results/shared_cache/03_adapters/allenai--OLMo-2-0425-1B-Instruct/yahoo_025g1_025g2_050g3_n1000_s00_r16_i00_b5008_fea27ccee,25/25/50,0.002937566488981247,0.06369280070066452
behavioral_greedy,behavioral,cosine,oasst1zh,0,seed_aligned,0,/weka/scratch/jhu/cpriebe1/MO/model-taxonomy/results/shared_cache/03_adapters/allenai--OLMo-2-0425-1B-Instruct/yahoo_025g1_000g2_075g3_n1000_s00_r16_i00_b5008_fea27ccee,25/0/75,-0.24299851059913635,-0.012599260546267033
behavioral_greedy,behavioral,cosine,oasst1zh,0,seed_aligned,0,/weka/scratch/jhu/cpriebe1/MO/model-taxonomy/results/shared_cache/03_adapters/allenai--OLMo-2-0425-1B-Instruct/yahoo_000g1_100g2_000g3_n1000_s00_r16_i00_b5008_fea27ccee,0/100/0,0.2977544069290161,-0.025107109919190407
behavioral_greedy,behavioral,cosine,oasst1zh,0,seed_aligned,0,/weka/scratch/jhu/cpriebe1/MO/model-taxonomy/results/shared_cache/03_adapters/allenai--OLMo-2-0425-1B-Instruct/yahoo_000g1_075g2_025g3_n1000_s00_r16_i00_b5008_fea27ccee,0/75/25,0.2223038673400879,-0.1094646155834198
behavioral_greedy,behavioral,cosine,oasst1zh,0,seed_aligned,0,/weka/scratch/jhu/cpriebe1/MO/model-taxonomy/results/shared_cache/03_adapters/allenai--OLMo-2-0425-1B-Instruct/yahoo_000g1_050g2_050g3_n1000_s00_r16_i00_b5008_fea27ccee,0/50/50,-0.0650961697101593,-0.15787538886070251
behavioral_greedy,behavioral,cosine,oasst1zh,0,seed_aligned,0,/weka/scratch/jhu/cpriebe1/MO/model-taxonomy/results/shared_cache/03_adapters/allenai--OLMo-2-0425-1B-Instruct/yahoo_000g1_025g2_075g3_n1000_s00_r16_i00_b5008_fea27ccee,0/25/75,-0.22446107864379883,-0.20725484192371368
behavioral_greedy,behavioral,cosine,oasst1zh,0,seed_aligned,0,/weka/scratch/jhu/cpriebe1/MO/model-taxonomy/results/shared_cache/03_adapters/allenai--OLMo-2-0425-1B-Instruct/yahoo_000g1_000g2_100g3_n1000_s00_r16_i00_b5008_fea27ccee,0/0/100,-0.35702669620513916,-0.021236281841993332
behavioral_greedy,behavioral,cosine,oasst1zh,1,pooled,-1,/weka/scratch/jhu/cpriebe1/MO/model-taxonomy/results/shared_cache/03_adapters/allenai--OLMo-2-0425-1B-Instruct/yahoo_100g1_000g2_000g3_n1000_s00_r16_i00_b5008_fea27ccee,100/0/0,-6.330648147162286e-17,0.28237107396125793
behavioral_greedy,behavioral,cosine,oasst1zh,1,pooled,-1,/weka/scratch/jhu/cpriebe1/MO/model-taxonomy/results/shared_cache/03_adapters/allenai--OLMo-2-0425-1B-Instruct/yahoo_075g1_025g2_000g3_n1000_s00_r16_i00_b5008_fea27ccee,75/25/0,0.13495363295078278,0.18644779920578003
behavioral_greedy,behavioral,cosine,oasst1zh,1,pooled,-1,/weka/scratch/jhu/cpriebe1/MO/model-taxonomy/results/shared_cache/03_adapters/allenai--OLMo-2-0425-1B-Instruct/yahoo_075g1_000g2_025g3_n1000_s00_r16_i00_b5008_fea27ccee,75/0/25,-0.1460205316543579,0.2228761911392212
behavioral_greedy,behavioral,cosine,oasst1zh,1,pooled,-1,/weka/scratch/jhu/cpriebe1/MO/model-taxonomy/results/shared_cache/03_adapters/allenai--OLMo-2-0425-1B-Instruct/yahoo_050g1_050g2_000g3_n1000_s00_r16_i00_b5008_fea27ccee,50/50/0,0.1690474897623062,0.03124341368675232
behavioral_greedy,behavioral,cosine,oasst1zh,1,pooled,-1,/weka/scratch/jhu/cpriebe1/MO/model-taxonomy/results/shared_cache/03_adapters/allenai--OLMo-2-0425-1B-Instruct/yahoo_050g1_025g2_025g3_n1000_s00_r16_i00_b5008_fea27ccee,50/25/25,0.03480197861790657,-0.23665836453437805
behavioral_greedy,behavioral,cosine,oasst1zh,1,pooled,-1,/weka/scratch/jhu/cpriebe1/MO/model-taxonomy/results/shared_cache/03_adapters/allenai--OLMo-2-0425-1B-Instruct/yahoo_050g1_000g2_050g3_n1000_s00_r16_i00_b5008_fea27ccee,50/0/50,-0.25623077154159546,0.11968762427568436
behavioral_greedy,behavioral,cosine,oasst1zh,1,pooled,-1,/weka/scratch/jhu/cpriebe1/MO/model-taxonomy/results/shared_cache/03_adapters/allenai--OLMo-2-0425-1B-Instruct/yahoo_033g1_033g2_033g3_n1000_s00_r16_i00_b5008_fea27ccee,33/33/33,-0.007576535455882549,0.09402549266815186
behavioral_greedy,behavioral,cosine,oasst1zh,1,pooled,-1,/weka/scratch/jhu/cpriebe1/MO/model-taxonomy/results/shared_cache/03_adapters/allenai--OLMo-2-0425-1B-Instruct/yahoo_025g1_075g2_000g3_n1000_s00_r16_i00_b5008_fea27ccee,25/75/0,0.2697276771068573,0.12858356535434723
behavioral_greedy,behavioral,cosine,oasst1zh,1,pooled,-1,/weka/scratch/jhu/cpriebe1/MO/model-taxonomy/results/shared_cache/03_adapters/allenai--OLMo-2-0425-1B-Instruct/yahoo_025g1_050g2_025g3_n1000_s00_r16_i00_b5008_fea27ccee,25/50/25,0.1562088578939438,-0.237886443734169
behavioral_greedy,behavioral,cosine,oasst1zh,1,pooled,-1,/weka/scratch/jhu/cpriebe1/MO/model-taxonomy/results/shared_cache/03_adapters/allenai--OLMo-2-0425-1B-Instruct/yahoo_025g1_025g2_050g3_n1000_s00_r16_i00_b5008_fea27ccee,25/25/50,0.00868148636072874,-0.013317220844328403
behavioral_greedy,behavioral,cosine,oasst1zh,1,pooled,-1,/weka/scratch/jhu/cpriebe1/MO/model-taxonomy/results/shared_cache/03_adapters/allenai--OLMo-2-0425-1B-Instruct/yahoo_025g1_000g2_075g3_n1000_s00_r16_i00_b5008_fea27ccee,25/0/75,-0.2553909718990326,-0.07511298358440399
behavioral_greedy,behavioral,cosine,oasst1zh,1,pooled,-1,/weka/scratch/jhu/cpriebe1/MO/model-taxonomy/results/shared_cache/03_adapters/allenai--OLMo-2-0425-1B-Instruct/yahoo_000g1_100g2_000g3_n1000_s00_r16_i00_b5008_fea27ccee,0/100/0,0.29528751969337463,-0.03128747269511223
behavioral_greedy,behavioral,cosine,oasst1zh,1,pooled,-1,/weka/scratch/jhu/cpriebe1/MO/model-taxonomy/results/shared_cache/03_adapters/allenai--OLMo-2-0425-1B-Instruct/yahoo_000g1_075g2_025g3_n1000_s00_r16_i00_b5008_fea27ccee,0/75/25,0.20669974386692047,-0.10757603496313095
behavioral_greedy,behavioral,cosine,oasst1zh,1,pooled,-1,/weka/scratch/jhu/cpriebe1/MO/model-taxonomy/results/shared_cache/03_adapters/allenai--OLMo-2-0425-1B-Instruct/yahoo_000g1_050g2_050g3_n1000_s00_r16_i00_b5008_fea27ccee,0/50/50,-0.06832420080900192,-0.12092408537864685
behavioral_greedy,behavioral,cosine,oasst1zh,1,pooled,-1,/weka/scratch/jhu/cpriebe1/MO/model-taxonomy/results/shared_cache/03_adapters/allenai--OLMo-2-0425-1B-Instruct/yahoo_000g1_025g2_075g3_n1000_s00_r16_i00_b5008_fea27ccee,0/25/75,-0.2081940919160843,-0.2504834234714508
behavioral_greedy,behavioral,cosine,oasst1zh,1,pooled,-1,/weka/scratch/jhu/cpriebe1/MO/model-taxonomy/results/shared_cache/03_adapters/allenai--OLMo-2-0425-1B-Instruct/yahoo_000g1_000g2_100g3_n1000_s00_r16_i00_b5008_fea27ccee,0/0/100,-0.3336712718009949,0.008010855875909328
behavioral_greedy,behavioral,cosine,oasst1zh,1,mean,-1,/weka/scratch/jhu/cpriebe1/MO/model-taxonomy/results/shared_cache/03_adapters/allenai--OLMo-2-0425-1B-Instruct/yahoo_100g1_000g2_000g3_n1000_s00_r16_i00_b5008_fea27ccee,100/0/0,-6.330648147162286e-17,0.28237107396125793
behavioral_greedy,behavioral,cosine,oasst1zh,1,mean,-1,/weka/scratch/jhu/cpriebe1/MO/model-taxonomy/results/shared_cache/03_adapters/allenai--OLMo-2-0425-1B-Instruct/yahoo_075g1_025g2_000g3_n1000_s00_r16_i00_b5008_fea27ccee,75/25/0,0.13495363295078278,0.18644779920578003
behavioral_greedy,behavioral,cosine,oasst1zh,1,mean,-1,/weka/scratch/jhu/cpriebe1/MO/model-taxonomy/results/shared_cache/03_adapters/allenai--OLMo-2-0425-1B-Instruct/yahoo_075g1_000g2_025g3_n1000_s00_r16_i00_b5008_fea27ccee,75/0/25,-0.1460205316543579,0.2228761911392212
behavioral_greedy,behavioral,cosine,oasst1zh,1,mean,-1,/weka/scratch/jhu/cpriebe1/MO/model-taxonomy/results/shared_cache/03_adapters/allenai--OLMo-2-0425-1B-Instruct/yahoo_050g1_050g2_000g3_n1000_s00_r16_i00_b5008_fea27ccee,50/50/0,0.1690474897623062,0.03124341368675232
behavioral_greedy,behavioral,cosine,oasst1zh,1,mean,-1,/weka/scratch/jhu/cpriebe1/MO/model-taxonomy/results/shared_cache/03_adapters/allenai--OLMo-2-0425-1B-Instruct/yahoo_050g1_025g2_025g3_n1000_s00_r16_i00_b5008_fea27ccee,50/25/25,0.03480197861790657,-0.23665836453437805
behavioral_greedy,behavioral,cosine,oasst1zh,1,mean,-1,/weka/scratch/jhu/cpriebe1/MO/model-taxonomy/results/shared_cache/03_adapters/allenai--OLMo-2-0425-1B-Instruct/yahoo_050g1_000g2_050g3_n1000_s00_r16_i00_b5008_fea27ccee,50/0/50,-0.25623077154159546,0.11968762427568436
behavioral_greedy,behavioral,cosine,oasst1zh,1,mean,-1,/weka/scratch/jhu/cpriebe1/MO/model-taxonomy/results/shared_cache/03_adapters/allenai--OLMo-2-0425-1B-Instruct/yahoo_033g1_033g2_033g3_n1000_s00_r16_i00_b5008_fea27ccee,33/33/33,-0.007576535455882549,0.09402549266815186
behavioral_greedy,behavioral,cosine,oasst1zh,1,mean,-1,/weka/scratch/jhu/cpriebe1/MO/model-taxonomy/results/shared_cache/03_adapters/allenai--OLMo-2-0425-1B-Instruct/yahoo_025g1_075g2_000g3_n1000_s00_r16_i00_b5008_fea27ccee,25/75/0,0.2697276771068573,0.12858356535434723
behavioral_greedy,behavioral,cosine,oasst1zh,1,mean,-1,/weka/scratch/jhu/cpriebe1/MO/model-taxonomy/results/shared_cache/03_adapters/allenai--OLMo-2-0425-1B-Instruct/yahoo_025g1_050g2_025g3_n1000_s00_r16_i00_b5008_fea27ccee,25/50/25,0.1562088578939438,-0.237886443734169
behavioral_greedy,behavioral,cosine,oasst1zh,1,mean,-1,/weka/scratch/jhu/cpriebe1/MO/model-taxonomy/results/shared_cache/03_adapters/allenai--OLMo-2-0425-1B-Instruct/yahoo_025g1_025g2_050g3_n1000_s00_r16_i00_b5008_fea27ccee,25/25/50,0.00868148636072874,-0.013317220844328403
behavioral_greedy,behavioral,cosine,oasst1zh,1,mean,-1,/weka/scratch/jhu/cpriebe1/MO/model-taxonomy/results/shared_cache/03_adapters/allenai--OLMo-2-0425-1B-Instruct/yahoo_025g1_000g2_075g3_n1000_s00_r16_i00_b5008_fea27ccee,25/0/75,-0.2553909718990326,-0.07511298358440399
behavioral_greedy,behavioral,cosine,oasst1zh,1,mean,-1,/weka/scratch/jhu/cpriebe1/MO/model-taxonomy/results/shared_cache/03_adapters/allenai--OLMo-2-0425-1B-Instruct/yahoo_000g1_100g2_000g3_n1000_s00_r16_i00_b5008_fea27ccee,0/100/0,0.29528751969337463,-0.03128747269511223
behavioral_greedy,behavioral,cosine,oasst1zh,1,mean,-1,/weka/scratch/jhu/cpriebe1/MO/model-taxonomy/results/shared_cache/03_adapters/allenai--OLMo-2-0425-1B-Instruct/yahoo_000g1_075g2_025g3_n1000_s00_r16_i00_b5008_fea27ccee,0/75/25,0.20669974386692047,-0.10757603496313095
behavioral_greedy,behavioral,cosine,oasst1zh,1,mean,-1,/weka/scratch/jhu/cpriebe1/MO/model-taxonomy/results/shared_cache/03_adapters/allenai--OLMo-2-0425-1B-Instruct/yahoo_000g1_050g2_050g3_n1000_s00_r16_i00_b5008_fea27ccee,0/50/50,-0.06832420080900192,-0.12092408537864685
behavioral_greedy,behavioral,cosine,oasst1zh,1,mean,-1,/weka/scratch/jhu/cpriebe1/MO/model-taxonomy/results/shared_cache/03_adapters/allenai--OLMo-2-0425-1B-Instruct/yahoo_000g1_025g2_075g3_n1000_s00_r16_i00_b5008_fea27ccee,0/25/75,-0.2081940919160843,-0.2504834234714508
behavioral_greedy,behavioral,cosine,oasst1zh,1,mean,-1,/weka/scratch/jhu/cpriebe1/MO/model-taxonomy/results/shared_cache/03_adapters/allenai--OLMo-2-0425-1B-Instruct/yahoo_000g1_000g2_100g3_n1000_s00_r16_i00_b5008_fea27ccee,0/0/100,-0.3336712718009949,0.008010855875909328
behavioral_greedy,behavioral,cosine,oasst1zh,1,seed_aligned,0,/weka/scratch/jhu/cpriebe1/MO/model-taxonomy/results/shared_cache/03_adapters/allenai--OLMo-2-0425-1B-Instruct/yahoo_100g1_000g2_000g3_n1000_s00_r16_i00_b5008_fea27ccee,100/0/0,-6.330648147162286e-17,0.28237107396125793
behavioral_greedy,behavioral,cosine,oasst1zh,1,seed_aligned,0,/weka/scratch/jhu/cpriebe1/MO/model-taxonomy/results/shared_cache/03_adapters/allenai--OLMo-2-0425-1B-Instruct/yahoo_075g1_025g2_000g3_n1000_s00_r16_i00_b5008_fea27ccee,75/25/0,0.13495363295078278,0.18644779920578003
behavioral_greedy,behavioral,cosine,oasst1zh,1,seed_aligned,0,/weka/scratch/jhu/cpriebe1/MO/model-taxonomy/results/shared_cache/03_adapters/allenai--OLMo-2-0425-1B-Instruct/yahoo_075g1_000g2_025g3_n1000_s00_r16_i00_b5008_fea27ccee,75/0/25,-0.1460205316543579,0.2228761911392212
behavioral_greedy,behavioral,cosine,oasst1zh,1,seed_aligned,0,/weka/scratch/jhu/cpriebe1/MO/model-taxonomy/results/shared_cache/03_adapters/allenai--OLMo-2-0425-1B-Instruct/yahoo_050g1_050g2_000g3_n1000_s00_r16_i00_b5008_fea27ccee,50/50/0,0.1690474897623062,0.03124341368675232
behavioral_greedy,behavioral,cosine,oasst1zh,1,seed_aligned,0,/weka/scratch/jhu/cpriebe1/MO/model-taxonomy/results/shared_cache/03_adapters/allenai--OLMo-2-0425-1B-Instruct/yahoo_050g1_025g2_025g3_n1000_s00_r16_i00_b5008_fea27ccee,50/25/25,0.03480197861790657,-0.23665836453437805
behavioral_greedy,behavioral,cosine,oasst1zh,1,seed_aligned,0,/weka/scratch/jhu/cpriebe1/MO/model-taxonomy/results/shared_cache/03_adapters/allenai--OLMo-2-0425-1B-Instruct/yahoo_050g1_000g2_050g3_n1000_s00_r16_i00_b5008_fea27ccee,50/0/50,-0.25623077154159546,0.11968762427568436
behavioral_greedy,behavioral,cosine,oasst1zh,1,seed_aligned,0,/weka/scratch/jhu/cpriebe1/MO/model-taxonomy/results/shared_cache/03_adapters/allenai--OLMo-2-0425-1B-Instruct/yahoo_033g1_033g2_033g3_n1000_s00_r16_i00_b5008_fea27ccee,33/33/33,-0.007576535455882549,0.09402549266815186
behavioral_greedy,behavioral,cosine,oasst1zh,1,seed_aligned,0,/weka/scratch/jhu/cpriebe1/MO/model-taxonomy/results/shared_cache/03_adapters/allenai--OLMo-2-0425-1B-Instruct/yahoo_025g1_075g2_000g3_n1000_s00_r16_i00_b5008_fea27ccee,25/75/0,0.2697276771068573,0.12858356535434723
behavioral_greedy,behavioral,cosine,oasst1zh,1,seed_aligned,0,/weka/scratch/jhu/cpriebe1/MO/model-taxonomy/results/shared_cache/03_adapters/allenai--OLMo-2-0425-1B-Instruct/yahoo_025g1_050g2_025g3_n1000_s00_r16_i00_b5008_fea27ccee,25/50/25,0.1562088578939438,-0.237886443734169
behavioral_greedy,behavioral,cosine,oasst1zh,1,seed_aligned,0,/weka/scratch/jhu/cpriebe1/MO/model-taxonomy/results/shared_cache/03_adapters/allenai--OLMo-2-0425-1B-Instruct/yahoo_025g1_025g2_050g3_n1000_s00_r16_i00_b5008_fea27ccee,25/25/50,0.00868148636072874,-0.013317220844328403
behavioral_greedy,behavioral,cosine,oasst1zh,1,seed_aligned,0,/weka/scratch/jhu/cpriebe1/MO/model-taxonomy/results/shared_cache/03_adapters/allenai--OLMo-2-0425-1B-Instruct/yahoo_025g1_000g2_075g3_n1000_s00_r16_i00_b5008_fea27ccee,25/0/75,-0.2553909718990326,-0.07511298358440399
behavioral_greedy,behavioral,cosine,oasst1zh,1,seed_aligned,0,/weka/scratch/jhu/cpriebe1/MO/model-taxonomy/results/shared_cache/03_adapters/allenai--OLMo-2-0425-1B-Instruct/yahoo_000g1_100g2_000g3_n1000_s00_r16_i00_b5008_fea27ccee,0/100/0,0.29528751969337463,-0.03128747269511223
behavioral_greedy,behavioral,cosine,oasst1zh,1,seed_aligned,0,/weka/scratch/jhu/cpriebe1/MO/model-taxonomy/results/shared_cache/03_adapters/allenai--OLMo-2-0425-1B-Instruct/yahoo_000g1_075g2_025g3_n1000_s00_r16_i00_b5008_fea27ccee,0/75/25,0.20669974386692047,-0.10757603496313095
behavioral_greedy,behavioral,cosine,oasst1zh,1,seed_aligned,0,/weka/scratch/jhu/cpriebe1/MO/model-taxonomy/results/shared_cache/03_adapters/allenai--OLMo-2-0425-1B-Instruct/yahoo_000g1_050g2_050g3_n1000_s00_r16_i00_b5008_fea27ccee,0/50/50,-0.06832420080900192,-0.12092408537864685
behavioral_greedy,behavioral,cosine,oasst1zh,1,seed_aligned,0,/weka/scratch/jhu/cpriebe1/MO/model-taxonomy/results/shared_cache/03_adapters/allenai--OLMo-2-0425-1B-Instruct/yahoo_000g1_025g2_075g3_n1000_s00_r16_i00_b5008_fea27ccee,0/25/75,-0.2081940919160843,-0.2504834234714508
behavioral_greedy,behavioral,cosine,oasst1zh,1,seed_aligned,0,/weka/scratch/jhu/cpriebe1/MO/model-taxonomy/results/shared_cache/03_adapters/allenai--OLMo-2-0425-1B-Instruct/yahoo_000g1_000g2_100g3_n1000_s00_r16_i00_b5008_fea27ccee,0/0/100,-0.3336712718009949,0.008010855875909328
behavioral_greedy,behavioral,cosine,oasst1zh,2,pooled,-1,/weka/scratch/jhu/cpriebe1/MO/model-taxonomy/results/shared_cache/03_adapters/allenai--OLMo-2-0425-1B-Instruct/yahoo_100g1_000g2_000g3_n1000_s00_r16_i00_b5008_fea27ccee,100/0/0,-1.5954105443912387e-17,0.25148817896842957
behavioral_greedy,behavioral,cosine,oasst1zh,2,pooled,-1,/weka/scratch/jhu/cpriebe1/MO/model-taxonomy/results/shared_cache/03_adapters/allenai--OLMo-2-0425-1B-Instruct/yahoo_075g1_025g2_000g3_n1000_s00_r16_i00_b5008_fea27ccee,75/25/0,0.2378135472536087,0.1485736221075058
behavioral_greedy,behavioral,cosine,oasst1zh,2,pooled,-1,/weka/scratch/jhu/cpriebe1/MO/model-taxonomy/results/shared_cache/03_adapters/allenai--OLMo-2-0425-1B-Instruct/yahoo_075g1_000g2_025g3_n1000_s00_r16_i00_b5008_fea27ccee,75/0/25,-0.12107450515031815,0.2438231110572815
behavioral_greedy,behavioral,cosine,oasst1zh,2,pooled,-1,/weka/scratch/jhu/cpriebe1/MO/model-taxonomy/results/shared_cache/03_adapters/allenai--OLMo-2-0425-1B-Instruct/yahoo_050g1_050g2_000g3_n1000_s00_r16_i00_b5008_fea27ccee,50/50/0,0.1871098279953003,0.035626817494630814
behavioral_greedy,behavioral,cosine,oasst1zh,2,pooled,-1,/weka/scratch/jhu/cpriebe1/MO/model-taxonomy/results/shared_cache/03_adapters/allenai--OLMo-2-0425-1B-Instruct/yahoo_050g1_025g2_025g3_n1000_s00_r16_i00_b5008_fea27ccee,50/25/25,0.12516839802265167,0.20310908555984497
behavioral_greedy,behavioral,cosine,oasst1zh,2,pooled,-1,/weka/scratch/jhu/cpriebe1/MO/model-taxonomy/results/shared_cache/03_adapters/allenai--OLMo-2-0425-1B-Instruct/yahoo_050g1_000g2_050g3_n1000_s00_r16_i00_b5008_fea27ccee,50/0/50,-0.2508837580680847,-0.014295773580670357
behavioral_greedy,behavioral,cosine,oasst1zh,2,pooled,-1,/weka/scratch/jhu/cpriebe1/MO/model-taxonomy/results/shared_cache/03_adapters/allenai--OLMo-2-0425-1B-Instruct/yahoo_033g1_033g2_033g3_n1000_s00_r16_i00_b5008_fea27ccee,33/33/33,0.013237805105745792,0.05319508910179138
behavioral_greedy,behavioral,cosine,oasst1zh,2,pooled,-1,/weka/scratch/jhu/cpriebe1/MO/model-taxonomy/results/shared_cache/03_adapters/allenai--OLMo-2-0425-1B-Instruct/yahoo_025g1_075g2_000g3_n1000_s00_r16_i00_b5008_fea27ccee,25/75/0,0.09586694836616516,-0.26521036028862
behavioral_greedy,behavioral,cosine,oasst1zh,2,pooled,-1,/weka/scratch/jhu/cpriebe1/MO/model-taxonomy/results/shared_cache/03_adapters/allenai--OLMo-2-0425-1B-Instruct/yahoo_025g1_050g2_025g3_n1000_s00_r16_i00_b5008_fea27ccee,25/50/25,0.2632065415382385,-0.04062366113066673
behavioral_greedy,behavioral,cosine,oasst1zh,2,pooled,-1,/weka/scratch/jhu/cpriebe1/MO/model-taxonomy/results/shared_cache/03_adapters/allenai--OLMo-2-0425-1B-Instruct/yahoo_025g1_025g2_050g3_n1000_s00_r16_i00_b5008_fea27ccee,25/25/50,-0.028733111917972565,-0.07958570122718811
behavioral_greedy,behavioral,cosine,oasst1zh,2,pooled,-1,/weka/scratch/jhu/cpriebe1/MO/model-taxonomy/results/shared_cache/03_adapters/allenai--OLMo-2-0425-1B-Instruct/yahoo_025g1_000g2_075g3_n1000_s00_r16_i00_b5008_fea27ccee,25/0/75,-0.227339968085289,0.1047629788517952
behavioral_greedy,behavioral,cosine,oasst1zh,2,pooled,-1,/weka/scratch/jhu/cpriebe1/MO/model-taxonomy/results/shared_cache/03_adapters/allenai--OLMo-2-0425-1B-Instruct/yahoo_000g1_100g2_000g3_n1000_s00_r16_i00_b5008_fea27ccee,0/100/0,0.208255335688591,-0.20796994864940643
behavioral_greedy,behavioral,cosine,oasst1zh,2,pooled,-1,/weka/scratch/jhu/cpriebe1/MO/model-taxonomy/results/shared_cache/03_adapters/allenai--OLMo-2-0425-1B-Instruct/yahoo_000g1_075g2_025g3_n1000_s00_r16_i00_b5008_fea27ccee,0/75/25,0.17175060510635376,-0.11410254240036011
behavioral_greedy,behavioral,cosine,oasst1zh,2,pooled,-1,/weka/scratch/jhu/cpriebe1/MO/model-taxonomy/results/shared_cache/03_adapters/allenai--OLMo-2-0425-1B-Instruct/yahoo_000g1_050g2_050g3_n1000_s00_r16_i00_b5008_fea27ccee,0/50/50,-0.06383580714464188,-0.198600634932518
behavioral_greedy,behavioral,cosine,oasst1zh,2,pooled,-1,/weka/scratch/jhu/cpriebe1/MO/model-taxonomy/results/shared_cache/03_adapters/allenai--OLMo-2-0425-1B-Instruct/yahoo_000g1_025g2_075g3_n1000_s00_r16_i00_b5008_fea27ccee,0/25/75,-0.25230181217193604,-0.18760767579078674
behavioral_greedy,behavioral,cosine,oasst1zh,2,pooled,-1,/weka/scratch/jhu/cpriebe1/MO/model-taxonomy/results/shared_cache/03_adapters/allenai--OLMo-2-0425-1B-Instruct/yahoo_000g1_000g2_100g3_n1000_s00_r16_i00_b5008_fea27ccee,0/0/100,-0.3582400381565094,0.06741740554571152
behavioral_greedy,behavioral,cosine,oasst1zh,2,mean,-1,/weka/scratch/jhu/cpriebe1/MO/model-taxonomy/results/shared_cache/03_adapters/allenai--OLMo-2-0425-1B-Instruct/yahoo_100g1_000g2_000g3_n1000_s00_r16_i00_b5008_fea27ccee,100/0/0,-1.5954105443912387e-17,0.25148817896842957
behavioral_greedy,behavioral,cosine,oasst1zh,2,mean,-1,/weka/scratch/jhu/cpriebe1/MO/model-taxonomy/results/shared_cache/03_adapters/allenai--OLMo-2-0425-1B-Instruct/yahoo_075g1_025g2_000g3_n1000_s00_r16_i00_b5008_fea27ccee,75/25/0,0.2378135472536087,0.1485736221075058
behavioral_greedy,behavioral,cosine,oasst1zh,2,mean,-1,/weka/scratch/jhu/cpriebe1/MO/model-taxonomy/results/shared_cache/03_adapters/allenai--OLMo-2-0425-1B-Instruct/yahoo_075g1_000g2_025g3_n1000_s00_r16_i00_b5008_fea27ccee,75/0/25,-0.12107450515031815,0.2438231110572815
behavioral_greedy,behavioral,cosine,oasst1zh,2,mean,-1,/weka/scratch/jhu/cpriebe1/MO/model-taxonomy/results/shared_cache/03_adapters/allenai--OLMo-2-0425-1B-Instruct/yahoo_050g1_050g2_000g3_n1000_s00_r16_i00_b5008_fea27ccee,50/50/0,0.1871098279953003,0.035626817494630814
behavioral_greedy,behavioral,cosine,oasst1zh,2,mean,-1,/weka/scratch/jhu/cpriebe1/MO/model-taxonomy/results/shared_cache/03_adapters/allenai--OLMo-2-0425-1B-Instruct/yahoo_050g1_025g2_025g3_n1000_s00_r16_i00_b5008_fea27ccee,50/25/25,0.12516839802265167,0.20310908555984497
behavioral_greedy,behavioral,cosine,oasst1zh,2,mean,-1,/weka/scratch/jhu/cpriebe1/MO/model-taxonomy/results/shared_cache/03_adapters/allenai--OLMo-2-0425-1B-Instruct/yahoo_050g1_000g2_050g3_n1000_s00_r16_i00_b5008_fea27ccee,50/0/50,-0.2508837580680847,-0.014295773580670357
behavioral_greedy,behavioral,cosine,oasst1zh,2,mean,-1,/weka/scratch/jhu/cpriebe1/MO/model-taxonomy/results/shared_cache/03_adapters/allenai--OLMo-2-0425-1B-Instruct/yahoo_033g1_033g2_033g3_n1000_s00_r16_i00_b5008_fea27ccee,33/33/33,0.013237805105745792,0.05319508910179138
behavioral_greedy,behavioral,cosine,oasst1zh,2,mean,-1,/weka/scratch/jhu/cpriebe1/MO/model-taxonomy/results/shared_cache/03_adapters/allenai--OLMo-2-0425-1B-Instruct/yahoo_025g1_075g2_000g3_n1000_s00_r16_i00_b5008_fea27ccee,25/75/0,0.09586694836616516,-0.26521036028862
behavioral_greedy,behavioral,cosine,oasst1zh,2,mean,-1,/weka/scratch/jhu/cpriebe1/MO/model-taxonomy/results/shared_cache/03_adapters/allenai--OLMo-2-0425-1B-Instruct/yahoo_025g1_050g2_025g3_n1000_s00_r16_i00_b5008_fea27ccee,25/50/25,0.2632065415382385,-0.04062366113066673
behavioral_greedy,behavioral,cosine,oasst1zh,2,mean,-1,/weka/scratch/jhu/cpriebe1/MO/model-taxonomy/results/shared_cache/03_adapters/allenai--OLMo-2-0425-1B-Instruct/yahoo_025g1_025g2_050g3_n1000_s00_r16_i00_b5008_fea27ccee,25/25/50,-0.028733111917972565,-0.07958570122718811
behavioral_greedy,behavioral,cosine,oasst1zh,2,mean,-1,/weka/scratch/jhu/cpriebe1/MO/model-taxonomy/results/shared_cache/03_adapters/allenai--OLMo-2-0425-1B-Instruct/yahoo_025g1_000g2_075g3_n1000_s00_r16_i00_b5008_fea27ccee,25/0/75,-0.227339968085289,0.1047629788517952
behavioral_greedy,behavioral,cosine,oasst1zh,2,mean,-1,/weka/scratch/jhu/cpriebe1/MO/model-taxonomy/results/shared_cache/03_adapters/allenai--OLMo-2-0425-1B-Instruct/yahoo_000g1_100g2_000g3_n1000_s00_r16_i00_b5008_fea27ccee,0/100/0,0.208255335688591,-0.20796994864940643
behavioral_greedy,behavioral,cosine,oasst1zh,2,mean,-1,/weka/scratch/jhu/cpriebe1/MO/model-taxonomy/results/shared_cache/03_adapters/allenai--OLMo-2-0425-1B-Instruct/yahoo_000g1_075g2_025g3_n1000_s00_r16_i00_b5008_fea27ccee,0/75/25,0.17175060510635376,-0.11410254240036011
behavioral_greedy,behavioral,cosine,oasst1zh,2,mean,-1,/weka/scratch/jhu/cpriebe1/MO/model-taxonomy/results/shared_cache/03_adapters/allenai--OLMo-2-0425-1B-Instruct/yahoo_000g1_050g2_050g3_n1000_s00_r16_i00_b5008_fea27ccee,0/50/50,-0.06383580714464188,-0.198600634932518
behavioral_greedy,behavioral,cosine,oasst1zh,2,mean,-1,/weka/scratch/jhu/cpriebe1/MO/model-taxonomy/results/shared_cache/03_adapters/allenai--OLMo-2-0425-1B-Instruct/yahoo_000g1_025g2_075g3_n1000_s00_r16_i00_b5008_fea27ccee,0/25/75,-0.25230181217193604,-0.18760767579078674
behavioral_greedy,behavioral,cosine,oasst1zh,2,mean,-1,/weka/scratch/jhu/cpriebe1/MO/model-taxonomy/results/shared_cache/03_adapters/allenai--OLMo-2-0425-1B-Instruct/yahoo_000g1_000g2_100g3_n1000_s00_r16_i00_b5008_fea27ccee,0/0/100,-0.3582400381565094,0.06741740554571152
behavioral_greedy,behavioral,cosine,oasst1zh,2,seed_aligned,0,/weka/scratch/jhu/cpriebe1/MO/model-taxonomy/results/shared_cache/03_adapters/allenai--OLMo-2-0425-1B-Instruct/yahoo_100g1_000g2_000g3_n1000_s00_r16_i00_b5008_fea27ccee,100/0/0,-1.5954105443912387e-17,0.25148817896842957
behavioral_greedy,behavioral,cosine,oasst1zh,2,seed_aligned,0,/weka/scratch/jhu/cpriebe1/MO/model-taxonomy/results/shared_cache/03_adapters/allenai--OLMo-2-0425-1B-Instruct/yahoo_075g1_025g2_000g3_n1000_s00_r16_i00_b5008_fea27ccee,75/25/0,0.2378135472536087,0.1485736221075058
behavioral_greedy,behavioral,cosine,oasst1zh,2,seed_aligned,0,/weka/scratch/jhu/cpriebe1/MO/model-taxonomy/results/shared_cache/03_adapters/allenai--OLMo-2-0425-1B-Instruct/yahoo_075g1_000g2_025g3_n1000_s00_r16_i00_b5008_fea27ccee,75/0/25,-0.12107450515031815,0.2438231110572815
behavioral_greedy,behavioral,cosine,oasst1zh,2,seed_aligned,0,/weka/scratch/jhu/cpriebe1/MO/model-taxonomy/results/shared_cache/03_adapters/allenai--OLMo-2-0425-1B-Instruct/yahoo_050g1_050g2_000g3_n1000_s00_r16_i00_b5008_fea27ccee,50/50/0,0.1871098279953003,0.035626817494630814
behavioral_greedy,behavioral,cosine,oasst1zh,2,seed_aligned,0,/weka/scratch/jhu/cpriebe1/MO/model-taxonomy/results/shared_cache/03_adapters/allenai--OLMo-2-0425-1B-Instruct/yahoo_050g1_025g2_025g3_n1000_s00_r16_i00_b5008_fea27ccee,50/25/25,0.12516839802265167,0.20310908555984497
behavioral_greedy,behavioral,cosine,oasst1zh,2,seed_aligned,0,/weka/scratch/jhu/cpriebe1/MO/model-taxonomy/results/shared_cache/03_adapters/allenai--OLMo-2-0425-1B-Instruct/yahoo_050g1_000g2_050g3_n1000_s00_r16_i00_b5008_fea27ccee,50/0/50,-0.2508837580680847,-0.014295773580670357
behavioral_greedy,behavioral,cosine,oasst1zh,2,seed_aligned,0,/weka/scratch/jhu/cpriebe1/MO/model-taxonomy/results/shared_cache/03_adapters/allenai--OLMo-2-0425-1B-Instruct/yahoo_033g1_033g2_033g3_n1000_s00_r16_i00_b5008_fea27ccee,33/33/33,0.013237805105745792,0.05319508910179138
behavioral_greedy,behavioral,cosine,oasst1zh,2,seed_aligned,0,/weka/scratch/jhu/cpriebe1/MO/model-taxonomy/results/shared_cache/03_adapters/allenai--OLMo-2-0425-1B-Instruct/yahoo_025g1_075g2_000g3_n1000_s00_r16_i00_b5008_fea27ccee,25/75/0,0.09586694836616516,-0.26521036028862
behavioral_greedy,behavioral,cosine,oasst1zh,2,seed_aligned,0,/weka/scratch/jhu/cpriebe1/MO/model-taxonomy/results/shared_cache/03_adapters/allenai--OLMo-2-0425-1B-Instruct/yahoo_025g1_050g2_025g3_n1000_s00_r16_i00_b5008_fea27ccee,25/50/25,0.2632065415382385,-0.04062366113066673
behavioral_greedy,behavioral,cosine,oasst1zh,2,seed_aligned,0,/weka/scratch/jhu/cpriebe1/MO/model-taxonomy/results/shared_cache/03_adapters/allenai--OLMo-2-0425-1B-Instruct/yahoo_025g1_025g2_050g3_n1000_s00_r16_i00_b5008_fea27ccee,25/25/50,-0.028733111917972565,-0.07958570122718811
behavioral_greedy,behavioral,cosine,oasst1zh,2,seed_aligned,0,/weka/scratch/jhu/cpriebe1/MO/model-taxonomy/results/shared_cache/03_adapters/allenai--OLMo-2-0425-1B-Instruct/yahoo_025g1_000g2_075g3_n1000_s00_r16_i00_b5008_fea27ccee,25/0/75,-0.227339968085289,0.1047629788517952
behavioral_greedy,behavioral,cosine,oasst1zh,2,seed_aligned,0,/weka/scratch/jhu/cpriebe1/MO/model-taxonomy/results/shared_cache/03_adapters/allenai--OLMo-2-0425-1B-Instruct/yahoo_000g1_100g2_000g3_n1000_s00_r16_i00_b5008_fea27ccee,0/100/0,0.208255335688591,-0.20796994864940643
behavioral_greedy,behavioral,cosine,oasst1zh,2,seed_aligned,0,/weka/scratch/jhu/cpriebe1/MO/model-taxonomy/results/shared_cache/03_adapters/allenai--OLMo-2-0425-1B-Instruct/yahoo_000g1_075g2_025g3_n1000_s00_r16_i00_b5008_fea27ccee,0/75/25,0.17175060510635376,-0.11410254240036011
behavioral_greedy,behavioral,cosine,oasst1zh,2,seed_aligned,0,/weka/scratch/jhu/cpriebe1/MO/model-taxonomy/results/shared_cache/03_adapters/allenai--OLMo-2-0425-1B-Instruct/yahoo_000g1_050g2_050g3_n1000_s00_r16_i00_b5008_fea27ccee,0/50/50,-0.06383580714464188,-0.198600634932518
behavioral_greedy,behavioral,cosine,oasst1zh,2,seed_aligned,0,/weka/scratch/jhu/cpriebe1/MO/model-taxonomy/results/shared_cache/03_adapters/allenai--OLMo-2-0425-1B-Instruct/yahoo_000g1_025g2_075g3_n1000_s00_r16_i00_b5008_fea27ccee,0/25/75,-0.25230181217193604,-0.18760767579078674
behavioral_greedy,behavioral,cosine,oasst1zh,2,seed_aligned,0,/weka/scratch/jhu/cpriebe1/MO/model-taxonomy/results/shared_cache/03_adapters/allenai--OLMo-2-0425-1B-Instruct/yahoo_000g1_000g2_100g3_n1000_s00_r16_i00_b5008_fea27ccee,0/0/100,-0.3582400381565094,0.06741740554571152
behavioral_greedy,behavioral,cosine,oasst1zh,5,pooled,-1,/weka/scratch/jhu/cpriebe1/MO/model-taxonomy/results/shared_cache/03_adapters/allenai--OLMo-2-0425-1B-Instruct/yahoo_100g1_000g2_000g3_n1000_s00_r16_i00_b5008_fea27ccee,100/0/0,-2.6436630338648823e-18,0.2539149820804596
behavioral_greedy,behavioral,cosine,oasst1zh,5,pooled,-1,/weka/scratch/jhu/cpriebe1/MO/model-taxonomy/results/shared_cache/03_adapters/allenai--OLMo-2-0425-1B-Instruct/yahoo_075g1_025g2_000g3_n1000_s00_r16_i00_b5008_fea27ccee,75/25/0,0.21767857670783997,0.14156390726566315
behavioral_greedy,behavioral,cosine,oasst1zh,5,pooled,-1,/weka/scratch/jhu/cpriebe1/MO/model-taxonomy/results/shared_cache/03_adapters/allenai--OLMo-2-0425-1B-Instruct/yahoo_075g1_000g2_025g3_n1000_s00_r16_i00_b5008_fea27ccee,75/0/25,-0.1231948658823967,0.2339811623096466
behavioral_greedy,behavioral,cosine,oasst1zh,5,pooled,-1,/weka/scratch/jhu/cpriebe1/MO/model-taxonomy/results/shared_cache/03_adapters/allenai--OLMo-2-0425-1B-Instruct/yahoo_050g1_050g2_000g3_n1000_s00_r16_i00_b5008_fea27ccee,50/50/0,0.17364898324012756,0.027497731149196625
behavioral_greedy,behavioral,cosine,oasst1zh,5,pooled,-1,/weka/scratch/jhu/cpriebe1/MO/model-taxonomy/results/shared_cache/03_adapters/allenai--OLMo-2-0425-1B-Instruct/yahoo_050g1_025g2_025g3_n1000_s00_r16_i00_b5008_fea27ccee,50/25/25,0.1286357045173645,0.19550210237503052
behavioral_greedy,behavioral,cosine,oasst1zh,5,pooled,-1,/weka/scratch/jhu/cpriebe1/MO/model-taxonomy/results/shared_cache/03_adapters/allenai--OLMo-2-0425-1B-Instruct/yahoo_050g1_000g2_050g3_n1000_s00_r16_i00_b5008_fea27ccee,50/0/50,-0.22550560534000397,0.15869785845279694
behavioral_greedy,behavioral,cosine,oasst1zh,5,pooled,-1,/weka/scratch/jhu/cpriebe1/MO/model-taxonomy/results/shared_cache/03_adapters/allenai--OLMo-2-0425-1B-Instruct/yahoo_033g1_033g2_033g3_n1000_s00_r16_i00_b5008_fea27ccee,33/33/33,0.01644050143659115,0.05107353627681732
behavioral_greedy,behavioral,cosine,oasst1zh,5,pooled,-1,/weka/scratch/jhu/cpriebe1/MO/model-taxonomy/results/shared_cache/03_adapters/allenai--OLMo-2-0425-1B-Instruct/yahoo_025g1_075g2_000g3_n1000_s00_r16_i00_b5008_fea27ccee,25/75/0,0.09917639195919037,-0.2657906711101532
behavioral_greedy,behavioral,cosine,oasst1zh,5,pooled,-1,/weka/scratch/jhu/cpriebe1/MO/model-taxonomy/results/shared_cache/03_adapters/allenai--OLMo-2-0425-1B-Instruct/yahoo_025g1_050g2_025g3_n1000_s00_r16_i00_b5008_fea27ccee,25/50/25,0.2753763198852539,-0.0022911897394806147
behavioral_greedy,behavioral,cosine,oasst1zh,5,pooled,-1,/weka/scratch/jhu/cpriebe1/MO/model-taxonomy/results/shared_cache/03_adapters/allenai--OLMo-2-0425-1B-Instruct/yahoo_025g1_025g2_050g3_n1000_s00_r16_i00_b5008_fea27ccee,25/25/50,-0.0275473203510046,-0.1108483299612999
behavioral_greedy,behavioral,cosine,oasst1zh,5,pooled,-1,/weka/scratch/jhu/cpriebe1/MO/model-taxonomy/results/shared_cache/03_adapters/allenai--OLMo-2-0425-1B-Instruct/yahoo_025g1_000g2_075g3_n1000_s00_r16_i00_b5008_fea27ccee,25/0/75,-0.23540420830249786,-0.028420887887477875
behavioral_greedy,behavioral,cosine,oasst1zh,5,pooled,-1,/weka/scratch/jhu/cpriebe1/MO/model-taxonomy/results/shared_cache/03_adapters/allenai--OLMo-2-0425-1B-Instruct/yahoo_000g1_100g2_000g3_n1000_s00_r16_i00_b5008_fea27ccee,0/100/0,0.20555777847766876,-0.21401308476924896
behavioral_greedy,behavioral,cosine,oasst1zh,5,pooled,-1,/weka/scratch/jhu/cpriebe1/MO/model-taxonomy/results/shared_cache/03_adapters/allenai--OLMo-2-0425-1B-Instruct/yahoo_000g1_075g2_025g3_n1000_s00_r16_i00_b5008_fea27ccee,0/75/25,0.18574483692646027,-0.11965770274400711
behavioral_greedy,behavioral,cosine,oasst1zh,5,pooled,-1,/weka/scratch/jhu/cpriebe1/MO/model-taxonomy/results/shared_cache/03_adapters/allenai--OLMo-2-0425-1B-Instruct/yahoo_000g1_050g2_050g3_n1000_s00_r16_i00_b5008_fea27ccee,0/50/50,-0.07756238430738449,-0.19727829098701477
behavioral_greedy,behavioral,cosine,oasst1zh,5,pooled,-1,/weka/scratch/jhu/cpriebe1/MO/model-taxonomy/results/shared_cache/03_adapters/allenai--OLMo-2-0425-1B-Instruct/yahoo_000g1_025g2_075g3_n1000_s00_r16_i00_b5008_fea27ccee,0/25/75,-0.28416356444358826,-0.1836128830909729
behavioral_greedy,behavioral,cosine,oasst1zh,5,pooled,-1,/weka/scratch/jhu/cpriebe1/MO/model-taxonomy/results/shared_cache/03_adapters/allenai--OLMo-2-0425-1B-Instruct/yahoo_000g1_000g2_100g3_n1000_s00_r16_i00_b5008_fea27ccee,0/0/100,-0.3288811147212982,0.059681788086891174
behavioral_greedy,behavioral,cosine,oasst1zh,5,mean,-1,/weka/scratch/jhu/cpriebe1/MO/model-taxonomy/results/shared_cache/03_adapters/allenai--OLMo-2-0425-1B-Instruct/yahoo_100g1_000g2_000g3_n1000_s00_r16_i00_b5008_fea27ccee,100/0/0,-2.6436630338648823e-18,0.2539149820804596
behavioral_greedy,behavioral,cosine,oasst1zh,5,mean,-1,/weka/scratch/jhu/cpriebe1/MO/model-taxonomy/results/shared_cache/03_adapters/allenai--OLMo-2-0425-1B-Instruct/yahoo_075g1_025g2_000g3_n1000_s00_r16_i00_b5008_fea27ccee,75/25/0,0.21767857670783997,0.14156390726566315
behavioral_greedy,behavioral,cosine,oasst1zh,5,mean,-1,/weka/scratch/jhu/cpriebe1/MO/model-taxonomy/results/shared_cache/03_adapters/allenai--OLMo-2-0425-1B-Instruct/yahoo_075g1_000g2_025g3_n1000_s00_r16_i00_b5008_fea27ccee,75/0/25,-0.1231948658823967,0.2339811623096466
behavioral_greedy,behavioral,cosine,oasst1zh,5,mean,-1,/weka/scratch/jhu/cpriebe1/MO/model-taxonomy/results/shared_cache/03_adapters/allenai--OLMo-2-0425-1B-Instruct/yahoo_050g1_050g2_000g3_n1000_s00_r16_i00_b5008_fea27ccee,50/50/0,0.17364898324012756,0.027497731149196625
behavioral_greedy,behavioral,cosine,oasst1zh,5,mean,-1,/weka/scratch/jhu/cpriebe1/MO/model-taxonomy/results/shared_cache/03_adapters/allenai--OLMo-2-0425-1B-Instruct/yahoo_050g1_025g2_025g3_n1000_s00_r16_i00_b5008_fea27ccee,50/25/25,0.1286357045173645,0.19550210237503052
behavioral_greedy,behavioral,cosine,oasst1zh,5,mean,-1,/weka/scratch/jhu/cpriebe1/MO/model-taxonomy/results/shared_cache/03_adapters/allenai--OLMo-2-0425-1B-Instruct/yahoo_050g1_000g2_050g3_n1000_s00_r16_i00_b5008_fea27ccee,50/0/50,-0.22550560534000397,0.15869785845279694
behavioral_greedy,behavioral,cosine,oasst1zh,5,mean,-1,/weka/scratch/jhu/cpriebe1/MO/model-taxonomy/results/shared_cache/03_adapters/allenai--OLMo-2-0425-1B-Instruct/yahoo_033g1_033g2_033g3_n1000_s00_r16_i00_b5008_fea27ccee,33/33/33,0.01644050143659115,0.05107353627681732
behavioral_greedy,behavioral,cosine,oasst1zh,5,mean,-1,/weka/scratch/jhu/cpriebe1/MO/model-taxonomy/results/shared_cache/03_adapters/allenai--OLMo-2-0425-1B-Instruct/yahoo_025g1_075g2_000g3_n1000_s00_r16_i00_b5008_fea27ccee,25/75/0,0.09917639195919037,-0.2657906711101532
behavioral_greedy,behavioral,cosine,oasst1zh,5,mean,-1,/weka/scratch/jhu/cpriebe1/MO/model-taxonomy/results/shared_cache/03_adapters/allenai--OLMo-2-0425-1B-Instruct/yahoo_025g1_050g2_025g3_n1000_s00_r16_i00_b5008_fea27ccee,25/50/25,0.2753763198852539,-0.0022911897394806147
behavioral_greedy,behavioral,cosine,oasst1zh,5,mean,-1,/weka/scratch/jhu/cpriebe1/MO/model-taxonomy/results/shared_cache/03_adapters/allenai--OLMo-2-0425-1B-Instruct/yahoo_025g1_025g2_050g3_n1000_s00_r16_i00_b5008_fea27ccee,25/25/50,-0.0275473203510046,-0.1108483299612999
behavioral_greedy,behavioral,cosine,oasst1zh,5,mean,-1,/weka/scratch/jhu/cpriebe1/MO/model-taxonomy/results/shared_cache/03_adapters/allenai--OLMo-2-0425-1B-Instruct/yahoo_025g1_000g2_075g3_n1000_s00_r16_i00_b5008_fea27ccee,25/0/75,-0.23540420830249786,-0.028420887887477875
behavioral_greedy,behavioral,cosine,oasst1zh,5,mean,-1,/weka/scratch/jhu/cpriebe1/MO/model-taxonomy/results/shared_cache/03_adapters/allenai--OLMo-2-0425-1B-Instruct/yahoo_000g1_100g2_000g3_n1000_s00_r16_i00_b5008_fea27ccee,0/100/0,0.20555777847766876,-0.21401308476924896
behavioral_greedy,behavioral,cosine,oasst1zh,5,mean,-1,/weka/scratch/jhu/cpriebe1/MO/model-taxonomy/results/shared_cache/03_adapters/allenai--OLMo-2-0425-1B-Instruct/yahoo_000g1_075g2_025g3_n1000_s00_r16_i00_b5008_fea27ccee,0/75/25,0.18574483692646027,-0.11965770274400711
behavioral_greedy,behavioral,cosine,oasst1zh,5,mean,-1,/weka/scratch/jhu/cpriebe1/MO/model-taxonomy/results/shared_cache/03_adapters/allenai--OLMo-2-0425-1B-Instruct/yahoo_000g1_050g2_050g3_n1000_s00_r16_i00_b5008_fea27ccee,0/50/50,-0.07756238430738449,-0.19727829098701477
behavioral_greedy,behavioral,cosine,oasst1zh,5,mean,-1,/weka/scratch/jhu/cpriebe1/MO/model-taxonomy/results/shared_cache/03_adapters/allenai--OLMo-2-0425-1B-Instruct/yahoo_000g1_025g2_075g3_n1000_s00_r16_i00_b5008_fea27ccee,0/25/75,-0.28416356444358826,-0.1836128830909729
behavioral_greedy,behavioral,cosine,oasst1zh,5,mean,-1,/weka/scratch/jhu/cpriebe1/MO/model-taxonomy/results/shared_cache/03_adapters/allenai--OLMo-2-0425-1B-Instruct/yahoo_000g1_000g2_100g3_n1000_s00_r16_i00_b5008_fea27ccee,0/0/100,-0.3288811147212982,0.059681788086891174
behavioral_greedy,behavioral,cosine,oasst1zh,5,seed_aligned,0,/weka/scratch/jhu/cpriebe1/MO/model-taxonomy/results/shared_cache/03_adapters/allenai--OLMo-2-0425-1B-Instruct/yahoo_100g1_000g2_000g3_n1000_s00_r16_i00_b5008_fea27ccee,100/0/0,-2.6436630338648823e-18,0.2539149820804596
behavioral_greedy,behavioral,cosine,oasst1zh,5,seed_aligned,0,/weka/scratch/jhu/cpriebe1/MO/model-taxonomy/results/shared_cache/03_adapters/allenai--OLMo-2-0425-1B-Instruct/yahoo_075g1_025g2_000g3_n1000_s00_r16_i00_b5008_fea27ccee,75/25/0,0.21767857670783997,0.14156390726566315
behavioral_greedy,behavioral,cosine,oasst1zh,5,seed_aligned,0,/weka/scratch/jhu/cpriebe1/MO/model-taxonomy/results/shared_cache/03_adapters/allenai--OLMo-2-0425-1B-Instruct/yahoo_075g1_000g2_025g3_n1000_s00_r16_i00_b5008_fea27ccee,75/0/25,-0.1231948658823967,0.2339811623096466
behavioral_greedy,behavioral,cosine,oasst1zh,5,seed_aligned,0,/weka/scratch/jhu/cpriebe1/MO/model-taxonomy/results/shared_cache/03_adapters/allenai--OLMo-2-0425-1B-Instruct/yahoo_050g1_050g2_000g3_n1000_s00_r16_i00_b5008_fea27ccee,50/50/0,0.17364898324012756,0.027497731149196625
behavioral_greedy,behavioral,cosine,oasst1zh,5,seed_aligned,0,/weka/scratch/jhu/cpriebe1/MO/model-taxonomy/results/shared_cache/03_adapters/allenai--OLMo-2-0425-1B-Instruct/yahoo_050g1_025g2_025g3_n1000_s00_r16_i00_b5008_fea27ccee,50/25/25,0.1286357045173645,0.19550210237503052
behavioral_greedy,behavioral,cosine,oasst1zh,5,seed_aligned,0,/weka/scratch/jhu/cpriebe1/MO/model-taxonomy/results/shared_cache/03_adapters/allenai--OLMo-2-0425-1B-Instruct/yahoo_050g1_000g2_050g3_n1000_s00_r16_i00_b5008_fea27ccee,50/0/50,-0.22550560534000397,0.15869785845279694
behavioral_greedy,behavioral,cosine,oasst1zh,5,seed_aligned,0,/weka/scratch/jhu/cpriebe1/MO/model-taxonomy/results/shared_cache/03_adapters/allenai--OLMo-2-0425-1B-Instruct/yahoo_033g1_033g2_033g3_n1000_s00_r16_i00_b5008_fea27ccee,33/33/33,0.01644050143659115,0.05107353627681732
behavioral_greedy,behavioral,cosine,oasst1zh,5,seed_aligned,0,/weka/scratch/jhu/cpriebe1/MO/model-taxonomy/results/shared_cache/03_adapters/allenai--OLMo-2-0425-1B-Instruct/yahoo_025g1_075g2_000g3_n1000_s00_r16_i00_b5008_fea27ccee,25/75/0,0.09917639195919037,-0.2657906711101532
behavioral_greedy,behavioral,cosine,oasst1zh,5,seed_aligned,0,/weka/scratch/jhu/cpriebe1/MO/model-taxonomy/results/shared_cache/03_adapters/allenai--OLMo-2-0425-1B-Instruct/yahoo_025g1_050g2_025g3_n1000_s00_r16_i00_b5008_fea27ccee,25/50/25,0.2753763198852539,-0.0022911897394806147
behavioral_greedy,behavioral,cosine,oasst1zh,5,seed_aligned,0,/weka/scratch/jhu/cpriebe1/MO/model-taxonomy/results/shared_cache/03_adapters/allenai--OLMo-2-0425-1B-Instruct/yahoo_025g1_025g2_050g3_n1000_s00_r16_i00_b5008_fea27ccee,25/25/50,-0.0275473203510046,-0.1108483299612999
behavioral_greedy,behavioral,cosine,oasst1zh,5,seed_aligned,0,/weka/scratch/jhu/cpriebe1/MO/model-taxonomy/results/shared_cache/03_adapters/allenai--OLMo-2-0425-1B-Instruct/yahoo_025g1_000g2_075g3_n1000_s00_r16_i00_b5008_fea27ccee,25/0/75,-0.23540420830249786,-0.028420887887477875
behavioral_greedy,behavioral,cosine,oasst1zh,5,seed_aligned,0,/weka/scratch/jhu/cpriebe1/MO/model-taxonomy/results/shared_cache/03_adapters/allenai--OLMo-2-0425-1B-Instruct/yahoo_000g1_100g2_000g3_n1000_s00_r16_i00_b5008_fea27ccee,0/100/0,0.20555777847766876,-0.21401308476924896
behavioral_greedy,behavioral,cosine,oasst1zh,5,seed_aligned,0,/weka/scratch/jhu/cpriebe1/MO/model-taxonomy/results/shared_cache/03_adapters/allenai--OLMo-2-0425-1B-Instruct/yahoo_000g1_075g2_025g3_n1000_s00_r16_i00_b5008_fea27ccee,0/75/25,0.18574483692646027,-0.11965770274400711
behavioral_greedy,behavioral,cosine,oasst1zh,5,seed_aligned,0,/weka/scratch/jhu/cpriebe1/MO/model-taxonomy/results/shared_cache/03_adapters/allenai--OLMo-2-0425-1B-Instruct/yahoo_000g1_050g2_050g3_n1000_s00_r16_i00_b5008_fea27ccee,0/50/50,-0.07756238430738449,-0.19727829098701477
behavioral_greedy,behavioral,cosine,oasst1zh,5,seed_aligned,0,/weka/scratch/jhu/cpriebe1/MO/model-taxonomy/results/shared_cache/03_adapters/allenai--OLMo-2-0425-1B-Instruct/yahoo_000g1_025g2_075g3_n1000_s00_r16_i00_b5008_fea27ccee,0/25/75,-0.28416356444358826,-0.1836128830909729
behavioral_greedy,behavioral,cosine,oasst1zh,5,seed_aligned,0,/weka/scratch/jhu/cpriebe1/MO/model-taxonomy/results/shared_cache/03_adapters/allenai--OLMo-2-0425-1B-Instruct/yahoo_000g1_000g2_100g3_n1000_s00_r16_i00_b5008_fea27ccee,0/0/100,-0.3288811147212982,0.059681788086891174
behavioral_greedy,behavioral,cosine,oasst1zh,10,pooled,-1,/weka/scratch/jhu/cpriebe1/MO/model-taxonomy/results/shared_cache/03_adapters/allenai--OLMo-2-0425-1B-Instruct/yahoo_100g1_000g2_000g3_n1000_s00_r16_i00_b5008_fea27ccee,100/0/0,-1.327621884617889e-18,0.24798235297203064
behavioral_greedy,behavioral,cosine,oasst1zh,10,pooled,-1,/weka/scratch/jhu/cpriebe1/MO/model-taxonomy/results/shared_cache/03_adapters/allenai--OLMo-2-0425-1B-Instruct/yahoo_075g1_025g2_000g3_n1000_s00_r16_i00_b5008_fea27ccee,75/25/0,0.2755896747112274,-0.025435153394937515
behavioral_greedy,behavioral,cosine,oasst1zh,10,pooled,-1,/weka/scratch/jhu/cpriebe1/MO/model-taxonomy/results/shared_cache/03_adapters/allenai--OLMo-2-0425-1B-Instruct/yahoo_075g1_000g2_025g3_n1000_s00_r16_i00_b5008_fea27ccee,75/0/25,-0.14783407747745514,0.22738902270793915
behavioral_greedy,behavioral,cosine,oasst1zh,10,pooled,-1,/weka/scratch/jhu/cpriebe1/MO/model-taxonomy/results/shared_cache/03_adapters/allenai--OLMo-2-0425-1B-Instruct/yahoo_050g1_050g2_000g3_n1000_s00_r16_i00_b5008_fea27ccee,50/50/0,0.1951962411403656,-0.1053122729063034
behavioral_greedy,behavioral,cosine,oasst1zh,10,pooled,-1,/weka/scratch/jhu/cpriebe1/MO/model-taxonomy/results/shared_cache/03_adapters/allenai--OLMo-2-0425-1B-Instruct/yahoo_050g1_025g2_025g3_n1000_s00_r16_i00_b5008_fea27ccee,50/25/25,0.01995045319199562,-0.2520551383495331
behavioral_greedy,behavioral,cosine,oasst1zh,10,pooled,-1,/weka/scratch/jhu/cpriebe1/MO/model-taxonomy/results/shared_cache/03_adapters/allenai--OLMo-2-0425-1B-Instruct/yahoo_050g1_000g2_050g3_n1000_s00_r16_i00_b5008_fea27ccee,50/0/50,-0.25857338309288025,0.12761624157428741
behavioral_greedy,behavioral,cosine,oasst1zh,10,pooled,-1,/weka/scratch/jhu/cpriebe1/MO/model-taxonomy/results/shared_cache/03_adapters/allenai--OLMo-2-0425-1B-Instruct/yahoo_033g1_033g2_033g3_n1000_s00_r16_i00_b5008_fea27ccee,33/33/33,0.001440611551515758,-0.14063388109207153
behavioral_greedy,behavioral,cosine,oasst1zh,10,pooled,-1,/weka/scratch/jhu/cpriebe1/MO/model-taxonomy/results/shared_cache/03_adapters/allenai--OLMo-2-0425-1B-Instruct/yahoo_025g1_075g2_000g3_n1000_s00_r16_i00_b5008_fea27ccee,25/75/0,0.1924605667591095,0.22200876474380493
behavioral_greedy,behavioral,cosine,oasst1zh,10,pooled,-1,/weka/scratch/jhu/cpriebe1/MO/model-taxonomy/results/shared_cache/03_adapters/allenai--OLMo-2-0425-1B-Instruct/yahoo_025g1_050g2_025g3_n1000_s00_r16_i00_b5008_fea27ccee,25/50/25,0.17031294107437134,-0.23278239369392395
behavioral_greedy,behavioral,cosine,oasst1zh,10,pooled,-1,/weka/scratch/jhu/cpriebe1/MO/model-taxonomy/results/shared_cache/03_adapters/allenai--OLMo-2-0425-1B-Instruct/yahoo_025g1_025g2_050g3_n1000_s00_r16_i00_b5008_fea27ccee,25/25/50,0.019184134900569916,0.09228122234344482
behavioral_greedy,behavioral,cosine,oasst1zh,10,pooled,-1,/weka/scratch/jhu/cpriebe1/MO/model-taxonomy/results/shared_cache/03_adapters/allenai--OLMo-2-0425-1B-Instruct/yahoo_025g1_000g2_075g3_n1000_s00_r16_i00_b5008_fea27ccee,25/0/75,-0.24659395217895508,-0.06711594760417938
behavioral_greedy,behavioral,cosine,oasst1zh,10,pooled,-1,/weka/scratch/jhu/cpriebe1/MO/model-taxonomy/results/shared_cache/03_adapters/allenai--OLMo-2-0425-1B-Instruct/yahoo_000g1_100g2_000g3_n1000_s00_r16_i00_b5008_fea27ccee,0/100/0,0.2454851120710373,0.122843436896801
behavioral_greedy,behavioral,cosine,oasst1zh,10,pooled,-1,/weka/scratch/jhu/cpriebe1/MO/model-taxonomy/results/shared_cache/03_adapters/allenai--OLMo-2-0425-1B-Instruct/yahoo_000g1_075g2_025g3_n1000_s00_r16_i00_b5008_fea27ccee,0/75/25,0.16237390041351318,0.007126069162040949
behavioral_greedy,behavioral,cosine,oasst1zh,10,pooled,-1,/weka/scratch/jhu/cpriebe1/MO/model-taxonomy/results/shared_cache/03_adapters/allenai--OLMo-2-0425-1B-Instruct/yahoo_000g1_050g2_050g3_n1000_s00_r16_i00_b5008_fea27ccee,0/50/50,-0.06750469654798508,-0.0053197774104774
behavioral_greedy,behavioral,cosine,oasst1zh,10,pooled,-1,/weka/scratch/jhu/cpriebe1/MO/model-taxonomy/results/shared_cache/03_adapters/allenai--OLMo-2-0425-1B-Instruct/yahoo_000g1_025g2_075g3_n1000_s00_r16_i00_b5008_fea27ccee,0/25/75,-0.22059397399425507,-0.2386467307806015
behavioral_greedy,behavioral,cosine,oasst1zh,10,pooled,-1,/weka/scratch/jhu/cpriebe1/MO/model-taxonomy/results/shared_cache/03_adapters/allenai--OLMo-2-0425-1B-Instruct/yahoo_000g1_000g2_100g3_n1000_s00_r16_i00_b5008_fea27ccee,0/0/100,-0.34089356660842896,0.020054157823324203
behavioral_greedy,behavioral,cosine,oasst1zh,10,mean,-1,/weka/scratch/jhu/cpriebe1/MO/model-taxonomy/results/shared_cache/03_adapters/allenai--OLMo-2-0425-1B-Instruct/yahoo_100g1_000g2_000g3_n1000_s00_r16_i00_b5008_fea27ccee,100/0/0,-1.327621884617889e-18,0.24798235297203064
behavioral_greedy,behavioral,cosine,oasst1zh,10,mean,-1,/weka/scratch/jhu/cpriebe1/MO/model-taxonomy/results/shared_cache/03_adapters/allenai--OLMo-2-0425-1B-Instruct/yahoo_075g1_025g2_000g3_n1000_s00_r16_i00_b5008_fea27ccee,75/25/0,0.2755896747112274,-0.025435153394937515
behavioral_greedy,behavioral,cosine,oasst1zh,10,mean,-1,/weka/scratch/jhu/cpriebe1/MO/model-taxonomy/results/shared_cache/03_adapters/allenai--OLMo-2-0425-1B-Instruct/yahoo_075g1_000g2_025g3_n1000_s00_r16_i00_b5008_fea27ccee,75/0/25,-0.14783407747745514,0.22738902270793915
behavioral_greedy,behavioral,cosine,oasst1zh,10,mean,-1,/weka/scratch/jhu/cpriebe1/MO/model-taxonomy/results/shared_cache/03_adapters/allenai--OLMo-2-0425-1B-Instruct/yahoo_050g1_050g2_000g3_n1000_s00_r16_i00_b5008_fea27ccee,50/50/0,0.1951962411403656,-0.1053122729063034
behavioral_greedy,behavioral,cosine,oasst1zh,10,mean,-1,/weka/scratch/jhu/cpriebe1/MO/model-taxonomy/results/shared_cache/03_adapters/allenai--OLMo-2-0425-1B-Instruct/yahoo_050g1_025g2_025g3_n1000_s00_r16_i00_b5008_fea27ccee,50/25/25,0.01995045319199562,-0.2520551383495331
behavioral_greedy,behavioral,cosine,oasst1zh,10,mean,-1,/weka/scratch/jhu/cpriebe1/MO/model-taxonomy/results/shared_cache/03_adapters/allenai--OLMo-2-0425-1B-Instruct/yahoo_050g1_000g2_050g3_n1000_s00_r16_i00_b5008_fea27ccee,50/0/50,-0.25857338309288025,0.12761624157428741
behavioral_greedy,behavioral,cosine,oasst1zh,10,mean,-1,/weka/scratch/jhu/cpriebe1/MO/model-taxonomy/results/shared_cache/03_adapters/allenai--OLMo-2-0425-1B-Instruct/yahoo_033g1_033g2_033g3_n1000_s00_r16_i00_b5008_fea27ccee,33/33/33,0.001440611551515758,-0.14063388109207153
behavioral_greedy,behavioral,cosine,oasst1zh,10,mean,-1,/weka/scratch/jhu/cpriebe1/MO/model-taxonomy/results/shared_cache/03_adapters/allenai--OLMo-2-0425-1B-Instruct/yahoo_025g1_075g2_000g3_n1000_s00_r16_i00_b5008_fea27ccee,25/75/0,0.1924605667591095,0.22200876474380493
behavioral_greedy,behavioral,cosine,oasst1zh,10,mean,-1,/weka/scratch/jhu/cpriebe1/MO/model-taxonomy/results/shared_cache/03_adapters/allenai--OLMo-2-0425-1B-Instruct/yahoo_025g1_050g2_025g3_n1000_s00_r16_i00_b5008_fea27ccee,25/50/25,0.17031294107437134,-0.23278239369392395
behavioral_greedy,behavioral,cosine,oasst1zh,10,mean,-1,/weka/scratch/jhu/cpriebe1/MO/model-taxonomy/results/shared_cache/03_adapters/allenai--OLMo-2-0425-1B-Instruct/yahoo_025g1_025g2_050g3_n1000_s00_r16_i00_b5008_fea27ccee,25/25/50,0.019184134900569916,0.09228122234344482
behavioral_greedy,behavioral,cosine,oasst1zh,10,mean,-1,/weka/scratch/jhu/cpriebe1/MO/model-taxonomy/results/shared_cache/03_adapters/allenai--OLMo-2-0425-1B-Instruct/yahoo_025g1_000g2_075g3_n1000_s00_r16_i00_b5008_fea27ccee,25/0/75,-0.24659395217895508,-0.06711594760417938
behavioral_greedy,behavioral,cosine,oasst1zh,10,mean,-1,/weka/scratch/jhu/cpriebe1/MO/model-taxonomy/results/shared_cache/03_adapters/allenai--OLMo-2-0425-1B-Instruct/yahoo_000g1_100g2_000g3_n1000_s00_r16_i00_b5008_fea27ccee,0/100/0,0.2454851120710373,0.122843436896801
behavioral_greedy,behavioral,cosine,oasst1zh,10,mean,-1,/weka/scratch/jhu/cpriebe1/MO/model-taxonomy/results/shared_cache/03_adapters/allenai--OLMo-2-0425-1B-Instruct/yahoo_000g1_075g2_025g3_n1000_s00_r16_i00_b5008_fea27ccee,0/75/25,0.16237390041351318,0.007126069162040949
behavioral_greedy,behavioral,cosine,oasst1zh,10,mean,-1,/weka/scratch/jhu/cpriebe1/MO/model-taxonomy/results/shared_cache/03_adapters/allenai--OLMo-2-0425-1B-Instruct/yahoo_000g1_050g2_050g3_n1000_s00_r16_i00_b5008_fea27ccee,0/50/50,-0.06750469654798508,-0.0053197774104774
behavioral_greedy,behavioral,cosine,oasst1zh,10,mean,-1,/weka/scratch/jhu/cpriebe1/MO/model-taxonomy/results/shared_cache/03_adapters/allenai--OLMo-2-0425-1B-Instruct/yahoo_000g1_025g2_075g3_n1000_s00_r16_i00_b5008_fea27ccee,0/25/75,-0.22059397399425507,-0.2386467307806015
behavioral_greedy,behavioral,cosine,oasst1zh,10,mean,-1,/weka/scratch/jhu/cpriebe1/MO/model-taxonomy/results/shared_cache/03_adapters/allenai--OLMo-2-0425-1B-Instruct/yahoo_000g1_000g2_100g3_n1000_s00_r16_i00_b5008_fea27ccee,0/0/100,-0.34089356660842896,0.020054157823324203
behavioral_greedy,behavioral,cosine,oasst1zh,10,seed_aligned,0,/weka/scratch/jhu/cpriebe1/MO/model-taxonomy/results/shared_cache/03_adapters/allenai--OLMo-2-0425-1B-Instruct/yahoo_100g1_000g2_000g3_n1000_s00_r16_i00_b5008_fea27ccee,100/0/0,-1.327621884617889e-18,0.24798235297203064
behavioral_greedy,behavioral,cosine,oasst1zh,10,seed_aligned,0,/weka/scratch/jhu/cpriebe1/MO/model-taxonomy/results/shared_cache/03_adapters/allenai--OLMo-2-0425-1B-Instruct/yahoo_075g1_025g2_000g3_n1000_s00_r16_i00_b5008_fea27ccee,75/25/0,0.2755896747112274,-0.025435153394937515
behavioral_greedy,behavioral,cosine,oasst1zh,10,seed_aligned,0,/weka/scratch/jhu/cpriebe1/MO/model-taxonomy/results/shared_cache/03_adapters/allenai--OLMo-2-0425-1B-Instruct/yahoo_075g1_000g2_025g3_n1000_s00_r16_i00_b5008_fea27ccee,75/0/25,-0.14783407747745514,0.22738902270793915
behavioral_greedy,behavioral,cosine,oasst1zh,10,seed_aligned,0,/weka/scratch/jhu/cpriebe1/MO/model-taxonomy/results/shared_cache/03_adapters/allenai--OLMo-2-0425-1B-Instruct/yahoo_050g1_050g2_000g3_n1000_s00_r16_i00_b5008_fea27ccee,50/50/0,0.1951962411403656,-0.1053122729063034
behavioral_greedy,behavioral,cosine,oasst1zh,10,seed_aligned,0,/weka/scratch/jhu/cpriebe1/MO/model-taxonomy/results/shared_cache/03_adapters/allenai--OLMo-2-0425-1B-Instruct/yahoo_050g1_025g2_025g3_n1000_s00_r16_i00_b5008_fea27ccee,50/25/25,0.01995045319199562,-0.2520551383495331
behavioral_greedy,behavioral,cosine,oasst1zh,10,seed_aligned,0,/weka/scratch/jhu/cpriebe1/MO/model-taxonomy/results/shared_cache/03_adapters/allenai--OLMo-2-0425-1B-Instruct/yahoo_050g1_000g2_050g3_n1000_s00_r16_i00_b5008_fea27ccee,50/0/50,-0.25857338309288025,0.12761624157428741
behavioral_greedy,behavioral,cosine,oasst1zh,10,seed_aligned,0,/weka/scratch/jhu/cpriebe1/MO/model-taxonomy/results/shared_cache/03_adapters/allenai--OLMo-2-0425-1B-Instruct/yahoo_033g1_033g2_033g3_n1000_s00_r16_i00_b5008_fea27ccee,33/33/33,0.001440611551515758,-0.14063388109207153
behavioral_greedy,behavioral,cosine,oasst1zh,10,seed_aligned,0,/weka/scratch/jhu/cpriebe1/MO/model-taxonomy/results/shared_cache/03_adapters/allenai--OLMo-2-0425-1B-Instruct/yahoo_025g1_075g2_000g3_n1000_s00_r16_i00_b5008_fea27ccee,25/75/0,0.1924605667591095,0.22200876474380493
behavioral_greedy,behavioral,cosine,oasst1zh,10,seed_aligned,0,/weka/scratch/jhu/cpriebe1/MO/model-taxonomy/results/shared_cache/03_adapters/allenai--OLMo-2-0425-1B-Instruct/yahoo_025g1_050g2_025g3_n1000_s00_r16_i00_b5008_fea27ccee,25/50/25,0.17031294107437134,-0.23278239369392395
behavioral_greedy,behavioral,cosine,oasst1zh,10,seed_aligned,0,/weka/scratch/jhu/cpriebe1/MO/model-taxonomy/results/shared_cache/03_adapters/allenai--OLMo-2-0425-1B-Instruct/yahoo_025g1_025g2_050g3_n1000_s00_r16_i00_b5008_fea27ccee,25/25/50,0.019184134900569916,0.09228122234344482
behavioral_greedy,behavioral,cosine,oasst1zh,10,seed_aligned,0,/weka/scratch/jhu/cpriebe1/MO/model-taxonomy/results/shared_cache/03_adapters/allenai--OLMo-2-0425-1B-Instruct/yahoo_025g1_000g2_075g3_n1000_s00_r16_i00_b5008_fea27ccee,25/0/75,-0.24659395217895508,-0.06711594760417938
behavioral_greedy,behavioral,cosine,oasst1zh,10,seed_aligned,0,/weka/scratch/jhu/cpriebe1/MO/model-taxonomy/results/shared_cache/03_adapters/allenai--OLMo-2-0425-1B-Instruct/yahoo_000g1_100g2_000g3_n1000_s00_r16_i00_b5008_fea27ccee,0/100/0,0.2454851120710373,0.122843436896801
behavioral_greedy,behavioral,cosine,oasst1zh,10,seed_aligned,0,/weka/scratch/jhu/cpriebe1/MO/model-taxonomy/results/shared_cache/03_adapters/allenai--OLMo-2-0425-1B-Instruct/yahoo_000g1_075g2_025g3_n1000_s00_r16_i00_b5008_fea27ccee,0/75/25,0.16237390041351318,0.007126069162040949
behavioral_greedy,behavioral,cosine,oasst1zh,10,seed_aligned,0,/weka/scratch/jhu/cpriebe1/MO/model-taxonomy/results/shared_cache/03_adapters/allenai--OLMo-2-0425-1B-Instruct/yahoo_000g1_050g2_050g3_n1000_s00_r16_i00_b5008_fea27ccee,0/50/50,-0.06750469654798508,-0.0053197774104774
behavioral_greedy,behavioral,cosine,oasst1zh,10,seed_aligned,0,/weka/scratch/jhu/cpriebe1/MO/model-taxonomy/results/shared_cache/03_adapters/allenai--OLMo-2-0425-1B-Instruct/yahoo_000g1_025g2_075g3_n1000_s00_r16_i00_b5008_fea27ccee,0/25/75,-0.22059397399425507,-0.2386467307806015
behavioral_greedy,behavioral,cosine,oasst1zh,10,seed_aligned,0,/weka/scratch/jhu/cpriebe1/MO/model-taxonomy/results/shared_cache/03_adapters/allenai--OLMo-2-0425-1B-Instruct/yahoo_000g1_000g2_100g3_n1000_s00_r16_i00_b5008_fea27ccee,0/0/100,-0.34089356660842896,0.020054157823324203
behavioral_greedy,behavioral,cosine,oasst1zh,20,pooled,-1,/weka/scratch/jhu/cpriebe1/MO/model-taxonomy/results/shared_cache/03_adapters/allenai--OLMo-2-0425-1B-Instruct/yahoo_100g1_000g2_000g3_n1000_s00_r16_i00_b5008_fea27ccee,100/0/0,-4.297928616212611e-19,0.2757597267627716
behavioral_greedy,behavioral,cosine,oasst1zh,20,pooled,-1,/weka/scratch/jhu/cpriebe1/MO/model-taxonomy/results/shared_cache/03_adapters/allenai--OLMo-2-0425-1B-Instruct/yahoo_075g1_025g2_000g3_n1000_s00_r16_i00_b5008_fea27ccee,75/25/0,0.26074784994125366,0.039331112056970596
behavioral_greedy,behavioral,cosine,oasst1zh,20,pooled,-1,/weka/scratch/jhu/cpriebe1/MO/model-taxonomy/results/shared_cache/03_adapters/allenai--OLMo-2-0425-1B-Instruct/yahoo_075g1_000g2_025g3_n1000_s00_r16_i00_b5008_fea27ccee,75/0/25,-0.13833515346050262,0.235715851187706
behavioral_greedy,behavioral,cosine,oasst1zh,20,pooled,-1,/weka/scratch/jhu/cpriebe1/MO/model-taxonomy/results/shared_cache/03_adapters/allenai--OLMo-2-0425-1B-Instruct/yahoo_050g1_050g2_000g3_n1000_s00_r16_i00_b5008_fea27ccee,50/50/0,0.21435269713401794,0.09799579530954361
behavioral_greedy,behavioral,cosine,oasst1zh,20,pooled,-1,/weka/scratch/jhu/cpriebe1/MO/model-taxonomy/results/shared_cache/03_adapters/allenai--OLMo-2-0425-1B-Instruct/yahoo_050g1_025g2_025g3_n1000_s00_r16_i00_b5008_fea27ccee,50/25/25,0.14795716106891632,0.2166801244020462
behavioral_greedy,behavioral,cosine,oasst1zh,20,pooled,-1,/weka/scratch/jhu/cpriebe1/MO/model-taxonomy/results/shared_cache/03_adapters/allenai--OLMo-2-0425-1B-Instruct/yahoo_050g1_000g2_050g3_n1000_s00_r16_i00_b5008_fea27ccee,50/0/50,-0.220253586769104,0.13813374936580658
behavioral_greedy,behavioral,cosine,oasst1zh,20,pooled,-1,/weka/scratch/jhu/cpriebe1/MO/model-taxonomy/results/shared_cache/03_adapters/allenai--OLMo-2-0425-1B-Instruct/yahoo_033g1_033g2_033g3_n1000_s00_r16_i00_b5008_fea27ccee,33/33/33,0.01756933517754078,0.09813828766345978
behavioral_greedy,behavioral,cosine,oasst1zh,20,pooled,-1,/weka/scratch/jhu/cpriebe1/MO/model-taxonomy/results/shared_cache/03_adapters/allenai--OLMo-2-0425-1B-Instruct/yahoo_025g1_075g2_000g3_n1000_s00_r16_i00_b5008_fea27ccee,25/75/0,0.14286522567272186,-0.26893454790115356
behavioral_greedy,behavioral,cosine,oasst1zh,20,pooled,-1,/weka/scratch/jhu/cpriebe1/MO/model-taxonomy/results/shared_cache/03_adapters/allenai--OLMo-2-0425-1B-Instruct/yahoo_025g1_050g2_025g3_n1000_s00_r16_i00_b5008_fea27ccee,25/50/25,0.10442746430635452,-0.014361663721501827
behavioral_greedy,behavioral,cosine,oasst1zh,20,pooled,-1,/weka/scratch/jhu/cpriebe1/MO/model-taxonomy/results/shared_cache/03_adapters/allenai--OLMo-2-0425-1B-Instruct/yahoo_025g1_025g2_050g3_n1000_s00_r16_i00_b5008_fea27ccee,25/25/50,-0.04810129106044769,-0.08425650000572205
behavioral_greedy,behavioral,cosine,oasst1zh,20,pooled,-1,/weka/scratch/jhu/cpriebe1/MO/model-taxonomy/results/shared_cache/03_adapters/allenai--OLMo-2-0425-1B-Instruct/yahoo_025g1_000g2_075g3_n1000_s00_r16_i00_b5008_fea27ccee,25/0/75,-0.23386099934577942,-0.027593424543738365
behavioral_greedy,behavioral,cosine,oasst1zh,20,pooled,-1,/weka/scratch/jhu/cpriebe1/MO/model-taxonomy/results/shared_cache/03_adapters/allenai--OLMo-2-0425-1B-Instruct/yahoo_000g1_100g2_000g3_n1000_s00_r16_i00_b5008_fea27ccee,0/100/0,0.258045494556427,-0.15019120275974274
behavioral_greedy,behavioral,cosine,oasst1zh,20,pooled,-1,/weka/scratch/jhu/cpriebe1/MO/model-taxonomy/results/shared_cache/03_adapters/allenai--OLMo-2-0425-1B-Instruct/yahoo_000g1_075g2_025g3_n1000_s00_r16_i00_b5008_fea27ccee,0/75/25,0.14875368773937225,-0.14281189441680908
behavioral_greedy,behavioral,cosine,oasst1zh,20,pooled,-1,/weka/scratch/jhu/cpriebe1/MO/model-taxonomy/results/shared_cache/03_adapters/allenai--OLMo-2-0425-1B-Instruct/yahoo_000g1_050g2_050g3_n1000_s00_r16_i00_b5008_fea27ccee,0/50/50,-0.05580590292811394,-0.21723611652851105
behavioral_greedy,behavioral,cosine,oasst1zh,20,pooled,-1,/weka/scratch/jhu/cpriebe1/MO/model-taxonomy/results/shared_cache/03_adapters/allenai--OLMo-2-0425-1B-Instruct/yahoo_000g1_025g2_075g3_n1000_s00_r16_i00_b5008_fea27ccee,0/25/75,-0.2490803748369217,-0.2072528898715973
behavioral_greedy,behavioral,cosine,oasst1zh,20,pooled,-1,/weka/scratch/jhu/cpriebe1/MO/model-taxonomy/results/shared_cache/03_adapters/allenai--OLMo-2-0425-1B-Instruct/yahoo_000g1_000g2_100g3_n1000_s00_r16_i00_b5008_fea27ccee,0/0/100,-0.3492816090583801,0.010883587412536144
behavioral_greedy,behavioral,cosine,oasst1zh,20,mean,-1,/weka/scratch/jhu/cpriebe1/MO/model-taxonomy/results/shared_cache/03_adapters/allenai--OLMo-2-0425-1B-Instruct/yahoo_100g1_000g2_000g3_n1000_s00_r16_i00_b5008_fea27ccee,100/0/0,-4.297928616212611e-19,0.2757597267627716
behavioral_greedy,behavioral,cosine,oasst1zh,20,mean,-1,/weka/scratch/jhu/cpriebe1/MO/model-taxonomy/results/shared_cache/03_adapters/allenai--OLMo-2-0425-1B-Instruct/yahoo_075g1_025g2_000g3_n1000_s00_r16_i00_b5008_fea27ccee,75/25/0,0.26074784994125366,0.039331112056970596
behavioral_greedy,behavioral,cosine,oasst1zh,20,mean,-1,/weka/scratch/jhu/cpriebe1/MO/model-taxonomy/results/shared_cache/03_adapters/allenai--OLMo-2-0425-1B-Instruct/yahoo_075g1_000g2_025g3_n1000_s00_r16_i00_b5008_fea27ccee,75/0/25,-0.13833515346050262,0.235715851187706
behavioral_greedy,behavioral,cosine,oasst1zh,20,mean,-1,/weka/scratch/jhu/cpriebe1/MO/model-taxonomy/results/shared_cache/03_adapters/allenai--OLMo-2-0425-1B-Instruct/yahoo_050g1_050g2_000g3_n1000_s00_r16_i00_b5008_fea27ccee,50/50/0,0.21435269713401794,0.09799579530954361
behavioral_greedy,behavioral,cosine,oasst1zh,20,mean,-1,/weka/scratch/jhu/cpriebe1/MO/model-taxonomy/results/shared_cache/03_adapters/allenai--OLMo-2-0425-1B-Instruct/yahoo_050g1_025g2_025g3_n1000_s00_r16_i00_b5008_fea27ccee,50/25/25,0.14795716106891632,0.2166801244020462
behavioral_greedy,behavioral,cosine,oasst1zh,20,mean,-1,/weka/scratch/jhu/cpriebe1/MO/model-taxonomy/results/shared_cache/03_adapters/allenai--OLMo-2-0425-1B-Instruct/yahoo_050g1_000g2_050g3_n1000_s00_r16_i00_b5008_fea27ccee,50/0/50,-0.220253586769104,0.13813374936580658
behavioral_greedy,behavioral,cosine,oasst1zh,20,mean,-1,/weka/scratch/jhu/cpriebe1/MO/model-taxonomy/results/shared_cache/03_adapters/allenai--OLMo-2-0425-1B-Instruct/yahoo_033g1_033g2_033g3_n1000_s00_r16_i00_b5008_fea27ccee,33/33/33,0.01756933517754078,0.09813828766345978
behavioral_greedy,behavioral,cosine,oasst1zh,20,mean,-1,/weka/scratch/jhu/cpriebe1/MO/model-taxonomy/results/shared_cache/03_adapters/allenai--OLMo-2-0425-1B-Instruct/yahoo_025g1_075g2_000g3_n1000_s00_r16_i00_b5008_fea27ccee,25/75/0,0.14286522567272186,-0.26893454790115356
behavioral_greedy,behavioral,cosine,oasst1zh,20,mean,-1,/weka/scratch/jhu/cpriebe1/MO/model-taxonomy/results/shared_cache/03_adapters/allenai--OLMo-2-0425-1B-Instruct/yahoo_025g1_050g2_025g3_n1000_s00_r16_i00_b5008_fea27ccee,25/50/25,0.10442746430635452,-0.014361663721501827
behavioral_greedy,behavioral,cosine,oasst1zh,20,mean,-1,/weka/scratch/jhu/cpriebe1/MO/model-taxonomy/results/shared_cache/03_adapters/allenai--OLMo-2-0425-1B-Instruct/yahoo_025g1_025g2_050g3_n1000_s00_r16_i00_b5008_fea27ccee,25/25/50,-0.04810129106044769,-0.08425650000572205
behavioral_greedy,behavioral,cosine,oasst1zh,20,mean,-1,/weka/scratch/jhu/cpriebe1/MO/model-taxonomy/results/shared_cache/03_adapters/allenai--OLMo-2-0425-1B-Instruct/yahoo_025g1_000g2_075g3_n1000_s00_r16_i00_b5008_fea27ccee,25/0/75,-0.23386099934577942,-0.027593424543738365
behavioral_greedy,behavioral,cosine,oasst1zh,20,mean,-1,/weka/scratch/jhu/cpriebe1/MO/model-taxonomy/results/shared_cache/03_adapters/allenai--OLMo-2-0425-1B-Instruct/yahoo_000g1_100g2_000g3_n1000_s00_r16_i00_b5008_fea27ccee,0/100/0,0.258045494556427,-0.15019120275974274
behavioral_greedy,behavioral,cosine,oasst1zh,20,mean,-1,/weka/scratch/jhu/cpriebe1/MO/model-taxonomy/results/shared_cache/03_adapters/allenai--OLMo-2-0425-1B-Instruct/yahoo_000g1_075g2_025g3_n1000_s00_r16_i00_b5008_fea27ccee,0/75/25,0.14875368773937225,-0.14281189441680908
behavioral_greedy,behavioral,cosine,oasst1zh,20,mean,-1,/weka/scratch/jhu/cpriebe1/MO/model-taxonomy/results/shared_cache/03_adapters/allenai--OLMo-2-0425-1B-Instruct/yahoo_000g1_050g2_050g3_n1000_s00_r16_i00_b5008_fea27ccee,0/50/50,-0.05580590292811394,-0.21723611652851105
behavioral_greedy,behavioral,cosine,oasst1zh,20,mean,-1,/weka/scratch/jhu/cpriebe1/MO/model-taxonomy/results/shared_cache/03_adapters/allenai--OLMo-2-0425-1B-Instruct/yahoo_000g1_025g2_075g3_n1000_s00_r16_i00_b5008_fea27ccee,0/25/75,-0.2490803748369217,-0.2072528898715973
behavioral_greedy,behavioral,cosine,oasst1zh,20,mean,-1,/weka/scratch/jhu/cpriebe1/MO/model-taxonomy/results/shared_cache/03_adapters/allenai--OLMo-2-0425-1B-Instruct/yahoo_000g1_000g2_100g3_n1000_s00_r16_i00_b5008_fea27ccee,0/0/100,-0.3492816090583801,0.010883587412536144
behavioral_greedy,behavioral,cosine,oasst1zh,20,seed_aligned,0,/weka/scratch/jhu/cpriebe1/MO/model-taxonomy/results/shared_cache/03_adapters/allenai--OLMo-2-0425-1B-Instruct/yahoo_100g1_000g2_000g3_n1000_s00_r16_i00_b5008_fea27ccee,100/0/0,-4.297928616212611e-19,0.2757597267627716
behavioral_greedy,behavioral,cosine,oasst1zh,20,seed_aligned,0,/weka/scratch/jhu/cpriebe1/MO/model-taxonomy/results/shared_cache/03_adapters/allenai--OLMo-2-0425-1B-Instruct/yahoo_075g1_025g2_000g3_n1000_s00_r16_i00_b5008_fea27ccee,75/25/0,0.26074784994125366,0.039331112056970596
behavioral_greedy,behavioral,cosine,oasst1zh,20,seed_aligned,0,/weka/scratch/jhu/cpriebe1/MO/model-taxonomy/results/shared_cache/03_adapters/allenai--OLMo-2-0425-1B-Instruct/yahoo_075g1_000g2_025g3_n1000_s00_r16_i00_b5008_fea27ccee,75/0/25,-0.13833515346050262,0.235715851187706
behavioral_greedy,behavioral,cosine,oasst1zh,20,seed_aligned,0,/weka/scratch/jhu/cpriebe1/MO/model-taxonomy/results/shared_cache/03_adapters/allenai--OLMo-2-0425-1B-Instruct/yahoo_050g1_050g2_000g3_n1000_s00_r16_i00_b5008_fea27ccee,50/50/0,0.21435269713401794,0.09799579530954361
behavioral_greedy,behavioral,cosine,oasst1zh,20,seed_aligned,0,/weka/scratch/jhu/cpriebe1/MO/model-taxonomy/results/shared_cache/03_adapters/allenai--OLMo-2-0425-1B-Instruct/yahoo_050g1_025g2_025g3_n1000_s00_r16_i00_b5008_fea27ccee,50/25/25,0.14795716106891632,0.2166801244020462
behavioral_greedy,behavioral,cosine,oasst1zh,20,seed_aligned,0,/weka/scratch/jhu/cpriebe1/MO/model-taxonomy/results/shared_cache/03_adapters/allenai--OLMo-2-0425-1B-Instruct/yahoo_050g1_000g2_050g3_n1000_s00_r16_i00_b5008_fea27ccee,50/0/50,-0.220253586769104,0.13813374936580658
behavioral_greedy,behavioral,cosine,oasst1zh,20,seed_aligned,0,/weka/scratch/jhu/cpriebe1/MO/model-taxonomy/results/shared_cache/03_adapters/allenai--OLMo-2-0425-1B-Instruct/yahoo_033g1_033g2_033g3_n1000_s00_r16_i00_b5008_fea27ccee,33/33/33,0.01756933517754078,0.09813828766345978
behavioral_greedy,behavioral,cosine,oasst1zh,20,seed_aligned,0,/weka/scratch/jhu/cpriebe1/MO/model-taxonomy/results/shared_cache/03_adapters/allenai--OLMo-2-0425-1B-Instruct/yahoo_025g1_075g2_000g3_n1000_s00_r16_i00_b5008_fea27ccee,25/75/0,0.14286522567272186,-0.26893454790115356
behavioral_greedy,behavioral,cosine,oasst1zh,20,seed_aligned,0,/weka/scratch/jhu/cpriebe1/MO/model-taxonomy/results/shared_cache/03_adapters/allenai--OLMo-2-0425-1B-Instruct/yahoo_025g1_050g2_025g3_n1000_s00_r16_i00_b5008_fea27ccee,25/50/25,0.10442746430635452,-0.014361663721501827
behavioral_greedy,behavioral,cosine,oasst1zh,20,seed_aligned,0,/weka/scratch/jhu/cpriebe1/MO/model-taxonomy/results/shared_cache/03_adapters/allenai--OLMo-2-0425-1B-Instruct/yahoo_025g1_025g2_050g3_n1000_s00_r16_i00_b5008_fea27ccee,25/25/50,-0.04810129106044769,-0.08425650000572205
behavioral_greedy,behavioral,cosine,oasst1zh,20,seed_aligned,0,/weka/scratch/jhu/cpriebe1/MO/model-taxonomy/results/shared_cache/03_adapters/allenai--OLMo-2-0425-1B-Instruct/yahoo_025g1_000g2_075g3_n1000_s00_r16_i00_b5008_fea27ccee,25/0/75,-0.23386099934577942,-0.027593424543738365
behavioral_greedy,behavioral,cosine,oasst1zh,20,seed_aligned,0,/weka/scratch/jhu/cpriebe1/MO/model-taxonomy/results/shared_cache/03_adapters/allenai--OLMo-2-0425-1B-Instruct/yahoo_000g1_100g2_000g3_n1000_s00_r16_i00_b5008_fea27ccee,0/100/0,0.258045494556427,-0.15019120275974274
behavioral_greedy,behavioral,cosine,oasst1zh,20,seed_aligned,0,/weka/scratch/jhu/cpriebe1/MO/model-taxonomy/results/shared_cache/03_adapters/allenai--OLMo-2-0425-1B-Instruct/yahoo_000g1_075g2_025g3_n1000_s00_r16_i00_b5008_fea27ccee,0/75/25,0.14875368773937225,-0.14281189441680908
behavioral_greedy,behavioral,cosine,oasst1zh,20,seed_aligned,0,/weka/scratch/jhu/cpriebe1/MO/model-taxonomy/results/shared_cache/03_adapters/allenai--OLMo-2-0425-1B-Instruct/yahoo_000g1_050g2_050g3_n1000_s00_r16_i00_b5008_fea27ccee,0/50/50,-0.05580590292811394,-0.21723611652851105
behavioral_greedy,behavioral,cosine,oasst1zh,20,seed_aligned,0,/weka/scratch/jhu/cpriebe1/MO/model-taxonomy/results/shared_cache/03_adapters/allenai--OLMo-2-0425-1B-Instruct/yahoo_000g1_025g2_075g3_n1000_s00_r16_i00_b5008_fea27ccee,0/25/75,-0.2490803748369217,-0.2072528898715973
behavioral_greedy,behavioral,cosine,oasst1zh,20,seed_aligned,0,/weka/scratch/jhu/cpriebe1/MO/model-taxonomy/results/shared_cache/03_adapters/allenai--OLMo-2-0425-1B-Instruct/yahoo_000g1_000g2_100g3_n1000_s00_r16_i00_b5008_fea27ccee,0/0/100,-0.3492816090583801,0.010883587412536144
behavioral_greedy,behavioral,cosine,oasst1zh,50,pooled,-1,/weka/scratch/jhu/cpriebe1/MO/model-taxonomy/results/shared_cache/03_adapters/allenai--OLMo-2-0425-1B-Instruct/yahoo_100g1_000g2_000g3_n1000_s00_r16_i00_b5008_fea27ccee,100/0/0,-2.240310990184121e-17,0.31341078877449036
behavioral_greedy,behavioral,cosine,oasst1zh,50,pooled,-1,/weka/scratch/jhu/cpriebe1/MO/model-taxonomy/results/shared_cache/03_adapters/allenai--OLMo-2-0425-1B-Instruct/yahoo_075g1_025g2_000g3_n1000_s00_r16_i00_b5008_fea27ccee,75/25/0,0.27312469482421875,0.04816799983382225
behavioral_greedy,behavioral,cosine,oasst1zh,50,pooled,-1,/weka/scratch/jhu/cpriebe1/MO/model-taxonomy/results/shared_cache/03_adapters/allenai--OLMo-2-0425-1B-Instruct/yahoo_075g1_000g2_025g3_n1000_s00_r16_i00_b5008_fea27ccee,75/0/25,-0.11091820150613785,0.21219348907470703
behavioral_greedy,behavioral,cosine,oasst1zh,50,pooled,-1,/weka/scratch/jhu/cpriebe1/MO/model-taxonomy/results/shared_cache/03_adapters/allenai--OLMo-2-0425-1B-Instruct/yahoo_050g1_050g2_000g3_n1000_s00_r16_i00_b5008_fea27ccee,50/50/0,0.2381209433078766,0.14036336541175842
behavioral_greedy,behavioral,cosine,oasst1zh,50,pooled,-1,/weka/scratch/jhu/cpriebe1/MO/model-taxonomy/results/shared_cache/03_adapters/allenai--OLMo-2-0425-1B-Instruct/yahoo_050g1_025g2_025g3_n1000_s00_r16_i00_b5008_fea27ccee,50/25/25,0.1089339554309845,0.17817974090576172
behavioral_greedy,behavioral,cosine,oasst1zh,50,pooled,-1,/weka/scratch/jhu/cpriebe1/MO/model-taxonomy/results/shared_cache/03_adapters/allenai--OLMo-2-0425-1B-Instruct/yahoo_050g1_000g2_050g3_n1000_s00_r16_i00_b5008_fea27ccee,50/0/50,-0.28488850593566895,0.08579570800065994
behavioral_greedy,behavioral,cosine,oasst1zh,50,pooled,-1,/weka/scratch/jhu/cpriebe1/MO/model-taxonomy/results/shared_cache/03_adapters/allenai--OLMo-2-0425-1B-Instruct/yahoo_033g1_033g2_033g3_n1000_s00_r16_i00_b5008_fea27ccee,33/33/33,0.047661181539297104,0.04520782083272934
behavioral_greedy,behavioral,cosine,oasst1zh,50,pooled,-1,/weka/scratch/jhu/cpriebe1/MO/model-taxonomy/results/shared_cache/03_adapters/allenai--OLMo-2-0425-1B-Instruct/yahoo_025g1_075g2_000g3_n1000_s00_r16_i00_b5008_fea27ccee,25/75/0,0.2039209008216858,-0.2496151477098465
behavioral_greedy,behavioral,cosine,oasst1zh,50,pooled,-1,/weka/scratch/jhu/cpriebe1/MO/model-taxonomy/results/shared_cache/03_adapters/allenai--OLMo-2-0425-1B-Instruct/yahoo_025g1_050g2_025g3_n1000_s00_r16_i00_b5008_fea27ccee,25/50/25,0.07567469030618668,-0.07812563329935074
behavioral_greedy,behavioral,cosine,oasst1zh,50,pooled,-1,/weka/scratch/jhu/cpriebe1/MO/model-taxonomy/results/shared_cache/03_adapters/allenai--OLMo-2-0425-1B-Instruct/yahoo_025g1_025g2_050g3_n1000_s00_r16_i00_b5008_fea27ccee,25/25/50,-0.08828302472829819,-0.01499356608837843
behavioral_greedy,behavioral,cosine,oasst1zh,50,pooled,-1,/weka/scratch/jhu/cpriebe1/MO/model-taxonomy/results/shared_cache/03_adapters/allenai--OLMo-2-0425-1B-Instruct/yahoo_025g1_000g2_075g3_n1000_s00_r16_i00_b5008_fea27ccee,25/0/75,-0.22777150571346283,0.15560761094093323
behavioral_greedy,behavioral,cosine,oasst1zh,50,pooled,-1,/weka/scratch/jhu/cpriebe1/MO/model-taxonomy/results/shared_cache/03_adapters/allenai--OLMo-2-0425-1B-Instruct/yahoo_000g1_100g2_000g3_n1000_s00_r16_i00_b5008_fea27ccee,0/100/0,0.2590807378292084,-0.14131177961826324
behavioral_greedy,behavioral,cosine,oasst1zh,50,pooled,-1,/weka/scratch/jhu/cpriebe1/MO/model-taxonomy/results/shared_cache/03_adapters/allenai--OLMo-2-0425-1B-Instruct/yahoo_000g1_075g2_025g3_n1000_s00_r16_i00_b5008_fea27ccee,0/75/25,0.07418329268693924,-0.20159773528575897
behavioral_greedy,behavioral,cosine,oasst1zh,50,pooled,-1,/weka/scratch/jhu/cpriebe1/MO/model-taxonomy/results/shared_cache/03_adapters/allenai--OLMo-2-0425-1B-Instruct/yahoo_000g1_050g2_050g3_n1000_s00_r16_i00_b5008_fea27ccee,0/50/50,-0.07388130575418472,-0.20923425257205963
behavioral_greedy,behavioral,cosine,oasst1zh,50,pooled,-1,/weka/scratch/jhu/cpriebe1/MO/model-taxonomy/results/shared_cache/03_adapters/allenai--OLMo-2-0425-1B-Instruct/yahoo_000g1_025g2_075g3_n1000_s00_r16_i00_b5008_fea27ccee,0/25/75,-0.199387788772583,-0.1915455311536789
behavioral_greedy,behavioral,cosine,oasst1zh,50,pooled,-1,/weka/scratch/jhu/cpriebe1/MO/model-taxonomy/results/shared_cache/03_adapters/allenai--OLMo-2-0425-1B-Instruct/yahoo_000g1_000g2_100g3_n1000_s00_r16_i00_b5008_fea27ccee,0/0/100,-0.29557004570961,-0.0925028845667839
behavioral_greedy,behavioral,cosine,oasst1zh,50,mean,-1,/weka/scratch/jhu/cpriebe1/MO/model-taxonomy/results/shared_cache/03_adapters/allenai--OLMo-2-0425-1B-Instruct/yahoo_100g1_000g2_000g3_n1000_s00_r16_i00_b5008_fea27ccee,100/0/0,-2.240310990184121e-17,0.31341078877449036
behavioral_greedy,behavioral,cosine,oasst1zh,50,mean,-1,/weka/scratch/jhu/cpriebe1/MO/model-taxonomy/results/shared_cache/03_adapters/allenai--OLMo-2-0425-1B-Instruct/yahoo_075g1_025g2_000g3_n1000_s00_r16_i00_b5008_fea27ccee,75/25/0,0.27312469482421875,0.04816799983382225
behavioral_greedy,behavioral,cosine,oasst1zh,50,mean,-1,/weka/scratch/jhu/cpriebe1/MO/model-taxonomy/results/shared_cache/03_adapters/allenai--OLMo-2-0425-1B-Instruct/yahoo_075g1_000g2_025g3_n1000_s00_r16_i00_b5008_fea27ccee,75/0/25,-0.11091820150613785,0.21219348907470703
behavioral_greedy,behavioral,cosine,oasst1zh,50,mean,-1,/weka/scratch/jhu/cpriebe1/MO/model-taxonomy/results/shared_cache/03_adapters/allenai--OLMo-2-0425-1B-Instruct/yahoo_050g1_050g2_000g3_n1000_s00_r16_i00_b5008_fea27ccee,50/50/0,0.2381209433078766,0.14036336541175842
behavioral_greedy,behavioral,cosine,oasst1zh,50,mean,-1,/weka/scratch/jhu/cpriebe1/MO/model-taxonomy/results/shared_cache/03_adapters/allenai--OLMo-2-0425-1B-Instruct/yahoo_050g1_025g2_025g3_n1000_s00_r16_i00_b5008_fea27ccee,50/25/25,0.1089339554309845,0.17817974090576172
behavioral_greedy,behavioral,cosine,oasst1zh,50,mean,-1,/weka/scratch/jhu/cpriebe1/MO/model-taxonomy/results/shared_cache/03_adapters/allenai--OLMo-2-0425-1B-Instruct/yahoo_050g1_000g2_050g3_n1000_s00_r16_i00_b5008_fea27ccee,50/0/50,-0.28488850593566895,0.08579570800065994
behavioral_greedy,behavioral,cosine,oasst1zh,50,mean,-1,/weka/scratch/jhu/cpriebe1/MO/model-taxonomy/results/shared_cache/03_adapters/allenai--OLMo-2-0425-1B-Instruct/yahoo_033g1_033g2_033g3_n1000_s00_r16_i00_b5008_fea27ccee,33/33/33,0.047661181539297104,0.04520782083272934
behavioral_greedy,behavioral,cosine,oasst1zh,50,mean,-1,/weka/scratch/jhu/cpriebe1/MO/model-taxonomy/results/shared_cache/03_adapters/allenai--OLMo-2-0425-1B-Instruct/yahoo_025g1_075g2_000g3_n1000_s00_r16_i00_b5008_fea27ccee,25/75/0,0.2039209008216858,-0.2496151477098465
behavioral_greedy,behavioral,cosine,oasst1zh,50,mean,-1,/weka/scratch/jhu/cpriebe1/MO/model-taxonomy/results/shared_cache/03_adapters/allenai--OLMo-2-0425-1B-Instruct/yahoo_025g1_050g2_025g3_n1000_s00_r16_i00_b5008_fea27ccee,25/50/25,0.07567469030618668,-0.07812563329935074
behavioral_greedy,behavioral,cosine,oasst1zh,50,mean,-1,/weka/scratch/jhu/cpriebe1/MO/model-taxonomy/results/shared_cache/03_adapters/allenai--OLMo-2-0425-1B-Instruct/yahoo_025g1_025g2_050g3_n1000_s00_r16_i00_b5008_fea27ccee,25/25/50,-0.08828302472829819,-0.01499356608837843
behavioral_greedy,behavioral,cosine,oasst1zh,50,mean,-1,/weka/scratch/jhu/cpriebe1/MO/model-taxonomy/results/shared_cache/03_adapters/allenai--OLMo-2-0425-1B-Instruct/yahoo_025g1_000g2_075g3_n1000_s00_r16_i00_b5008_fea27ccee,25/0/75,-0.22777150571346283,0.15560761094093323
behavioral_greedy,behavioral,cosine,oasst1zh,50,mean,-1,/weka/scratch/jhu/cpriebe1/MO/model-taxonomy/results/shared_cache/03_adapters/allenai--OLMo-2-0425-1B-Instruct/yahoo_000g1_100g2_000g3_n1000_s00_r16_i00_b5008_fea27ccee,0/100/0,0.2590807378292084,-0.14131177961826324
behavioral_greedy,behavioral,cosine,oasst1zh,50,mean,-1,/weka/scratch/jhu/cpriebe1/MO/model-taxonomy/results/shared_cache/03_adapters/allenai--OLMo-2-0425-1B-Instruct/yahoo_000g1_075g2_025g3_n1000_s00_r16_i00_b5008_fea27ccee,0/75/25,0.07418329268693924,-0.20159773528575897
behavioral_greedy,behavioral,cosine,oasst1zh,50,mean,-1,/weka/scratch/jhu/cpriebe1/MO/model-taxonomy/results/shared_cache/03_adapters/allenai--OLMo-2-0425-1B-Instruct/yahoo_000g1_050g2_050g3_n1000_s00_r16_i00_b5008_fea27ccee,0/50/50,-0.07388130575418472,-0.20923425257205963
behavioral_greedy,behavioral,cosine,oasst1zh,50,mean,-1,/weka/scratch/jhu/cpriebe1/MO/model-taxonomy/results/shared_cache/03_adapters/allenai--OLMo-2-0425-1B-Instruct/yahoo_000g1_025g2_075g3_n1000_s00_r16_i00_b5008_fea27ccee,0/25/75,-0.199387788772583,-0.1915455311536789
behavioral_greedy,behavioral,cosine,oasst1zh,50,mean,-1,/weka/scratch/jhu/cpriebe1/MO/model-taxonomy/results/shared_cache/03_adapters/allenai--OLMo-2-0425-1B-Instruct/yahoo_000g1_000g2_100g3_n1000_s00_r16_i00_b5008_fea27ccee,0/0/100,-0.29557004570961,-0.0925028845667839
behavioral_greedy,behavioral,cosine,oasst1zh,50,seed_aligned,0,/weka/scratch/jhu/cpriebe1/MO/model-taxonomy/results/shared_cache/03_adapters/allenai--OLMo-2-0425-1B-Instruct/yahoo_100g1_000g2_000g3_n1000_s00_r16_i00_b5008_fea27ccee,100/0/0,-2.240310990184121e-17,0.31341078877449036
behavioral_greedy,behavioral,cosine,oasst1zh,50,seed_aligned,0,/weka/scratch/jhu/cpriebe1/MO/model-taxonomy/results/shared_cache/03_adapters/allenai--OLMo-2-0425-1B-Instruct/yahoo_075g1_025g2_000g3_n1000_s00_r16_i00_b5008_fea27ccee,75/25/0,0.27312469482421875,0.04816799983382225
behavioral_greedy,behavioral,cosine,oasst1zh,50,seed_aligned,0,/weka/scratch/jhu/cpriebe1/MO/model-taxonomy/results/shared_cache/03_adapters/allenai--OLMo-2-0425-1B-Instruct/yahoo_075g1_000g2_025g3_n1000_s00_r16_i00_b5008_fea27ccee,75/0/25,-0.11091820150613785,0.21219348907470703
behavioral_greedy,behavioral,cosine,oasst1zh,50,seed_aligned,0,/weka/scratch/jhu/cpriebe1/MO/model-taxonomy/results/shared_cache/03_adapters/allenai--OLMo-2-0425-1B-Instruct/yahoo_050g1_050g2_000g3_n1000_s00_r16_i00_b5008_fea27ccee,50/50/0,0.2381209433078766,0.14036336541175842
behavioral_greedy,behavioral,cosine,oasst1zh,50,seed_aligned,0,/weka/scratch/jhu/cpriebe1/MO/model-taxonomy/results/shared_cache/03_adapters/allenai--OLMo-2-0425-1B-Instruct/yahoo_050g1_025g2_025g3_n1000_s00_r16_i00_b5008_fea27ccee,50/25/25,0.1089339554309845,0.17817974090576172
behavioral_greedy,behavioral,cosine,oasst1zh,50,seed_aligned,0,/weka/scratch/jhu/cpriebe1/MO/model-taxonomy/results/shared_cache/03_adapters/allenai--OLMo-2-0425-1B-Instruct/yahoo_050g1_000g2_050g3_n1000_s00_r16_i00_b5008_fea27ccee,50/0/50,-0.28488850593566895,0.08579570800065994
behavioral_greedy,behavioral,cosine,oasst1zh,50,seed_aligned,0,/weka/scratch/jhu/cpriebe1/MO/model-taxonomy/results/shared_cache/03_adapters/allenai--OLMo-2-0425-1B-Instruct/yahoo_033g1_033g2_033g3_n1000_s00_r16_i00_b5008_fea27ccee,33/33/33,0.047661181539297104,0.04520782083272934
behavioral_greedy,behavioral,cosine,oasst1zh,50,seed_aligned,0,/weka/scratch/jhu/cpriebe1/MO/model-taxonomy/results/shared_cache/03_adapters/allenai--OLMo-2-0425-1B-Instruct/yahoo_025g1_075g2_000g3_n1000_s00_r16_i00_b5008_fea27ccee,25/75/0,0.2039209008216858,-0.2496151477098465
behavioral_greedy,behavioral,cosine,oasst1zh,50,seed_aligned,0,/weka/scratch/jhu/cpriebe1/MO/model-taxonomy/results/shared_cache/03_adapters/allenai--OLMo-2-0425-1B-Instruct/yahoo_025g1_050g2_025g3_n1000_s00_r16_i00_b5008_fea27ccee,25/50/25,0.07567469030618668,-0.07812563329935074
behavioral_greedy,behavioral,cosine,oasst1zh,50,seed_aligned,0,/weka/scratch/jhu/cpriebe1/MO/model-taxonomy/results/shared_cache/03_adapters/allenai--OLMo-2-0425-1B-Instruct/yahoo_025g1_025g2_050g3_n1000_s00_r16_i00_b5008_fea27ccee,25/25/50,-0.08828302472829819,-0.01499356608837843
behavioral_greedy,behavioral,cosine,oasst1zh,50,seed_aligned,0,/weka/scratch/jhu/cpriebe1/MO/model-taxonomy/results/shared_cache/03_adapters/allenai--OLMo-2-0425-1B-Instruct/yahoo_025g1_000g2_075g3_n1000_s00_r16_i00_b5008_fea27ccee,25/0/75,-0.22777150571346283,0.15560761094093323
behavioral_greedy,behavioral,cosine,oasst1zh,50,seed_aligned,0,/weka/scratch/jhu/cpriebe1/MO/model-taxonomy/results/shared_cache/03_adapters/allenai--OLMo-2-0425-1B-Instruct/yahoo_000g1_100g2_000g3_n1000_s00_r16_i00_b5008_fea27ccee,0/100/0,0.2590807378292084,-0.14131177961826324
behavioral_greedy,behavioral,cosine,oasst1zh,50,seed_aligned,0,/weka/scratch/jhu/cpriebe1/MO/model-taxonomy/results/shared_cache/03_adapters/allenai--OLMo-2-0425-1B-Instruct/yahoo_000g1_075g2_025g3_n1000_s00_r16_i00_b5008_fea27ccee,0/75/25,0.07418329268693924,-0.20159773528575897
behavioral_greedy,behavioral,cosine,oasst1zh,50,seed_aligned,0,/weka/scratch/jhu/cpriebe1/MO/model-taxonomy/results/shared_cache/03_adapters/allenai--OLMo-2-0425-1B-Instruct/yahoo_000g1_050g2_050g3_n1000_s00_r16_i00_b5008_fea27ccee,0/50/50,-0.07388130575418472,-0.20923425257205963
behavioral_greedy,behavioral,cosine,oasst1zh,50,seed_aligned,0,/weka/scratch/jhu/cpriebe1/MO/model-taxonomy/results/shared_cache/03_adapters/allenai--OLMo-2-0425-1B-Instruct/yahoo_000g1_025g2_075g3_n1000_s00_r16_i00_b5008_fea27ccee,0/25/75,-0.199387788772583,-0.1915455311536789
behavioral_greedy,behavioral,cosine,oasst1zh,50,seed_aligned,0,/weka/scratch/jhu/cpriebe1/MO/model-taxonomy/results/shared_cache/03_adapters/allenai--OLMo-2-0425-1B-Instruct/yahoo_000g1_000g2_100g3_n1000_s00_r16_i00_b5008_fea27ccee,0/0/100,-0.29557004570961,-0.0925028845667839
functional_all,functional,cosine,none,100,pooled,-1,/weka/scratch/jhu/cpriebe1/MO/model-taxonomy/results/shared_cache/03_adapters/allenai--OLMo-2-0425-1B-Instruct/yahoo_100g1_000g2_000g3_n1000_s00_r16_i00_b5008_fea27ccee,100/0/0,-3.152600381398852e-17,0.35506755113601685
functional_all,functional,cosine,none,100,pooled,-1,/weka/scratch/jhu/cpriebe1/MO/model-taxonomy/results/shared_cache/03_adapters/allenai--OLMo-2-0425-1B-Instruct/yahoo_075g1_025g2_000g3_n1000_s00_r16_i00_b5008_fea27ccee,75/25/0,0.08160756528377533,0.22356878221035004
functional_all,functional,cosine,none,100,pooled,-1,/weka/scratch/jhu/cpriebe1/MO/model-taxonomy/results/shared_cache/03_adapters/allenai--OLMo-2-0425-1B-Instruct/yahoo_075g1_000g2_025g3_n1000_s00_r16_i00_b5008_fea27ccee,75/0/25,-0.09302888065576553,0.2557201087474823
functional_all,functional,cosine,none,100,pooled,-1,/weka/scratch/jhu/cpriebe1/MO/model-taxonomy/results/shared_cache/03_adapters/allenai--OLMo-2-0425-1B-Instruct/yahoo_050g1_050g2_000g3_n1000_s00_r16_i00_b5008_fea27ccee,50/50/0,0.18196433782577515,0.08061136305332184
functional_all,functional,cosine,none,100,pooled,-1,/weka/scratch/jhu/cpriebe1/MO/model-taxonomy/results/shared_cache/03_adapters/allenai--OLMo-2-0425-1B-Instruct/yahoo_050g1_025g2_025g3_n1000_s00_r16_i00_b5008_fea27ccee,50/25/25,0.00458085210993886,0.11388834565877914
functional_all,functional,cosine,none,100,pooled,-1,/weka/scratch/jhu/cpriebe1/MO/model-taxonomy/results/shared_cache/03_adapters/allenai--OLMo-2-0425-1B-Instruct/yahoo_050g1_000g2_050g3_n1000_s00_r16_i00_b5008_fea27ccee,50/0/50,-0.20471155643463135,0.13132573664188385
functional_all,functional,cosine,none,100,pooled,-1,/weka/scratch/jhu/cpriebe1/MO/model-taxonomy/results/shared_cache/03_adapters/allenai--OLMo-2-0425-1B-Instruct/yahoo_033g1_033g2_033g3_n1000_s00_r16_i00_b5008_fea27ccee,33/33/33,0.014193848706781864,-0.004557427950203419
functional_all,functional,cosine,none,100,pooled,-1,/weka/scratch/jhu/cpriebe1/MO/model-taxonomy/results/shared_cache/03_adapters/allenai--OLMo-2-0425-1B-Instruct/yahoo_025g1_075g2_000g3_n1000_s00_r16_i00_b5008_fea27ccee,25/75/0,0.24223926663398743,-0.04719046875834465
functional_all,functional,cosine,none,100,pooled,-1,/weka/scratch/jhu/cpriebe1/MO/model-taxonomy/results/shared_cache/03_adapters/allenai--OLMo-2-0425-1B-Instruct/yahoo_025g1_050g2_025g3_n1000_s00_r16_i00_b5008_fea27ccee,25/50/25,0.10169561952352524,-0.051613423973321915
functional_all,functional,cosine,none,100,pooled,-1,/weka/scratch/jhu/cpriebe1/MO/model-taxonomy/results/shared_cache/03_adapters/allenai--OLMo-2-0425-1B-Instruct/yahoo_025g1_025g2_050g3_n1000_s00_r16_i00_b5008_fea27ccee,25/25/50,-0.08392125368118286,-0.03382761403918266
functional_all,functional,cosine,none,100,pooled,-1,/weka/scratch/jhu/cpriebe1/MO/model-taxonomy/results/shared_cache/03_adapters/allenai--OLMo-2-0425-1B-Instruct/yahoo_025g1_000g2_075g3_n1000_s00_r16_i00_b5008_fea27ccee,25/0/75,-0.26798713207244873,-0.027188053354620934
functional_all,functional,cosine,none,100,pooled,-1,/weka/scratch/jhu/cpriebe1/MO/model-taxonomy/results/shared_cache/03_adapters/allenai--OLMo-2-0425-1B-Instruct/yahoo_000g1_100g2_000g3_n1000_s00_r16_i00_b5008_fea27ccee,0/100/0,0.32477226853370667,-0.20876444876194
functional_all,functional,cosine,none,100,pooled,-1,/weka/scratch/jhu/cpriebe1/MO/model-taxonomy/results/shared_cache/03_adapters/allenai--OLMo-2-0425-1B-Instruct/yahoo_000g1_075g2_025g3_n1000_s00_r16_i00_b5008_fea27ccee,0/75/25,0.1761830747127533,-0.19121281802654266
functional_all,functional,cosine,none,100,pooled,-1,/weka/scratch/jhu/cpriebe1/MO/model-taxonomy/results/shared_cache/03_adapters/allenai--OLMo-2-0425-1B-Instruct/yahoo_000g1_050g2_050g3_n1000_s00_r16_i00_b5008_fea27ccee,0/50/50,0.023449577391147614,-0.21312858164310455
functional_all,functional,cosine,none,100,pooled,-1,/weka/scratch/jhu/cpriebe1/MO/model-taxonomy/results/shared_cache/03_adapters/allenai--OLMo-2-0425-1B-Instruct/yahoo_000g1_025g2_075g3_n1000_s00_r16_i00_b5008_fea27ccee,0/25/75,-0.16338224709033966,-0.19549737870693207
functional_all,functional,cosine,none,100,pooled,-1,/weka/scratch/jhu/cpriebe1/MO/model-taxonomy/results/shared_cache/03_adapters/allenai--OLMo-2-0425-1B-Instruct/yahoo_000g1_000g2_100g3_n1000_s00_r16_i00_b5008_fea27ccee,0/0/100,-0.33765536546707153,-0.18720166385173798
functional_all,functional,cosine,none,100,mean,-1,/weka/scratch/jhu/cpriebe1/MO/model-taxonomy/results/shared_cache/03_adapters/allenai--OLMo-2-0425-1B-Instruct/yahoo_100g1_000g2_000g3_n1000_s00_r16_i00_b5008_fea27ccee,100/0/0,-3.152600381398852e-17,0.35506755113601685
functional_all,functional,cosine,none,100,mean,-1,/weka/scratch/jhu/cpriebe1/MO/model-taxonomy/results/shared_cache/03_adapters/allenai--OLMo-2-0425-1B-Instruct/yahoo_075g1_025g2_000g3_n1000_s00_r16_i00_b5008_fea27ccee,75/25/0,0.08160756528377533,0.22356878221035004
functional_all,functional,cosine,none,100,mean,-1,/weka/scratch/jhu/cpriebe1/MO/model-taxonomy/results/shared_cache/03_adapters/allenai--OLMo-2-0425-1B-Instruct/yahoo_075g1_000g2_025g3_n1000_s00_r16_i00_b5008_fea27ccee,75/0/25,-0.09302888065576553,0.2557201087474823
functional_all,functional,cosine,none,100,mean,-1,/weka/scratch/jhu/cpriebe1/MO/model-taxonomy/results/shared_cache/03_adapters/allenai--OLMo-2-0425-1B-Instruct/yahoo_050g1_050g2_000g3_n1000_s00_r16_i00_b5008_fea27ccee,50/50/0,0.18196433782577515,0.08061136305332184
functional_all,functional,cosine,none,100,mean,-1,/weka/scratch/jhu/cpriebe1/MO/model-taxonomy/results/shared_cache/03_adapters/allenai--OLMo-2-0425-1B-Instruct/yahoo_050g1_025g2_025g3_n1000_s00_r16_i00_b5008_fea27ccee,50/25/25,0.00458085210993886,0.11388834565877914
functional_all,functional,cosine,none,100,mean,-1,/weka/scratch/jhu/cpriebe1/MO/model-taxonomy/results/shared_cache/03_adapters/allenai--OLMo-2-0425-1B-Instruct/yahoo_050g1_000g2_050g3_n1000_s00_r16_i00_b5008_fea27ccee,50/0/50,-0.20471155643463135,0.13132573664188385
functional_all,functional,cosine,none,100,mean,-1,/weka/scratch/jhu/cpriebe1/MO/model-taxonomy/results/shared_cache/03_adapters/allenai--OLMo-2-0425-1B-Instruct/yahoo_033g1_033g2_033g3_n1000_s00_r16_i00_b5008_fea27ccee,33/33/33,0.014193848706781864,-0.004557427950203419
functional_all,functional,cosine,none,100,mean,-1,/weka/scratch/jhu/cpriebe1/MO/model-taxonomy/results/shared_cache/03_adapters/allenai--OLMo-2-0425-1B-Instruct/yahoo_025g1_075g2_000g3_n1000_s00_r16_i00_b5008_fea27ccee,25/75/0,0.24223926663398743,-0.04719046875834465
functional_all,functional,cosine,none,100,mean,-1,/weka/scratch/jhu/cpriebe1/MO/model-taxonomy/results/shared_cache/03_adapters/allenai--OLMo-2-0425-1B-Instruct/yahoo_025g1_050g2_025g3_n1000_s00_r16_i00_b5008_fea27ccee,25/50/25,0.10169561952352524,-0.051613423973321915
functional_all,functional,cosine,none,100,mean,-1,/weka/scratch/jhu/cpriebe1/MO/model-taxonomy/results/shared_cache/03_adapters/allenai--OLMo-2-0425-1B-Instruct/yahoo_025g1_025g2_050g3_n1000_s00_r16_i00_b5008_fea27ccee,25/25/50,-0.08392125368118286,-0.03382761403918266
functional_all,functional,cosine,none,100,mean,-1,/weka/scratch/jhu/cpriebe1/MO/model-taxonomy/results/shared_cache/03_adapters/allenai--OLMo-2-0425-1B-Instruct/yahoo_025g1_000g2_075g3_n1000_s00_r16_i00_b5008_fea27ccee,25/0/75,-0.26798713207244873,-0.027188053354620934
functional_all,functional,cosine,none,100,mean,-1,/weka/scratch/jhu/cpriebe1/MO/model-taxonomy/results/shared_cache/03_adapters/allenai--OLMo-2-0425-1B-Instruct/yahoo_000g1_100g2_000g3_n1000_s00_r16_i00_b5008_fea27ccee,0/100/0,0.32477226853370667,-0.20876444876194
functional_all,functional,cosine,none,100,mean,-1,/weka/scratch/jhu/cpriebe1/MO/model-taxonomy/results/shared_cache/03_adapters/allenai--OLMo-2-0425-1B-Instruct/yahoo_000g1_075g2_025g3_n1000_s00_r16_i00_b5008_fea27ccee,0/75/25,0.1761830747127533,-0.19121281802654266
functional_all,functional,cosine,none,100,mean,-1,/weka/scratch/jhu/cpriebe1/MO/model-taxonomy/results/shared_cache/03_adapters/allenai--OLMo-2-0425-1B-Instruct/yahoo_000g1_050g2_050g3_n1000_s00_r16_i00_b5008_fea27ccee,0/50/50,0.023449577391147614,-0.21312858164310455
functional_all,functional,cosine,none,100,mean,-1,/weka/scratch/jhu/cpriebe1/MO/model-taxonomy/results/shared_cache/03_adapters/allenai--OLMo-2-0425-1B-Instruct/yahoo_000g1_025g2_075g3_n1000_s00_r16_i00_b5008_fea27ccee,0/25/75,-0.16338224709033966,-0.19549737870693207
functional_all,functional,cosine,none,100,mean,-1,/weka/scratch/jhu/cpriebe1/MO/model-taxonomy/results/shared_cache/03_adapters/allenai--OLMo-2-0425-1B-Instruct/yahoo_000g1_000g2_100g3_n1000_s00_r16_i00_b5008_fea27ccee,0/0/100,-0.33765536546707153,-0.18720166385173798
functional_all,functional,cosine,none,100,seed_aligned,0,/weka/scratch/jhu/cpriebe1/MO/model-taxonomy/results/shared_cache/03_adapters/allenai--OLMo-2-0425-1B-Instruct/yahoo_100g1_000g2_000g3_n1000_s00_r16_i00_b5008_fea27ccee,100/0/0,-3.152600381398852e-17,0.35506755113601685
functional_all,functional,cosine,none,100,seed_aligned,0,/weka/scratch/jhu/cpriebe1/MO/model-taxonomy/results/shared_cache/03_adapters/allenai--OLMo-2-0425-1B-Instruct/yahoo_075g1_025g2_000g3_n1000_s00_r16_i00_b5008_fea27ccee,75/25/0,0.08160756528377533,0.22356878221035004
functional_all,functional,cosine,none,100,seed_aligned,0,/weka/scratch/jhu/cpriebe1/MO/model-taxonomy/results/shared_cache/03_adapters/allenai--OLMo-2-0425-1B-Instruct/yahoo_075g1_000g2_025g3_n1000_s00_r16_i00_b5008_fea27ccee,75/0/25,-0.09302888065576553,0.2557201087474823
functional_all,functional,cosine,none,100,seed_aligned,0,/weka/scratch/jhu/cpriebe1/MO/model-taxonomy/results/shared_cache/03_adapters/allenai--OLMo-2-0425-1B-Instruct/yahoo_050g1_050g2_000g3_n1000_s00_r16_i00_b5008_fea27ccee,50/50/0,0.18196433782577515,0.08061136305332184
functional_all,functional,cosine,none,100,seed_aligned,0,/weka/scratch/jhu/cpriebe1/MO/model-taxonomy/results/shared_cache/03_adapters/allenai--OLMo-2-0425-1B-Instruct/yahoo_050g1_025g2_025g3_n1000_s00_r16_i00_b5008_fea27ccee,50/25/25,0.00458085210993886,0.11388834565877914
functional_all,functional,cosine,none,100,seed_aligned,0,/weka/scratch/jhu/cpriebe1/MO/model-taxonomy/results/shared_cache/03_adapters/allenai--OLMo-2-0425-1B-Instruct/yahoo_050g1_000g2_050g3_n1000_s00_r16_i00_b5008_fea27ccee,50/0/50,-0.20471155643463135,0.13132573664188385
functional_all,functional,cosine,none,100,seed_aligned,0,/weka/scratch/jhu/cpriebe1/MO/model-taxonomy/results/shared_cache/03_adapters/allenai--OLMo-2-0425-1B-Instruct/yahoo_033g1_033g2_033g3_n1000_s00_r16_i00_b5008_fea27ccee,33/33/33,0.014193848706781864,-0.004557427950203419
functional_all,functional,cosine,none,100,seed_aligned,0,/weka/scratch/jhu/cpriebe1/MO/model-taxonomy/results/shared_cache/03_adapters/allenai--OLMo-2-0425-1B-Instruct/yahoo_025g1_075g2_000g3_n1000_s00_r16_i00_b5008_fea27ccee,25/75/0,0.24223926663398743,-0.04719046875834465
functional_all,functional,cosine,none,100,seed_aligned,0,/weka/scratch/jhu/cpriebe1/MO/model-taxonomy/results/shared_cache/03_adapters/allenai--OLMo-2-0425-1B-Instruct/yahoo_025g1_050g2_025g3_n1000_s00_r16_i00_b5008_fea27ccee,25/50/25,0.10169561952352524,-0.051613423973321915
functional_all,functional,cosine,none,100,seed_aligned,0,/weka/scratch/jhu/cpriebe1/MO/model-taxonomy/results/shared_cache/03_adapters/allenai--OLMo-2-0425-1B-Instruct/yahoo_025g1_025g2_050g3_n1000_s00_r16_i00_b5008_fea27ccee,25/25/50,-0.08392125368118286,-0.03382761403918266
functional_all,functional,cosine,none,100,seed_aligned,0,/weka/scratch/jhu/cpriebe1/MO/model-taxonomy/results/shared_cache/03_adapters/allenai--OLMo-2-0425-1B-Instruct/yahoo_025g1_000g2_075g3_n1000_s00_r16_i00_b5008_fea27ccee,25/0/75,-0.26798713207244873,-0.027188053354620934
functional_all,functional,cosine,none,100,seed_aligned,0,/weka/scratch/jhu/cpriebe1/MO/model-taxonomy/results/shared_cache/03_adapters/allenai--OLMo-2-0425-1B-Instruct/yahoo_000g1_100g2_000g3_n1000_s00_r16_i00_b5008_fea27ccee,0/100/0,0.32477226853370667,-0.20876444876194
functional_all,functional,cosine,none,100,seed_aligned,0,/weka/scratch/jhu/cpriebe1/MO/model-taxonomy/results/shared_cache/03_adapters/allenai--OLMo-2-0425-1B-Instruct/yahoo_000g1_075g2_025g3_n1000_s00_r16_i00_b5008_fea27ccee,0/75/25,0.1761830747127533,-0.19121281802654266
functional_all,functional,cosine,none,100,seed_aligned,0,/weka/scratch/jhu/cpriebe1/MO/model-taxonomy/results/shared_cache/03_adapters/allenai--OLMo-2-0425-1B-Instruct/yahoo_000g1_050g2_050g3_n1000_s00_r16_i00_b5008_fea27ccee,0/50/50,0.023449577391147614,-0.21312858164310455
functional_all,functional,cosine,none,100,seed_aligned,0,/weka/scratch/jhu/cpriebe1/MO/model-taxonomy/results/shared_cache/03_adapters/allenai--OLMo-2-0425-1B-Instruct/yahoo_000g1_025g2_075g3_n1000_s00_r16_i00_b5008_fea27ccee,0/25/75,-0.16338224709033966,-0.19549737870693207
functional_all,functional,cosine,none,100,seed_aligned,0,/weka/scratch/jhu/cpriebe1/MO/model-taxonomy/results/shared_cache/03_adapters/allenai--OLMo-2-0425-1B-Instruct/yahoo_000g1_000g2_100g3_n1000_s00_r16_i00_b5008_fea27ccee,0/0/100,-0.33765536546707153,-0.18720166385173798
functional_all,functional,cosine,dolly,0,pooled,-1,/weka/scratch/jhu/cpriebe1/MO/model-taxonomy/results/shared_cache/03_adapters/allenai--OLMo-2-0425-1B-Instruct/yahoo_100g1_000g2_000g3_n1000_s00_r16_i00_b5008_fea27ccee,100/0/0,-4.915868867698129e-17,0.35265204310417175
functional_all,functional,cosine,dolly,0,pooled,-1,/weka/scratch/jhu/cpriebe1/MO/model-taxonomy/results/shared_cache/03_adapters/allenai--OLMo-2-0425-1B-Instruct/yahoo_075g1_025g2_000g3_n1000_s00_r16_i00_b5008_fea27ccee,75/25/0,0.08058825880289078,0.2209760993719101
functional_all,functional,cosine,dolly,0,pooled,-1,/weka/scratch/jhu/cpriebe1/MO/model-taxonomy/results/shared_cache/03_adapters/allenai--OLMo-2-0425-1B-Instruct/yahoo_075g1_000g2_025g3_n1000_s00_r16_i00_b5008_fea27ccee,75/0/25,-0.09415548294782639,0.2570897340774536
functional_all,functional,cosine,dolly,0,pooled,-1,/weka/scratch/jhu/cpriebe1/MO/model-taxonomy/results/shared_cache/03_adapters/allenai--OLMo-2-0425-1B-Instruct/yahoo_050g1_050g2_000g3_n1000_s00_r16_i00_b5008_fea27ccee,50/50/0,0.1851460188627243,0.07463537156581879
functional_all,functional,cosine,dolly,0,pooled,-1,/weka/scratch/jhu/cpriebe1/MO/model-taxonomy/results/shared_cache/03_adapters/allenai--OLMo-2-0425-1B-Instruct/yahoo_050g1_025g2_025g3_n1000_s00_r16_i00_b5008_fea27ccee,50/25/25,0.007083378732204437,0.11551879346370697
functional_all,functional,cosine,dolly,0,pooled,-1,/weka/scratch/jhu/cpriebe1/MO/model-taxonomy/results/shared_cache/03_adapters/allenai--OLMo-2-0425-1B-Instruct/yahoo_050g1_000g2_050g3_n1000_s00_r16_i00_b5008_fea27ccee,50/0/50,-0.20380838215351105,0.1366211175918579
functional_all,functional,cosine,dolly,0,pooled,-1,/weka/scratch/jhu/cpriebe1/MO/model-taxonomy/results/shared_cache/03_adapters/allenai--OLMo-2-0425-1B-Instruct/yahoo_033g1_033g2_033g3_n1000_s00_r16_i00_b5008_fea27ccee,33/33/33,0.01289023831486702,-0.003008547704666853
functional_all,functional,cosine,dolly,0,pooled,-1,/weka/scratch/jhu/cpriebe1/MO/model-taxonomy/results/shared_cache/03_adapters/allenai--OLMo-2-0425-1B-Instruct/yahoo_025g1_075g2_000g3_n1000_s00_r16_i00_b5008_fea27ccee,25/75/0,0.2416239082813263,-0.053879301995038986
functional_all,functional,cosine,dolly,0,pooled,-1,/weka/scratch/jhu/cpriebe1/MO/model-taxonomy/results/shared_cache/03_adapters/allenai--OLMo-2-0425-1B-Instruct/yahoo_025g1_050g2_025g3_n1000_s00_r16_i00_b5008_fea27ccee,25/50/25,0.10346776247024536,-0.05381589010357857
functional_all,functional,cosine,dolly,0,pooled,-1,/weka/scratch/jhu/cpriebe1/MO/model-taxonomy/results/shared_cache/03_adapters/allenai--OLMo-2-0425-1B-Instruct/yahoo_025g1_025g2_050g3_n1000_s00_r16_i00_b5008_fea27ccee,25/25/50,-0.08466103672981262,-0.028646189719438553
functional_all,functional,cosine,dolly,0,pooled,-1,/weka/scratch/jhu/cpriebe1/MO/model-taxonomy/results/shared_cache/03_adapters/allenai--OLMo-2-0425-1B-Instruct/yahoo_025g1_000g2_075g3_n1000_s00_r16_i00_b5008_fea27ccee,25/0/75,-0.2728284001350403,-0.020863126963377
functional_all,functional,cosine,dolly,0,pooled,-1,/weka/scratch/jhu/cpriebe1/MO/model-taxonomy/results/shared_cache/03_adapters/allenai--OLMo-2-0425-1B-Instruct/yahoo_000g1_100g2_000g3_n1000_s00_r16_i00_b5008_fea27ccee,0/100/0,0.3228800594806671,-0.2162717878818512
functional_all,functional,cosine,dolly,0,pooled,-1,/weka/scratch/jhu/cpriebe1/MO/model-taxonomy/results/shared_cache/03_adapters/allenai--OLMo-2-0425-1B-Instruct/yahoo_000g1_075g2_025g3_n1000_s00_r16_i00_b5008_fea27ccee,0/75/25,0.17538891732692719,-0.19420038163661957
functional_all,functional,cosine,dolly,0,pooled,-1,/weka/scratch/jhu/cpriebe1/MO/model-taxonomy/results/shared_cache/03_adapters/allenai--OLMo-2-0425-1B-Instruct/yahoo_000g1_050g2_050g3_n1000_s00_r16_i00_b5008_fea27ccee,0/50/50,0.024798261001706123,-0.21337489783763885
functional_all,functional,cosine,dolly,0,pooled,-1,/weka/scratch/jhu/cpriebe1/MO/model-taxonomy/results/shared_cache/03_adapters/allenai--OLMo-2-0425-1B-Instruct/yahoo_000g1_025g2_075g3_n1000_s00_r16_i00_b5008_fea27ccee,0/25/75,-0.1644795835018158,-0.19159933924674988
functional_all,functional,cosine,dolly,0,pooled,-1,/weka/scratch/jhu/cpriebe1/MO/model-taxonomy/results/shared_cache/03_adapters/allenai--OLMo-2-0425-1B-Instruct/yahoo_000g1_000g2_100g3_n1000_s00_r16_i00_b5008_fea27ccee,0/0/100,-0.33393388986587524,-0.18183369934558868
functional_all,functional,cosine,dolly,0,mean,-1,/weka/scratch/jhu/cpriebe1/MO/model-taxonomy/results/shared_cache/03_adapters/allenai--OLMo-2-0425-1B-Instruct/yahoo_100g1_000g2_000g3_n1000_s00_r16_i00_b5008_fea27ccee,100/0/0,-4.915868867698129e-17,0.35265204310417175
functional_all,functional,cosine,dolly,0,mean,-1,/weka/scratch/jhu/cpriebe1/MO/model-taxonomy/results/shared_cache/03_adapters/allenai--OLMo-2-0425-1B-Instruct/yahoo_075g1_025g2_000g3_n1000_s00_r16_i00_b5008_fea27ccee,75/25/0,0.08058825880289078,0.2209760993719101
functional_all,functional,cosine,dolly,0,mean,-1,/weka/scratch/jhu/cpriebe1/MO/model-taxonomy/results/shared_cache/03_adapters/allenai--OLMo-2-0425-1B-Instruct/yahoo_075g1_000g2_025g3_n1000_s00_r16_i00_b5008_fea27ccee,75/0/25,-0.09415548294782639,0.2570897340774536
functional_all,functional,cosine,dolly,0,mean,-1,/weka/scratch/jhu/cpriebe1/MO/model-taxonomy/results/shared_cache/03_adapters/allenai--OLMo-2-0425-1B-Instruct/yahoo_050g1_050g2_000g3_n1000_s00_r16_i00_b5008_fea27ccee,50/50/0,0.1851460188627243,0.07463537156581879
functional_all,functional,cosine,dolly,0,mean,-1,/weka/scratch/jhu/cpriebe1/MO/model-taxonomy/results/shared_cache/03_adapters/allenai--OLMo-2-0425-1B-Instruct/yahoo_050g1_025g2_025g3_n1000_s00_r16_i00_b5008_fea27ccee,50/25/25,0.007083378732204437,0.11551879346370697
functional_all,functional,cosine,dolly,0,mean,-1,/weka/scratch/jhu/cpriebe1/MO/model-taxonomy/results/shared_cache/03_adapters/allenai--OLMo-2-0425-1B-Instruct/yahoo_050g1_000g2_050g3_n1000_s00_r16_i00_b5008_fea27ccee,50/0/50,-0.20380838215351105,0.1366211175918579
functional_all,functional,cosine,dolly,0,mean,-1,/weka/scratch/jhu/cpriebe1/MO/model-taxonomy/results/shared_cache/03_adapters/allenai--OLMo-2-0425-1B-Instruct/yahoo_033g1_033g2_033g3_n1000_s00_r16_i00_b5008_fea27ccee,33/33/33,0.01289023831486702,-0.003008547704666853
functional_all,functional,cosine,dolly,0,mean,-1,/weka/scratch/jhu/cpriebe1/MO/model-taxonomy/results/shared_cache/03_adapters/allenai--OLMo-2-0425-1B-Instruct/yahoo_025g1_075g2_000g3_n1000_s00_r16_i00_b5008_fea27ccee,25/75/0,0.2416239082813263,-0.053879301995038986
functional_all,functional,cosine,dolly,0,mean,-1,/weka/scratch/jhu/cpriebe1/MO/model-taxonomy/results/shared_cache/03_adapters/allenai--OLMo-2-0425-1B-Instruct/yahoo_025g1_050g2_025g3_n1000_s00_r16_i00_b5008_fea27ccee,25/50/25,0.10346776247024536,-0.05381589010357857
functional_all,functional,cosine,dolly,0,mean,-1,/weka/scratch/jhu/cpriebe1/MO/model-taxonomy/results/shared_cache/03_adapters/allenai--OLMo-2-0425-1B-Instruct/yahoo_025g1_025g2_050g3_n1000_s00_r16_i00_b5008_fea27ccee,25/25/50,-0.08466103672981262,-0.028646189719438553
functional_all,functional,cosine,dolly,0,mean,-1,/weka/scratch/jhu/cpriebe1/MO/model-taxonomy/results/shared_cache/03_adapters/allenai--OLMo-2-0425-1B-Instruct/yahoo_025g1_000g2_075g3_n1000_s00_r16_i00_b5008_fea27ccee,25/0/75,-0.2728284001350403,-0.020863126963377
functional_all,functional,cosine,dolly,0,mean,-1,/weka/scratch/jhu/cpriebe1/MO/model-taxonomy/results/shared_cache/03_adapters/allenai--OLMo-2-0425-1B-Instruct/yahoo_000g1_100g2_000g3_n1000_s00_r16_i00_b5008_fea27ccee,0/100/0,0.3228800594806671,-0.2162717878818512
functional_all,functional,cosine,dolly,0,mean,-1,/weka/scratch/jhu/cpriebe1/MO/model-taxonomy/results/shared_cache/03_adapters/allenai--OLMo-2-0425-1B-Instruct/yahoo_000g1_075g2_025g3_n1000_s00_r16_i00_b5008_fea27ccee,0/75/25,0.17538891732692719,-0.19420038163661957
functional_all,functional,cosine,dolly,0,mean,-1,/weka/scratch/jhu/cpriebe1/MO/model-taxonomy/results/shared_cache/03_adapters/allenai--OLMo-2-0425-1B-Instruct/yahoo_000g1_050g2_050g3_n1000_s00_r16_i00_b5008_fea27ccee,0/50/50,0.024798261001706123,-0.21337489783763885
functional_all,functional,cosine,dolly,0,mean,-1,/weka/scratch/jhu/cpriebe1/MO/model-taxonomy/results/shared_cache/03_adapters/allenai--OLMo-2-0425-1B-Instruct/yahoo_000g1_025g2_075g3_n1000_s00_r16_i00_b5008_fea27ccee,0/25/75,-0.1644795835018158,-0.19159933924674988
functional_all,functional,cosine,dolly,0,mean,-1,/weka/scratch/jhu/cpriebe1/MO/model-taxonomy/results/shared_cache/03_adapters/allenai--OLMo-2-0425-1B-Instruct/yahoo_000g1_000g2_100g3_n1000_s00_r16_i00_b5008_fea27ccee,0/0/100,-0.33393388986587524,-0.18183369934558868
functional_all,functional,cosine,dolly,0,seed_aligned,0,/weka/scratch/jhu/cpriebe1/MO/model-taxonomy/results/shared_cache/03_adapters/allenai--OLMo-2-0425-1B-Instruct/yahoo_100g1_000g2_000g3_n1000_s00_r16_i00_b5008_fea27ccee,100/0/0,-4.915868867698129e-17,0.35265204310417175
functional_all,functional,cosine,dolly,0,seed_aligned,0,/weka/scratch/jhu/cpriebe1/MO/model-taxonomy/results/shared_cache/03_adapters/allenai--OLMo-2-0425-1B-Instruct/yahoo_075g1_025g2_000g3_n1000_s00_r16_i00_b5008_fea27ccee,75/25/0,0.08058825880289078,0.2209760993719101
functional_all,functional,cosine,dolly,0,seed_aligned,0,/weka/scratch/jhu/cpriebe1/MO/model-taxonomy/results/shared_cache/03_adapters/allenai--OLMo-2-0425-1B-Instruct/yahoo_075g1_000g2_025g3_n1000_s00_r16_i00_b5008_fea27ccee,75/0/25,-0.09415548294782639,0.2570897340774536
functional_all,functional,cosine,dolly,0,seed_aligned,0,/weka/scratch/jhu/cpriebe1/MO/model-taxonomy/results/shared_cache/03_adapters/allenai--OLMo-2-0425-1B-Instruct/yahoo_050g1_050g2_000g3_n1000_s00_r16_i00_b5008_fea27ccee,50/50/0,0.1851460188627243,0.07463537156581879
functional_all,functional,cosine,dolly,0,seed_aligned,0,/weka/scratch/jhu/cpriebe1/MO/model-taxonomy/results/shared_cache/03_adapters/allenai--OLMo-2-0425-1B-Instruct/yahoo_050g1_025g2_025g3_n1000_s00_r16_i00_b5008_fea27ccee,50/25/25,0.007083378732204437,0.11551879346370697
functional_all,functional,cosine,dolly,0,seed_aligned,0,/weka/scratch/jhu/cpriebe1/MO/model-taxonomy/results/shared_cache/03_adapters/allenai--OLMo-2-0425-1B-Instruct/yahoo_050g1_000g2_050g3_n1000_s00_r16_i00_b5008_fea27ccee,50/0/50,-0.20380838215351105,0.1366211175918579
functional_all,functional,cosine,dolly,0,seed_aligned,0,/weka/scratch/jhu/cpriebe1/MO/model-taxonomy/results/shared_cache/03_adapters/allenai--OLMo-2-0425-1B-Instruct/yahoo_033g1_033g2_033g3_n1000_s00_r16_i00_b5008_fea27ccee,33/33/33,0.01289023831486702,-0.003008547704666853
functional_all,functional,cosine,dolly,0,seed_aligned,0,/weka/scratch/jhu/cpriebe1/MO/model-taxonomy/results/shared_cache/03_adapters/allenai--OLMo-2-0425-1B-Instruct/yahoo_025g1_075g2_000g3_n1000_s00_r16_i00_b5008_fea27ccee,25/75/0,0.2416239082813263,-0.053879301995038986
functional_all,functional,cosine,dolly,0,seed_aligned,0,/weka/scratch/jhu/cpriebe1/MO/model-taxonomy/results/shared_cache/03_adapters/allenai--OLMo-2-0425-1B-Instruct/yahoo_025g1_050g2_025g3_n1000_s00_r16_i00_b5008_fea27ccee,25/50/25,0.10346776247024536,-0.05381589010357857
functional_all,functional,cosine,dolly,0,seed_aligned,0,/weka/scratch/jhu/cpriebe1/MO/model-taxonomy/results/shared_cache/03_adapters/allenai--OLMo-2-0425-1B-Instruct/yahoo_025g1_025g2_050g3_n1000_s00_r16_i00_b5008_fea27ccee,25/25/50,-0.08466103672981262,-0.028646189719438553
functional_all,functional,cosine,dolly,0,seed_aligned,0,/weka/scratch/jhu/cpriebe1/MO/model-taxonomy/results/shared_cache/03_adapters/allenai--OLMo-2-0425-1B-Instruct/yahoo_025g1_000g2_075g3_n1000_s00_r16_i00_b5008_fea27ccee,25/0/75,-0.2728284001350403,-0.020863126963377
functional_all,functional,cosine,dolly,0,seed_aligned,0,/weka/scratch/jhu/cpriebe1/MO/model-taxonomy/results/shared_cache/03_adapters/allenai--OLMo-2-0425-1B-Instruct/yahoo_000g1_100g2_000g3_n1000_s00_r16_i00_b5008_fea27ccee,0/100/0,0.3228800594806671,-0.2162717878818512
functional_all,functional,cosine,dolly,0,seed_aligned,0,/weka/scratch/jhu/cpriebe1/MO/model-taxonomy/results/shared_cache/03_adapters/allenai--OLMo-2-0425-1B-Instruct/yahoo_000g1_075g2_025g3_n1000_s00_r16_i00_b5008_fea27ccee,0/75/25,0.17538891732692719,-0.19420038163661957
functional_all,functional,cosine,dolly,0,seed_aligned,0,/weka/scratch/jhu/cpriebe1/MO/model-taxonomy/results/shared_cache/03_adapters/allenai--OLMo-2-0425-1B-Instruct/yahoo_000g1_050g2_050g3_n1000_s00_r16_i00_b5008_fea27ccee,0/50/50,0.024798261001706123,-0.21337489783763885
functional_all,functional,cosine,dolly,0,seed_aligned,0,/weka/scratch/jhu/cpriebe1/MO/model-taxonomy/results/shared_cache/03_adapters/allenai--OLMo-2-0425-1B-Instruct/yahoo_000g1_025g2_075g3_n1000_s00_r16_i00_b5008_fea27ccee,0/25/75,-0.1644795835018158,-0.19159933924674988
functional_all,functional,cosine,dolly,0,seed_aligned,0,/weka/scratch/jhu/cpriebe1/MO/model-taxonomy/results/shared_cache/03_adapters/allenai--OLMo-2-0425-1B-Instruct/yahoo_000g1_000g2_100g3_n1000_s00_r16_i00_b5008_fea27ccee,0/0/100,-0.33393388986587524,-0.18183369934558868
functional_all,functional,cosine,dolly,1,pooled,-1,/weka/scratch/jhu/cpriebe1/MO/model-taxonomy/results/shared_cache/03_adapters/allenai--OLMo-2-0425-1B-Instruct/yahoo_100g1_000g2_000g3_n1000_s00_r16_i00_b5008_fea27ccee,100/0/0,3.856456305554104e-17,0.3523181974887848
functional_all,functional,cosine,dolly,1,pooled,-1,/weka/scratch/jhu/cpriebe1/MO/model-taxonomy/results/shared_cache/03_adapters/allenai--OLMo-2-0425-1B-Instruct/yahoo_075g1_025g2_000g3_n1000_s00_r16_i00_b5008_fea27ccee,75/25/0,0.08048015832901001,0.22088076174259186
functional_all,functional,cosine,dolly,1,pooled,-1,/weka/scratch/jhu/cpriebe1/MO/model-taxonomy/results/shared_cache/03_adapters/allenai--OLMo-2-0425-1B-Instruct/yahoo_075g1_000g2_025g3_n1000_s00_r16_i00_b5008_fea27ccee,75/0/25,-0.09407196938991547,0.2570682764053345
functional_all,functional,cosine,dolly,1,pooled,-1,/weka/scratch/jhu/cpriebe1/MO/model-taxonomy/results/shared_cache/03_adapters/allenai--OLMo-2-0425-1B-Instruct/yahoo_050g1_050g2_000g3_n1000_s00_r16_i00_b5008_fea27ccee,50/50/0,0.1851630061864853,0.07466579973697662
functional_all,functional,cosine,dolly,1,pooled,-1,/weka/scratch/jhu/cpriebe1/MO/model-taxonomy/results/shared_cache/03_adapters/allenai--OLMo-2-0425-1B-Instruct/yahoo_050g1_025g2_025g3_n1000_s00_r16_i00_b5008_fea27ccee,50/25/25,0.006969701498746872,0.11543909460306168
functional_all,functional,cosine,dolly,1,pooled,-1,/weka/scratch/jhu/cpriebe1/MO/model-taxonomy/results/shared_cache/03_adapters/allenai--OLMo-2-0425-1B-Instruct/yahoo_050g1_000g2_050g3_n1000_s00_r16_i00_b5008_fea27ccee,50/0/50,-0.20415560901165009,0.136810764670372
functional_all,functional,cosine,dolly,1,pooled,-1,/weka/scratch/jhu/cpriebe1/MO/model-taxonomy/results/shared_cache/03_adapters/allenai--OLMo-2-0425-1B-Instruct/yahoo_033g1_033g2_033g3_n1000_s00_r16_i00_b5008_fea27ccee,33/33/33,0.012930642813444138,-0.0030071169603616
functional_all,functional,cosine,dolly,1,pooled,-1,/weka/scratch/jhu/cpriebe1/MO/model-taxonomy/results/shared_cache/03_adapters/allenai--OLMo-2-0425-1B-Instruct/yahoo_025g1_075g2_000g3_n1000_s00_r16_i00_b5008_fea27ccee,25/75/0,0.24169988930225372,-0.05372736230492592
functional_all,functional,cosine,dolly,1,pooled,-1,/weka/scratch/jhu/cpriebe1/MO/model-taxonomy/results/shared_cache/03_adapters/allenai--OLMo-2-0425-1B-Instruct/yahoo_025g1_050g2_025g3_n1000_s00_r16_i00_b5008_fea27ccee,25/50/25,0.10346556454896927,-0.05381821095943451
functional_all,functional,cosine,dolly,1,pooled,-1,/weka/scratch/jhu/cpriebe1/MO/model-taxonomy/results/shared_cache/03_adapters/allenai--OLMo-2-0425-1B-Instruct/yahoo_025g1_025g2_050g3_n1000_s00_r16_i00_b5008_fea27ccee,25/25/50,-0.08461273461580276,-0.028570003807544708
functional_all,functional,cosine,dolly,1,pooled,-1,/weka/scratch/jhu/cpriebe1/MO/model-taxonomy/results/shared_cache/03_adapters/allenai--OLMo-2-0425-1B-Instruct/yahoo_025g1_000g2_075g3_n1000_s00_r16_i00_b5008_fea27ccee,25/0/75,-0.2726653218269348,-0.02085738070309162
functional_all,functional,cosine,dolly,1,pooled,-1,/weka/scratch/jhu/cpriebe1/MO/model-taxonomy/results/shared_cache/03_adapters/allenai--OLMo-2-0425-1B-Instruct/yahoo_000g1_100g2_000g3_n1000_s00_r16_i00_b5008_fea27ccee,0/100/0,0.3231754004955292,-0.21654006838798523
functional_all,functional,cosine,dolly,1,pooled,-1,/weka/scratch/jhu/cpriebe1/MO/model-taxonomy/results/shared_cache/03_adapters/allenai--OLMo-2-0425-1B-Instruct/yahoo_000g1_075g2_025g3_n1000_s00_r16_i00_b5008_fea27ccee,0/75/25,0.17535778880119324,-0.19401605427265167
functional_all,functional,cosine,dolly,1,pooled,-1,/weka/scratch/jhu/cpriebe1/MO/model-taxonomy/results/shared_cache/03_adapters/allenai--OLMo-2-0425-1B-Instruct/yahoo_000g1_050g2_050g3_n1000_s00_r16_i00_b5008_fea27ccee,0/50/50,0.02478642761707306,-0.21341362595558167
functional_all,functional,cosine,dolly,1,pooled,-1,/weka/scratch/jhu/cpriebe1/MO/model-taxonomy/results/shared_cache/03_adapters/allenai--OLMo-2-0425-1B-Instruct/yahoo_000g1_025g2_075g3_n1000_s00_r16_i00_b5008_fea27ccee,0/25/75,-0.1645410656929016,-0.19149178266525269
functional_all,functional,cosine,dolly,1,pooled,-1,/weka/scratch/jhu/cpriebe1/MO/model-taxonomy/results/shared_cache/03_adapters/allenai--OLMo-2-0425-1B-Instruct/yahoo_000g1_000g2_100g3_n1000_s00_r16_i00_b5008_fea27ccee,0/0/100,-0.33398187160491943,-0.18174128234386444
functional_all,functional,cosine,dolly,1,mean,-1,/weka/scratch/jhu/cpriebe1/MO/model-taxonomy/results/shared_cache/03_adapters/allenai--OLMo-2-0425-1B-Instruct/yahoo_100g1_000g2_000g3_n1000_s00_r16_i00_b5008_fea27ccee,100/0/0,3.856456305554104e-17,0.3523181974887848
functional_all,functional,cosine,dolly,1,mean,-1,/weka/scratch/jhu/cpriebe1/MO/model-taxonomy/results/shared_cache/03_adapters/allenai--OLMo-2-0425-1B-Instruct/yahoo_075g1_025g2_000g3_n1000_s00_r16_i00_b5008_fea27ccee,75/25/0,0.08048015832901001,0.22088076174259186
functional_all,functional,cosine,dolly,1,mean,-1,/weka/scratch/jhu/cpriebe1/MO/model-taxonomy/results/shared_cache/03_adapters/allenai--OLMo-2-0425-1B-Instruct/yahoo_075g1_000g2_025g3_n1000_s00_r16_i00_b5008_fea27ccee,75/0/25,-0.09407196938991547,0.2570682764053345
functional_all,functional,cosine,dolly,1,mean,-1,/weka/scratch/jhu/cpriebe1/MO/model-taxonomy/results/shared_cache/03_adapters/allenai--OLMo-2-0425-1B-Instruct/yahoo_050g1_050g2_000g3_n1000_s00_r16_i00_b5008_fea27ccee,50/50/0,0.1851630061864853,0.07466579973697662
functional_all,functional,cosine,dolly,1,mean,-1,/weka/scratch/jhu/cpriebe1/MO/model-taxonomy/results/shared_cache/03_adapters/allenai--OLMo-2-0425-1B-Instruct/yahoo_050g1_025g2_025g3_n1000_s00_r16_i00_b5008_fea27ccee,50/25/25,0.006969701498746872,0.11543909460306168
functional_all,functional,cosine,dolly,1,mean,-1,/weka/scratch/jhu/cpriebe1/MO/model-taxonomy/results/shared_cache/03_adapters/allenai--OLMo-2-0425-1B-Instruct/yahoo_050g1_000g2_050g3_n1000_s00_r16_i00_b5008_fea27ccee,50/0/50,-0.20415560901165009,0.136810764670372
functional_all,functional,cosine,dolly,1,mean,-1,/weka/scratch/jhu/cpriebe1/MO/model-taxonomy/results/shared_cache/03_adapters/allenai--OLMo-2-0425-1B-Instruct/yahoo_033g1_033g2_033g3_n1000_s00_r16_i00_b5008_fea27ccee,33/33/33,0.012930642813444138,-0.0030071169603616
functional_all,functional,cosine,dolly,1,mean,-1,/weka/scratch/jhu/cpriebe1/MO/model-taxonomy/results/shared_cache/03_adapters/allenai--OLMo-2-0425-1B-Instruct/yahoo_025g1_075g2_000g3_n1000_s00_r16_i00_b5008_fea27ccee,25/75/0,0.24169988930225372,-0.05372736230492592
functional_all,functional,cosine,dolly,1,mean,-1,/weka/scratch/jhu/cpriebe1/MO/model-taxonomy/results/shared_cache/03_adapters/allenai--OLMo-2-0425-1B-Instruct/yahoo_025g1_050g2_025g3_n1000_s00_r16_i00_b5008_fea27ccee,25/50/25,0.10346556454896927,-0.05381821095943451
functional_all,functional,cosine,dolly,1,mean,-1,/weka/scratch/jhu/cpriebe1/MO/model-taxonomy/results/shared_cache/03_adapters/allenai--OLMo-2-0425-1B-Instruct/yahoo_025g1_025g2_050g3_n1000_s00_r16_i00_b5008_fea27ccee,25/25/50,-0.08461273461580276,-0.028570003807544708
functional_all,functional,cosine,dolly,1,mean,-1,/weka/scratch/jhu/cpriebe1/MO/model-taxonomy/results/shared_cache/03_adapters/allenai--OLMo-2-0425-1B-Instruct/yahoo_025g1_000g2_075g3_n1000_s00_r16_i00_b5008_fea27ccee,25/0/75,-0.2726653218269348,-0.02085738070309162
functional_all,functional,cosine,dolly,1,mean,-1,/weka/scratch/jhu/cpriebe1/MO/model-taxonomy/results/shared_cache/03_adapters/allenai--OLMo-2-0425-1B-Instruct/yahoo_000g1_100g2_000g3_n1000_s00_r16_i00_b5008_fea27ccee,0/100/0,0.3231754004955292,-0.21654006838798523
functional_all,functional,cosine,dolly,1,mean,-1,/weka/scratch/jhu/cpriebe1/MO/model-taxonomy/results/shared_cache/03_adapters/allenai--OLMo-2-0425-1B-Instruct/yahoo_000g1_075g2_025g3_n1000_s00_r16_i00_b5008_fea27ccee,0/75/25,0.17535778880119324,-0.19401605427265167
functional_all,functional,cosine,dolly,1,mean,-1,/weka/scratch/jhu/cpriebe1/MO/model-taxonomy/results/shared_cache/03_adapters/allenai--OLMo-2-0425-1B-Instruct/yahoo_000g1_050g2_050g3_n1000_s00_r16_i00_b5008_fea27ccee,0/50/50,0.02478642761707306,-0.21341362595558167
functional_all,functional,cosine,dolly,1,mean,-1,/weka/scratch/jhu/cpriebe1/MO/model-taxonomy/results/shared_cache/03_adapters/allenai--OLMo-2-0425-1B-Instruct/yahoo_000g1_025g2_075g3_n1000_s00_r16_i00_b5008_fea27ccee,0/25/75,-0.1645410656929016,-0.19149178266525269
functional_all,functional,cosine,dolly,1,mean,-1,/weka/scratch/jhu/cpriebe1/MO/model-taxonomy/results/shared_cache/03_adapters/allenai--OLMo-2-0425-1B-Instruct/yahoo_000g1_000g2_100g3_n1000_s00_r16_i00_b5008_fea27ccee,0/0/100,-0.33398187160491943,-0.18174128234386444
functional_all,functional,cosine,dolly,1,seed_aligned,0,/weka/scratch/jhu/cpriebe1/MO/model-taxonomy/results/shared_cache/03_adapters/allenai--OLMo-2-0425-1B-Instruct/yahoo_100g1_000g2_000g3_n1000_s00_r16_i00_b5008_fea27ccee,100/0/0,3.856456305554104e-17,0.3523181974887848
functional_all,functional,cosine,dolly,1,seed_aligned,0,/weka/scratch/jhu/cpriebe1/MO/model-taxonomy/results/shared_cache/03_adapters/allenai--OLMo-2-0425-1B-Instruct/yahoo_075g1_025g2_000g3_n1000_s00_r16_i00_b5008_fea27ccee,75/25/0,0.08048015832901001,0.22088076174259186
functional_all,functional,cosine,dolly,1,seed_aligned,0,/weka/scratch/jhu/cpriebe1/MO/model-taxonomy/results/shared_cache/03_adapters/allenai--OLMo-2-0425-1B-Instruct/yahoo_075g1_000g2_025g3_n1000_s00_r16_i00_b5008_fea27ccee,75/0/25,-0.09407196938991547,0.2570682764053345
functional_all,functional,cosine,dolly,1,seed_aligned,0,/weka/scratch/jhu/cpriebe1/MO/model-taxonomy/results/shared_cache/03_adapters/allenai--OLMo-2-0425-1B-Instruct/yahoo_050g1_050g2_000g3_n1000_s00_r16_i00_b5008_fea27ccee,50/50/0,0.1851630061864853,0.07466579973697662
functional_all,functional,cosine,dolly,1,seed_aligned,0,/weka/scratch/jhu/cpriebe1/MO/model-taxonomy/results/shared_cache/03_adapters/allenai--OLMo-2-0425-1B-Instruct/yahoo_050g1_025g2_025g3_n1000_s00_r16_i00_b5008_fea27ccee,50/25/25,0.006969701498746872,0.11543909460306168
functional_all,functional,cosine,dolly,1,seed_aligned,0,/weka/scratch/jhu/cpriebe1/MO/model-taxonomy/results/shared_cache/03_adapters/allenai--OLMo-2-0425-1B-Instruct/yahoo_050g1_000g2_050g3_n1000_s00_r16_i00_b5008_fea27ccee,50/0/50,-0.20415560901165009,0.136810764670372
functional_all,functional,cosine,dolly,1,seed_aligned,0,/weka/scratch/jhu/cpriebe1/MO/model-taxonomy/results/shared_cache/03_adapters/allenai--OLMo-2-0425-1B-Instruct/yahoo_033g1_033g2_033g3_n1000_s00_r16_i00_b5008_fea27ccee,33/33/33,0.012930642813444138,-0.0030071169603616
functional_all,functional,cosine,dolly,1,seed_aligned,0,/weka/scratch/jhu/cpriebe1/MO/model-taxonomy/results/shared_cache/03_adapters/allenai--OLMo-2-0425-1B-Instruct/yahoo_025g1_075g2_000g3_n1000_s00_r16_i00_b5008_fea27ccee,25/75/0,0.24169988930225372,-0.05372736230492592
functional_all,functional,cosine,dolly,1,seed_aligned,0,/weka/scratch/jhu/cpriebe1/MO/model-taxonomy/results/shared_cache/03_adapters/allenai--OLMo-2-0425-1B-Instruct/yahoo_025g1_050g2_025g3_n1000_s00_r16_i00_b5008_fea27ccee,25/50/25,0.10346556454896927,-0.05381821095943451
functional_all,functional,cosine,dolly,1,seed_aligned,0,/weka/scratch/jhu/cpriebe1/MO/model-taxonomy/results/shared_cache/03_adapters/allenai--OLMo-2-0425-1B-Instruct/yahoo_025g1_025g2_050g3_n1000_s00_r16_i00_b5008_fea27ccee,25/25/50,-0.08461273461580276,-0.028570003807544708
functional_all,functional,cosine,dolly,1,seed_aligned,0,/weka/scratch/jhu/cpriebe1/MO/model-taxonomy/results/shared_cache/03_adapters/allenai--OLMo-2-0425-1B-Instruct/yahoo_025g1_000g2_075g3_n1000_s00_r16_i00_b5008_fea27ccee,25/0/75,-0.2726653218269348,-0.02085738070309162
functional_all,functional,cosine,dolly,1,seed_aligned,0,/weka/scratch/jhu/cpriebe1/MO/model-taxonomy/results/shared_cache/03_adapters/allenai--OLMo-2-0425-1B-Instruct/yahoo_000g1_100g2_000g3_n1000_s00_r16_i00_b5008_fea27ccee,0/100/0,0.3231754004955292,-0.21654006838798523
functional_all,functional,cosine,dolly,1,seed_aligned,0,/weka/scratch/jhu/cpriebe1/MO/model-taxonomy/results/shared_cache/03_adapters/allenai--OLMo-2-0425-1B-Instruct/yahoo_000g1_075g2_025g3_n1000_s00_r16_i00_b5008_fea27ccee,0/75/25,0.17535778880119324,-0.19401605427265167
functional_all,functional,cosine,dolly,1,seed_aligned,0,/weka/scratch/jhu/cpriebe1/MO/model-taxonomy/results/shared_cache/03_adapters/allenai--OLMo-2-0425-1B-Instruct/yahoo_000g1_050g2_050g3_n1000_s00_r16_i00_b5008_fea27ccee,0/50/50,0.02478642761707306,-0.21341362595558167
functional_all,functional,cosine,dolly,1,seed_aligned,0,/weka/scratch/jhu/cpriebe1/MO/model-taxonomy/results/shared_cache/03_adapters/allenai--OLMo-2-0425-1B-Instruct/yahoo_000g1_025g2_075g3_n1000_s00_r16_i00_b5008_fea27ccee,0/25/75,-0.1645410656929016,-0.19149178266525269
functional_all,functional,cosine,dolly,1,seed_aligned,0,/weka/scratch/jhu/cpriebe1/MO/model-taxonomy/results/shared_cache/03_adapters/allenai--OLMo-2-0425-1B-Instruct/yahoo_000g1_000g2_100g3_n1000_s00_r16_i00_b5008_fea27ccee,0/0/100,-0.33398187160491943,-0.18174128234386444
functional_all,functional,cosine,dolly,2,pooled,-1,/weka/scratch/jhu/cpriebe1/MO/model-taxonomy/results/shared_cache/03_adapters/allenai--OLMo-2-0425-1B-Instruct/yahoo_100g1_000g2_000g3_n1000_s00_r16_i00_b5008_fea27ccee,100/0/0,-2.2039120653815826e-17,0.35255807638168335
functional_all,functional,cosine,dolly,2,pooled,-1,/weka/scratch/jhu/cpriebe1/MO/model-taxonomy/results/shared_cache/03_adapters/allenai--OLMo-2-0425-1B-Instruct/yahoo_075g1_025g2_000g3_n1000_s00_r16_i00_b5008_fea27ccee,75/25/0,0.07755207270383835,0.22155636548995972
functional_all,functional,cosine,dolly,2,pooled,-1,/weka/scratch/jhu/cpriebe1/MO/model-taxonomy/results/shared_cache/03_adapters/allenai--OLMo-2-0425-1B-Instruct/yahoo_075g1_000g2_025g3_n1000_s00_r16_i00_b5008_fea27ccee,75/0/25,-0.09737537056207657,0.25650185346603394
functional_all,functional,cosine,dolly,2,pooled,-1,/weka/scratch/jhu/cpriebe1/MO/model-taxonomy/results/shared_cache/03_adapters/allenai--OLMo-2-0425-1B-Instruct/yahoo_050g1_050g2_000g3_n1000_s00_r16_i00_b5008_fea27ccee,50/50/0,0.18327108025550842,0.07681196928024292
functional_all,functional,cosine,dolly,2,pooled,-1,/weka/scratch/jhu/cpriebe1/MO/model-taxonomy/results/shared_cache/03_adapters/allenai--OLMo-2-0425-1B-Instruct/yahoo_050g1_025g2_025g3_n1000_s00_r16_i00_b5008_fea27ccee,50/25/25,0.003030083840712905,0.11557243019342422
functional_all,functional,cosine,dolly,2,pooled,-1,/weka/scratch/jhu/cpriebe1/MO/model-taxonomy/results/shared_cache/03_adapters/allenai--OLMo-2-0425-1B-Instruct/yahoo_050g1_000g2_050g3_n1000_s00_r16_i00_b5008_fea27ccee,50/0/50,-0.20626200735569,0.13431280851364136
functional_all,functional,cosine,dolly,2,pooled,-1,/weka/scratch/jhu/cpriebe1/MO/model-taxonomy/results/shared_cache/03_adapters/allenai--OLMo-2-0425-1B-Instruct/yahoo_033g1_033g2_033g3_n1000_s00_r16_i00_b5008_fea27ccee,33/33/33,0.011767061427235603,-0.002668044064193964
functional_all,functional,cosine,dolly,2,pooled,-1,/weka/scratch/jhu/cpriebe1/MO/model-taxonomy/results/shared_cache/03_adapters/allenai--OLMo-2-0425-1B-Instruct/yahoo_025g1_075g2_000g3_n1000_s00_r16_i00_b5008_fea27ccee,25/75/0,0.24183323979377747,-0.050547853112220764
functional_all,functional,cosine,dolly,2,pooled,-1,/weka/scratch/jhu/cpriebe1/MO/model-taxonomy/results/shared_cache/03_adapters/allenai--OLMo-2-0425-1B-Instruct/yahoo_025g1_050g2_025g3_n1000_s00_r16_i00_b5008_fea27ccee,25/50/25,0.10315414518117905,-0.05249404534697533
functional_all,functional,cosine,dolly,2,pooled,-1,/weka/scratch/jhu/cpriebe1/MO/model-taxonomy/results/shared_cache/03_adapters/allenai--OLMo-2-0425-1B-Instruct/yahoo_025g1_025g2_050g3_n1000_s00_r16_i00_b5008_fea27ccee,25/25/50,-0.08533434569835663,-0.029290955513715744
functional_all,functional,cosine,dolly,2,pooled,-1,/weka/scratch/jhu/cpriebe1/MO/model-taxonomy/results/shared_cache/03_adapters/allenai--OLMo-2-0425-1B-Instruct/yahoo_025g1_000g2_075g3_n1000_s00_r16_i00_b5008_fea27ccee,25/0/75,-0.2728276252746582,-0.02487959899008274
functional_all,functional,cosine,dolly,2,pooled,-1,/weka/scratch/jhu/cpriebe1/MO/model-taxonomy/results/shared_cache/03_adapters/allenai--OLMo-2-0425-1B-Instruct/yahoo_000g1_100g2_000g3_n1000_s00_r16_i00_b5008_fea27ccee,0/100/0,0.3269875645637512,-0.2101351022720337
functional_all,functional,cosine,dolly,2,pooled,-1,/weka/scratch/jhu/cpriebe1/MO/model-taxonomy/results/shared_cache/03_adapters/allenai--OLMo-2-0425-1B-Instruct/yahoo_000g1_075g2_025g3_n1000_s00_r16_i00_b5008_fea27ccee,0/75/25,0.178209125995636,-0.19139696657657623
functional_all,functional,cosine,dolly,2,pooled,-1,/weka/scratch/jhu/cpriebe1/MO/model-taxonomy/results/shared_cache/03_adapters/allenai--OLMo-2-0425-1B-Instruct/yahoo_000g1_050g2_050g3_n1000_s00_r16_i00_b5008_fea27ccee,0/50/50,0.02790638618171215,-0.21298032999038696
functional_all,functional,cosine,dolly,2,pooled,-1,/weka/scratch/jhu/cpriebe1/MO/model-taxonomy/results/shared_cache/03_adapters/allenai--OLMo-2-0425-1B-Instruct/yahoo_000g1_025g2_075g3_n1000_s00_r16_i00_b5008_fea27ccee,0/25/75,-0.16172200441360474,-0.19390493631362915
functional_all,functional,cosine,dolly,2,pooled,-1,/weka/scratch/jhu/cpriebe1/MO/model-taxonomy/results/shared_cache/03_adapters/allenai--OLMo-2-0425-1B-Instruct/yahoo_000g1_000g2_100g3_n1000_s00_r16_i00_b5008_fea27ccee,0/0/100,-0.33018940687179565,-0.1890156865119934
functional_all,functional,cosine,dolly,2,mean,-1,/weka/scratch/jhu/cpriebe1/MO/model-taxonomy/results/shared_cache/03_adapters/allenai--OLMo-2-0425-1B-Instruct/yahoo_100g1_000g2_000g3_n1000_s00_r16_i00_b5008_fea27ccee,100/0/0,-2.2039120653815826e-17,0.35255807638168335
functional_all,functional,cosine,dolly,2,mean,-1,/weka/scratch/jhu/cpriebe1/MO/model-taxonomy/results/shared_cache/03_adapters/allenai--OLMo-2-0425-1B-Instruct/yahoo_075g1_025g2_000g3_n1000_s00_r16_i00_b5008_fea27ccee,75/25/0,0.07755207270383835,0.22155636548995972
functional_all,functional,cosine,dolly,2,mean,-1,/weka/scratch/jhu/cpriebe1/MO/model-taxonomy/results/shared_cache/03_adapters/allenai--OLMo-2-0425-1B-Instruct/yahoo_075g1_000g2_025g3_n1000_s00_r16_i00_b5008_fea27ccee,75/0/25,-0.09737537056207657,0.25650185346603394
functional_all,functional,cosine,dolly,2,mean,-1,/weka/scratch/jhu/cpriebe1/MO/model-taxonomy/results/shared_cache/03_adapters/allenai--OLMo-2-0425-1B-Instruct/yahoo_050g1_050g2_000g3_n1000_s00_r16_i00_b5008_fea27ccee,50/50/0,0.18327108025550842,0.07681196928024292
functional_all,functional,cosine,dolly,2,mean,-1,/weka/scratch/jhu/cpriebe1/MO/model-taxonomy/results/shared_cache/03_adapters/allenai--OLMo-2-0425-1B-Instruct/yahoo_050g1_025g2_025g3_n1000_s00_r16_i00_b5008_fea27ccee,50/25/25,0.003030083840712905,0.11557243019342422
functional_all,functional,cosine,dolly,2,mean,-1,/weka/scratch/jhu/cpriebe1/MO/model-taxonomy/results/shared_cache/03_adapters/allenai--OLMo-2-0425-1B-Instruct/yahoo_050g1_000g2_050g3_n1000_s00_r16_i00_b5008_fea27ccee,50/0/50,-0.20626200735569,0.13431280851364136
functional_all,functional,cosine,dolly,2,mean,-1,/weka/scratch/jhu/cpriebe1/MO/model-taxonomy/results/shared_cache/03_adapters/allenai--OLMo-2-0425-1B-Instruct/yahoo_033g1_033g2_033g3_n1000_s00_r16_i00_b5008_fea27ccee,33/33/33,0.011767061427235603,-0.002668044064193964
functional_all,functional,cosine,dolly,2,mean,-1,/weka/scratch/jhu/cpriebe1/MO/model-taxonomy/results/shared_cache/03_adapters/allenai--OLMo-2-0425-1B-Instruct/yahoo_025g1_075g2_000g3_n1000_s00_r16_i00_b5008_fea27ccee,25/75/0,0.24183323979377747,-0.050547853112220764
functional_all,functional,cosine,dolly,2,mean,-1,/weka/scratch/jhu/cpriebe1/MO/model-taxonomy/results/shared_cache/03_adapters/allenai--OLMo-2-0425-1B-Instruct/yahoo_025g1_050g2_025g3_n1000_s00_r16_i00_b5008_fea27ccee,25/50/25,0.10315414518117905,-0.05249404534697533
functional_all,functional,cosine,dolly,2,mean,-1,/weka/scratch/jhu/cpriebe1/MO/model-taxonomy/results/shared_cache/03_adapters/allenai--OLMo-2-0425-1B-Instruct/yahoo_025g1_025g2_050g3_n1000_s00_r16_i00_b5008_fea27ccee,25/25/50,-0.08533434569835663,-0.029290955513715744
functional_all,functional,cosine,dolly,2,mean,-1,/weka/scratch/jhu/cpriebe1/MO/model-taxonomy/results/shared_cache/03_adapters/allenai--OLMo-2-0425-1B-Instruct/yahoo_025g1_000g2_075g3_n1000_s00_r16_i00_b5008_fea27ccee,25/0/75,-0.2728276252746582,-0.02487959899008274
functional_all,functional,cosine,dolly,2,mean,-1,/weka/scratch/jhu/cpriebe1/MO/model-taxonomy/results/shared_cache/03_adapters/allenai--OLMo-2-0425-1B-Instruct/yahoo_000g1_100g2_000g3_n1000_s00_r16_i00_b5008_fea27ccee,0/100/0,0.3269875645637512,-0.2101351022720337
functional_all,functional,cosine,dolly,2,mean,-1,/weka/scratch/jhu/cpriebe1/MO/model-taxonomy/results/shared_cache/03_adapters/allenai--OLMo-2-0425-1B-Instruct/yahoo_000g1_075g2_025g3_n1000_s00_r16_i00_b5008_fea27ccee,0/75/25,0.178209125995636,-0.19139696657657623
functional_all,functional,cosine,dolly,2,mean,-1,/weka/scratch/jhu/cpriebe1/MO/model-taxonomy/results/shared_cache/03_adapters/allenai--OLMo-2-0425-1B-Instruct/yahoo_000g1_050g2_050g3_n1000_s00_r16_i00_b5008_fea27ccee,0/50/50,0.02790638618171215,-0.21298032999038696
functional_all,functional,cosine,dolly,2,mean,-1,/weka/scratch/jhu/cpriebe1/MO/model-taxonomy/results/shared_cache/03_adapters/allenai--OLMo-2-0425-1B-Instruct/yahoo_000g1_025g2_075g3_n1000_s00_r16_i00_b5008_fea27ccee,0/25/75,-0.16172200441360474,-0.19390493631362915
functional_all,functional,cosine,dolly,2,mean,-1,/weka/scratch/jhu/cpriebe1/MO/model-taxonomy/results/shared_cache/03_adapters/allenai--OLMo-2-0425-1B-Instruct/yahoo_000g1_000g2_100g3_n1000_s00_r16_i00_b5008_fea27ccee,0/0/100,-0.33018940687179565,-0.1890156865119934
functional_all,functional,cosine,dolly,2,seed_aligned,0,/weka/scratch/jhu/cpriebe1/MO/model-taxonomy/results/shared_cache/03_adapters/allenai--OLMo-2-0425-1B-Instruct/yahoo_100g1_000g2_000g3_n1000_s00_r16_i00_b5008_fea27ccee,100/0/0,-2.2039120653815826e-17,0.35255807638168335
functional_all,functional,cosine,dolly,2,seed_aligned,0,/weka/scratch/jhu/cpriebe1/MO/model-taxonomy/results/shared_cache/03_adapters/allenai--OLMo-2-0425-1B-Instruct/yahoo_075g1_025g2_000g3_n1000_s00_r16_i00_b5008_fea27ccee,75/25/0,0.07755207270383835,0.22155636548995972
functional_all,functional,cosine,dolly,2,seed_aligned,0,/weka/scratch/jhu/cpriebe1/MO/model-taxonomy/results/shared_cache/03_adapters/allenai--OLMo-2-0425-1B-Instruct/yahoo_075g1_000g2_025g3_n1000_s00_r16_i00_b5008_fea27ccee,75/0/25,-0.09737537056207657,0.25650185346603394
functional_all,functional,cosine,dolly,2,seed_aligned,0,/weka/scratch/jhu/cpriebe1/MO/model-taxonomy/results/shared_cache/03_adapters/allenai--OLMo-2-0425-1B-Instruct/yahoo_050g1_050g2_000g3_n1000_s00_r16_i00_b5008_fea27ccee,50/50/0,0.18327108025550842,0.07681196928024292
functional_all,functional,cosine,dolly,2,seed_aligned,0,/weka/scratch/jhu/cpriebe1/MO/model-taxonomy/results/shared_cache/03_adapters/allenai--OLMo-2-0425-1B-Instruct/yahoo_050g1_025g2_025g3_n1000_s00_r16_i00_b5008_fea27ccee,50/25/25,0.003030083840712905,0.11557243019342422
functional_all,functional,cosine,dolly,2,seed_aligned,0,/weka/scratch/jhu/cpriebe1/MO/model-taxonomy/results/shared_cache/03_adapters/allenai--OLMo-2-0425-1B-Instruct/yahoo_050g1_000g2_050g3_n1000_s00_r16_i00_b5008_fea27ccee,50/0/50,-0.20626200735569,0.13431280851364136
functional_all,functional,cosine,dolly,2,seed_aligned,0,/weka/scratch/jhu/cpriebe1/MO/model-taxonomy/results/shared_cache/03_adapters/allenai--OLMo-2-0425-1B-Instruct/yahoo_033g1_033g2_033g3_n1000_s00_r16_i00_b5008_fea27ccee,33/33/33,0.011767061427235603,-0.002668044064193964
functional_all,functional,cosine,dolly,2,seed_aligned,0,/weka/scratch/jhu/cpriebe1/MO/model-taxonomy/results/shared_cache/03_adapters/allenai--OLMo-2-0425-1B-Instruct/yahoo_025g1_075g2_000g3_n1000_s00_r16_i00_b5008_fea27ccee,25/75/0,0.24183323979377747,-0.050547853112220764
functional_all,functional,cosine,dolly,2,seed_aligned,0,/weka/scratch/jhu/cpriebe1/MO/model-taxonomy/results/shared_cache/03_adapters/allenai--OLMo-2-0425-1B-Instruct/yahoo_025g1_050g2_025g3_n1000_s00_r16_i00_b5008_fea27ccee,25/50/25,0.10315414518117905,-0.05249404534697533
functional_all,functional,cosine,dolly,2,seed_aligned,0,/weka/scratch/jhu/cpriebe1/MO/model-taxonomy/results/shared_cache/03_adapters/allenai--OLMo-2-0425-1B-Instruct/yahoo_025g1_025g2_050g3_n1000_s00_r16_i00_b5008_fea27ccee,25/25/50,-0.08533434569835663,-0.029290955513715744
functional_all,functional,cosine,dolly,2,seed_aligned,0,/weka/scratch/jhu/cpriebe1/MO/model-taxonomy/results/shared_cache/03_adapters/allenai--OLMo-2-0425-1B-Instruct/yahoo_025g1_000g2_075g3_n1000_s00_r16_i00_b5008_fea27ccee,25/0/75,-0.2728276252746582,-0.02487959899008274
functional_all,functional,cosine,dolly,2,seed_aligned,0,/weka/scratch/jhu/cpriebe1/MO/model-taxonomy/results/shared_cache/03_adapters/allenai--OLMo-2-0425-1B-Instruct/yahoo_000g1_100g2_000g3_n1000_s00_r16_i00_b5008_fea27ccee,0/100/0,0.3269875645637512,-0.2101351022720337
functional_all,functional,cosine,dolly,2,seed_aligned,0,/weka/scratch/jhu/cpriebe1/MO/model-taxonomy/results/shared_cache/03_adapters/allenai--OLMo-2-0425-1B-Instruct/yahoo_000g1_075g2_025g3_n1000_s00_r16_i00_b5008_fea27ccee,0/75/25,0.178209125995636,-0.19139696657657623
functional_all,functional,cosine,dolly,2,seed_aligned,0,/weka/scratch/jhu/cpriebe1/MO/model-taxonomy/results/shared_cache/03_adapters/allenai--OLMo-2-0425-1B-Instruct/yahoo_000g1_050g2_050g3_n1000_s00_r16_i00_b5008_fea27ccee,0/50/50,0.02790638618171215,-0.21298032999038696
functional_all,functional,cosine,dolly,2,seed_aligned,0,/weka/scratch/jhu/cpriebe1/MO/model-taxonomy/results/shared_cache/03_adapters/allenai--OLMo-2-0425-1B-Instruct/yahoo_000g1_025g2_075g3_n1000_s00_r16_i00_b5008_fea27ccee,0/25/75,-0.16172200441360474,-0.19390493631362915
functional_all,functional,cosine,dolly,2,seed_aligned,0,/weka/scratch/jhu/cpriebe1/MO/model-taxonomy/results/shared_cache/03_adapters/allenai--OLMo-2-0425-1B-Instruct/yahoo_000g1_000g2_100g3_n1000_s00_r16_i00_b5008_fea27ccee,0/0/100,-0.33018940687179565,-0.1890156865119934
functional_all,functional,cosine,dolly,5,pooled,-1,/weka/scratch/jhu/cpriebe1/MO/model-taxonomy/results/shared_cache/03_adapters/allenai--OLMo-2-0425-1B-Instruct/yahoo_100g1_000g2_000g3_n1000_s00_r16_i00_b5008_fea27ccee,100/0/0,2.3266545944040014e-19,0.35268551111221313
functional_all,functional,cosine,dolly,5,pooled,-1,/weka/scratch/jhu/cpriebe1/MO/model-taxonomy/results/shared_cache/03_adapters/allenai--OLMo-2-0425-1B-Instruct/yahoo_075g1_025g2_000g3_n1000_s00_r16_i00_b5008_fea27ccee,75/25/0,0.07773010432720184,0.22185315191745758
functional_all,functional,cosine,dolly,5,pooled,-1,/weka/scratch/jhu/cpriebe1/MO/model-taxonomy/results/shared_cache/03_adapters/allenai--OLMo-2-0425-1B-Instruct/yahoo_075g1_000g2_025g3_n1000_s00_r16_i00_b5008_fea27ccee,75/0/25,-0.09709847718477249,0.2565491199493408
functional_all,functional,cosine,dolly,5,pooled,-1,/weka/scratch/jhu/cpriebe1/MO/model-taxonomy/results/shared_cache/03_adapters/allenai--OLMo-2-0425-1B-Instruct/yahoo_050g1_050g2_000g3_n1000_s00_r16_i00_b5008_fea27ccee,50/50/0,0.18330031633377075,0.07691603899002075
functional_all,functional,cosine,dolly,5,pooled,-1,/weka/scratch/jhu/cpriebe1/MO/model-taxonomy/results/shared_cache/03_adapters/allenai--OLMo-2-0425-1B-Instruct/yahoo_050g1_025g2_025g3_n1000_s00_r16_i00_b5008_fea27ccee,50/25/25,0.003132798708975315,0.11567498743534088
functional_all,functional,cosine,dolly,5,pooled,-1,/weka/scratch/jhu/cpriebe1/MO/model-taxonomy/results/shared_cache/03_adapters/allenai--OLMo-2-0425-1B-Instruct/yahoo_050g1_000g2_050g3_n1000_s00_r16_i00_b5008_fea27ccee,50/0/50,-0.20624364912509918,0.13419955968856812
functional_all,functional,cosine,dolly,5,pooled,-1,/weka/scratch/jhu/cpriebe1/MO/model-taxonomy/results/shared_cache/03_adapters/allenai--OLMo-2-0425-1B-Instruct/yahoo_033g1_033g2_033g3_n1000_s00_r16_i00_b5008_fea27ccee,33/33/33,0.011990833096206188,-0.002713929396122694
functional_all,functional,cosine,dolly,5,pooled,-1,/weka/scratch/jhu/cpriebe1/MO/model-taxonomy/results/shared_cache/03_adapters/allenai--OLMo-2-0425-1B-Instruct/yahoo_025g1_075g2_000g3_n1000_s00_r16_i00_b5008_fea27ccee,25/75/0,0.24179396033287048,-0.05060739070177078
functional_all,functional,cosine,dolly,5,pooled,-1,/weka/scratch/jhu/cpriebe1/MO/model-taxonomy/results/shared_cache/03_adapters/allenai--OLMo-2-0425-1B-Instruct/yahoo_025g1_050g2_025g3_n1000_s00_r16_i00_b5008_fea27ccee,25/50/25,0.10318433493375778,-0.05242662504315376
functional_all,functional,cosine,dolly,5,pooled,-1,/weka/scratch/jhu/cpriebe1/MO/model-taxonomy/results/shared_cache/03_adapters/allenai--OLMo-2-0425-1B-Instruct/yahoo_025g1_025g2_050g3_n1000_s00_r16_i00_b5008_fea27ccee,25/25/50,-0.08518854528665543,-0.02931191772222519
functional_all,functional,cosine,dolly,5,pooled,-1,/weka/scratch/jhu/cpriebe1/MO/model-taxonomy/results/shared_cache/03_adapters/allenai--OLMo-2-0425-1B-Instruct/yahoo_025g1_000g2_075g3_n1000_s00_r16_i00_b5008_fea27ccee,25/0/75,-0.27265045046806335,-0.025017177686095238
functional_all,functional,cosine,dolly,5,pooled,-1,/weka/scratch/jhu/cpriebe1/MO/model-taxonomy/results/shared_cache/03_adapters/allenai--OLMo-2-0425-1B-Instruct/yahoo_000g1_100g2_000g3_n1000_s00_r16_i00_b5008_fea27ccee,0/100/0,0.3265506327152252,-0.21035592257976532
functional_all,functional,cosine,dolly,5,pooled,-1,/weka/scratch/jhu/cpriebe1/MO/model-taxonomy/results/shared_cache/03_adapters/allenai--OLMo-2-0425-1B-Instruct/yahoo_000g1_075g2_025g3_n1000_s00_r16_i00_b5008_fea27ccee,0/75/25,0.1779012680053711,-0.1915404051542282
functional_all,functional,cosine,dolly,5,pooled,-1,/weka/scratch/jhu/cpriebe1/MO/model-taxonomy/results/shared_cache/03_adapters/allenai--OLMo-2-0425-1B-Instruct/yahoo_000g1_050g2_050g3_n1000_s00_r16_i00_b5008_fea27ccee,0/50/50,0.02777555026113987,-0.21284322440624237
functional_all,functional,cosine,dolly,5,pooled,-1,/weka/scratch/jhu/cpriebe1/MO/model-taxonomy/results/shared_cache/03_adapters/allenai--OLMo-2-0425-1B-Instruct/yahoo_000g1_025g2_075g3_n1000_s00_r16_i00_b5008_fea27ccee,0/25/75,-0.16180472075939178,-0.19391368329524994
functional_all,functional,cosine,dolly,5,pooled,-1,/weka/scratch/jhu/cpriebe1/MO/model-taxonomy/results/shared_cache/03_adapters/allenai--OLMo-2-0425-1B-Instruct/yahoo_000g1_000g2_100g3_n1000_s00_r16_i00_b5008_fea27ccee,0/0/100,-0.33037394285202026,-0.18914808332920074
functional_all,functional,cosine,dolly,5,mean,-1,/weka/scratch/jhu/cpriebe1/MO/model-taxonomy/results/shared_cache/03_adapters/allenai--OLMo-2-0425-1B-Instruct/yahoo_100g1_000g2_000g3_n1000_s00_r16_i00_b5008_fea27ccee,100/0/0,2.3266545944040014e-19,0.35268551111221313
functional_all,functional,cosine,dolly,5,mean,-1,/weka/scratch/jhu/cpriebe1/MO/model-taxonomy/results/shared_cache/03_adapters/allenai--OLMo-2-0425-1B-Instruct/yahoo_075g1_025g2_000g3_n1000_s00_r16_i00_b5008_fea27ccee,75/25/0,0.07773010432720184,0.22185315191745758
functional_all,functional,cosine,dolly,5,mean,-1,/weka/scratch/jhu/cpriebe1/MO/model-taxonomy/results/shared_cache/03_adapters/allenai--OLMo-2-0425-1B-Instruct/yahoo_075g1_000g2_025g3_n1000_s00_r16_i00_b5008_fea27ccee,75/0/25,-0.09709847718477249,0.2565491199493408
functional_all,functional,cosine,dolly,5,mean,-1,/weka/scratch/jhu/cpriebe1/MO/model-taxonomy/results/shared_cache/03_adapters/allenai--OLMo-2-0425-1B-Instruct/yahoo_050g1_050g2_000g3_n1000_s00_r16_i00_b5008_fea27ccee,50/50/0,0.18330031633377075,0.07691603899002075
functional_all,functional,cosine,dolly,5,mean,-1,/weka/scratch/jhu/cpriebe1/MO/model-taxonomy/results/shared_cache/03_adapters/allenai--OLMo-2-0425-1B-Instruct/yahoo_050g1_025g2_025g3_n1000_s00_r16_i00_b5008_fea27ccee,50/25/25,0.003132798708975315,0.11567498743534088
functional_all,functional,cosine,dolly,5,mean,-1,/weka/scratch/jhu/cpriebe1/MO/model-taxonomy/results/shared_cache/03_adapters/allenai--OLMo-2-0425-1B-Instruct/yahoo_050g1_000g2_050g3_n1000_s00_r16_i00_b5008_fea27ccee,50/0/50,-0.20624364912509918,0.13419955968856812
functional_all,functional,cosine,dolly,5,mean,-1,/weka/scratch/jhu/cpriebe1/MO/model-taxonomy/results/shared_cache/03_adapters/allenai--OLMo-2-0425-1B-Instruct/yahoo_033g1_033g2_033g3_n1000_s00_r16_i00_b5008_fea27ccee,33/33/33,0.011990833096206188,-0.002713929396122694
functional_all,functional,cosine,dolly,5,mean,-1,/weka/scratch/jhu/cpriebe1/MO/model-taxonomy/results/shared_cache/03_adapters/allenai--OLMo-2-0425-1B-Instruct/yahoo_025g1_075g2_000g3_n1000_s00_r16_i00_b5008_fea27ccee,25/75/0,0.24179396033287048,-0.05060739070177078
functional_all,functional,cosine,dolly,5,mean,-1,/weka/scratch/jhu/cpriebe1/MO/model-taxonomy/results/shared_cache/03_adapters/allenai--OLMo-2-0425-1B-Instruct/yahoo_025g1_050g2_025g3_n1000_s00_r16_i00_b5008_fea27ccee,25/50/25,0.10318433493375778,-0.05242662504315376
functional_all,functional,cosine,dolly,5,mean,-1,/weka/scratch/jhu/cpriebe1/MO/model-taxonomy/results/shared_cache/03_adapters/allenai--OLMo-2-0425-1B-Instruct/yahoo_025g1_025g2_050g3_n1000_s00_r16_i00_b5008_fea27ccee,25/25/50,-0.08518854528665543,-0.02931191772222519
functional_all,functional,cosine,dolly,5,mean,-1,/weka/scratch/jhu/cpriebe1/MO/model-taxonomy/results/shared_cache/03_adapters/allenai--OLMo-2-0425-1B-Instruct/yahoo_025g1_000g2_075g3_n1000_s00_r16_i00_b5008_fea27ccee,25/0/75,-0.27265045046806335,-0.025017177686095238
functional_all,functional,cosine,dolly,5,mean,-1,/weka/scratch/jhu/cpriebe1/MO/model-taxonomy/results/shared_cache/03_adapters/allenai--OLMo-2-0425-1B-Instruct/yahoo_000g1_100g2_000g3_n1000_s00_r16_i00_b5008_fea27ccee,0/100/0,0.3265506327152252,-0.21035592257976532
functional_all,functional,cosine,dolly,5,mean,-1,/weka/scratch/jhu/cpriebe1/MO/model-taxonomy/results/shared_cache/03_adapters/allenai--OLMo-2-0425-1B-Instruct/yahoo_000g1_075g2_025g3_n1000_s00_r16_i00_b5008_fea27ccee,0/75/25,0.1779012680053711,-0.1915404051542282
functional_all,functional,cosine,dolly,5,mean,-1,/weka/scratch/jhu/cpriebe1/MO/model-taxonomy/results/shared_cache/03_adapters/allenai--OLMo-2-0425-1B-Instruct/yahoo_000g1_050g2_050g3_n1000_s00_r16_i00_b5008_fea27ccee,0/50/50,0.02777555026113987,-0.21284322440624237
functional_all,functional,cosine,dolly,5,mean,-1,/weka/scratch/jhu/cpriebe1/MO/model-taxonomy/results/shared_cache/03_adapters/allenai--OLMo-2-0425-1B-Instruct/yahoo_000g1_025g2_075g3_n1000_s00_r16_i00_b5008_fea27ccee,0/25/75,-0.16180472075939178,-0.19391368329524994
functional_all,functional,cosine,dolly,5,mean,-1,/weka/scratch/jhu/cpriebe1/MO/model-taxonomy/results/shared_cache/03_adapters/allenai--OLMo-2-0425-1B-Instruct/yahoo_000g1_000g2_100g3_n1000_s00_r16_i00_b5008_fea27ccee,0/0/100,-0.33037394285202026,-0.18914808332920074
functional_all,functional,cosine,dolly,5,seed_aligned,0,/weka/scratch/jhu/cpriebe1/MO/model-taxonomy/results/shared_cache/03_adapters/allenai--OLMo-2-0425-1B-Instruct/yahoo_100g1_000g2_000g3_n1000_s00_r16_i00_b5008_fea27ccee,100/0/0,2.3266545944040014e-19,0.35268551111221313
functional_all,functional,cosine,dolly,5,seed_aligned,0,/weka/scratch/jhu/cpriebe1/MO/model-taxonomy/results/shared_cache/03_adapters/allenai--OLMo-2-0425-1B-Instruct/yahoo_075g1_025g2_000g3_n1000_s00_r16_i00_b5008_fea27ccee,75/25/0,0.07773010432720184,0.22185315191745758
functional_all,functional,cosine,dolly,5,seed_aligned,0,/weka/scratch/jhu/cpriebe1/MO/model-taxonomy/results/shared_cache/03_adapters/allenai--OLMo-2-0425-1B-Instruct/yahoo_075g1_000g2_025g3_n1000_s00_r16_i00_b5008_fea27ccee,75/0/25,-0.09709847718477249,0.2565491199493408
functional_all,functional,cosine,dolly,5,seed_aligned,0,/weka/scratch/jhu/cpriebe1/MO/model-taxonomy/results/shared_cache/03_adapters/allenai--OLMo-2-0425-1B-Instruct/yahoo_050g1_050g2_000g3_n1000_s00_r16_i00_b5008_fea27ccee,50/50/0,0.18330031633377075,0.07691603899002075
functional_all,functional,cosine,dolly,5,seed_aligned,0,/weka/scratch/jhu/cpriebe1/MO/model-taxonomy/results/shared_cache/03_adapters/allenai--OLMo-2-0425-1B-Instruct/yahoo_050g1_025g2_025g3_n1000_s00_r16_i00_b5008_fea27ccee,50/25/25,0.003132798708975315,0.11567498743534088
functional_all,functional,cosine,dolly,5,seed_aligned,0,/weka/scratch/jhu/cpriebe1/MO/model-taxonomy/results/shared_cache/03_adapters/allenai--OLMo-2-0425-1B-Instruct/yahoo_050g1_000g2_050g3_n1000_s00_r16_i00_b5008_fea27ccee,50/0/50,-0.20624364912509918,0.13419955968856812
functional_all,functional,cosine,dolly,5,seed_aligned,0,/weka/scratch/jhu/cpriebe1/MO/model-taxonomy/results/shared_cache/03_adapters/allenai--OLMo-2-0425-1B-Instruct/yahoo_033g1_033g2_033g3_n1000_s00_r16_i00_b5008_fea27ccee,33/33/33,0.011990833096206188,-0.002713929396122694
functional_all,functional,cosine,dolly,5,seed_aligned,0,/weka/scratch/jhu/cpriebe1/MO/model-taxonomy/results/shared_cache/03_adapters/allenai--OLMo-2-0425-1B-Instruct/yahoo_025g1_075g2_000g3_n1000_s00_r16_i00_b5008_fea27ccee,25/75/0,0.24179396033287048,-0.05060739070177078
functional_all,functional,cosine,dolly,5,seed_aligned,0,/weka/scratch/jhu/cpriebe1/MO/model-taxonomy/results/shared_cache/03_adapters/allenai--OLMo-2-0425-1B-Instruct/yahoo_025g1_050g2_025g3_n1000_s00_r16_i00_b5008_fea27ccee,25/50/25,0.10318433493375778,-0.05242662504315376
functional_all,functional,cosine,dolly,5,seed_aligned,0,/weka/scratch/jhu/cpriebe1/MO/model-taxonomy/results/shared_cache/03_adapters/allenai--OLMo-2-0425-1B-Instruct/yahoo_025g1_025g2_050g3_n1000_s00_r16_i00_b5008_fea27ccee,25/25/50,-0.08518854528665543,-0.02931191772222519
functional_all,functional,cosine,dolly,5,seed_aligned,0,/weka/scratch/jhu/cpriebe1/MO/model-taxonomy/results/shared_cache/03_adapters/allenai--OLMo-2-0425-1B-Instruct/yahoo_025g1_000g2_075g3_n1000_s00_r16_i00_b5008_fea27ccee,25/0/75,-0.27265045046806335,-0.025017177686095238
functional_all,functional,cosine,dolly,5,seed_aligned,0,/weka/scratch/jhu/cpriebe1/MO/model-taxonomy/results/shared_cache/03_adapters/allenai--OLMo-2-0425-1B-Instruct/yahoo_000g1_100g2_000g3_n1000_s00_r16_i00_b5008_fea27ccee,0/100/0,0.3265506327152252,-0.21035592257976532
functional_all,functional,cosine,dolly,5,seed_aligned,0,/weka/scratch/jhu/cpriebe1/MO/model-taxonomy/results/shared_cache/03_adapters/allenai--OLMo-2-0425-1B-Instruct/yahoo_000g1_075g2_025g3_n1000_s00_r16_i00_b5008_fea27ccee,0/75/25,0.1779012680053711,-0.1915404051542282
functional_all,functional,cosine,dolly,5,seed_aligned,0,/weka/scratch/jhu/cpriebe1/MO/model-taxonomy/results/shared_cache/03_adapters/allenai--OLMo-2-0425-1B-Instruct/yahoo_000g1_050g2_050g3_n1000_s00_r16_i00_b5008_fea27ccee,0/50/50,0.02777555026113987,-0.21284322440624237
functional_all,functional,cosine,dolly,5,seed_aligned,0,/weka/scratch/jhu/cpriebe1/MO/model-taxonomy/results/shared_cache/03_adapters/allenai--OLMo-2-0425-1B-Instruct/yahoo_000g1_025g2_075g3_n1000_s00_r16_i00_b5008_fea27ccee,0/25/75,-0.16180472075939178,-0.19391368329524994
functional_all,functional,cosine,dolly,5,seed_aligned,0,/weka/scratch/jhu/cpriebe1/MO/model-taxonomy/results/shared_cache/03_adapters/allenai--OLMo-2-0425-1B-Instruct/yahoo_000g1_000g2_100g3_n1000_s00_r16_i00_b5008_fea27ccee,0/0/100,-0.33037394285202026,-0.18914808332920074
functional_all,functional,cosine,dolly,10,pooled,-1,/weka/scratch/jhu/cpriebe1/MO/model-taxonomy/results/shared_cache/03_adapters/allenai--OLMo-2-0425-1B-Instruct/yahoo_100g1_000g2_000g3_n1000_s00_r16_i00_b5008_fea27ccee,100/0/0,3.4388042529567404e-18,0.3526872396469116
functional_all,functional,cosine,dolly,10,pooled,-1,/weka/scratch/jhu/cpriebe1/MO/model-taxonomy/results/shared_cache/03_adapters/allenai--OLMo-2-0425-1B-Instruct/yahoo_075g1_025g2_000g3_n1000_s00_r16_i00_b5008_fea27ccee,75/25/0,0.08072176575660706,0.2210695445537567
functional_all,functional,cosine,dolly,10,pooled,-1,/weka/scratch/jhu/cpriebe1/MO/model-taxonomy/results/shared_cache/03_adapters/allenai--OLMo-2-0425-1B-Instruct/yahoo_075g1_000g2_025g3_n1000_s00_r16_i00_b5008_fea27ccee,75/0/25,-0.09378892928361893,0.25703904032707214
functional_all,functional,cosine,dolly,10,pooled,-1,/weka/scratch/jhu/cpriebe1/MO/model-taxonomy/results/shared_cache/03_adapters/allenai--OLMo-2-0425-1B-Instruct/yahoo_050g1_050g2_000g3_n1000_s00_r16_i00_b5008_fea27ccee,50/50/0,0.1851373165845871,0.0748462975025177
functional_all,functional,cosine,dolly,10,pooled,-1,/weka/scratch/jhu/cpriebe1/MO/model-taxonomy/results/shared_cache/03_adapters/allenai--OLMo-2-0425-1B-Instruct/yahoo_050g1_025g2_025g3_n1000_s00_r16_i00_b5008_fea27ccee,50/25/25,0.0073228804394602776,0.11544981598854065
functional_all,functional,cosine,dolly,10,pooled,-1,/weka/scratch/jhu/cpriebe1/MO/model-taxonomy/results/shared_cache/03_adapters/allenai--OLMo-2-0425-1B-Instruct/yahoo_050g1_000g2_050g3_n1000_s00_r16_i00_b5008_fea27ccee,50/0/50,-0.20388759672641754,0.13648873567581177
functional_all,functional,cosine,dolly,10,pooled,-1,/weka/scratch/jhu/cpriebe1/MO/model-taxonomy/results/shared_cache/03_adapters/allenai--OLMo-2-0425-1B-Instruct/yahoo_033g1_033g2_033g3_n1000_s00_r16_i00_b5008_fea27ccee,33/33/33,0.013295761309564114,-0.003192490665242076
functional_all,functional,cosine,dolly,10,pooled,-1,/weka/scratch/jhu/cpriebe1/MO/model-taxonomy/results/shared_cache/03_adapters/allenai--OLMo-2-0425-1B-Instruct/yahoo_025g1_075g2_000g3_n1000_s00_r16_i00_b5008_fea27ccee,25/75/0,0.24166350066661835,-0.05345487222075462
functional_all,functional,cosine,dolly,10,pooled,-1,/weka/scratch/jhu/cpriebe1/MO/model-taxonomy/results/shared_cache/03_adapters/allenai--OLMo-2-0425-1B-Instruct/yahoo_025g1_050g2_025g3_n1000_s00_r16_i00_b5008_fea27ccee,25/50/25,0.10346736013889313,-0.0537724532186985
functional_all,functional,cosine,dolly,10,pooled,-1,/weka/scratch/jhu/cpriebe1/MO/model-taxonomy/results/shared_cache/03_adapters/allenai--OLMo-2-0425-1B-Instruct/yahoo_025g1_025g2_050g3_n1000_s00_r16_i00_b5008_fea27ccee,25/25/50,-0.08435521274805069,-0.029040727764368057
functional_all,functional,cosine,dolly,10,pooled,-1,/weka/scratch/jhu/cpriebe1/MO/model-taxonomy/results/shared_cache/03_adapters/allenai--OLMo-2-0425-1B-Instruct/yahoo_025g1_000g2_075g3_n1000_s00_r16_i00_b5008_fea27ccee,25/0/75,-0.2719166874885559,-0.021100571379065514
functional_all,functional,cosine,dolly,10,pooled,-1,/weka/scratch/jhu/cpriebe1/MO/model-taxonomy/results/shared_cache/03_adapters/allenai--OLMo-2-0425-1B-Instruct/yahoo_000g1_100g2_000g3_n1000_s00_r16_i00_b5008_fea27ccee,0/100/0,0.322894424200058,-0.21634191274642944
functional_all,functional,cosine,dolly,10,pooled,-1,/weka/scratch/jhu/cpriebe1/MO/model-taxonomy/results/shared_cache/03_adapters/allenai--OLMo-2-0425-1B-Instruct/yahoo_000g1_075g2_025g3_n1000_s00_r16_i00_b5008_fea27ccee,0/75/25,0.17494623363018036,-0.1938321888446808
functional_all,functional,cosine,dolly,10,pooled,-1,/weka/scratch/jhu/cpriebe1/MO/model-taxonomy/results/shared_cache/03_adapters/allenai--OLMo-2-0425-1B-Instruct/yahoo_000g1_050g2_050g3_n1000_s00_r16_i00_b5008_fea27ccee,0/50/50,0.0242509376257658,-0.21351812779903412
functional_all,functional,cosine,dolly,10,pooled,-1,/weka/scratch/jhu/cpriebe1/MO/model-taxonomy/results/shared_cache/03_adapters/allenai--OLMo-2-0425-1B-Instruct/yahoo_000g1_025g2_075g3_n1000_s00_r16_i00_b5008_fea27ccee,0/25/75,-0.16477961838245392,-0.19157731533050537
functional_all,functional,cosine,dolly,10,pooled,-1,/weka/scratch/jhu/cpriebe1/MO/model-taxonomy/results/shared_cache/03_adapters/allenai--OLMo-2-0425-1B-Instruct/yahoo_000g1_000g2_100g3_n1000_s00_r16_i00_b5008_fea27ccee,0/0/100,-0.3349721431732178,-0.18175001442432404
functional_all,functional,cosine,dolly,10,mean,-1,/weka/scratch/jhu/cpriebe1/MO/model-taxonomy/results/shared_cache/03_adapters/allenai--OLMo-2-0425-1B-Instruct/yahoo_100g1_000g2_000g3_n1000_s00_r16_i00_b5008_fea27ccee,100/0/0,3.4388042529567404e-18,0.3526872396469116
functional_all,functional,cosine,dolly,10,mean,-1,/weka/scratch/jhu/cpriebe1/MO/model-taxonomy/results/shared_cache/03_adapters/allenai--OLMo-2-0425-1B-Instruct/yahoo_075g1_025g2_000g3_n1000_s00_r16_i00_b5008_fea27ccee,75/25/0,0.08072176575660706,0.2210695445537567
functional_all,functional,cosine,dolly,10,mean,-1,/weka/scratch/jhu/cpriebe1/MO/model-taxonomy/results/shared_cache/03_adapters/allenai--OLMo-2-0425-1B-Instruct/yahoo_075g1_000g2_025g3_n1000_s00_r16_i00_b5008_fea27ccee,75/0/25,-0.09378892928361893,0.25703904032707214
functional_all,functional,cosine,dolly,10,mean,-1,/weka/scratch/jhu/cpriebe1/MO/model-taxonomy/results/shared_cache/03_adapters/allenai--OLMo-2-0425-1B-Instruct/yahoo_050g1_050g2_000g3_n1000_s00_r16_i00_b5008_fea27ccee,50/50/0,0.1851373165845871,0.0748462975025177
functional_all,functional,cosine,dolly,10,mean,-1,/weka/scratch/jhu/cpriebe1/MO/model-taxonomy/results/shared_cache/03_adapters/allenai--OLMo-2-0425-1B-Instruct/yahoo_050g1_025g2_025g3_n1000_s00_r16_i00_b5008_fea27ccee,50/25/25,0.0073228804394602776,0.11544981598854065
functional_all,functional,cosine,dolly,10,mean,-1,/weka/scratch/jhu/cpriebe1/MO/model-taxonomy/results/shared_cache/03_adapters/allenai--OLMo-2-0425-1B-Instruct/yahoo_050g1_000g2_050g3_n1000_s00_r16_i00_b5008_fea27ccee,50/0/50,-0.20388759672641754,0.13648873567581177
functional_all,functional,cosine,dolly,10,mean,-1,/weka/scratch/jhu/cpriebe1/MO/model-taxonomy/results/shared_cache/03_adapters/allenai--OLMo-2-0425-1B-Instruct/yahoo_033g1_033g2_033g3_n1000_s00_r16_i00_b5008_fea27ccee,33/33/33,0.013295761309564114,-0.003192490665242076
functional_all,functional,cosine,dolly,10,mean,-1,/weka/scratch/jhu/cpriebe1/MO/model-taxonomy/results/shared_cache/03_adapters/allenai--OLMo-2-0425-1B-Instruct/yahoo_025g1_075g2_000g3_n1000_s00_r16_i00_b5008_fea27ccee,25/75/0,0.24166350066661835,-0.05345487222075462
functional_all,functional,cosine,dolly,10,mean,-1,/weka/scratch/jhu/cpriebe1/MO/model-taxonomy/results/shared_cache/03_adapters/allenai--OLMo-2-0425-1B-Instruct/yahoo_025g1_050g2_025g3_n1000_s00_r16_i00_b5008_fea27ccee,25/50/25,0.10346736013889313,-0.0537724532186985
functional_all,functional,cosine,dolly,10,mean,-1,/weka/scratch/jhu/cpriebe1/MO/model-taxonomy/results/shared_cache/03_adapters/allenai--OLMo-2-0425-1B-Instruct/yahoo_025g1_025g2_050g3_n1000_s00_r16_i00_b5008_fea27ccee,25/25/50,-0.08435521274805069,-0.029040727764368057
functional_all,functional,cosine,dolly,10,mean,-1,/weka/scratch/jhu/cpriebe1/MO/model-taxonomy/results/shared_cache/03_adapters/allenai--OLMo-2-0425-1B-Instruct/yahoo_025g1_000g2_075g3_n1000_s00_r16_i00_b5008_fea27ccee,25/0/75,-0.2719166874885559,-0.021100571379065514
functional_all,functional,cosine,dolly,10,mean,-1,/weka/scratch/jhu/cpriebe1/MO/model-taxonomy/results/shared_cache/03_adapters/allenai--OLMo-2-0425-1B-Instruct/yahoo_000g1_100g2_000g3_n1000_s00_r16_i00_b5008_fea27ccee,0/100/0,0.322894424200058,-0.21634191274642944
functional_all,functional,cosine,dolly,10,mean,-1,/weka/scratch/jhu/cpriebe1/MO/model-taxonomy/results/shared_cache/03_adapters/allenai--OLMo-2-0425-1B-Instruct/yahoo_000g1_075g2_025g3_n1000_s00_r16_i00_b5008_fea27ccee,0/75/25,0.17494623363018036,-0.1938321888446808
functional_all,functional,cosine,dolly,10,mean,-1,/weka/scratch/jhu/cpriebe1/MO/model-taxonomy/results/shared_cache/03_adapters/allenai--OLMo-2-0425-1B-Instruct/yahoo_000g1_050g2_050g3_n1000_s00_r16_i00_b5008_fea27ccee,0/50/50,0.0242509376257658,-0.21351812779903412
functional_all,functional,cosine,dolly,10,mean,-1,/weka/scratch/jhu/cpriebe1/MO/model-taxonomy/results/shared_cache/03_adapters/allenai--OLMo-2-0425-1B-Instruct/yahoo_000g1_025g2_075g3_n1000_s00_r16_i00_b5008_fea27ccee,0/25/75,-0.16477961838245392,-0.19157731533050537
functional_all,functional,cosine,dolly,10,mean,-1,/weka/scratch/jhu/cpriebe1/MO/model-taxonomy/results/shared_cache/03_adapters/allenai--OLMo-2-0425-1B-Instruct/yahoo_000g1_000g2_100g3_n1000_s00_r16_i00_b5008_fea27ccee,0/0/100,-0.3349721431732178,-0.18175001442432404
functional_all,functional,cosine,dolly,10,seed_aligned,0,/weka/scratch/jhu/cpriebe1/MO/model-taxonomy/results/shared_cache/03_adapters/allenai--OLMo-2-0425-1B-Instruct/yahoo_100g1_000g2_000g3_n1000_s00_r16_i00_b5008_fea27ccee,100/0/0,3.4388042529567404e-18,0.3526872396469116
functional_all,functional,cosine,dolly,10,seed_aligned,0,/weka/scratch/jhu/cpriebe1/MO/model-taxonomy/results/shared_cache/03_adapters/allenai--OLMo-2-0425-1B-Instruct/yahoo_075g1_025g2_000g3_n1000_s00_r16_i00_b5008_fea27ccee,75/25/0,0.08072176575660706,0.2210695445537567
functional_all,functional,cosine,dolly,10,seed_aligned,0,/weka/scratch/jhu/cpriebe1/MO/model-taxonomy/results/shared_cache/03_adapters/allenai--OLMo-2-0425-1B-Instruct/yahoo_075g1_000g2_025g3_n1000_s00_r16_i00_b5008_fea27ccee,75/0/25,-0.09378892928361893,0.25703904032707214
functional_all,functional,cosine,dolly,10,seed_aligned,0,/weka/scratch/jhu/cpriebe1/MO/model-taxonomy/results/shared_cache/03_adapters/allenai--OLMo-2-0425-1B-Instruct/yahoo_050g1_050g2_000g3_n1000_s00_r16_i00_b5008_fea27ccee,50/50/0,0.1851373165845871,0.0748462975025177
functional_all,functional,cosine,dolly,10,seed_aligned,0,/weka/scratch/jhu/cpriebe1/MO/model-taxonomy/results/shared_cache/03_adapters/allenai--OLMo-2-0425-1B-Instruct/yahoo_050g1_025g2_025g3_n1000_s00_r16_i00_b5008_fea27ccee,50/25/25,0.0073228804394602776,0.11544981598854065
functional_all,functional,cosine,dolly,10,seed_aligned,0,/weka/scratch/jhu/cpriebe1/MO/model-taxonomy/results/shared_cache/03_adapters/allenai--OLMo-2-0425-1B-Instruct/yahoo_050g1_000g2_050g3_n1000_s00_r16_i00_b5008_fea27ccee,50/0/50,-0.20388759672641754,0.13648873567581177
functional_all,functional,cosine,dolly,10,seed_aligned,0,/weka/scratch/jhu/cpriebe1/MO/model-taxonomy/results/shared_cache/03_adapters/allenai--OLMo-2-0425-1B-Instruct/yahoo_033g1_033g2_033g3_n1000_s00_r16_i00_b5008_fea27ccee,33/33/33,0.013295761309564114,-0.003192490665242076
functional_all,functional,cosine,dolly,10,seed_aligned,0,/weka/scratch/jhu/cpriebe1/MO/model-taxonomy/results/shared_cache/03_adapters/allenai--OLMo-2-0425-1B-Instruct/yahoo_025g1_075g2_000g3_n1000_s00_r16_i00_b5008_fea27ccee,25/75/0,0.24166350066661835,-0.05345487222075462
functional_all,functional,cosine,dolly,10,seed_aligned,0,/weka/scratch/jhu/cpriebe1/MO/model-taxonomy/results/shared_cache/03_adapters/allenai--OLMo-2-0425-1B-Instruct/yahoo_025g1_050g2_025g3_n1000_s00_r16_i00_b5008_fea27ccee,25/50/25,0.10346736013889313,-0.0537724532186985
functional_all,functional,cosine,dolly,10,seed_aligned,0,/weka/scratch/jhu/cpriebe1/MO/model-taxonomy/results/shared_cache/03_adapters/allenai--OLMo-2-0425-1B-Instruct/yahoo_025g1_025g2_050g3_n1000_s00_r16_i00_b5008_fea27ccee,25/25/50,-0.08435521274805069,-0.029040727764368057
functional_all,functional,cosine,dolly,10,seed_aligned,0,/weka/scratch/jhu/cpriebe1/MO/model-taxonomy/results/shared_cache/03_adapters/allenai--OLMo-2-0425-1B-Instruct/yahoo_025g1_000g2_075g3_n1000_s00_r16_i00_b5008_fea27ccee,25/0/75,-0.2719166874885559,-0.021100571379065514
functional_all,functional,cosine,dolly,10,seed_aligned,0,/weka/scratch/jhu/cpriebe1/MO/model-taxonomy/results/shared_cache/03_adapters/allenai--OLMo-2-0425-1B-Instruct/yahoo_000g1_100g2_000g3_n1000_s00_r16_i00_b5008_fea27ccee,0/100/0,0.322894424200058,-0.21634191274642944
functional_all,functional,cosine,dolly,10,seed_aligned,0,/weka/scratch/jhu/cpriebe1/MO/model-taxonomy/results/shared_cache/03_adapters/allenai--OLMo-2-0425-1B-Instruct/yahoo_000g1_075g2_025g3_n1000_s00_r16_i00_b5008_fea27ccee,0/75/25,0.17494623363018036,-0.1938321888446808
functional_all,functional,cosine,dolly,10,seed_aligned,0,/weka/scratch/jhu/cpriebe1/MO/model-taxonomy/results/shared_cache/03_adapters/allenai--OLMo-2-0425-1B-Instruct/yahoo_000g1_050g2_050g3_n1000_s00_r16_i00_b5008_fea27ccee,0/50/50,0.0242509376257658,-0.21351812779903412
functional_all,functional,cosine,dolly,10,seed_aligned,0,/weka/scratch/jhu/cpriebe1/MO/model-taxonomy/results/shared_cache/03_adapters/allenai--OLMo-2-0425-1B-Instruct/yahoo_000g1_025g2_075g3_n1000_s00_r16_i00_b5008_fea27ccee,0/25/75,-0.16477961838245392,-0.19157731533050537
functional_all,functional,cosine,dolly,10,seed_aligned,0,/weka/scratch/jhu/cpriebe1/MO/model-taxonomy/results/shared_cache/03_adapters/allenai--OLMo-2-0425-1B-Instruct/yahoo_000g1_000g2_100g3_n1000_s00_r16_i00_b5008_fea27ccee,0/0/100,-0.3349721431732178,-0.18175001442432404
functional_all,functional,cosine,dolly,20,pooled,-1,/weka/scratch/jhu/cpriebe1/MO/model-taxonomy/results/shared_cache/03_adapters/allenai--OLMo-2-0425-1B-Instruct/yahoo_100g1_000g2_000g3_n1000_s00_r16_i00_b5008_fea27ccee,100/0/0,3.498967373654407e-18,0.3526051342487335
functional_all,functional,cosine,dolly,20,pooled,-1,/weka/scratch/jhu/cpriebe1/MO/model-taxonomy/results/shared_cache/03_adapters/allenai--OLMo-2-0425-1B-Instruct/yahoo_075g1_025g2_000g3_n1000_s00_r16_i00_b5008_fea27ccee,75/25/0,0.07824119925498962,0.2220986932516098
functional_all,functional,cosine,dolly,20,pooled,-1,/weka/scratch/jhu/cpriebe1/MO/model-taxonomy/results/shared_cache/03_adapters/allenai--OLMo-2-0425-1B-Instruct/yahoo_075g1_000g2_025g3_n1000_s00_r16_i00_b5008_fea27ccee,75/0/25,-0.09695281088352203,0.2564904987812042
functional_all,functional,cosine,dolly,20,pooled,-1,/weka/scratch/jhu/cpriebe1/MO/model-taxonomy/results/shared_cache/03_adapters/allenai--OLMo-2-0425-1B-Instruct/yahoo_050g1_050g2_000g3_n1000_s00_r16_i00_b5008_fea27ccee,50/50/0,0.18348386883735657,0.0776401162147522
functional_all,functional,cosine,dolly,20,pooled,-1,/weka/scratch/jhu/cpriebe1/MO/model-taxonomy/results/shared_cache/03_adapters/allenai--OLMo-2-0425-1B-Instruct/yahoo_050g1_025g2_025g3_n1000_s00_r16_i00_b5008_fea27ccee,50/25/25,0.003321278840303421,0.11563460528850555
functional_all,functional,cosine,dolly,20,pooled,-1,/weka/scratch/jhu/cpriebe1/MO/model-taxonomy/results/shared_cache/03_adapters/allenai--OLMo-2-0425-1B-Instruct/yahoo_050g1_000g2_050g3_n1000_s00_r16_i00_b5008_fea27ccee,50/0/50,-0.20579227805137634,0.13361430168151855
functional_all,functional,cosine,dolly,20,pooled,-1,/weka/scratch/jhu/cpriebe1/MO/model-taxonomy/results/shared_cache/03_adapters/allenai--OLMo-2-0425-1B-Instruct/yahoo_033g1_033g2_033g3_n1000_s00_r16_i00_b5008_fea27ccee,33/33/33,0.012353284284472466,-0.002551153302192688
functional_all,functional,cosine,dolly,20,pooled,-1,/weka/scratch/jhu/cpriebe1/MO/model-taxonomy/results/shared_cache/03_adapters/allenai--OLMo-2-0425-1B-Instruct/yahoo_025g1_075g2_000g3_n1000_s00_r16_i00_b5008_fea27ccee,25/75/0,0.24183815717697144,-0.050103798508644104
functional_all,functional,cosine,dolly,20,pooled,-1,/weka/scratch/jhu/cpriebe1/MO/model-taxonomy/results/shared_cache/03_adapters/allenai--OLMo-2-0425-1B-Instruct/yahoo_025g1_050g2_025g3_n1000_s00_r16_i00_b5008_fea27ccee,25/50/25,0.1030193567276001,-0.05205974727869034
functional_all,functional,cosine,dolly,20,pooled,-1,/weka/scratch/jhu/cpriebe1/MO/model-taxonomy/results/shared_cache/03_adapters/allenai--OLMo-2-0425-1B-Instruct/yahoo_025g1_025g2_050g3_n1000_s00_r16_i00_b5008_fea27ccee,25/25/50,-0.08487264066934586,-0.029730023816227913
functional_all,functional,cosine,dolly,20,pooled,-1,/weka/scratch/jhu/cpriebe1/MO/model-taxonomy/results/shared_cache/03_adapters/allenai--OLMo-2-0425-1B-Instruct/yahoo_025g1_000g2_075g3_n1000_s00_r16_i00_b5008_fea27ccee,25/0/75,-0.2720111608505249,-0.025464124977588654
functional_all,functional,cosine,dolly,20,pooled,-1,/weka/scratch/jhu/cpriebe1/MO/model-taxonomy/results/shared_cache/03_adapters/allenai--OLMo-2-0425-1B-Instruct/yahoo_000g1_100g2_000g3_n1000_s00_r16_i00_b5008_fea27ccee,0/100/0,0.3264320194721222,-0.21012179553508759
functional_all,functional,cosine,dolly,20,pooled,-1,/weka/scratch/jhu/cpriebe1/MO/model-taxonomy/results/shared_cache/03_adapters/allenai--OLMo-2-0425-1B-Instruct/yahoo_000g1_075g2_025g3_n1000_s00_r16_i00_b5008_fea27ccee,0/75/25,0.17734546959400177,-0.19106566905975342
functional_all,functional,cosine,dolly,20,pooled,-1,/weka/scratch/jhu/cpriebe1/MO/model-taxonomy/results/shared_cache/03_adapters/allenai--OLMo-2-0425-1B-Instruct/yahoo_000g1_050g2_050g3_n1000_s00_r16_i00_b5008_fea27ccee,0/50/50,0.027107084169983864,-0.21295449137687683
functional_all,functional,cosine,dolly,20,pooled,-1,/weka/scratch/jhu/cpriebe1/MO/model-taxonomy/results/shared_cache/03_adapters/allenai--OLMo-2-0425-1B-Instruct/yahoo_000g1_025g2_075g3_n1000_s00_r16_i00_b5008_fea27ccee,0/25/75,-0.16228927671909332,-0.19431008398532867
functional_all,functional,cosine,dolly,20,pooled,-1,/weka/scratch/jhu/cpriebe1/MO/model-taxonomy/results/shared_cache/03_adapters/allenai--OLMo-2-0425-1B-Instruct/yahoo_000g1_000g2_100g3_n1000_s00_r16_i00_b5008_fea27ccee,0/0/100,-0.3312235176563263,-0.18972247838974
functional_all,functional,cosine,dolly,20,mean,-1,/weka/scratch/jhu/cpriebe1/MO/model-taxonomy/results/shared_cache/03_adapters/allenai--OLMo-2-0425-1B-Instruct/yahoo_100g1_000g2_000g3_n1000_s00_r16_i00_b5008_fea27ccee,100/0/0,3.498967373654407e-18,0.3526051342487335
functional_all,functional,cosine,dolly,20,mean,-1,/weka/scratch/jhu/cpriebe1/MO/model-taxonomy/results/shared_cache/03_adapters/allenai--OLMo-2-0425-1B-Instruct/yahoo_075g1_025g2_000g3_n1000_s00_r16_i00_b5008_fea27ccee,75/25/0,0.07824119925498962,0.2220986932516098
functional_all,functional,cosine,dolly,20,mean,-1,/weka/scratch/jhu/cpriebe1/MO/model-taxonomy/results/shared_cache/03_adapters/allenai--OLMo-2-0425-1B-Instruct/yahoo_075g1_000g2_025g3_n1000_s00_r16_i00_b5008_fea27ccee,75/0/25,-0.09695281088352203,0.2564904987812042
functional_all,functional,cosine,dolly,20,mean,-1,/weka/scratch/jhu/cpriebe1/MO/model-taxonomy/results/shared_cache/03_adapters/allenai--OLMo-2-0425-1B-Instruct/yahoo_050g1_050g2_000g3_n1000_s00_r16_i00_b5008_fea27ccee,50/50/0,0.18348386883735657,0.0776401162147522
functional_all,functional,cosine,dolly,20,mean,-1,/weka/scratch/jhu/cpriebe1/MO/model-taxonomy/results/shared_cache/03_adapters/allenai--OLMo-2-0425-1B-Instruct/yahoo_050g1_025g2_025g3_n1000_s00_r16_i00_b5008_fea27ccee,50/25/25,0.003321278840303421,0.11563460528850555
functional_all,functional,cosine,dolly,20,mean,-1,/weka/scratch/jhu/cpriebe1/MO/model-taxonomy/results/shared_cache/03_adapters/allenai--OLMo-2-0425-1B-Instruct/yahoo_050g1_000g2_050g3_n1000_s00_r16_i00_b5008_fea27ccee,50/0/50,-0.20579227805137634,0.13361430168151855
functional_all,functional,cosine,dolly,20,mean,-1,/weka/scratch/jhu/cpriebe1/MO/model-taxonomy/results/shared_cache/03_adapters/allenai--OLMo-2-0425-1B-Instruct/yahoo_033g1_033g2_033g3_n1000_s00_r16_i00_b5008_fea27ccee,33/33/33,0.012353284284472466,-0.002551153302192688
functional_all,functional,cosine,dolly,20,mean,-1,/weka/scratch/jhu/cpriebe1/MO/model-taxonomy/results/shared_cache/03_adapters/allenai--OLMo-2-0425-1B-Instruct/yahoo_025g1_075g2_000g3_n1000_s00_r16_i00_b5008_fea27ccee,25/75/0,0.24183815717697144,-0.050103798508644104
functional_all,functional,cosine,dolly,20,mean,-1,/weka/scratch/jhu/cpriebe1/MO/model-taxonomy/results/shared_cache/03_adapters/allenai--OLMo-2-0425-1B-Instruct/yahoo_025g1_050g2_025g3_n1000_s00_r16_i00_b5008_fea27ccee,25/50/25,0.1030193567276001,-0.05205974727869034
functional_all,functional,cosine,dolly,20,mean,-1,/weka/scratch/jhu/cpriebe1/MO/model-taxonomy/results/shared_cache/03_adapters/allenai--OLMo-2-0425-1B-Instruct/yahoo_025g1_025g2_050g3_n1000_s00_r16_i00_b5008_fea27ccee,25/25/50,-0.08487264066934586,-0.029730023816227913
functional_all,functional,cosine,dolly,20,mean,-1,/weka/scratch/jhu/cpriebe1/MO/model-taxonomy/results/shared_cache/03_adapters/allenai--OLMo-2-0425-1B-Instruct/yahoo_025g1_000g2_075g3_n1000_s00_r16_i00_b5008_fea27ccee,25/0/75,-0.2720111608505249,-0.025464124977588654
functional_all,functional,cosine,dolly,20,mean,-1,/weka/scratch/jhu/cpriebe1/MO/model-taxonomy/results/shared_cache/03_adapters/allenai--OLMo-2-0425-1B-Instruct/yahoo_000g1_100g2_000g3_n1000_s00_r16_i00_b5008_fea27ccee,0/100/0,0.3264320194721222,-0.21012179553508759
functional_all,functional,cosine,dolly,20,mean,-1,/weka/scratch/jhu/cpriebe1/MO/model-taxonomy/results/shared_cache/03_adapters/allenai--OLMo-2-0425-1B-Instruct/yahoo_000g1_075g2_025g3_n1000_s00_r16_i00_b5008_fea27ccee,0/75/25,0.17734546959400177,-0.19106566905975342
functional_all,functional,cosine,dolly,20,mean,-1,/weka/scratch/jhu/cpriebe1/MO/model-taxonomy/results/shared_cache/03_adapters/allenai--OLMo-2-0425-1B-Instruct/yahoo_000g1_050g2_050g3_n1000_s00_r16_i00_b5008_fea27ccee,0/50/50,0.027107084169983864,-0.21295449137687683
functional_all,functional,cosine,dolly,20,mean,-1,/weka/scratch/jhu/cpriebe1/MO/model-taxonomy/results/shared_cache/03_adapters/allenai--OLMo-2-0425-1B-Instruct/yahoo_000g1_025g2_075g3_n1000_s00_r16_i00_b5008_fea27ccee,0/25/75,-0.16228927671909332,-0.19431008398532867
functional_all,functional,cosine,dolly,20,mean,-1,/weka/scratch/jhu/cpriebe1/MO/model-taxonomy/results/shared_cache/03_adapters/allenai--OLMo-2-0425-1B-Instruct/yahoo_000g1_000g2_100g3_n1000_s00_r16_i00_b5008_fea27ccee,0/0/100,-0.3312235176563263,-0.18972247838974
functional_all,functional,cosine,dolly,20,seed_aligned,0,/weka/scratch/jhu/cpriebe1/MO/model-taxonomy/results/shared_cache/03_adapters/allenai--OLMo-2-0425-1B-Instruct/yahoo_100g1_000g2_000g3_n1000_s00_r16_i00_b5008_fea27ccee,100/0/0,3.498967373654407e-18,0.3526051342487335
functional_all,functional,cosine,dolly,20,seed_aligned,0,/weka/scratch/jhu/cpriebe1/MO/model-taxonomy/results/shared_cache/03_adapters/allenai--OLMo-2-0425-1B-Instruct/yahoo_075g1_025g2_000g3_n1000_s00_r16_i00_b5008_fea27ccee,75/25/0,0.07824119925498962,0.2220986932516098
functional_all,functional,cosine,dolly,20,seed_aligned,0,/weka/scratch/jhu/cpriebe1/MO/model-taxonomy/results/shared_cache/03_adapters/allenai--OLMo-2-0425-1B-Instruct/yahoo_075g1_000g2_025g3_n1000_s00_r16_i00_b5008_fea27ccee,75/0/25,-0.09695281088352203,0.2564904987812042
functional_all,functional,cosine,dolly,20,seed_aligned,0,/weka/scratch/jhu/cpriebe1/MO/model-taxonomy/results/shared_cache/03_adapters/allenai--OLMo-2-0425-1B-Instruct/yahoo_050g1_050g2_000g3_n1000_s00_r16_i00_b5008_fea27ccee,50/50/0,0.18348386883735657,0.0776401162147522
functional_all,functional,cosine,dolly,20,seed_aligned,0,/weka/scratch/jhu/cpriebe1/MO/model-taxonomy/results/shared_cache/03_adapters/allenai--OLMo-2-0425-1B-Instruct/yahoo_050g1_025g2_025g3_n1000_s00_r16_i00_b5008_fea27ccee,50/25/25,0.003321278840303421,0.11563460528850555
functional_all,functional,cosine,dolly,20,seed_aligned,0,/weka/scratch/jhu/cpriebe1/MO/model-taxonomy/results/shared_cache/03_adapters/allenai--OLMo-2-0425-1B-Instruct/yahoo_050g1_000g2_050g3_n1000_s00_r16_i00_b5008_fea27ccee,50/0/50,-0.20579227805137634,0.13361430168151855
functional_all,functional,cosine,dolly,20,seed_aligned,0,/weka/scratch/jhu/cpriebe1/MO/model-taxonomy/results/shared_cache/03_adapters/allenai--OLMo-2-0425-1B-Instruct/yahoo_033g1_033g2_033g3_n1000_s00_r16_i00_b5008_fea27ccee,33/33/33,0.012353284284472466,-0.002551153302192688
functional_all,functional,cosine,dolly,20,seed_aligned,0,/weka/scratch/jhu/cpriebe1/MO/model-taxonomy/results/shared_cache/03_adapters/allenai--OLMo-2-0425-1B-Instruct/yahoo_025g1_075g2_000g3_n1000_s00_r16_i00_b5008_fea27ccee,25/75/0,0.24183815717697144,-0.050103798508644104
functional_all,functional,cosine,dolly,20,seed_aligned,0,/weka/scratch/jhu/cpriebe1/MO/model-taxonomy/results/shared_cache/03_adapters/allenai--OLMo-2-0425-1B-Instruct/yahoo_025g1_050g2_025g3_n1000_s00_r16_i00_b5008_fea27ccee,25/50/25,0.1030193567276001,-0.05205974727869034
functional_all,functional,cosine,dolly,20,seed_aligned,0,/weka/scratch/jhu/cpriebe1/MO/model-taxonomy/results/shared_cache/03_adapters/allenai--OLMo-2-0425-1B-Instruct/yahoo_025g1_025g2_050g3_n1000_s00_r16_i00_b5008_fea27ccee,25/25/50,-0.08487264066934586,-0.029730023816227913
functional_all,functional,cosine,dolly,20,seed_aligned,0,/weka/scratch/jhu/cpriebe1/MO/model-taxonomy/results/shared_cache/03_adapters/allenai--OLMo-2-0425-1B-Instruct/yahoo_025g1_000g2_075g3_n1000_s00_r16_i00_b5008_fea27ccee,25/0/75,-0.2720111608505249,-0.025464124977588654
functional_all,functional,cosine,dolly,20,seed_aligned,0,/weka/scratch/jhu/cpriebe1/MO/model-taxonomy/results/shared_cache/03_adapters/allenai--OLMo-2-0425-1B-Instruct/yahoo_000g1_100g2_000g3_n1000_s00_r16_i00_b5008_fea27ccee,0/100/0,0.3264320194721222,-0.21012179553508759
functional_all,functional,cosine,dolly,20,seed_aligned,0,/weka/scratch/jhu/cpriebe1/MO/model-taxonomy/results/shared_cache/03_adapters/allenai--OLMo-2-0425-1B-Instruct/yahoo_000g1_075g2_025g3_n1000_s00_r16_i00_b5008_fea27ccee,0/75/25,0.17734546959400177,-0.19106566905975342
functional_all,functional,cosine,dolly,20,seed_aligned,0,/weka/scratch/jhu/cpriebe1/MO/model-taxonomy/results/shared_cache/03_adapters/allenai--OLMo-2-0425-1B-Instruct/yahoo_000g1_050g2_050g3_n1000_s00_r16_i00_b5008_fea27ccee,0/50/50,0.027107084169983864,-0.21295449137687683
functional_all,functional,cosine,dolly,20,seed_aligned,0,/weka/scratch/jhu/cpriebe1/MO/model-taxonomy/results/shared_cache/03_adapters/allenai--OLMo-2-0425-1B-Instruct/yahoo_000g1_025g2_075g3_n1000_s00_r16_i00_b5008_fea27ccee,0/25/75,-0.16228927671909332,-0.19431008398532867
functional_all,functional,cosine,dolly,20,seed_aligned,0,/weka/scratch/jhu/cpriebe1/MO/model-taxonomy/results/shared_cache/03_adapters/allenai--OLMo-2-0425-1B-Instruct/yahoo_000g1_000g2_100g3_n1000_s00_r16_i00_b5008_fea27ccee,0/0/100,-0.3312235176563263,-0.18972247838974
functional_all,functional,cosine,dolly,50,pooled,-1,/weka/scratch/jhu/cpriebe1/MO/model-taxonomy/results/shared_cache/03_adapters/allenai--OLMo-2-0425-1B-Instruct/yahoo_100g1_000g2_000g3_n1000_s00_r16_i00_b5008_fea27ccee,100/0/0,-2.786684422931679e-18,0.35233545303344727
functional_all,functional,cosine,dolly,50,pooled,-1,/weka/scratch/jhu/cpriebe1/MO/model-taxonomy/results/shared_cache/03_adapters/allenai--OLMo-2-0425-1B-Instruct/yahoo_075g1_025g2_000g3_n1000_s00_r16_i00_b5008_fea27ccee,75/25/0,0.07805512845516205,0.222279354929924
functional_all,functional,cosine,dolly,50,pooled,-1,/weka/scratch/jhu/cpriebe1/MO/model-taxonomy/results/shared_cache/03_adapters/allenai--OLMo-2-0425-1B-Instruct/yahoo_075g1_000g2_025g3_n1000_s00_r16_i00_b5008_fea27ccee,75/0/25,-0.09727484732866287,0.2553519010543823
functional_all,functional,cosine,dolly,50,pooled,-1,/weka/scratch/jhu/cpriebe1/MO/model-taxonomy/results/shared_cache/03_adapters/allenai--OLMo-2-0425-1B-Instruct/yahoo_050g1_050g2_000g3_n1000_s00_r16_i00_b5008_fea27ccee,50/50/0,0.1825851947069168,0.079473577439785
functional_all,functional,cosine,dolly,50,pooled,-1,/weka/scratch/jhu/cpriebe1/MO/model-taxonomy/results/shared_cache/03_adapters/allenai--OLMo-2-0425-1B-Instruct/yahoo_050g1_025g2_025g3_n1000_s00_r16_i00_b5008_fea27ccee,50/25/25,0.0014199932338669896,0.11478788405656815
functional_all,functional,cosine,dolly,50,pooled,-1,/weka/scratch/jhu/cpriebe1/MO/model-taxonomy/results/shared_cache/03_adapters/allenai--OLMo-2-0425-1B-Instruct/yahoo_050g1_000g2_050g3_n1000_s00_r16_i00_b5008_fea27ccee,50/0/50,-0.20741982758045197,0.1318678855895996
functional_all,functional,cosine,dolly,50,pooled,-1,/weka/scratch/jhu/cpriebe1/MO/model-taxonomy/results/shared_cache/03_adapters/allenai--OLMo-2-0425-1B-Instruct/yahoo_033g1_033g2_033g3_n1000_s00_r16_i00_b5008_fea27ccee,33/33/33,0.012816359288990498,-0.00321249314583838
functional_all,functional,cosine,dolly,50,pooled,-1,/weka/scratch/jhu/cpriebe1/MO/model-taxonomy/results/shared_cache/03_adapters/allenai--OLMo-2-0425-1B-Instruct/yahoo_025g1_075g2_000g3_n1000_s00_r16_i00_b5008_fea27ccee,25/75/0,0.24219194054603577,-0.047642290592193604
functional_all,functional,cosine,dolly,50,pooled,-1,/weka/scratch/jhu/cpriebe1/MO/model-taxonomy/results/shared_cache/03_adapters/allenai--OLMo-2-0425-1B-Instruct/yahoo_025g1_050g2_025g3_n1000_s00_r16_i00_b5008_fea27ccee,25/50/25,0.10281731188297272,-0.05150840803980827
functional_all,functional,cosine,dolly,50,pooled,-1,/weka/scratch/jhu/cpriebe1/MO/model-taxonomy/results/shared_cache/03_adapters/allenai--OLMo-2-0425-1B-Instruct/yahoo_025g1_025g2_050g3_n1000_s00_r16_i00_b5008_fea27ccee,25/25/50,-0.08461261540651321,-0.03146201744675636
functional_all,functional,cosine,dolly,50,pooled,-1,/weka/scratch/jhu/cpriebe1/MO/model-taxonomy/results/shared_cache/03_adapters/allenai--OLMo-2-0425-1B-Instruct/yahoo_025g1_000g2_075g3_n1000_s00_r16_i00_b5008_fea27ccee,25/0/75,-0.2713833451271057,-0.027360644191503525
functional_all,functional,cosine,dolly,50,pooled,-1,/weka/scratch/jhu/cpriebe1/MO/model-taxonomy/results/shared_cache/03_adapters/allenai--OLMo-2-0425-1B-Instruct/yahoo_000g1_100g2_000g3_n1000_s00_r16_i00_b5008_fea27ccee,0/100/0,0.32840198278427124,-0.20641906559467316
functional_all,functional,cosine,dolly,50,pooled,-1,/weka/scratch/jhu/cpriebe1/MO/model-taxonomy/results/shared_cache/03_adapters/allenai--OLMo-2-0425-1B-Instruct/yahoo_000g1_075g2_025g3_n1000_s00_r16_i00_b5008_fea27ccee,0/75/25,0.178398996591568,-0.18936459720134735
functional_all,functional,cosine,dolly,50,pooled,-1,/weka/scratch/jhu/cpriebe1/MO/model-taxonomy/results/shared_cache/03_adapters/allenai--OLMo-2-0425-1B-Instruct/yahoo_000g1_050g2_050g3_n1000_s00_r16_i00_b5008_fea27ccee,0/50/50,0.028048811480402946,-0.21315152943134308
functional_all,functional,cosine,dolly,50,pooled,-1,/weka/scratch/jhu/cpriebe1/MO/model-taxonomy/results/shared_cache/03_adapters/allenai--OLMo-2-0425-1B-Instruct/yahoo_000g1_025g2_075g3_n1000_s00_r16_i00_b5008_fea27ccee,0/25/75,-0.16136623919010162,-0.19532625377178192
functional_all,functional,cosine,dolly,50,pooled,-1,/weka/scratch/jhu/cpriebe1/MO/model-taxonomy/results/shared_cache/03_adapters/allenai--OLMo-2-0425-1B-Instruct/yahoo_000g1_000g2_100g3_n1000_s00_r16_i00_b5008_fea27ccee,0/0/100,-0.3326788544654846,-0.19064876437187195
functional_all,functional,cosine,dolly,50,mean,-1,/weka/scratch/jhu/cpriebe1/MO/model-taxonomy/results/shared_cache/03_adapters/allenai--OLMo-2-0425-1B-Instruct/yahoo_100g1_000g2_000g3_n1000_s00_r16_i00_b5008_fea27ccee,100/0/0,-2.786684422931679e-18,0.35233545303344727
functional_all,functional,cosine,dolly,50,mean,-1,/weka/scratch/jhu/cpriebe1/MO/model-taxonomy/results/shared_cache/03_adapters/allenai--OLMo-2-0425-1B-Instruct/yahoo_075g1_025g2_000g3_n1000_s00_r16_i00_b5008_fea27ccee,75/25/0,0.07805512845516205,0.222279354929924
functional_all,functional,cosine,dolly,50,mean,-1,/weka/scratch/jhu/cpriebe1/MO/model-taxonomy/results/shared_cache/03_adapters/allenai--OLMo-2-0425-1B-Instruct/yahoo_075g1_000g2_025g3_n1000_s00_r16_i00_b5008_fea27ccee,75/0/25,-0.09727484732866287,0.2553519010543823
functional_all,functional,cosine,dolly,50,mean,-1,/weka/scratch/jhu/cpriebe1/MO/model-taxonomy/results/shared_cache/03_adapters/allenai--OLMo-2-0425-1B-Instruct/yahoo_050g1_050g2_000g3_n1000_s00_r16_i00_b5008_fea27ccee,50/50/0,0.1825851947069168,0.079473577439785
functional_all,functional,cosine,dolly,50,mean,-1,/weka/scratch/jhu/cpriebe1/MO/model-taxonomy/results/shared_cache/03_adapters/allenai--OLMo-2-0425-1B-Instruct/yahoo_050g1_025g2_025g3_n1000_s00_r16_i00_b5008_fea27ccee,50/25/25,0.0014199932338669896,0.11478788405656815
functional_all,functional,cosine,dolly,50,mean,-1,/weka/scratch/jhu/cpriebe1/MO/model-taxonomy/results/shared_cache/03_adapters/allenai--OLMo-2-0425-1B-Instruct/yahoo_050g1_000g2_050g3_n1000_s00_r16_i00_b5008_fea27ccee,50/0/50,-0.20741982758045197,0.1318678855895996
functional_all,functional,cosine,dolly,50,mean,-1,/weka/scratch/jhu/cpriebe1/MO/model-taxonomy/results/shared_cache/03_adapters/allenai--OLMo-2-0425-1B-Instruct/yahoo_033g1_033g2_033g3_n1000_s00_r16_i00_b5008_fea27ccee,33/33/33,0.012816359288990498,-0.00321249314583838
functional_all,functional,cosine,dolly,50,mean,-1,/weka/scratch/jhu/cpriebe1/MO/model-taxonomy/results/shared_cache/03_adapters/allenai--OLMo-2-0425-1B-Instruct/yahoo_025g1_075g2_000g3_n1000_s00_r16_i00_b5008_fea27ccee,25/75/0,0.24219194054603577,-0.047642290592193604
functional_all,functional,cosine,dolly,50,mean,-1,/weka/scratch/jhu/cpriebe1/MO/model-taxonomy/results/shared_cache/03_adapters/allenai--OLMo-2-0425-1B-Instruct/yahoo_025g1_050g2_025g3_n1000_s00_r16_i00_b5008_fea27ccee,25/50/25,0.10281731188297272,-0.05150840803980827
functional_all,functional,cosine,dolly,50,mean,-1,/weka/scratch/jhu/cpriebe1/MO/model-taxonomy/results/shared_cache/03_adapters/allenai--OLMo-2-0425-1B-Instruct/yahoo_025g1_025g2_050g3_n1000_s00_r16_i00_b5008_fea27ccee,25/25/50,-0.08461261540651321,-0.03146201744675636
functional_all,functional,cosine,dolly,50,mean,-1,/weka/scratch/jhu/cpriebe1/MO/model-taxonomy/results/shared_cache/03_adapters/allenai--OLMo-2-0425-1B-Instruct/yahoo_025g1_000g2_075g3_n1000_s00_r16_i00_b5008_fea27ccee,25/0/75,-0.2713833451271057,-0.027360644191503525
functional_all,functional,cosine,dolly,50,mean,-1,/weka/scratch/jhu/cpriebe1/MO/model-taxonomy/results/shared_cache/03_adapters/allenai--OLMo-2-0425-1B-Instruct/yahoo_000g1_100g2_000g3_n1000_s00_r16_i00_b5008_fea27ccee,0/100/0,0.32840198278427124,-0.20641906559467316
functional_all,functional,cosine,dolly,50,mean,-1,/weka/scratch/jhu/cpriebe1/MO/model-taxonomy/results/shared_cache/03_adapters/allenai--OLMo-2-0425-1B-Instruct/yahoo_000g1_075g2_025g3_n1000_s00_r16_i00_b5008_fea27ccee,0/75/25,0.178398996591568,-0.18936459720134735
functional_all,functional,cosine,dolly,50,mean,-1,/weka/scratch/jhu/cpriebe1/MO/model-taxonomy/results/shared_cache/03_adapters/allenai--OLMo-2-0425-1B-Instruct/yahoo_000g1_050g2_050g3_n1000_s00_r16_i00_b5008_fea27ccee,0/50/50,0.028048811480402946,-0.21315152943134308
functional_all,functional,cosine,dolly,50,mean,-1,/weka/scratch/jhu/cpriebe1/MO/model-taxonomy/results/shared_cache/03_adapters/allenai--OLMo-2-0425-1B-Instruct/yahoo_000g1_025g2_075g3_n1000_s00_r16_i00_b5008_fea27ccee,0/25/75,-0.16136623919010162,-0.19532625377178192
functional_all,functional,cosine,dolly,50,mean,-1,/weka/scratch/jhu/cpriebe1/MO/model-taxonomy/results/shared_cache/03_adapters/allenai--OLMo-2-0425-1B-Instruct/yahoo_000g1_000g2_100g3_n1000_s00_r16_i00_b5008_fea27ccee,0/0/100,-0.3326788544654846,-0.19064876437187195
functional_all,functional,cosine,dolly,50,seed_aligned,0,/weka/scratch/jhu/cpriebe1/MO/model-taxonomy/results/shared_cache/03_adapters/allenai--OLMo-2-0425-1B-Instruct/yahoo_100g1_000g2_000g3_n1000_s00_r16_i00_b5008_fea27ccee,100/0/0,-2.786684422931679e-18,0.35233545303344727
functional_all,functional,cosine,dolly,50,seed_aligned,0,/weka/scratch/jhu/cpriebe1/MO/model-taxonomy/results/shared_cache/03_adapters/allenai--OLMo-2-0425-1B-Instruct/yahoo_075g1_025g2_000g3_n1000_s00_r16_i00_b5008_fea27ccee,75/25/0,0.07805512845516205,0.222279354929924
functional_all,functional,cosine,dolly,50,seed_aligned,0,/weka/scratch/jhu/cpriebe1/MO/model-taxonomy/results/shared_cache/03_adapters/allenai--OLMo-2-0425-1B-Instruct/yahoo_075g1_000g2_025g3_n1000_s00_r16_i00_b5008_fea27ccee,75/0/25,-0.09727484732866287,0.2553519010543823
functional_all,functional,cosine,dolly,50,seed_aligned,0,/weka/scratch/jhu/cpriebe1/MO/model-taxonomy/results/shared_cache/03_adapters/allenai--OLMo-2-0425-1B-Instruct/yahoo_050g1_050g2_000g3_n1000_s00_r16_i00_b5008_fea27ccee,50/50/0,0.1825851947069168,0.079473577439785
functional_all,functional,cosine,dolly,50,seed_aligned,0,/weka/scratch/jhu/cpriebe1/MO/model-taxonomy/results/shared_cache/03_adapters/allenai--OLMo-2-0425-1B-Instruct/yahoo_050g1_025g2_025g3_n1000_s00_r16_i00_b5008_fea27ccee,50/25/25,0.0014199932338669896,0.11478788405656815
functional_all,functional,cosine,dolly,50,seed_aligned,0,/weka/scratch/jhu/cpriebe1/MO/model-taxonomy/results/shared_cache/03_adapters/allenai--OLMo-2-0425-1B-Instruct/yahoo_050g1_000g2_050g3_n1000_s00_r16_i00_b5008_fea27ccee,50/0/50,-0.20741982758045197,0.1318678855895996
functional_all,functional,cosine,dolly,50,seed_aligned,0,/weka/scratch/jhu/cpriebe1/MO/model-taxonomy/results/shared_cache/03_adapters/allenai--OLMo-2-0425-1B-Instruct/yahoo_033g1_033g2_033g3_n1000_s00_r16_i00_b5008_fea27ccee,33/33/33,0.012816359288990498,-0.00321249314583838
functional_all,functional,cosine,dolly,50,seed_aligned,0,/weka/scratch/jhu/cpriebe1/MO/model-taxonomy/results/shared_cache/03_adapters/allenai--OLMo-2-0425-1B-Instruct/yahoo_025g1_075g2_000g3_n1000_s00_r16_i00_b5008_fea27ccee,25/75/0,0.24219194054603577,-0.047642290592193604
functional_all,functional,cosine,dolly,50,seed_aligned,0,/weka/scratch/jhu/cpriebe1/MO/model-taxonomy/results/shared_cache/03_adapters/allenai--OLMo-2-0425-1B-Instruct/yahoo_025g1_050g2_025g3_n1000_s00_r16_i00_b5008_fea27ccee,25/50/25,0.10281731188297272,-0.05150840803980827
functional_all,functional,cosine,dolly,50,seed_aligned,0,/weka/scratch/jhu/cpriebe1/MO/model-taxonomy/results/shared_cache/03_adapters/allenai--OLMo-2-0425-1B-Instruct/yahoo_025g1_025g2_050g3_n1000_s00_r16_i00_b5008_fea27ccee,25/25/50,-0.08461261540651321,-0.03146201744675636
functional_all,functional,cosine,dolly,50,seed_aligned,0,/weka/scratch/jhu/cpriebe1/MO/model-taxonomy/results/shared_cache/03_adapters/allenai--OLMo-2-0425-1B-Instruct/yahoo_025g1_000g2_075g3_n1000_s00_r16_i00_b5008_fea27ccee,25/0/75,-0.2713833451271057,-0.027360644191503525
functional_all,functional,cosine,dolly,50,seed_aligned,0,/weka/scratch/jhu/cpriebe1/MO/model-taxonomy/results/shared_cache/03_adapters/allenai--OLMo-2-0425-1B-Instruct/yahoo_000g1_100g2_000g3_n1000_s00_r16_i00_b5008_fea27ccee,0/100/0,0.32840198278427124,-0.20641906559467316
functional_all,functional,cosine,dolly,50,seed_aligned,0,/weka/scratch/jhu/cpriebe1/MO/model-taxonomy/results/shared_cache/03_adapters/allenai--OLMo-2-0425-1B-Instruct/yahoo_000g1_075g2_025g3_n1000_s00_r16_i00_b5008_fea27ccee,0/75/25,0.178398996591568,-0.18936459720134735
functional_all,functional,cosine,dolly,50,seed_aligned,0,/weka/scratch/jhu/cpriebe1/MO/model-taxonomy/results/shared_cache/03_adapters/allenai--OLMo-2-0425-1B-Instruct/yahoo_000g1_050g2_050g3_n1000_s00_r16_i00_b5008_fea27ccee,0/50/50,0.028048811480402946,-0.21315152943134308
functional_all,functional,cosine,dolly,50,seed_aligned,0,/weka/scratch/jhu/cpriebe1/MO/model-taxonomy/results/shared_cache/03_adapters/allenai--OLMo-2-0425-1B-Instruct/yahoo_000g1_025g2_075g3_n1000_s00_r16_i00_b5008_fea27ccee,0/25/75,-0.16136623919010162,-0.19532625377178192
functional_all,functional,cosine,dolly,50,seed_aligned,0,/weka/scratch/jhu/cpriebe1/MO/model-taxonomy/results/shared_cache/03_adapters/allenai--OLMo-2-0425-1B-Instruct/yahoo_000g1_000g2_100g3_n1000_s00_r16_i00_b5008_fea27ccee,0/0/100,-0.3326788544654846,-0.19064876437187195
functional_all,functional,cosine,oasst1zh,0,pooled,-1,/weka/scratch/jhu/cpriebe1/MO/model-taxonomy/results/shared_cache/03_adapters/allenai--OLMo-2-0425-1B-Instruct/yahoo_100g1_000g2_000g3_n1000_s00_r16_i00_b5008_fea27ccee,100/0/0,-8.220305860592725e-17,0.34542202949523926
functional_all,functional,cosine,oasst1zh,0,pooled,-1,/weka/scratch/jhu/cpriebe1/MO/model-taxonomy/results/shared_cache/03_adapters/allenai--OLMo-2-0425-1B-Instruct/yahoo_075g1_025g2_000g3_n1000_s00_r16_i00_b5008_fea27ccee,75/25/0,0.08351077884435654,0.21738587319850922
functional_all,functional,cosine,oasst1zh,0,pooled,-1,/weka/scratch/jhu/cpriebe1/MO/model-taxonomy/results/shared_cache/03_adapters/allenai--OLMo-2-0425-1B-Instruct/yahoo_075g1_000g2_025g3_n1000_s00_r16_i00_b5008_fea27ccee,75/0/25,-0.0902949646115303,0.2529154419898987
functional_all,functional,cosine,oasst1zh,0,pooled,-1,/weka/scratch/jhu/cpriebe1/MO/model-taxonomy/results/shared_cache/03_adapters/allenai--OLMo-2-0425-1B-Instruct/yahoo_050g1_050g2_000g3_n1000_s00_r16_i00_b5008_fea27ccee,50/50/0,0.18664896488189697,0.07451324909925461
functional_all,functional,cosine,oasst1zh,0,pooled,-1,/weka/scratch/jhu/cpriebe1/MO/model-taxonomy/results/shared_cache/03_adapters/allenai--OLMo-2-0425-1B-Instruct/yahoo_050g1_025g2_025g3_n1000_s00_r16_i00_b5008_fea27ccee,50/25/25,0.013907218351960182,0.11469168961048126
functional_all,functional,cosine,oasst1zh,0,pooled,-1,/weka/scratch/jhu/cpriebe1/MO/model-taxonomy/results/shared_cache/03_adapters/allenai--OLMo-2-0425-1B-Instruct/yahoo_050g1_000g2_050g3_n1000_s00_r16_i00_b5008_fea27ccee,50/0/50,-0.19601374864578247,0.13613878190517426
functional_all,functional,cosine,oasst1zh,0,pooled,-1,/weka/scratch/jhu/cpriebe1/MO/model-taxonomy/results/shared_cache/03_adapters/allenai--OLMo-2-0425-1B-Instruct/yahoo_033g1_033g2_033g3_n1000_s00_r16_i00_b5008_fea27ccee,33/33/33,0.017562806606292725,-0.005583328660577536
functional_all,functional,cosine,oasst1zh,0,pooled,-1,/weka/scratch/jhu/cpriebe1/MO/model-taxonomy/results/shared_cache/03_adapters/allenai--OLMo-2-0425-1B-Instruct/yahoo_025g1_075g2_000g3_n1000_s00_r16_i00_b5008_fea27ccee,25/75/0,0.2361792027950287,-0.05273111164569855
functional_all,functional,cosine,oasst1zh,0,pooled,-1,/weka/scratch/jhu/cpriebe1/MO/model-taxonomy/results/shared_cache/03_adapters/allenai--OLMo-2-0425-1B-Instruct/yahoo_025g1_050g2_025g3_n1000_s00_r16_i00_b5008_fea27ccee,25/50/25,0.10226374864578247,-0.052296921610832214
functional_all,functional,cosine,oasst1zh,0,pooled,-1,/weka/scratch/jhu/cpriebe1/MO/model-taxonomy/results/shared_cache/03_adapters/allenai--OLMo-2-0425-1B-Instruct/yahoo_025g1_025g2_050g3_n1000_s00_r16_i00_b5008_fea27ccee,25/25/50,-0.0794326439499855,-0.02878156490623951
functional_all,functional,cosine,oasst1zh,0,pooled,-1,/weka/scratch/jhu/cpriebe1/MO/model-taxonomy/results/shared_cache/03_adapters/allenai--OLMo-2-0425-1B-Instruct/yahoo_025g1_000g2_075g3_n1000_s00_r16_i00_b5008_fea27ccee,25/0/75,-0.27004632353782654,-0.016377002000808716
functional_all,functional,cosine,oasst1zh,0,pooled,-1,/weka/scratch/jhu/cpriebe1/MO/model-taxonomy/results/shared_cache/03_adapters/allenai--OLMo-2-0425-1B-Instruct/yahoo_000g1_100g2_000g3_n1000_s00_r16_i00_b5008_fea27ccee,0/100/0,0.3279111087322235,-0.2215200811624527
functional_all,functional,cosine,oasst1zh,0,pooled,-1,/weka/scratch/jhu/cpriebe1/MO/model-taxonomy/results/shared_cache/03_adapters/allenai--OLMo-2-0425-1B-Instruct/yahoo_000g1_075g2_025g3_n1000_s00_r16_i00_b5008_fea27ccee,0/75/25,0.17657022178173065,-0.19812946021556854
functional_all,functional,cosine,oasst1zh,0,pooled,-1,/weka/scratch/jhu/cpriebe1/MO/model-taxonomy/results/shared_cache/03_adapters/allenai--OLMo-2-0425-1B-Instruct/yahoo_000g1_050g2_050g3_n1000_s00_r16_i00_b5008_fea27ccee,0/50/50,0.019528359174728394,-0.21326324343681335
functional_all,functional,cosine,oasst1zh,0,pooled,-1,/weka/scratch/jhu/cpriebe1/MO/model-taxonomy/results/shared_cache/03_adapters/allenai--OLMo-2-0425-1B-Instruct/yahoo_000g1_025g2_075g3_n1000_s00_r16_i00_b5008_fea27ccee,0/25/75,-0.17352338135242462,-0.18767693638801575
functional_all,functional,cosine,oasst1zh,0,pooled,-1,/weka/scratch/jhu/cpriebe1/MO/model-taxonomy/results/shared_cache/03_adapters/allenai--OLMo-2-0425-1B-Instruct/yahoo_000g1_000g2_100g3_n1000_s00_r16_i00_b5008_fea27ccee,0/0/100,-0.35477134585380554,-0.16470740735530853
functional_all,functional,cosine,oasst1zh,0,mean,-1,/weka/scratch/jhu/cpriebe1/MO/model-taxonomy/results/shared_cache/03_adapters/allenai--OLMo-2-0425-1B-Instruct/yahoo_100g1_000g2_000g3_n1000_s00_r16_i00_b5008_fea27ccee,100/0/0,-8.220305860592725e-17,0.34542202949523926
functional_all,functional,cosine,oasst1zh,0,mean,-1,/weka/scratch/jhu/cpriebe1/MO/model-taxonomy/results/shared_cache/03_adapters/allenai--OLMo-2-0425-1B-Instruct/yahoo_075g1_025g2_000g3_n1000_s00_r16_i00_b5008_fea27ccee,75/25/0,0.08351077884435654,0.21738587319850922
functional_all,functional,cosine,oasst1zh,0,mean,-1,/weka/scratch/jhu/cpriebe1/MO/model-taxonomy/results/shared_cache/03_adapters/allenai--OLMo-2-0425-1B-Instruct/yahoo_075g1_000g2_025g3_n1000_s00_r16_i00_b5008_fea27ccee,75/0/25,-0.0902949646115303,0.2529154419898987
functional_all,functional,cosine,oasst1zh,0,mean,-1,/weka/scratch/jhu/cpriebe1/MO/model-taxonomy/results/shared_cache/03_adapters/allenai--OLMo-2-0425-1B-Instruct/yahoo_050g1_050g2_000g3_n1000_s00_r16_i00_b5008_fea27ccee,50/50/0,0.18664896488189697,0.07451324909925461
functional_all,functional,cosine,oasst1zh,0,mean,-1,/weka/scratch/jhu/cpriebe1/MO/model-taxonomy/results/shared_cache/03_adapters/allenai--OLMo-2-0425-1B-Instruct/yahoo_050g1_025g2_025g3_n1000_s00_r16_i00_b5008_fea27ccee,50/25/25,0.013907218351960182,0.11469168961048126
functional_all,functional,cosine,oasst1zh,0,mean,-1,/weka/scratch/jhu/cpriebe1/MO/model-taxonomy/results/shared_cache/03_adapters/allenai--OLMo-2-0425-1B-Instruct/yahoo_050g1_000g2_050g3_n1000_s00_r16_i00_b5008_fea27ccee,50/0/50,-0.19601374864578247,0.13613878190517426
functional_all,functional,cosine,oasst1zh,0,mean,-1,/weka/scratch/jhu/cpriebe1/MO/model-taxonomy/results/shared_cache/03_adapters/allenai--OLMo-2-0425-1B-Instruct/yahoo_033g1_033g2_033g3_n1000_s00_r16_i00_b5008_fea27ccee,33/33/33,0.017562806606292725,-0.005583328660577536
functional_all,functional,cosine,oasst1zh,0,mean,-1,/weka/scratch/jhu/cpriebe1/MO/model-taxonomy/results/shared_cache/03_adapters/allenai--OLMo-2-0425-1B-Instruct/yahoo_025g1_075g2_000g3_n1000_s00_r16_i00_b5008_fea27ccee,25/75/0,0.2361792027950287,-0.05273111164569855
functional_all,functional,cosine,oasst1zh,0,mean,-1,/weka/scratch/jhu/cpriebe1/MO/model-taxonomy/results/shared_cache/03_adapters/allenai--OLMo-2-0425-1B-Instruct/yahoo_025g1_050g2_025g3_n1000_s00_r16_i00_b5008_fea27ccee,25/50/25,0.10226374864578247,-0.052296921610832214
functional_all,functional,cosine,oasst1zh,0,mean,-1,/weka/scratch/jhu/cpriebe1/MO/model-taxonomy/results/shared_cache/03_adapters/allenai--OLMo-2-0425-1B-Instruct/yahoo_025g1_025g2_050g3_n1000_s00_r16_i00_b5008_fea27ccee,25/25/50,-0.0794326439499855,-0.02878156490623951
functional_all,functional,cosine,oasst1zh,0,mean,-1,/weka/scratch/jhu/cpriebe1/MO/model-taxonomy/results/shared_cache/03_adapters/allenai--OLMo-2-0425-1B-Instruct/yahoo_025g1_000g2_075g3_n1000_s00_r16_i00_b5008_fea27ccee,25/0/75,-0.27004632353782654,-0.016377002000808716
functional_all,functional,cosine,oasst1zh,0,mean,-1,/weka/scratch/jhu/cpriebe1/MO/model-taxonomy/results/shared_cache/03_adapters/allenai--OLMo-2-0425-1B-Instruct/yahoo_000g1_100g2_000g3_n1000_s00_r16_i00_b5008_fea27ccee,0/100/0,0.3279111087322235,-0.2215200811624527
functional_all,functional,cosine,oasst1zh,0,mean,-1,/weka/scratch/jhu/cpriebe1/MO/model-taxonomy/results/shared_cache/03_adapters/allenai--OLMo-2-0425-1B-Instruct/yahoo_000g1_075g2_025g3_n1000_s00_r16_i00_b5008_fea27ccee,0/75/25,0.17657022178173065,-0.19812946021556854
functional_all,functional,cosine,oasst1zh,0,mean,-1,/weka/scratch/jhu/cpriebe1/MO/model-taxonomy/results/shared_cache/03_adapters/allenai--OLMo-2-0425-1B-Instruct/yahoo_000g1_050g2_050g3_n1000_s00_r16_i00_b5008_fea27ccee,0/50/50,0.019528359174728394,-0.21326324343681335
functional_all,functional,cosine,oasst1zh,0,mean,-1,/weka/scratch/jhu/cpriebe1/MO/model-taxonomy/results/shared_cache/03_adapters/allenai--OLMo-2-0425-1B-Instruct/yahoo_000g1_025g2_075g3_n1000_s00_r16_i00_b5008_fea27ccee,0/25/75,-0.17352338135242462,-0.18767693638801575
functional_all,functional,cosine,oasst1zh,0,mean,-1,/weka/scratch/jhu/cpriebe1/MO/model-taxonomy/results/shared_cache/03_adapters/allenai--OLMo-2-0425-1B-Instruct/yahoo_000g1_000g2_100g3_n1000_s00_r16_i00_b5008_fea27ccee,0/0/100,-0.35477134585380554,-0.16470740735530853
functional_all,functional,cosine,oasst1zh,0,seed_aligned,0,/weka/scratch/jhu/cpriebe1/MO/model-taxonomy/results/shared_cache/03_adapters/allenai--OLMo-2-0425-1B-Instruct/yahoo_100g1_000g2_000g3_n1000_s00_r16_i00_b5008_fea27ccee,100/0/0,-8.220305860592725e-17,0.34542202949523926
functional_all,functional,cosine,oasst1zh,0,seed_aligned,0,/weka/scratch/jhu/cpriebe1/MO/model-taxonomy/results/shared_cache/03_adapters/allenai--OLMo-2-0425-1B-Instruct/yahoo_075g1_025g2_000g3_n1000_s00_r16_i00_b5008_fea27ccee,75/25/0,0.08351077884435654,0.21738587319850922
functional_all,functional,cosine,oasst1zh,0,seed_aligned,0,/weka/scratch/jhu/cpriebe1/MO/model-taxonomy/results/shared_cache/03_adapters/allenai--OLMo-2-0425-1B-Instruct/yahoo_075g1_000g2_025g3_n1000_s00_r16_i00_b5008_fea27ccee,75/0/25,-0.0902949646115303,0.2529154419898987
functional_all,functional,cosine,oasst1zh,0,seed_aligned,0,/weka/scratch/jhu/cpriebe1/MO/model-taxonomy/results/shared_cache/03_adapters/allenai--OLMo-2-0425-1B-Instruct/yahoo_050g1_050g2_000g3_n1000_s00_r16_i00_b5008_fea27ccee,50/50/0,0.18664896488189697,0.07451324909925461
functional_all,functional,cosine,oasst1zh,0,seed_aligned,0,/weka/scratch/jhu/cpriebe1/MO/model-taxonomy/results/shared_cache/03_adapters/allenai--OLMo-2-0425-1B-Instruct/yahoo_050g1_025g2_025g3_n1000_s00_r16_i00_b5008_fea27ccee,50/25/25,0.013907218351960182,0.11469168961048126
functional_all,functional,cosine,oasst1zh,0,seed_aligned,0,/weka/scratch/jhu/cpriebe1/MO/model-taxonomy/results/shared_cache/03_adapters/allenai--OLMo-2-0425-1B-Instruct/yahoo_050g1_000g2_050g3_n1000_s00_r16_i00_b5008_fea27ccee,50/0/50,-0.19601374864578247,0.13613878190517426
functional_all,functional,cosine,oasst1zh,0,seed_aligned,0,/weka/scratch/jhu/cpriebe1/MO/model-taxonomy/results/shared_cache/03_adapters/allenai--OLMo-2-0425-1B-Instruct/yahoo_033g1_033g2_033g3_n1000_s00_r16_i00_b5008_fea27ccee,33/33/33,0.017562806606292725,-0.005583328660577536
functional_all,functional,cosine,oasst1zh,0,seed_aligned,0,/weka/scratch/jhu/cpriebe1/MO/model-taxonomy/results/shared_cache/03_adapters/allenai--OLMo-2-0425-1B-Instruct/yahoo_025g1_075g2_000g3_n1000_s00_r16_i00_b5008_fea27ccee,25/75/0,0.2361792027950287,-0.05273111164569855
functional_all,functional,cosine,oasst1zh,0,seed_aligned,0,/weka/scratch/jhu/cpriebe1/MO/model-taxonomy/results/shared_cache/03_adapters/allenai--OLMo-2-0425-1B-Instruct/yahoo_025g1_050g2_025g3_n1000_s00_r16_i00_b5008_fea27ccee,25/50/25,0.10226374864578247,-0.052296921610832214
functional_all,functional,cosine,oasst1zh,0,seed_aligned,0,/weka/scratch/jhu/cpriebe1/MO/model-taxonomy/results/shared_cache/03_adapters/allenai--OLMo-2-0425-1B-Instruct/yahoo_025g1_025g2_050g3_n1000_s00_r16_i00_b5008_fea27ccee,25/25/50,-0.0794326439499855,-0.02878156490623951
functional_all,functional,cosine,oasst1zh,0,seed_aligned,0,/weka/scratch/jhu/cpriebe1/MO/model-taxonomy/results/shared_cache/03_adapters/allenai--OLMo-2-0425-1B-Instruct/yahoo_025g1_000g2_075g3_n1000_s00_r16_i00_b5008_fea27ccee,25/0/75,-0.27004632353782654,-0.016377002000808716
functional_all,functional,cosine,oasst1zh,0,seed_aligned,0,/weka/scratch/jhu/cpriebe1/MO/model-taxonomy/results/shared_cache/03_adapters/allenai--OLMo-2-0425-1B-Instruct/yahoo_000g1_100g2_000g3_n1000_s00_r16_i00_b5008_fea27ccee,0/100/0,0.3279111087322235,-0.2215200811624527
functional_all,functional,cosine,oasst1zh,0,seed_aligned,0,/weka/scratch/jhu/cpriebe1/MO/model-taxonomy/results/shared_cache/03_adapters/allenai--OLMo-2-0425-1B-Instruct/yahoo_000g1_075g2_025g3_n1000_s00_r16_i00_b5008_fea27ccee,0/75/25,0.17657022178173065,-0.19812946021556854
functional_all,functional,cosine,oasst1zh,0,seed_aligned,0,/weka/scratch/jhu/cpriebe1/MO/model-taxonomy/results/shared_cache/03_adapters/allenai--OLMo-2-0425-1B-Instruct/yahoo_000g1_050g2_050g3_n1000_s00_r16_i00_b5008_fea27ccee,0/50/50,0.019528359174728394,-0.21326324343681335
functional_all,functional,cosine,oasst1zh,0,seed_aligned,0,/weka/scratch/jhu/cpriebe1/MO/model-taxonomy/results/shared_cache/03_adapters/allenai--OLMo-2-0425-1B-Instruct/yahoo_000g1_025g2_075g3_n1000_s00_r16_i00_b5008_fea27ccee,0/25/75,-0.17352338135242462,-0.18767693638801575
functional_all,functional,cosine,oasst1zh,0,seed_aligned,0,/weka/scratch/jhu/cpriebe1/MO/model-taxonomy/results/shared_cache/03_adapters/allenai--OLMo-2-0425-1B-Instruct/yahoo_000g1_000g2_100g3_n1000_s00_r16_i00_b5008_fea27ccee,0/0/100,-0.35477134585380554,-0.16470740735530853
functional_all,functional,cosine,oasst1zh,1,pooled,-1,/weka/scratch/jhu/cpriebe1/MO/model-taxonomy/results/shared_cache/03_adapters/allenai--OLMo-2-0425-1B-Instruct/yahoo_100g1_000g2_000g3_n1000_s00_r16_i00_b5008_fea27ccee,100/0/0,-5.547170133348395e-17,0.3455045819282532
functional_all,functional,cosine,oasst1zh,1,pooled,-1,/weka/scratch/jhu/cpriebe1/MO/model-taxonomy/results/shared_cache/03_adapters/allenai--OLMo-2-0425-1B-Instruct/yahoo_075g1_025g2_000g3_n1000_s00_r16_i00_b5008_fea27ccee,75/25/0,0.08360210806131363,0.21743707358837128
functional_all,functional,cosine,oasst1zh,1,pooled,-1,/weka/scratch/jhu/cpriebe1/MO/model-taxonomy/results/shared_cache/03_adapters/allenai--OLMo-2-0425-1B-Instruct/yahoo_075g1_000g2_025g3_n1000_s00_r16_i00_b5008_fea27ccee,75/0/25,-0.09018758684396744,0.25296294689178467
functional_all,functional,cosine,oasst1zh,1,pooled,-1,/weka/scratch/jhu/cpriebe1/MO/model-taxonomy/results/shared_cache/03_adapters/allenai--OLMo-2-0425-1B-Instruct/yahoo_050g1_050g2_000g3_n1000_s00_r16_i00_b5008_fea27ccee,50/50/0,0.18670861423015594,0.0744503065943718
functional_all,functional,cosine,oasst1zh,1,pooled,-1,/weka/scratch/jhu/cpriebe1/MO/model-taxonomy/results/shared_cache/03_adapters/allenai--OLMo-2-0425-1B-Instruct/yahoo_050g1_025g2_025g3_n1000_s00_r16_i00_b5008_fea27ccee,50/25/25,0.013984483666718006,0.11465980112552643
functional_all,functional,cosine,oasst1zh,1,pooled,-1,/weka/scratch/jhu/cpriebe1/MO/model-taxonomy/results/shared_cache/03_adapters/allenai--OLMo-2-0425-1B-Instruct/yahoo_050g1_000g2_050g3_n1000_s00_r16_i00_b5008_fea27ccee,50/0/50,-0.19601793587207794,0.13627710938453674
functional_all,functional,cosine,oasst1zh,1,pooled,-1,/weka/scratch/jhu/cpriebe1/MO/model-taxonomy/results/shared_cache/03_adapters/allenai--OLMo-2-0425-1B-Instruct/yahoo_033g1_033g2_033g3_n1000_s00_r16_i00_b5008_fea27ccee,33/33/33,0.01751100830733776,-0.005609072279185057
functional_all,functional,cosine,oasst1zh,1,pooled,-1,/weka/scratch/jhu/cpriebe1/MO/model-taxonomy/results/shared_cache/03_adapters/allenai--OLMo-2-0425-1B-Instruct/yahoo_025g1_075g2_000g3_n1000_s00_r16_i00_b5008_fea27ccee,25/75/0,0.2362089455127716,-0.052883971482515335
functional_all,functional,cosine,oasst1zh,1,pooled,-1,/weka/scratch/jhu/cpriebe1/MO/model-taxonomy/results/shared_cache/03_adapters/allenai--OLMo-2-0425-1B-Instruct/yahoo_025g1_050g2_025g3_n1000_s00_r16_i00_b5008_fea27ccee,25/50/25,0.10217350721359253,-0.05240534991025925
functional_all,functional,cosine,oasst1zh,1,pooled,-1,/weka/scratch/jhu/cpriebe1/MO/model-taxonomy/results/shared_cache/03_adapters/allenai--OLMo-2-0425-1B-Instruct/yahoo_025g1_025g2_050g3_n1000_s00_r16_i00_b5008_fea27ccee,25/25/50,-0.07937327027320862,-0.028812427073717117
functional_all,functional,cosine,oasst1zh,1,pooled,-1,/weka/scratch/jhu/cpriebe1/MO/model-taxonomy/results/shared_cache/03_adapters/allenai--OLMo-2-0425-1B-Instruct/yahoo_025g1_000g2_075g3_n1000_s00_r16_i00_b5008_fea27ccee,25/0/75,-0.26997989416122437,-0.016086149960756302
functional_all,functional,cosine,oasst1zh,1,pooled,-1,/weka/scratch/jhu/cpriebe1/MO/model-taxonomy/results/shared_cache/03_adapters/allenai--OLMo-2-0425-1B-Instruct/yahoo_000g1_100g2_000g3_n1000_s00_r16_i00_b5008_fea27ccee,0/100/0,0.32779303193092346,-0.22168180346488953
functional_all,functional,cosine,oasst1zh,1,pooled,-1,/weka/scratch/jhu/cpriebe1/MO/model-taxonomy/results/shared_cache/03_adapters/allenai--OLMo-2-0425-1B-Instruct/yahoo_000g1_075g2_025g3_n1000_s00_r16_i00_b5008_fea27ccee,0/75/25,0.17638036608695984,-0.19827793538570404
functional_all,functional,cosine,oasst1zh,1,pooled,-1,/weka/scratch/jhu/cpriebe1/MO/model-taxonomy/results/shared_cache/03_adapters/allenai--OLMo-2-0425-1B-Instruct/yahoo_000g1_050g2_050g3_n1000_s00_r16_i00_b5008_fea27ccee,0/50/50,0.019436074420809746,-0.2133452445268631
functional_all,functional,cosine,oasst1zh,1,pooled,-1,/weka/scratch/jhu/cpriebe1/MO/model-taxonomy/results/shared_cache/03_adapters/allenai--OLMo-2-0425-1B-Instruct/yahoo_000g1_025g2_075g3_n1000_s00_r16_i00_b5008_fea27ccee,0/25/75,-0.17359153926372528,-0.18758046627044678
functional_all,functional,cosine,oasst1zh,1,pooled,-1,/weka/scratch/jhu/cpriebe1/MO/model-taxonomy/results/shared_cache/03_adapters/allenai--OLMo-2-0425-1B-Instruct/yahoo_000g1_000g2_100g3_n1000_s00_r16_i00_b5008_fea27ccee,0/0/100,-0.3546479046344757,-0.1646094024181366
functional_all,functional,cosine,oasst1zh,1,mean,-1,/weka/scratch/jhu/cpriebe1/MO/model-taxonomy/results/shared_cache/03_adapters/allenai--OLMo-2-0425-1B-Instruct/yahoo_100g1_000g2_000g3_n1000_s00_r16_i00_b5008_fea27ccee,100/0/0,-5.547170133348395e-17,0.3455045819282532
functional_all,functional,cosine,oasst1zh,1,mean,-1,/weka/scratch/jhu/cpriebe1/MO/model-taxonomy/results/shared_cache/03_adapters/allenai--OLMo-2-0425-1B-Instruct/yahoo_075g1_025g2_000g3_n1000_s00_r16_i00_b5008_fea27ccee,75/25/0,0.08360210806131363,0.21743707358837128
functional_all,functional,cosine,oasst1zh,1,mean,-1,/weka/scratch/jhu/cpriebe1/MO/model-taxonomy/results/shared_cache/03_adapters/allenai--OLMo-2-0425-1B-Instruct/yahoo_075g1_000g2_025g3_n1000_s00_r16_i00_b5008_fea27ccee,75/0/25,-0.09018758684396744,0.25296294689178467
functional_all,functional,cosine,oasst1zh,1,mean,-1,/weka/scratch/jhu/cpriebe1/MO/model-taxonomy/results/shared_cache/03_adapters/allenai--OLMo-2-0425-1B-Instruct/yahoo_050g1_050g2_000g3_n1000_s00_r16_i00_b5008_fea27ccee,50/50/0,0.18670861423015594,0.0744503065943718
functional_all,functional,cosine,oasst1zh,1,mean,-1,/weka/scratch/jhu/cpriebe1/MO/model-taxonomy/results/shared_cache/03_adapters/allenai--OLMo-2-0425-1B-Instruct/yahoo_050g1_025g2_025g3_n1000_s00_r16_i00_b5008_fea27ccee,50/25/25,0.013984483666718006,0.11465980112552643
functional_all,functional,cosine,oasst1zh,1,mean,-1,/weka/scratch/jhu/cpriebe1/MO/model-taxonomy/results/shared_cache/03_adapters/allenai--OLMo-2-0425-1B-Instruct/yahoo_050g1_000g2_050g3_n1000_s00_r16_i00_b5008_fea27ccee,50/0/50,-0.19601793587207794,0.13627710938453674
functional_all,functional,cosine,oasst1zh,1,mean,-1,/weka/scratch/jhu/cpriebe1/MO/model-taxonomy/results/shared_cache/03_adapters/allenai--OLMo-2-0425-1B-Instruct/yahoo_033g1_033g2_033g3_n1000_s00_r16_i00_b5008_fea27ccee,33/33/33,0.01751100830733776,-0.005609072279185057
functional_all,functional,cosine,oasst1zh,1,mean,-1,/weka/scratch/jhu/cpriebe1/MO/model-taxonomy/results/shared_cache/03_adapters/allenai--OLMo-2-0425-1B-Instruct/yahoo_025g1_075g2_000g3_n1000_s00_r16_i00_b5008_fea27ccee,25/75/0,0.2362089455127716,-0.052883971482515335
functional_all,functional,cosine,oasst1zh,1,mean,-1,/weka/scratch/jhu/cpriebe1/MO/model-taxonomy/results/shared_cache/03_adapters/allenai--OLMo-2-0425-1B-Instruct/yahoo_025g1_050g2_025g3_n1000_s00_r16_i00_b5008_fea27ccee,25/50/25,0.10217350721359253,-0.05240534991025925
functional_all,functional,cosine,oasst1zh,1,mean,-1,/weka/scratch/jhu/cpriebe1/MO/model-taxonomy/results/shared_cache/03_adapters/allenai--OLMo-2-0425-1B-Instruct/yahoo_025g1_025g2_050g3_n1000_s00_r16_i00_b5008_fea27ccee,25/25/50,-0.07937327027320862,-0.028812427073717117
functional_all,functional,cosine,oasst1zh,1,mean,-1,/weka/scratch/jhu/cpriebe1/MO/model-taxonomy/results/shared_cache/03_adapters/allenai--OLMo-2-0425-1B-Instruct/yahoo_025g1_000g2_075g3_n1000_s00_r16_i00_b5008_fea27ccee,25/0/75,-0.26997989416122437,-0.016086149960756302
functional_all,functional,cosine,oasst1zh,1,mean,-1,/weka/scratch/jhu/cpriebe1/MO/model-taxonomy/results/shared_cache/03_adapters/allenai--OLMo-2-0425-1B-Instruct/yahoo_000g1_100g2_000g3_n1000_s00_r16_i00_b5008_fea27ccee,0/100/0,0.32779303193092346,-0.22168180346488953
functional_all,functional,cosine,oasst1zh,1,mean,-1,/weka/scratch/jhu/cpriebe1/MO/model-taxonomy/results/shared_cache/03_adapters/allenai--OLMo-2-0425-1B-Instruct/yahoo_000g1_075g2_025g3_n1000_s00_r16_i00_b5008_fea27ccee,0/75/25,0.17638036608695984,-0.19827793538570404
functional_all,functional,cosine,oasst1zh,1,mean,-1,/weka/scratch/jhu/cpriebe1/MO/model-taxonomy/results/shared_cache/03_adapters/allenai--OLMo-2-0425-1B-Instruct/yahoo_000g1_050g2_050g3_n1000_s00_r16_i00_b5008_fea27ccee,0/50/50,0.019436074420809746,-0.2133452445268631
functional_all,functional,cosine,oasst1zh,1,mean,-1,/weka/scratch/jhu/cpriebe1/MO/model-taxonomy/results/shared_cache/03_adapters/allenai--OLMo-2-0425-1B-Instruct/yahoo_000g1_025g2_075g3_n1000_s00_r16_i00_b5008_fea27ccee,0/25/75,-0.17359153926372528,-0.18758046627044678
functional_all,functional,cosine,oasst1zh,1,mean,-1,/weka/scratch/jhu/cpriebe1/MO/model-taxonomy/results/shared_cache/03_adapters/allenai--OLMo-2-0425-1B-Instruct/yahoo_000g1_000g2_100g3_n1000_s00_r16_i00_b5008_fea27ccee,0/0/100,-0.3546479046344757,-0.1646094024181366
functional_all,functional,cosine,oasst1zh,1,seed_aligned,0,/weka/scratch/jhu/cpriebe1/MO/model-taxonomy/results/shared_cache/03_adapters/allenai--OLMo-2-0425-1B-Instruct/yahoo_100g1_000g2_000g3_n1000_s00_r16_i00_b5008_fea27ccee,100/0/0,-5.547170133348395e-17,0.3455045819282532
functional_all,functional,cosine,oasst1zh,1,seed_aligned,0,/weka/scratch/jhu/cpriebe1/MO/model-taxonomy/results/shared_cache/03_adapters/allenai--OLMo-2-0425-1B-Instruct/yahoo_075g1_025g2_000g3_n1000_s00_r16_i00_b5008_fea27ccee,75/25/0,0.08360210806131363,0.21743707358837128
functional_all,functional,cosine,oasst1zh,1,seed_aligned,0,/weka/scratch/jhu/cpriebe1/MO/model-taxonomy/results/shared_cache/03_adapters/allenai--OLMo-2-0425-1B-Instruct/yahoo_075g1_000g2_025g3_n1000_s00_r16_i00_b5008_fea27ccee,75/0/25,-0.09018758684396744,0.25296294689178467
functional_all,functional,cosine,oasst1zh,1,seed_aligned,0,/weka/scratch/jhu/cpriebe1/MO/model-taxonomy/results/shared_cache/03_adapters/allenai--OLMo-2-0425-1B-Instruct/yahoo_050g1_050g2_000g3_n1000_s00_r16_i00_b5008_fea27ccee,50/50/0,0.18670861423015594,0.0744503065943718
functional_all,functional,cosine,oasst1zh,1,seed_aligned,0,/weka/scratch/jhu/cpriebe1/MO/model-taxonomy/results/shared_cache/03_adapters/allenai--OLMo-2-0425-1B-Instruct/yahoo_050g1_025g2_025g3_n1000_s00_r16_i00_b5008_fea27ccee,50/25/25,0.013984483666718006,0.11465980112552643
functional_all,functional,cosine,oasst1zh,1,seed_aligned,0,/weka/scratch/jhu/cpriebe1/MO/model-taxonomy/results/shared_cache/03_adapters/allenai--OLMo-2-0425-1B-Instruct/yahoo_050g1_000g2_050g3_n1000_s00_r16_i00_b5008_fea27ccee,50/0/50,-0.19601793587207794,0.13627710938453674
functional_all,functional,cosine,oasst1zh,1,seed_aligned,0,/weka/scratch/jhu/cpriebe1/MO/model-taxonomy/results/shared_cache/03_adapters/allenai--OLMo-2-0425-1B-Instruct/yahoo_033g1_033g2_033g3_n1000_s00_r16_i00_b5008_fea27ccee,33/33/33,0.01751100830733776,-0.005609072279185057
functional_all,functional,cosine,oasst1zh,1,seed_aligned,0,/weka/scratch/jhu/cpriebe1/MO/model-taxonomy/results/shared_cache/03_adapters/allenai--OLMo-2-0425-1B-Instruct/yahoo_025g1_075g2_000g3_n1000_s00_r16_i00_b5008_fea27ccee,25/75/0,0.2362089455127716,-0.052883971482515335
functional_all,functional,cosine,oasst1zh,1,seed_aligned,0,/weka/scratch/jhu/cpriebe1/MO/model-taxonomy/results/shared_cache/03_adapters/allenai--OLMo-2-0425-1B-Instruct/yahoo_025g1_050g2_025g3_n1000_s00_r16_i00_b5008_fea27ccee,25/50/25,0.10217350721359253,-0.05240534991025925
functional_all,functional,cosine,oasst1zh,1,seed_aligned,0,/weka/scratch/jhu/cpriebe1/MO/model-taxonomy/results/shared_cache/03_adapters/allenai--OLMo-2-0425-1B-Instruct/yahoo_025g1_025g2_050g3_n1000_s00_r16_i00_b5008_fea27ccee,25/25/50,-0.07937327027320862,-0.028812427073717117
functional_all,functional,cosine,oasst1zh,1,seed_aligned,0,/weka/scratch/jhu/cpriebe1/MO/model-taxonomy/results/shared_cache/03_adapters/allenai--OLMo-2-0425-1B-Instruct/yahoo_025g1_000g2_075g3_n1000_s00_r16_i00_b5008_fea27ccee,25/0/75,-0.26997989416122437,-0.016086149960756302
functional_all,functional,cosine,oasst1zh,1,seed_aligned,0,/weka/scratch/jhu/cpriebe1/MO/model-taxonomy/results/shared_cache/03_adapters/allenai--OLMo-2-0425-1B-Instruct/yahoo_000g1_100g2_000g3_n1000_s00_r16_i00_b5008_fea27ccee,0/100/0,0.32779303193092346,-0.22168180346488953
functional_all,functional,cosine,oasst1zh,1,seed_aligned,0,/weka/scratch/jhu/cpriebe1/MO/model-taxonomy/results/shared_cache/03_adapters/allenai--OLMo-2-0425-1B-Instruct/yahoo_000g1_075g2_025g3_n1000_s00_r16_i00_b5008_fea27ccee,0/75/25,0.17638036608695984,-0.19827793538570404
functional_all,functional,cosine,oasst1zh,1,seed_aligned,0,/weka/scratch/jhu/cpriebe1/MO/model-taxonomy/results/shared_cache/03_adapters/allenai--OLMo-2-0425-1B-Instruct/yahoo_000g1_050g2_050g3_n1000_s00_r16_i00_b5008_fea27ccee,0/50/50,0.019436074420809746,-0.2133452445268631
functional_all,functional,cosine,oasst1zh,1,seed_aligned,0,/weka/scratch/jhu/cpriebe1/MO/model-taxonomy/results/shared_cache/03_adapters/allenai--OLMo-2-0425-1B-Instruct/yahoo_000g1_025g2_075g3_n1000_s00_r16_i00_b5008_fea27ccee,0/25/75,-0.17359153926372528,-0.18758046627044678
functional_all,functional,cosine,oasst1zh,1,seed_aligned,0,/weka/scratch/jhu/cpriebe1/MO/model-taxonomy/results/shared_cache/03_adapters/allenai--OLMo-2-0425-1B-Instruct/yahoo_000g1_000g2_100g3_n1000_s00_r16_i00_b5008_fea27ccee,0/0/100,-0.3546479046344757,-0.1646094024181366
functional_all,functional,cosine,oasst1zh,2,pooled,-1,/weka/scratch/jhu/cpriebe1/MO/model-taxonomy/results/shared_cache/03_adapters/allenai--OLMo-2-0425-1B-Instruct/yahoo_100g1_000g2_000g3_n1000_s00_r16_i00_b5008_fea27ccee,100/0/0,-9.10438127916613e-17,0.3457912802696228
functional_all,functional,cosine,oasst1zh,2,pooled,-1,/weka/scratch/jhu/cpriebe1/MO/model-taxonomy/results/shared_cache/03_adapters/allenai--OLMo-2-0425-1B-Instruct/yahoo_075g1_025g2_000g3_n1000_s00_r16_i00_b5008_fea27ccee,75/25/0,0.0834692120552063,0.21758224070072174
functional_all,functional,cosine,oasst1zh,2,pooled,-1,/weka/scratch/jhu/cpriebe1/MO/model-taxonomy/results/shared_cache/03_adapters/allenai--OLMo-2-0425-1B-Instruct/yahoo_075g1_000g2_025g3_n1000_s00_r16_i00_b5008_fea27ccee,75/0/25,-0.09042762219905853,0.25289690494537354
functional_all,functional,cosine,oasst1zh,2,pooled,-1,/weka/scratch/jhu/cpriebe1/MO/model-taxonomy/results/shared_cache/03_adapters/allenai--OLMo-2-0425-1B-Instruct/yahoo_050g1_050g2_000g3_n1000_s00_r16_i00_b5008_fea27ccee,50/50/0,0.18646873533725739,0.07458170503377914
functional_all,functional,cosine,oasst1zh,2,pooled,-1,/weka/scratch/jhu/cpriebe1/MO/model-taxonomy/results/shared_cache/03_adapters/allenai--OLMo-2-0425-1B-Instruct/yahoo_050g1_025g2_025g3_n1000_s00_r16_i00_b5008_fea27ccee,50/25/25,0.013606589287519455,0.11471986025571823
functional_all,functional,cosine,oasst1zh,2,pooled,-1,/weka/scratch/jhu/cpriebe1/MO/model-taxonomy/results/shared_cache/03_adapters/allenai--OLMo-2-0425-1B-Instruct/yahoo_050g1_000g2_050g3_n1000_s00_r16_i00_b5008_fea27ccee,50/0/50,-0.1960887461900711,0.13590838015079498
functional_all,functional,cosine,oasst1zh,2,pooled,-1,/weka/scratch/jhu/cpriebe1/MO/model-taxonomy/results/shared_cache/03_adapters/allenai--OLMo-2-0425-1B-Instruct/yahoo_033g1_033g2_033g3_n1000_s00_r16_i00_b5008_fea27ccee,33/33/33,0.01734502799808979,-0.005556077696382999
functional_all,functional,cosine,oasst1zh,2,pooled,-1,/weka/scratch/jhu/cpriebe1/MO/model-taxonomy/results/shared_cache/03_adapters/allenai--OLMo-2-0425-1B-Instruct/yahoo_025g1_075g2_000g3_n1000_s00_r16_i00_b5008_fea27ccee,25/75/0,0.23626722395420074,-0.05255161225795746
functional_all,functional,cosine,oasst1zh,2,pooled,-1,/weka/scratch/jhu/cpriebe1/MO/model-taxonomy/results/shared_cache/03_adapters/allenai--OLMo-2-0425-1B-Instruct/yahoo_025g1_050g2_025g3_n1000_s00_r16_i00_b5008_fea27ccee,25/50/25,0.10207021236419678,-0.0522778257727623
functional_all,functional,cosine,oasst1zh,2,pooled,-1,/weka/scratch/jhu/cpriebe1/MO/model-taxonomy/results/shared_cache/03_adapters/allenai--OLMo-2-0425-1B-Instruct/yahoo_025g1_025g2_050g3_n1000_s00_r16_i00_b5008_fea27ccee,25/25/50,-0.07950783520936966,-0.028903746977448463
functional_all,functional,cosine,oasst1zh,2,pooled,-1,/weka/scratch/jhu/cpriebe1/MO/model-taxonomy/results/shared_cache/03_adapters/allenai--OLMo-2-0425-1B-Instruct/yahoo_025g1_000g2_075g3_n1000_s00_r16_i00_b5008_fea27ccee,25/0/75,-0.26995041966438293,-0.01663956791162491
functional_all,functional,cosine,oasst1zh,2,pooled,-1,/weka/scratch/jhu/cpriebe1/MO/model-taxonomy/results/shared_cache/03_adapters/allenai--OLMo-2-0425-1B-Instruct/yahoo_000g1_100g2_000g3_n1000_s00_r16_i00_b5008_fea27ccee,0/100/0,0.3281184136867523,-0.22113454341888428
functional_all,functional,cosine,oasst1zh,2,pooled,-1,/weka/scratch/jhu/cpriebe1/MO/model-taxonomy/results/shared_cache/03_adapters/allenai--OLMo-2-0425-1B-Instruct/yahoo_000g1_075g2_025g3_n1000_s00_r16_i00_b5008_fea27ccee,0/75/25,0.1765393614768982,-0.1978461593389511
functional_all,functional,cosine,oasst1zh,2,pooled,-1,/weka/scratch/jhu/cpriebe1/MO/model-taxonomy/results/shared_cache/03_adapters/allenai--OLMo-2-0425-1B-Instruct/yahoo_000g1_050g2_050g3_n1000_s00_r16_i00_b5008_fea27ccee,0/50/50,0.019719962030649185,-0.21337449550628662
functional_all,functional,cosine,oasst1zh,2,pooled,-1,/weka/scratch/jhu/cpriebe1/MO/model-taxonomy/results/shared_cache/03_adapters/allenai--OLMo-2-0425-1B-Instruct/yahoo_000g1_025g2_075g3_n1000_s00_r16_i00_b5008_fea27ccee,0/25/75,-0.17327553033828735,-0.1879170686006546
functional_all,functional,cosine,oasst1zh,2,pooled,-1,/weka/scratch/jhu/cpriebe1/MO/model-taxonomy/results/shared_cache/03_adapters/allenai--OLMo-2-0425-1B-Instruct/yahoo_000g1_000g2_100g3_n1000_s00_r16_i00_b5008_fea27ccee,0/0/100,-0.3543545603752136,-0.16527928411960602
functional_all,functional,cosine,oasst1zh,2,mean,-1,/weka/scratch/jhu/cpriebe1/MO/model-taxonomy/results/shared_cache/03_adapters/allenai--OLMo-2-0425-1B-Instruct/yahoo_100g1_000g2_000g3_n1000_s00_r16_i00_b5008_fea27ccee,100/0/0,-9.10438127916613e-17,0.3457912802696228
functional_all,functional,cosine,oasst1zh,2,mean,-1,/weka/scratch/jhu/cpriebe1/MO/model-taxonomy/results/shared_cache/03_adapters/allenai--OLMo-2-0425-1B-Instruct/yahoo_075g1_025g2_000g3_n1000_s00_r16_i00_b5008_fea27ccee,75/25/0,0.0834692120552063,0.21758224070072174
functional_all,functional,cosine,oasst1zh,2,mean,-1,/weka/scratch/jhu/cpriebe1/MO/model-taxonomy/results/shared_cache/03_adapters/allenai--OLMo-2-0425-1B-Instruct/yahoo_075g1_000g2_025g3_n1000_s00_r16_i00_b5008_fea27ccee,75/0/25,-0.09042762219905853,0.25289690494537354
functional_all,functional,cosine,oasst1zh,2,mean,-1,/weka/scratch/jhu/cpriebe1/MO/model-taxonomy/results/shared_cache/03_adapters/allenai--OLMo-2-0425-1B-Instruct/yahoo_050g1_050g2_000g3_n1000_s00_r16_i00_b5008_fea27ccee,50/50/0,0.18646873533725739,0.07458170503377914
functional_all,functional,cosine,oasst1zh,2,mean,-1,/weka/scratch/jhu/cpriebe1/MO/model-taxonomy/results/shared_cache/03_adapters/allenai--OLMo-2-0425-1B-Instruct/yahoo_050g1_025g2_025g3_n1000_s00_r16_i00_b5008_fea27ccee,50/25/25,0.013606589287519455,0.11471986025571823
functional_all,functional,cosine,oasst1zh,2,mean,-1,/weka/scratch/jhu/cpriebe1/MO/model-taxonomy/results/shared_cache/03_adapters/allenai--OLMo-2-0425-1B-Instruct/yahoo_050g1_000g2_050g3_n1000_s00_r16_i00_b5008_fea27ccee,50/0/50,-0.1960887461900711,0.13590838015079498
functional_all,functional,cosine,oasst1zh,2,mean,-1,/weka/scratch/jhu/cpriebe1/MO/model-taxonomy/results/shared_cache/03_adapters/allenai--OLMo-2-0425-1B-Instruct/yahoo_033g1_033g2_033g3_n1000_s00_r16_i00_b5008_fea27ccee,33/33/33,0.01734502799808979,-0.005556077696382999
functional_all,functional,cosine,oasst1zh,2,mean,-1,/weka/scratch/jhu/cpriebe1/MO/model-taxonomy/results/shared_cache/03_adapters/allenai--OLMo-2-0425-1B-Instruct/yahoo_025g1_075g2_000g3_n1000_s00_r16_i00_b5008_fea27ccee,25/75/0,0.23626722395420074,-0.05255161225795746
functional_all,functional,cosine,oasst1zh,2,mean,-1,/weka/scratch/jhu/cpriebe1/MO/model-taxonomy/results/shared_cache/03_adapters/allenai--OLMo-2-0425-1B-Instruct/yahoo_025g1_050g2_025g3_n1000_s00_r16_i00_b5008_fea27ccee,25/50/25,0.10207021236419678,-0.0522778257727623
functional_all,functional,cosine,oasst1zh,2,mean,-1,/weka/scratch/jhu/cpriebe1/MO/model-taxonomy/results/shared_cache/03_adapters/allenai--OLMo-2-0425-1B-Instruct/yahoo_025g1_025g2_050g3_n1000_s00_r16_i00_b5008_fea27ccee,25/25/50,-0.07950783520936966,-0.028903746977448463
functional_all,functional,cosine,oasst1zh,2,mean,-1,/weka/scratch/jhu/cpriebe1/MO/model-taxonomy/results/shared_cache/03_adapters/allenai--OLMo-2-0425-1B-Instruct/yahoo_025g1_000g2_075g3_n1000_s00_r16_i00_b5008_fea27ccee,25/0/75,-0.26995041966438293,-0.01663956791162491
functional_all,functional,cosine,oasst1zh,2,mean,-1,/weka/scratch/jhu/cpriebe1/MO/model-taxonomy/results/shared_cache/03_adapters/allenai--OLMo-2-0425-1B-Instruct/yahoo_000g1_100g2_000g3_n1000_s00_r16_i00_b5008_fea27ccee,0/100/0,0.3281184136867523,-0.22113454341888428
functional_all,functional,cosine,oasst1zh,2,mean,-1,/weka/scratch/jhu/cpriebe1/MO/model-taxonomy/results/shared_cache/03_adapters/allenai--OLMo-2-0425-1B-Instruct/yahoo_000g1_075g2_025g3_n1000_s00_r16_i00_b5008_fea27ccee,0/75/25,0.1765393614768982,-0.1978461593389511
functional_all,functional,cosine,oasst1zh,2,mean,-1,/weka/scratch/jhu/cpriebe1/MO/model-taxonomy/results/shared_cache/03_adapters/allenai--OLMo-2-0425-1B-Instruct/yahoo_000g1_050g2_050g3_n1000_s00_r16_i00_b5008_fea27ccee,0/50/50,0.019719962030649185,-0.21337449550628662
functional_all,functional,cosine,oasst1zh,2,mean,-1,/weka/scratch/jhu/cpriebe1/MO/model-taxonomy/results/shared_cache/03_adapters/allenai--OLMo-2-0425-1B-Instruct/yahoo_000g1_025g2_075g3_n1000_s00_r16_i00_b5008_fea27ccee,0/25/75,-0.17327553033828735,-0.1879170686006546
functional_all,functional,cosine,oasst1zh,2,mean,-1,/weka/scratch/jhu/cpriebe1/MO/model-taxonomy/results/shared_cache/03_adapters/allenai--OLMo-2-0425-1B-Instruct/yahoo_000g1_000g2_100g3_n1000_s00_r16_i00_b5008_fea27ccee,0/0/100,-0.3543545603752136,-0.16527928411960602
functional_all,functional,cosine,oasst1zh,2,seed_aligned,0,/weka/scratch/jhu/cpriebe1/MO/model-taxonomy/results/shared_cache/03_adapters/allenai--OLMo-2-0425-1B-Instruct/yahoo_100g1_000g2_000g3_n1000_s00_r16_i00_b5008_fea27ccee,100/0/0,-9.10438127916613e-17,0.3457912802696228
functional_all,functional,cosine,oasst1zh,2,seed_aligned,0,/weka/scratch/jhu/cpriebe1/MO/model-taxonomy/results/shared_cache/03_adapters/allenai--OLMo-2-0425-1B-Instruct/yahoo_075g1_025g2_000g3_n1000_s00_r16_i00_b5008_fea27ccee,75/25/0,0.0834692120552063,0.21758224070072174
functional_all,functional,cosine,oasst1zh,2,seed_aligned,0,/weka/scratch/jhu/cpriebe1/MO/model-taxonomy/results/shared_cache/03_adapters/allenai--OLMo-2-0425-1B-Instruct/yahoo_075g1_000g2_025g3_n1000_s00_r16_i00_b5008_fea27ccee,75/0/25,-0.09042762219905853,0.25289690494537354
functional_all,functional,cosine,oasst1zh,2,seed_aligned,0,/weka/scratch/jhu/cpriebe1/MO/model-taxonomy/results/shared_cache/03_adapters/allenai--OLMo-2-0425-1B-Instruct/yahoo_050g1_050g2_000g3_n1000_s00_r16_i00_b5008_fea27ccee,50/50/0,0.18646873533725739,0.07458170503377914
functional_all,functional,cosine,oasst1zh,2,seed_aligned,0,/weka/scratch/jhu/cpriebe1/MO/model-taxonomy/results/shared_cache/03_adapters/allenai--OLMo-2-0425-1B-Instruct/yahoo_050g1_025g2_025g3_n1000_s00_r16_i00_b5008_fea27ccee,50/25/25,0.013606589287519455,0.11471986025571823
functional_all,functional,cosine,oasst1zh,2,seed_aligned,0,/weka/scratch/jhu/cpriebe1/MO/model-taxonomy/results/shared_cache/03_adapters/allenai--OLMo-2-0425-1B-Instruct/yahoo_050g1_000g2_050g3_n1000_s00_r16_i00_b5008_fea27ccee,50/0/50,-0.1960887461900711,0.13590838015079498
functional_all,functional,cosine,oasst1zh,2,seed_aligned,0,/weka/scratch/jhu/cpriebe1/MO/model-taxonomy/results/shared_cache/03_adapters/allenai--OLMo-2-0425-1B-Instruct/yahoo_033g1_033g2_033g3_n1000_s00_r16_i00_b5008_fea27ccee,33/33/33,0.01734502799808979,-0.005556077696382999
functional_all,functional,cosine,oasst1zh,2,seed_aligned,0,/weka/scratch/jhu/cpriebe1/MO/model-taxonomy/results/shared_cache/03_adapters/allenai--OLMo-2-0425-1B-Instruct/yahoo_025g1_075g2_000g3_n1000_s00_r16_i00_b5008_fea27ccee,25/75/0,0.23626722395420074,-0.05255161225795746
functional_all,functional,cosine,oasst1zh,2,seed_aligned,0,/weka/scratch/jhu/cpriebe1/MO/model-taxonomy/results/shared_cache/03_adapters/allenai--OLMo-2-0425-1B-Instruct/yahoo_025g1_050g2_025g3_n1000_s00_r16_i00_b5008_fea27ccee,25/50/25,0.10207021236419678,-0.0522778257727623
functional_all,functional,cosine,oasst1zh,2,seed_aligned,0,/weka/scratch/jhu/cpriebe1/MO/model-taxonomy/results/shared_cache/03_adapters/allenai--OLMo-2-0425-1B-Instruct/yahoo_025g1_025g2_050g3_n1000_s00_r16_i00_b5008_fea27ccee,25/25/50,-0.07950783520936966,-0.028903746977448463
functional_all,functional,cosine,oasst1zh,2,seed_aligned,0,/weka/scratch/jhu/cpriebe1/MO/model-taxonomy/results/shared_cache/03_adapters/allenai--OLMo-2-0425-1B-Instruct/yahoo_025g1_000g2_075g3_n1000_s00_r16_i00_b5008_fea27ccee,25/0/75,-0.26995041966438293,-0.01663956791162491
functional_all,functional,cosine,oasst1zh,2,seed_aligned,0,/weka/scratch/jhu/cpriebe1/MO/model-taxonomy/results/shared_cache/03_adapters/allenai--OLMo-2-0425-1B-Instruct/yahoo_000g1_100g2_000g3_n1000_s00_r16_i00_b5008_fea27ccee,0/100/0,0.3281184136867523,-0.22113454341888428
functional_all,functional,cosine,oasst1zh,2,seed_aligned,0,/weka/scratch/jhu/cpriebe1/MO/model-taxonomy/results/shared_cache/03_adapters/allenai--OLMo-2-0425-1B-Instruct/yahoo_000g1_075g2_025g3_n1000_s00_r16_i00_b5008_fea27ccee,0/75/25,0.1765393614768982,-0.1978461593389511
functional_all,functional,cosine,oasst1zh,2,seed_aligned,0,/weka/scratch/jhu/cpriebe1/MO/model-taxonomy/results/shared_cache/03_adapters/allenai--OLMo-2-0425-1B-Instruct/yahoo_000g1_050g2_050g3_n1000_s00_r16_i00_b5008_fea27ccee,0/50/50,0.019719962030649185,-0.21337449550628662
functional_all,functional,cosine,oasst1zh,2,seed_aligned,0,/weka/scratch/jhu/cpriebe1/MO/model-taxonomy/results/shared_cache/03_adapters/allenai--OLMo-2-0425-1B-Instruct/yahoo_000g1_025g2_075g3_n1000_s00_r16_i00_b5008_fea27ccee,0/25/75,-0.17327553033828735,-0.1879170686006546
functional_all,functional,cosine,oasst1zh,2,seed_aligned,0,/weka/scratch/jhu/cpriebe1/MO/model-taxonomy/results/shared_cache/03_adapters/allenai--OLMo-2-0425-1B-Instruct/yahoo_000g1_000g2_100g3_n1000_s00_r16_i00_b5008_fea27ccee,0/0/100,-0.3543545603752136,-0.16527928411960602
functional_all,functional,cosine,oasst1zh,5,pooled,-1,/weka/scratch/jhu/cpriebe1/MO/model-taxonomy/results/shared_cache/03_adapters/allenai--OLMo-2-0425-1B-Instruct/yahoo_100g1_000g2_000g3_n1000_s00_r16_i00_b5008_fea27ccee,100/0/0,7.6414925135314e-17,0.3461868464946747
functional_all,functional,cosine,oasst1zh,5,pooled,-1,/weka/scratch/jhu/cpriebe1/MO/model-taxonomy/results/shared_cache/03_adapters/allenai--OLMo-2-0425-1B-Instruct/yahoo_075g1_025g2_000g3_n1000_s00_r16_i00_b5008_fea27ccee,75/25/0,0.08357858657836914,0.21796463429927826
functional_all,functional,cosine,oasst1zh,5,pooled,-1,/weka/scratch/jhu/cpriebe1/MO/model-taxonomy/results/shared_cache/03_adapters/allenai--OLMo-2-0425-1B-Instruct/yahoo_075g1_000g2_025g3_n1000_s00_r16_i00_b5008_fea27ccee,75/0/25,-0.09050808101892471,0.2530078589916229
functional_all,functional,cosine,oasst1zh,5,pooled,-1,/weka/scratch/jhu/cpriebe1/MO/model-taxonomy/results/shared_cache/03_adapters/allenai--OLMo-2-0425-1B-Instruct/yahoo_050g1_050g2_000g3_n1000_s00_r16_i00_b5008_fea27ccee,50/50/0,0.1863955706357956,0.07485578954219818
functional_all,functional,cosine,oasst1zh,5,pooled,-1,/weka/scratch/jhu/cpriebe1/MO/model-taxonomy/results/shared_cache/03_adapters/allenai--OLMo-2-0425-1B-Instruct/yahoo_050g1_025g2_025g3_n1000_s00_r16_i00_b5008_fea27ccee,50/25/25,0.013275912962853909,0.11498705297708511
functional_all,functional,cosine,oasst1zh,5,pooled,-1,/weka/scratch/jhu/cpriebe1/MO/model-taxonomy/results/shared_cache/03_adapters/allenai--OLMo-2-0425-1B-Instruct/yahoo_050g1_000g2_050g3_n1000_s00_r16_i00_b5008_fea27ccee,50/0/50,-0.19649961590766907,0.13560733199119568
functional_all,functional,cosine,oasst1zh,5,pooled,-1,/weka/scratch/jhu/cpriebe1/MO/model-taxonomy/results/shared_cache/03_adapters/allenai--OLMo-2-0425-1B-Instruct/yahoo_033g1_033g2_033g3_n1000_s00_r16_i00_b5008_fea27ccee,33/33/33,0.017215047031641006,-0.005458891857415438
functional_all,functional,cosine,oasst1zh,5,pooled,-1,/weka/scratch/jhu/cpriebe1/MO/model-taxonomy/results/shared_cache/03_adapters/allenai--OLMo-2-0425-1B-Instruct/yahoo_025g1_075g2_000g3_n1000_s00_r16_i00_b5008_fea27ccee,25/75/0,0.23615305125713348,-0.05241440236568451
functional_all,functional,cosine,oasst1zh,5,pooled,-1,/weka/scratch/jhu/cpriebe1/MO/model-taxonomy/results/shared_cache/03_adapters/allenai--OLMo-2-0425-1B-Instruct/yahoo_025g1_050g2_025g3_n1000_s00_r16_i00_b5008_fea27ccee,25/50/25,0.10204330086708069,-0.05221742391586304
functional_all,functional,cosine,oasst1zh,5,pooled,-1,/weka/scratch/jhu/cpriebe1/MO/model-taxonomy/results/shared_cache/03_adapters/allenai--OLMo-2-0425-1B-Instruct/yahoo_025g1_025g2_050g3_n1000_s00_r16_i00_b5008_fea27ccee,25/25/50,-0.07967150956392288,-0.02909620851278305
functional_all,functional,cosine,oasst1zh,5,pooled,-1,/weka/scratch/jhu/cpriebe1/MO/model-taxonomy/results/shared_cache/03_adapters/allenai--OLMo-2-0425-1B-Instruct/yahoo_025g1_000g2_075g3_n1000_s00_r16_i00_b5008_fea27ccee,25/0/75,-0.2698461413383484,-0.01744340918958187
functional_all,functional,cosine,oasst1zh,5,pooled,-1,/weka/scratch/jhu/cpriebe1/MO/model-taxonomy/results/shared_cache/03_adapters/allenai--OLMo-2-0425-1B-Instruct/yahoo_000g1_100g2_000g3_n1000_s00_r16_i00_b5008_fea27ccee,0/100/0,0.32809746265411377,-0.22050908207893372
functional_all,functional,cosine,oasst1zh,5,pooled,-1,/weka/scratch/jhu/cpriebe1/MO/model-taxonomy/results/shared_cache/03_adapters/allenai--OLMo-2-0425-1B-Instruct/yahoo_000g1_075g2_025g3_n1000_s00_r16_i00_b5008_fea27ccee,0/75/25,0.17644073069095612,-0.19757510721683502
functional_all,functional,cosine,oasst1zh,5,pooled,-1,/weka/scratch/jhu/cpriebe1/MO/model-taxonomy/results/shared_cache/03_adapters/allenai--OLMo-2-0425-1B-Instruct/yahoo_000g1_050g2_050g3_n1000_s00_r16_i00_b5008_fea27ccee,0/50/50,0.019839845597743988,-0.2132115662097931
functional_all,functional,cosine,oasst1zh,5,pooled,-1,/weka/scratch/jhu/cpriebe1/MO/model-taxonomy/results/shared_cache/03_adapters/allenai--OLMo-2-0425-1B-Instruct/yahoo_000g1_025g2_075g3_n1000_s00_r16_i00_b5008_fea27ccee,0/25/75,-0.17278578877449036,-0.18834136426448822
functional_all,functional,cosine,oasst1zh,5,pooled,-1,/weka/scratch/jhu/cpriebe1/MO/model-taxonomy/results/shared_cache/03_adapters/allenai--OLMo-2-0425-1B-Instruct/yahoo_000g1_000g2_100g3_n1000_s00_r16_i00_b5008_fea27ccee,0/0/100,-0.35372835397720337,-0.16634204983711243
functional_all,functional,cosine,oasst1zh,5,mean,-1,/weka/scratch/jhu/cpriebe1/MO/model-taxonomy/results/shared_cache/03_adapters/allenai--OLMo-2-0425-1B-Instruct/yahoo_100g1_000g2_000g3_n1000_s00_r16_i00_b5008_fea27ccee,100/0/0,7.6414925135314e-17,0.3461868464946747
functional_all,functional,cosine,oasst1zh,5,mean,-1,/weka/scratch/jhu/cpriebe1/MO/model-taxonomy/results/shared_cache/03_adapters/allenai--OLMo-2-0425-1B-Instruct/yahoo_075g1_025g2_000g3_n1000_s00_r16_i00_b5008_fea27ccee,75/25/0,0.08357858657836914,0.21796463429927826
functional_all,functional,cosine,oasst1zh,5,mean,-1,/weka/scratch/jhu/cpriebe1/MO/model-taxonomy/results/shared_cache/03_adapters/allenai--OLMo-2-0425-1B-Instruct/yahoo_075g1_000g2_025g3_n1000_s00_r16_i00_b5008_fea27ccee,75/0/25,-0.09050808101892471,0.2530078589916229
functional_all,functional,cosine,oasst1zh,5,mean,-1,/weka/scratch/jhu/cpriebe1/MO/model-taxonomy/results/shared_cache/03_adapters/allenai--OLMo-2-0425-1B-Instruct/yahoo_050g1_050g2_000g3_n1000_s00_r16_i00_b5008_fea27ccee,50/50/0,0.1863955706357956,0.07485578954219818
functional_all,functional,cosine,oasst1zh,5,mean,-1,/weka/scratch/jhu/cpriebe1/MO/model-taxonomy/results/shared_cache/03_adapters/allenai--OLMo-2-0425-1B-Instruct/yahoo_050g1_025g2_025g3_n1000_s00_r16_i00_b5008_fea27ccee,50/25/25,0.013275912962853909,0.11498705297708511
functional_all,functional,cosine,oasst1zh,5,mean,-1,/weka/scratch/jhu/cpriebe1/MO/model-taxonomy/results/shared_cache/03_adapters/allenai--OLMo-2-0425-1B-Instruct/yahoo_050g1_000g2_050g3_n1000_s00_r16_i00_b5008_fea27ccee,50/0/50,-0.19649961590766907,0.13560733199119568
functional_all,functional,cosine,oasst1zh,5,mean,-1,/weka/scratch/jhu/cpriebe1/MO/model-taxonomy/results/shared_cache/03_adapters/allenai--OLMo-2-0425-1B-Instruct/yahoo_033g1_033g2_033g3_n1000_s00_r16_i00_b5008_fea27ccee,33/33/33,0.017215047031641006,-0.005458891857415438
functional_all,functional,cosine,oasst1zh,5,mean,-1,/weka/scratch/jhu/cpriebe1/MO/model-taxonomy/results/shared_cache/03_adapters/allenai--OLMo-2-0425-1B-Instruct/yahoo_025g1_075g2_000g3_n1000_s00_r16_i00_b5008_fea27ccee,25/75/0,0.23615305125713348,-0.05241440236568451
functional_all,functional,cosine,oasst1zh,5,mean,-1,/weka/scratch/jhu/cpriebe1/MO/model-taxonomy/results/shared_cache/03_adapters/allenai--OLMo-2-0425-1B-Instruct/yahoo_025g1_050g2_025g3_n1000_s00_r16_i00_b5008_fea27ccee,25/50/25,0.10204330086708069,-0.05221742391586304
functional_all,functional,cosine,oasst1zh,5,mean,-1,/weka/scratch/jhu/cpriebe1/MO/model-taxonomy/results/shared_cache/03_adapters/allenai--OLMo-2-0425-1B-Instruct/yahoo_025g1_025g2_050g3_n1000_s00_r16_i00_b5008_fea27ccee,25/25/50,-0.07967150956392288,-0.02909620851278305
functional_all,functional,cosine,oasst1zh,5,mean,-1,/weka/scratch/jhu/cpriebe1/MO/model-taxonomy/results/shared_cache/03_adapters/allenai--OLMo-2-0425-1B-Instruct/yahoo_025g1_000g2_075g3_n1000_s00_r16_i00_b5008_fea27ccee,25/0/75,-0.2698461413383484,-0.01744340918958187
functional_all,functional,cosine,oasst1zh,5,mean,-1,/weka/scratch/jhu/cpriebe1/MO/model-taxonomy/results/shared_cache/03_adapters/allenai--OLMo-2-0425-1B-Instruct/yahoo_000g1_100g2_000g3_n1000_s00_r16_i00_b5008_fea27ccee,0/100/0,0.32809746265411377,-0.22050908207893372
functional_all,functional,cosine,oasst1zh,5,mean,-1,/weka/scratch/jhu/cpriebe1/MO/model-taxonomy/results/shared_cache/03_adapters/allenai--OLMo-2-0425-1B-Instruct/yahoo_000g1_075g2_025g3_n1000_s00_r16_i00_b5008_fea27ccee,0/75/25,0.17644073069095612,-0.19757510721683502
functional_all,functional,cosine,oasst1zh,5,mean,-1,/weka/scratch/jhu/cpriebe1/MO/model-taxonomy/results/shared_cache/03_adapters/allenai--OLMo-2-0425-1B-Instruct/yahoo_000g1_050g2_050g3_n1000_s00_r16_i00_b5008_fea27ccee,0/50/50,0.019839845597743988,-0.2132115662097931
functional_all,functional,cosine,oasst1zh,5,mean,-1,/weka/scratch/jhu/cpriebe1/MO/model-taxonomy/results/shared_cache/03_adapters/allenai--OLMo-2-0425-1B-Instruct/yahoo_000g1_025g2_075g3_n1000_s00_r16_i00_b5008_fea27ccee,0/25/75,-0.17278578877449036,-0.18834136426448822
functional_all,functional,cosine,oasst1zh,5,mean,-1,/weka/scratch/jhu/cpriebe1/MO/model-taxonomy/results/shared_cache/03_adapters/allenai--OLMo-2-0425-1B-Instruct/yahoo_000g1_000g2_100g3_n1000_s00_r16_i00_b5008_fea27ccee,0/0/100,-0.35372835397720337,-0.16634204983711243
functional_all,functional,cosine,oasst1zh,5,seed_aligned,0,/weka/scratch/jhu/cpriebe1/MO/model-taxonomy/results/shared_cache/03_adapters/allenai--OLMo-2-0425-1B-Instruct/yahoo_100g1_000g2_000g3_n1000_s00_r16_i00_b5008_fea27ccee,100/0/0,7.6414925135314e-17,0.3461868464946747
functional_all,functional,cosine,oasst1zh,5,seed_aligned,0,/weka/scratch/jhu/cpriebe1/MO/model-taxonomy/results/shared_cache/03_adapters/allenai--OLMo-2-0425-1B-Instruct/yahoo_075g1_025g2_000g3_n1000_s00_r16_i00_b5008_fea27ccee,75/25/0,0.08357858657836914,0.21796463429927826
functional_all,functional,cosine,oasst1zh,5,seed_aligned,0,/weka/scratch/jhu/cpriebe1/MO/model-taxonomy/results/shared_cache/03_adapters/allenai--OLMo-2-0425-1B-Instruct/yahoo_075g1_000g2_025g3_n1000_s00_r16_i00_b5008_fea27ccee,75/0/25,-0.09050808101892471,0.2530078589916229
functional_all,functional,cosine,oasst1zh,5,seed_aligned,0,/weka/scratch/jhu/cpriebe1/MO/model-taxonomy/results/shared_cache/03_adapters/allenai--OLMo-2-0425-1B-Instruct/yahoo_050g1_050g2_000g3_n1000_s00_r16_i00_b5008_fea27ccee,50/50/0,0.1863955706357956,0.07485578954219818
functional_all,functional,cosine,oasst1zh,5,seed_aligned,0,/weka/scratch/jhu/cpriebe1/MO/model-taxonomy/results/shared_cache/03_adapters/allenai--OLMo-2-0425-1B-Instruct/yahoo_050g1_025g2_025g3_n1000_s00_r16_i00_b5008_fea27ccee,50/25/25,0.013275912962853909,0.11498705297708511
functional_all,functional,cosine,oasst1zh,5,seed_aligned,0,/weka/scratch/jhu/cpriebe1/MO/model-taxonomy/results/shared_cache/03_adapters/allenai--OLMo-2-0425-1B-Instruct/yahoo_050g1_000g2_050g3_n1000_s00_r16_i00_b5008_fea27ccee,50/0/50,-0.19649961590766907,0.13560733199119568
functional_all,functional,cosine,oasst1zh,5,seed_aligned,0,/weka/scratch/jhu/cpriebe1/MO/model-taxonomy/results/shared_cache/03_adapters/allenai--OLMo-2-0425-1B-Instruct/yahoo_033g1_033g2_033g3_n1000_s00_r16_i00_b5008_fea27ccee,33/33/33,0.017215047031641006,-0.005458891857415438
functional_all,functional,cosine,oasst1zh,5,seed_aligned,0,/weka/scratch/jhu/cpriebe1/MO/model-taxonomy/results/shared_cache/03_adapters/allenai--OLMo-2-0425-1B-Instruct/yahoo_025g1_075g2_000g3_n1000_s00_r16_i00_b5008_fea27ccee,25/75/0,0.23615305125713348,-0.05241440236568451
functional_all,functional,cosine,oasst1zh,5,seed_aligned,0,/weka/scratch/jhu/cpriebe1/MO/model-taxonomy/results/shared_cache/03_adapters/allenai--OLMo-2-0425-1B-Instruct/yahoo_025g1_050g2_025g3_n1000_s00_r16_i00_b5008_fea27ccee,25/50/25,0.10204330086708069,-0.05221742391586304
functional_all,functional,cosine,oasst1zh,5,seed_aligned,0,/weka/scratch/jhu/cpriebe1/MO/model-taxonomy/results/shared_cache/03_adapters/allenai--OLMo-2-0425-1B-Instruct/yahoo_025g1_025g2_050g3_n1000_s00_r16_i00_b5008_fea27ccee,25/25/50,-0.07967150956392288,-0.02909620851278305
functional_all,functional,cosine,oasst1zh,5,seed_aligned,0,/weka/scratch/jhu/cpriebe1/MO/model-taxonomy/results/shared_cache/03_adapters/allenai--OLMo-2-0425-1B-Instruct/yahoo_025g1_000g2_075g3_n1000_s00_r16_i00_b5008_fea27ccee,25/0/75,-0.2698461413383484,-0.01744340918958187
functional_all,functional,cosine,oasst1zh,5,seed_aligned,0,/weka/scratch/jhu/cpriebe1/MO/model-taxonomy/results/shared_cache/03_adapters/allenai--OLMo-2-0425-1B-Instruct/yahoo_000g1_100g2_000g3_n1000_s00_r16_i00_b5008_fea27ccee,0/100/0,0.32809746265411377,-0.22050908207893372
functional_all,functional,cosine,oasst1zh,5,seed_aligned,0,/weka/scratch/jhu/cpriebe1/MO/model-taxonomy/results/shared_cache/03_adapters/allenai--OLMo-2-0425-1B-Instruct/yahoo_000g1_075g2_025g3_n1000_s00_r16_i00_b5008_fea27ccee,0/75/25,0.17644073069095612,-0.19757510721683502
functional_all,functional,cosine,oasst1zh,5,seed_aligned,0,/weka/scratch/jhu/cpriebe1/MO/model-taxonomy/results/shared_cache/03_adapters/allenai--OLMo-2-0425-1B-Instruct/yahoo_000g1_050g2_050g3_n1000_s00_r16_i00_b5008_fea27ccee,0/50/50,0.019839845597743988,-0.2132115662097931
functional_all,functional,cosine,oasst1zh,5,seed_aligned,0,/weka/scratch/jhu/cpriebe1/MO/model-taxonomy/results/shared_cache/03_adapters/allenai--OLMo-2-0425-1B-Instruct/yahoo_000g1_025g2_075g3_n1000_s00_r16_i00_b5008_fea27ccee,0/25/75,-0.17278578877449036,-0.18834136426448822
functional_all,functional,cosine,oasst1zh,5,seed_aligned,0,/weka/scratch/jhu/cpriebe1/MO/model-taxonomy/results/shared_cache/03_adapters/allenai--OLMo-2-0425-1B-Instruct/yahoo_000g1_000g2_100g3_n1000_s00_r16_i00_b5008_fea27ccee,0/0/100,-0.35372835397720337,-0.16634204983711243
functional_all,functional,cosine,oasst1zh,10,pooled,-1,/weka/scratch/jhu/cpriebe1/MO/model-taxonomy/results/shared_cache/03_adapters/allenai--OLMo-2-0425-1B-Instruct/yahoo_100g1_000g2_000g3_n1000_s00_r16_i00_b5008_fea27ccee,100/0/0,2.5411188595337248e-17,0.34709036350250244
functional_all,functional,cosine,oasst1zh,10,pooled,-1,/weka/scratch/jhu/cpriebe1/MO/model-taxonomy/results/shared_cache/03_adapters/allenai--OLMo-2-0425-1B-Instruct/yahoo_075g1_025g2_000g3_n1000_s00_r16_i00_b5008_fea27ccee,75/25/0,0.0834864154458046,0.21834853291511536
functional_all,functional,cosine,oasst1zh,10,pooled,-1,/weka/scratch/jhu/cpriebe1/MO/model-taxonomy/results/shared_cache/03_adapters/allenai--OLMo-2-0425-1B-Instruct/yahoo_075g1_000g2_025g3_n1000_s00_r16_i00_b5008_fea27ccee,75/0/25,-0.0903080627322197,0.25298237800598145
functional_all,functional,cosine,oasst1zh,10,pooled,-1,/weka/scratch/jhu/cpriebe1/MO/model-taxonomy/results/shared_cache/03_adapters/allenai--OLMo-2-0425-1B-Instruct/yahoo_050g1_050g2_000g3_n1000_s00_r16_i00_b5008_fea27ccee,50/50/0,0.18592384457588196,0.07530947029590607
functional_all,functional,cosine,oasst1zh,10,pooled,-1,/weka/scratch/jhu/cpriebe1/MO/model-taxonomy/results/shared_cache/03_adapters/allenai--OLMo-2-0425-1B-Instruct/yahoo_050g1_025g2_025g3_n1000_s00_r16_i00_b5008_fea27ccee,50/25/25,0.013004274107515812,0.11463543027639389
functional_all,functional,cosine,oasst1zh,10,pooled,-1,/weka/scratch/jhu/cpriebe1/MO/model-taxonomy/results/shared_cache/03_adapters/allenai--OLMo-2-0425-1B-Instruct/yahoo_050g1_000g2_050g3_n1000_s00_r16_i00_b5008_fea27ccee,50/0/50,-0.19671066105365753,0.13529489934444427
functional_all,functional,cosine,oasst1zh,10,pooled,-1,/weka/scratch/jhu/cpriebe1/MO/model-taxonomy/results/shared_cache/03_adapters/allenai--OLMo-2-0425-1B-Instruct/yahoo_033g1_033g2_033g3_n1000_s00_r16_i00_b5008_fea27ccee,33/33/33,0.0169544517993927,-0.005695088300853968
functional_all,functional,cosine,oasst1zh,10,pooled,-1,/weka/scratch/jhu/cpriebe1/MO/model-taxonomy/results/shared_cache/03_adapters/allenai--OLMo-2-0425-1B-Instruct/yahoo_025g1_075g2_000g3_n1000_s00_r16_i00_b5008_fea27ccee,25/75/0,0.23641300201416016,-0.05184309929609299
functional_all,functional,cosine,oasst1zh,10,pooled,-1,/weka/scratch/jhu/cpriebe1/MO/model-taxonomy/results/shared_cache/03_adapters/allenai--OLMo-2-0425-1B-Instruct/yahoo_025g1_050g2_025g3_n1000_s00_r16_i00_b5008_fea27ccee,25/50/25,0.1020270362496376,-0.052243053913116455
functional_all,functional,cosine,oasst1zh,10,pooled,-1,/weka/scratch/jhu/cpriebe1/MO/model-taxonomy/results/shared_cache/03_adapters/allenai--OLMo-2-0425-1B-Instruct/yahoo_025g1_025g2_050g3_n1000_s00_r16_i00_b5008_fea27ccee,25/25/50,-0.07991282641887665,-0.029596863314509392
functional_all,functional,cosine,oasst1zh,10,pooled,-1,/weka/scratch/jhu/cpriebe1/MO/model-taxonomy/results/shared_cache/03_adapters/allenai--OLMo-2-0425-1B-Instruct/yahoo_025g1_000g2_075g3_n1000_s00_r16_i00_b5008_fea27ccee,25/0/75,-0.2694069743156433,-0.01793435961008072
functional_all,functional,cosine,oasst1zh,10,pooled,-1,/weka/scratch/jhu/cpriebe1/MO/model-taxonomy/results/shared_cache/03_adapters/allenai--OLMo-2-0425-1B-Instruct/yahoo_000g1_100g2_000g3_n1000_s00_r16_i00_b5008_fea27ccee,0/100/0,0.3280581533908844,-0.21936868131160736
functional_all,functional,cosine,oasst1zh,10,pooled,-1,/weka/scratch/jhu/cpriebe1/MO/model-taxonomy/results/shared_cache/03_adapters/allenai--OLMo-2-0425-1B-Instruct/yahoo_000g1_075g2_025g3_n1000_s00_r16_i00_b5008_fea27ccee,0/75/25,0.17649000883102417,-0.19742010533809662
functional_all,functional,cosine,oasst1zh,10,pooled,-1,/weka/scratch/jhu/cpriebe1/MO/model-taxonomy/results/shared_cache/03_adapters/allenai--OLMo-2-0425-1B-Instruct/yahoo_000g1_050g2_050g3_n1000_s00_r16_i00_b5008_fea27ccee,0/50/50,0.01974017173051834,-0.21312521398067474
functional_all,functional,cosine,oasst1zh,10,pooled,-1,/weka/scratch/jhu/cpriebe1/MO/model-taxonomy/results/shared_cache/03_adapters/allenai--OLMo-2-0425-1B-Instruct/yahoo_000g1_025g2_075g3_n1000_s00_r16_i00_b5008_fea27ccee,0/25/75,-0.1724935621023178,-0.18876424431800842
functional_all,functional,cosine,oasst1zh,10,pooled,-1,/weka/scratch/jhu/cpriebe1/MO/model-taxonomy/results/shared_cache/03_adapters/allenai--OLMo-2-0425-1B-Instruct/yahoo_000g1_000g2_100g3_n1000_s00_r16_i00_b5008_fea27ccee,0/0/100,-0.35326525568962097,-0.1676703691482544
functional_all,functional,cosine,oasst1zh,10,mean,-1,/weka/scratch/jhu/cpriebe1/MO/model-taxonomy/results/shared_cache/03_adapters/allenai--OLMo-2-0425-1B-Instruct/yahoo_100g1_000g2_000g3_n1000_s00_r16_i00_b5008_fea27ccee,100/0/0,2.5411188595337248e-17,0.34709036350250244
functional_all,functional,cosine,oasst1zh,10,mean,-1,/weka/scratch/jhu/cpriebe1/MO/model-taxonomy/results/shared_cache/03_adapters/allenai--OLMo-2-0425-1B-Instruct/yahoo_075g1_025g2_000g3_n1000_s00_r16_i00_b5008_fea27ccee,75/25/0,0.0834864154458046,0.21834853291511536
functional_all,functional,cosine,oasst1zh,10,mean,-1,/weka/scratch/jhu/cpriebe1/MO/model-taxonomy/results/shared_cache/03_adapters/allenai--OLMo-2-0425-1B-Instruct/yahoo_075g1_000g2_025g3_n1000_s00_r16_i00_b5008_fea27ccee,75/0/25,-0.0903080627322197,0.25298237800598145
functional_all,functional,cosine,oasst1zh,10,mean,-1,/weka/scratch/jhu/cpriebe1/MO/model-taxonomy/results/shared_cache/03_adapters/allenai--OLMo-2-0425-1B-Instruct/yahoo_050g1_050g2_000g3_n1000_s00_r16_i00_b5008_fea27ccee,50/50/0,0.18592384457588196,0.07530947029590607
functional_all,functional,cosine,oasst1zh,10,mean,-1,/weka/scratch/jhu/cpriebe1/MO/model-taxonomy/results/shared_cache/03_adapters/allenai--OLMo-2-0425-1B-Instruct/yahoo_050g1_025g2_025g3_n1000_s00_r16_i00_b5008_fea27ccee,50/25/25,0.013004274107515812,0.11463543027639389
functional_all,functional,cosine,oasst1zh,10,mean,-1,/weka/scratch/jhu/cpriebe1/MO/model-taxonomy/results/shared_cache/03_adapters/allenai--OLMo-2-0425-1B-Instruct/yahoo_050g1_000g2_050g3_n1000_s00_r16_i00_b5008_fea27ccee,50/0/50,-0.19671066105365753,0.13529489934444427
functional_all,functional,cosine,oasst1zh,10,mean,-1,/weka/scratch/jhu/cpriebe1/MO/model-taxonomy/results/shared_cache/03_adapters/allenai--OLMo-2-0425-1B-Instruct/yahoo_033g1_033g2_033g3_n1000_s00_r16_i00_b5008_fea27ccee,33/33/33,0.0169544517993927,-0.005695088300853968
functional_all,functional,cosine,oasst1zh,10,mean,-1,/weka/scratch/jhu/cpriebe1/MO/model-taxonomy/results/shared_cache/03_adapters/allenai--OLMo-2-0425-1B-Instruct/yahoo_025g1_075g2_000g3_n1000_s00_r16_i00_b5008_fea27ccee,25/75/0,0.23641300201416016,-0.05184309929609299
functional_all,functional,cosine,oasst1zh,10,mean,-1,/weka/scratch/jhu/cpriebe1/MO/model-taxonomy/results/shared_cache/03_adapters/allenai--OLMo-2-0425-1B-Instruct/yahoo_025g1_050g2_025g3_n1000_s00_r16_i00_b5008_fea27ccee,25/50/25,0.1020270362496376,-0.052243053913116455
functional_all,functional,cosine,oasst1zh,10,mean,-1,/weka/scratch/jhu/cpriebe1/MO/model-taxonomy/results/shared_cache/03_adapters/allenai--OLMo-2-0425-1B-Instruct/yahoo_025g1_025g2_050g3_n1000_s00_r16_i00_b5008_fea27ccee,25/25/50,-0.07991282641887665,-0.029596863314509392
functional_all,functional,cosine,oasst1zh,10,mean,-1,/weka/scratch/jhu/cpriebe1/MO/model-taxonomy/results/shared_cache/03_adapters/allenai--OLMo-2-0425-1B-Instruct/yahoo_025g1_000g2_075g3_n1000_s00_r16_i00_b5008_fea27ccee,25/0/75,-0.2694069743156433,-0.01793435961008072
functional_all,functional,cosine,oasst1zh,10,mean,-1,/weka/scratch/jhu/cpriebe1/MO/model-taxonomy/results/shared_cache/03_adapters/allenai--OLMo-2-0425-1B-Instruct/yahoo_000g1_100g2_000g3_n1000_s00_r16_i00_b5008_fea27ccee,0/100/0,0.3280581533908844,-0.21936868131160736
functional_all,functional,cosine,oasst1zh,10,mean,-1,/weka/scratch/jhu/cpriebe1/MO/model-taxonomy/results/shared_cache/03_adapters/allenai--OLMo-2-0425-1B-Instruct/yahoo_000g1_075g2_025g3_n1000_s00_r16_i00_b5008_fea27ccee,0/75/25,0.17649000883102417,-0.19742010533809662
functional_all,functional,cosine,oasst1zh,10,mean,-1,/weka/scratch/jhu/cpriebe1/MO/model-taxonomy/results/shared_cache/03_adapters/allenai--OLMo-2-0425-1B-Instruct/yahoo_000g1_050g2_050g3_n1000_s00_r16_i00_b5008_fea27ccee,0/50/50,0.01974017173051834,-0.21312521398067474
functional_all,functional,cosine,oasst1zh,10,mean,-1,/weka/scratch/jhu/cpriebe1/MO/model-taxonomy/results/shared_cache/03_adapters/allenai--OLMo-2-0425-1B-Instruct/yahoo_000g1_025g2_075g3_n1000_s00_r16_i00_b5008_fea27ccee,0/25/75,-0.1724935621023178,-0.18876424431800842
functional_all,functional,cosine,oasst1zh,10,mean,-1,/weka/scratch/jhu/cpriebe1/MO/model-taxonomy/results/shared_cache/03_adapters/allenai--OLMo-2-0425-1B-Instruct/yahoo_000g1_000g2_100g3_n1000_s00_r16_i00_b5008_fea27ccee,0/0/100,-0.35326525568962097,-0.1676703691482544
functional_all,functional,cosine,oasst1zh,10,seed_aligned,0,/weka/scratch/jhu/cpriebe1/MO/model-taxonomy/results/shared_cache/03_adapters/allenai--OLMo-2-0425-1B-Instruct/yahoo_100g1_000g2_000g3_n1000_s00_r16_i00_b5008_fea27ccee,100/0/0,2.5411188595337248e-17,0.34709036350250244
functional_all,functional,cosine,oasst1zh,10,seed_aligned,0,/weka/scratch/jhu/cpriebe1/MO/model-taxonomy/results/shared_cache/03_adapters/allenai--OLMo-2-0425-1B-Instruct/yahoo_075g1_025g2_000g3_n1000_s00_r16_i00_b5008_fea27ccee,75/25/0,0.0834864154458046,0.21834853291511536
functional_all,functional,cosine,oasst1zh,10,seed_aligned,0,/weka/scratch/jhu/cpriebe1/MO/model-taxonomy/results/shared_cache/03_adapters/allenai--OLMo-2-0425-1B-Instruct/yahoo_075g1_000g2_025g3_n1000_s00_r16_i00_b5008_fea27ccee,75/0/25,-0.0903080627322197,0.25298237800598145
functional_all,functional,cosine,oasst1zh,10,seed_aligned,0,/weka/scratch/jhu/cpriebe1/MO/model-taxonomy/results/shared_cache/03_adapters/allenai--OLMo-2-0425-1B-Instruct/yahoo_050g1_050g2_000g3_n1000_s00_r16_i00_b5008_fea27ccee,50/50/0,0.18592384457588196,0.07530947029590607
functional_all,functional,cosine,oasst1zh,10,seed_aligned,0,/weka/scratch/jhu/cpriebe1/MO/model-taxonomy/results/shared_cache/03_adapters/allenai--OLMo-2-0425-1B-Instruct/yahoo_050g1_025g2_025g3_n1000_s00_r16_i00_b5008_fea27ccee,50/25/25,0.013004274107515812,0.11463543027639389
functional_all,functional,cosine,oasst1zh,10,seed_aligned,0,/weka/scratch/jhu/cpriebe1/MO/model-taxonomy/results/shared_cache/03_adapters/allenai--OLMo-2-0425-1B-Instruct/yahoo_050g1_000g2_050g3_n1000_s00_r16_i00_b5008_fea27ccee,50/0/50,-0.19671066105365753,0.13529489934444427
functional_all,functional,cosine,oasst1zh,10,seed_aligned,0,/weka/scratch/jhu/cpriebe1/MO/model-taxonomy/results/shared_cache/03_adapters/allenai--OLMo-2-0425-1B-Instruct/yahoo_033g1_033g2_033g3_n1000_s00_r16_i00_b5008_fea27ccee,33/33/33,0.0169544517993927,-0.005695088300853968
functional_all,functional,cosine,oasst1zh,10,seed_aligned,0,/weka/scratch/jhu/cpriebe1/MO/model-taxonomy/results/shared_cache/03_adapters/allenai--OLMo-2-0425-1B-Instruct/yahoo_025g1_075g2_000g3_n1000_s00_r16_i00_b5008_fea27ccee,25/75/0,0.23641300201416016,-0.05184309929609299
functional_all,functional,cosine,oasst1zh,10,seed_aligned,0,/weka/scratch/jhu/cpriebe1/MO/model-taxonomy/results/shared_cache/03_adapters/allenai--OLMo-2-0425-1B-Instruct/yahoo_025g1_050g2_025g3_n1000_s00_r16_i00_b5008_fea27ccee,25/50/25,0.1020270362496376,-0.052243053913116455
functional_all,functional,cosine,oasst1zh,10,seed_aligned,0,/weka/scratch/jhu/cpriebe1/MO/model-taxonomy/results/shared_cache/03_adapters/allenai--OLMo-2-0425-1B-Instruct/yahoo_025g1_025g2_050g3_n1000_s00_r16_i00_b5008_fea27ccee,25/25/50,-0.07991282641887665,-0.029596863314509392
functional_all,functional,cosine,oasst1zh,10,seed_aligned,0,/weka/scratch/jhu/cpriebe1/MO/model-taxonomy/results/shared_cache/03_adapters/allenai--OLMo-2-0425-1B-Instruct/yahoo_025g1_000g2_075g3_n1000_s00_r16_i00_b5008_fea27ccee,25/0/75,-0.2694069743156433,-0.01793435961008072
functional_all,functional,cosine,oasst1zh,10,seed_aligned,0,/weka/scratch/jhu/cpriebe1/MO/model-taxonomy/results/shared_cache/03_adapters/allenai--OLMo-2-0425-1B-Instruct/yahoo_000g1_100g2_000g3_n1000_s00_r16_i00_b5008_fea27ccee,0/100/0,0.3280581533908844,-0.21936868131160736
functional_all,functional,cosine,oasst1zh,10,seed_aligned,0,/weka/scratch/jhu/cpriebe1/MO/model-taxonomy/results/shared_cache/03_adapters/allenai--OLMo-2-0425-1B-Instruct/yahoo_000g1_075g2_025g3_n1000_s00_r16_i00_b5008_fea27ccee,0/75/25,0.17649000883102417,-0.19742010533809662
functional_all,functional,cosine,oasst1zh,10,seed_aligned,0,/weka/scratch/jhu/cpriebe1/MO/model-taxonomy/results/shared_cache/03_adapters/allenai--OLMo-2-0425-1B-Instruct/yahoo_000g1_050g2_050g3_n1000_s00_r16_i00_b5008_fea27ccee,0/50/50,0.01974017173051834,-0.21312521398067474
functional_all,functional,cosine,oasst1zh,10,seed_aligned,0,/weka/scratch/jhu/cpriebe1/MO/model-taxonomy/results/shared_cache/03_adapters/allenai--OLMo-2-0425-1B-Instruct/yahoo_000g1_025g2_075g3_n1000_s00_r16_i00_b5008_fea27ccee,0/25/75,-0.1724935621023178,-0.18876424431800842
functional_all,functional,cosine,oasst1zh,10,seed_aligned,0,/weka/scratch/jhu/cpriebe1/MO/model-taxonomy/results/shared_cache/03_adapters/allenai--OLMo-2-0425-1B-Instruct/yahoo_000g1_000g2_100g3_n1000_s00_r16_i00_b5008_fea27ccee,0/0/100,-0.35326525568962097,-0.1676703691482544
functional_all,functional,cosine,oasst1zh,20,pooled,-1,/weka/scratch/jhu/cpriebe1/MO/model-taxonomy/results/shared_cache/03_adapters/allenai--OLMo-2-0425-1B-Instruct/yahoo_100g1_000g2_000g3_n1000_s00_r16_i00_b5008_fea27ccee,100/0/0,-4.969273964150268e-17,0.3475787043571472
functional_all,functional,cosine,oasst1zh,20,pooled,-1,/weka/scratch/jhu/cpriebe1/MO/model-taxonomy/results/shared_cache/03_adapters/allenai--OLMo-2-0425-1B-Instruct/yahoo_075g1_025g2_000g3_n1000_s00_r16_i00_b5008_fea27ccee,75/25/0,0.08350981771945953,0.21923229098320007
functional_all,functional,cosine,oasst1zh,20,pooled,-1,/weka/scratch/jhu/cpriebe1/MO/model-taxonomy/results/shared_cache/03_adapters/allenai--OLMo-2-0425-1B-Instruct/yahoo_075g1_000g2_025g3_n1000_s00_r16_i00_b5008_fea27ccee,75/0/25,-0.09121740609407425,0.2533118724822998
functional_all,functional,cosine,oasst1zh,20,pooled,-1,/weka/scratch/jhu/cpriebe1/MO/model-taxonomy/results/shared_cache/03_adapters/allenai--OLMo-2-0425-1B-Instruct/yahoo_050g1_050g2_000g3_n1000_s00_r16_i00_b5008_fea27ccee,50/50/0,0.18558265268802643,0.07636616379022598
functional_all,functional,cosine,oasst1zh,20,pooled,-1,/weka/scratch/jhu/cpriebe1/MO/model-taxonomy/results/shared_cache/03_adapters/allenai--OLMo-2-0425-1B-Instruct/yahoo_050g1_025g2_025g3_n1000_s00_r16_i00_b5008_fea27ccee,50/25/25,0.011417226865887642,0.11477456986904144
functional_all,functional,cosine,oasst1zh,20,pooled,-1,/weka/scratch/jhu/cpriebe1/MO/model-taxonomy/results/shared_cache/03_adapters/allenai--OLMo-2-0425-1B-Instruct/yahoo_050g1_000g2_050g3_n1000_s00_r16_i00_b5008_fea27ccee,50/0/50,-0.1977476328611374,0.1344291865825653
functional_all,functional,cosine,oasst1zh,20,pooled,-1,/weka/scratch/jhu/cpriebe1/MO/model-taxonomy/results/shared_cache/03_adapters/allenai--OLMo-2-0425-1B-Instruct/yahoo_033g1_033g2_033g3_n1000_s00_r16_i00_b5008_fea27ccee,33/33/33,0.01659620925784111,-0.005365158896893263
functional_all,functional,cosine,oasst1zh,20,pooled,-1,/weka/scratch/jhu/cpriebe1/MO/model-taxonomy/results/shared_cache/03_adapters/allenai--OLMo-2-0425-1B-Instruct/yahoo_025g1_075g2_000g3_n1000_s00_r16_i00_b5008_fea27ccee,25/75/0,0.23706993460655212,-0.05115550383925438
functional_all,functional,cosine,oasst1zh,20,pooled,-1,/weka/scratch/jhu/cpriebe1/MO/model-taxonomy/results/shared_cache/03_adapters/allenai--OLMo-2-0425-1B-Instruct/yahoo_025g1_050g2_025g3_n1000_s00_r16_i00_b5008_fea27ccee,25/50/25,0.10172374546527863,-0.05166872963309288
functional_all,functional,cosine,oasst1zh,20,pooled,-1,/weka/scratch/jhu/cpriebe1/MO/model-taxonomy/results/shared_cache/03_adapters/allenai--OLMo-2-0425-1B-Instruct/yahoo_025g1_025g2_050g3_n1000_s00_r16_i00_b5008_fea27ccee,25/25/50,-0.08023902773857117,-0.02994532510638237
functional_all,functional,cosine,oasst1zh,20,pooled,-1,/weka/scratch/jhu/cpriebe1/MO/model-taxonomy/results/shared_cache/03_adapters/allenai--OLMo-2-0425-1B-Instruct/yahoo_025g1_000g2_075g3_n1000_s00_r16_i00_b5008_fea27ccee,25/0/75,-0.26970231533050537,-0.01960466057062149
functional_all,functional,cosine,oasst1zh,20,pooled,-1,/weka/scratch/jhu/cpriebe1/MO/model-taxonomy/results/shared_cache/03_adapters/allenai--OLMo-2-0425-1B-Instruct/yahoo_000g1_100g2_000g3_n1000_s00_r16_i00_b5008_fea27ccee,0/100/0,0.3281732201576233,-0.21721197664737701
functional_all,functional,cosine,oasst1zh,20,pooled,-1,/weka/scratch/jhu/cpriebe1/MO/model-taxonomy/results/shared_cache/03_adapters/allenai--OLMo-2-0425-1B-Instruct/yahoo_000g1_075g2_025g3_n1000_s00_r16_i00_b5008_fea27ccee,0/75/25,0.1763022243976593,-0.19617795944213867
functional_all,functional,cosine,oasst1zh,20,pooled,-1,/weka/scratch/jhu/cpriebe1/MO/model-taxonomy/results/shared_cache/03_adapters/allenai--OLMo-2-0425-1B-Instruct/yahoo_000g1_050g2_050g3_n1000_s00_r16_i00_b5008_fea27ccee,0/50/50,0.02066677063703537,-0.21271459758281708
functional_all,functional,cosine,oasst1zh,20,pooled,-1,/weka/scratch/jhu/cpriebe1/MO/model-taxonomy/results/shared_cache/03_adapters/allenai--OLMo-2-0425-1B-Instruct/yahoo_000g1_025g2_075g3_n1000_s00_r16_i00_b5008_fea27ccee,0/25/75,-0.17096200585365295,-0.19025829434394836
functional_all,functional,cosine,oasst1zh,20,pooled,-1,/weka/scratch/jhu/cpriebe1/MO/model-taxonomy/results/shared_cache/03_adapters/allenai--OLMo-2-0425-1B-Instruct/yahoo_000g1_000g2_100g3_n1000_s00_r16_i00_b5008_fea27ccee,0/0/100,-0.35117340087890625,-0.17159056663513184
functional_all,functional,cosine,oasst1zh,20,mean,-1,/weka/scratch/jhu/cpriebe1/MO/model-taxonomy/results/shared_cache/03_adapters/allenai--OLMo-2-0425-1B-Instruct/yahoo_100g1_000g2_000g3_n1000_s00_r16_i00_b5008_fea27ccee,100/0/0,-4.969273964150268e-17,0.3475787043571472
functional_all,functional,cosine,oasst1zh,20,mean,-1,/weka/scratch/jhu/cpriebe1/MO/model-taxonomy/results/shared_cache/03_adapters/allenai--OLMo-2-0425-1B-Instruct/yahoo_075g1_025g2_000g3_n1000_s00_r16_i00_b5008_fea27ccee,75/25/0,0.08350981771945953,0.21923229098320007
functional_all,functional,cosine,oasst1zh,20,mean,-1,/weka/scratch/jhu/cpriebe1/MO/model-taxonomy/results/shared_cache/03_adapters/allenai--OLMo-2-0425-1B-Instruct/yahoo_075g1_000g2_025g3_n1000_s00_r16_i00_b5008_fea27ccee,75/0/25,-0.09121740609407425,0.2533118724822998
functional_all,functional,cosine,oasst1zh,20,mean,-1,/weka/scratch/jhu/cpriebe1/MO/model-taxonomy/results/shared_cache/03_adapters/allenai--OLMo-2-0425-1B-Instruct/yahoo_050g1_050g2_000g3_n1000_s00_r16_i00_b5008_fea27ccee,50/50/0,0.18558265268802643,0.07636616379022598
functional_all,functional,cosine,oasst1zh,20,mean,-1,/weka/scratch/jhu/cpriebe1/MO/model-taxonomy/results/shared_cache/03_adapters/allenai--OLMo-2-0425-1B-Instruct/yahoo_050g1_025g2_025g3_n1000_s00_r16_i00_b5008_fea27ccee,50/25/25,0.011417226865887642,0.11477456986904144
functional_all,functional,cosine,oasst1zh,20,mean,-1,/weka/scratch/jhu/cpriebe1/MO/model-taxonomy/results/shared_cache/03_adapters/allenai--OLMo-2-0425-1B-Instruct/yahoo_050g1_000g2_050g3_n1000_s00_r16_i00_b5008_fea27ccee,50/0/50,-0.1977476328611374,0.1344291865825653
functional_all,functional,cosine,oasst1zh,20,mean,-1,/weka/scratch/jhu/cpriebe1/MO/model-taxonomy/results/shared_cache/03_adapters/allenai--OLMo-2-0425-1B-Instruct/yahoo_033g1_033g2_033g3_n1000_s00_r16_i00_b5008_fea27ccee,33/33/33,0.01659620925784111,-0.005365158896893263
functional_all,functional,cosine,oasst1zh,20,mean,-1,/weka/scratch/jhu/cpriebe1/MO/model-taxonomy/results/shared_cache/03_adapters/allenai--OLMo-2-0425-1B-Instruct/yahoo_025g1_075g2_000g3_n1000_s00_r16_i00_b5008_fea27ccee,25/75/0,0.23706993460655212,-0.05115550383925438
functional_all,functional,cosine,oasst1zh,20,mean,-1,/weka/scratch/jhu/cpriebe1/MO/model-taxonomy/results/shared_cache/03_adapters/allenai--OLMo-2-0425-1B-Instruct/yahoo_025g1_050g2_025g3_n1000_s00_r16_i00_b5008_fea27ccee,25/50/25,0.10172374546527863,-0.05166872963309288
functional_all,functional,cosine,oasst1zh,20,mean,-1,/weka/scratch/jhu/cpriebe1/MO/model-taxonomy/results/shared_cache/03_adapters/allenai--OLMo-2-0425-1B-Instruct/yahoo_025g1_025g2_050g3_n1000_s00_r16_i00_b5008_fea27ccee,25/25/50,-0.08023902773857117,-0.02994532510638237
functional_all,functional,cosine,oasst1zh,20,mean,-1,/weka/scratch/jhu/cpriebe1/MO/model-taxonomy/results/shared_cache/03_adapters/allenai--OLMo-2-0425-1B-Instruct/yahoo_025g1_000g2_075g3_n1000_s00_r16_i00_b5008_fea27ccee,25/0/75,-0.26970231533050537,-0.01960466057062149
functional_all,functional,cosine,oasst1zh,20,mean,-1,/weka/scratch/jhu/cpriebe1/MO/model-taxonomy/results/shared_cache/03_adapters/allenai--OLMo-2-0425-1B-Instruct/yahoo_000g1_100g2_000g3_n1000_s00_r16_i00_b5008_fea27ccee,0/100/0,0.3281732201576233,-0.21721197664737701
functional_all,functional,cosine,oasst1zh,20,mean,-1,/weka/scratch/jhu/cpriebe1/MO/model-taxonomy/results/shared_cache/03_adapters/allenai--OLMo-2-0425-1B-Instruct/yahoo_000g1_075g2_025g3_n1000_s00_r16_i00_b5008_fea27ccee,0/75/25,0.1763022243976593,-0.19617795944213867
functional_all,functional,cosine,oasst1zh,20,mean,-1,/weka/scratch/jhu/cpriebe1/MO/model-taxonomy/results/shared_cache/03_adapters/allenai--OLMo-2-0425-1B-Instruct/yahoo_000g1_050g2_050g3_n1000_s00_r16_i00_b5008_fea27ccee,0/50/50,0.02066677063703537,-0.21271459758281708
functional_all,functional,cosine,oasst1zh,20,mean,-1,/weka/scratch/jhu/cpriebe1/MO/model-taxonomy/results/shared_cache/03_adapters/allenai--OLMo-2-0425-1B-Instruct/yahoo_000g1_025g2_075g3_n1000_s00_r16_i00_b5008_fea27ccee,0/25/75,-0.17096200585365295,-0.19025829434394836
functional_all,functional,cosine,oasst1zh,20,mean,-1,/weka/scratch/jhu/cpriebe1/MO/model-taxonomy/results/shared_cache/03_adapters/allenai--OLMo-2-0425-1B-Instruct/yahoo_000g1_000g2_100g3_n1000_s00_r16_i00_b5008_fea27ccee,0/0/100,-0.35117340087890625,-0.17159056663513184
functional_all,functional,cosine,oasst1zh,20,seed_aligned,0,/weka/scratch/jhu/cpriebe1/MO/model-taxonomy/results/shared_cache/03_adapters/allenai--OLMo-2-0425-1B-Instruct/yahoo_100g1_000g2_000g3_n1000_s00_r16_i00_b5008_fea27ccee,100/0/0,-4.969273964150268e-17,0.3475787043571472
functional_all,functional,cosine,oasst1zh,20,seed_aligned,0,/weka/scratch/jhu/cpriebe1/MO/model-taxonomy/results/shared_cache/03_adapters/allenai--OLMo-2-0425-1B-Instruct/yahoo_075g1_025g2_000g3_n1000_s00_r16_i00_b5008_fea27ccee,75/25/0,0.08350981771945953,0.21923229098320007
functional_all,functional,cosine,oasst1zh,20,seed_aligned,0,/weka/scratch/jhu/cpriebe1/MO/model-taxonomy/results/shared_cache/03_adapters/allenai--OLMo-2-0425-1B-Instruct/yahoo_075g1_000g2_025g3_n1000_s00_r16_i00_b5008_fea27ccee,75/0/25,-0.09121740609407425,0.2533118724822998
functional_all,functional,cosine,oasst1zh,20,seed_aligned,0,/weka/scratch/jhu/cpriebe1/MO/model-taxonomy/results/shared_cache/03_adapters/allenai--OLMo-2-0425-1B-Instruct/yahoo_050g1_050g2_000g3_n1000_s00_r16_i00_b5008_fea27ccee,50/50/0,0.18558265268802643,0.07636616379022598
functional_all,functional,cosine,oasst1zh,20,seed_aligned,0,/weka/scratch/jhu/cpriebe1/MO/model-taxonomy/results/shared_cache/03_adapters/allenai--OLMo-2-0425-1B-Instruct/yahoo_050g1_025g2_025g3_n1000_s00_r16_i00_b5008_fea27ccee,50/25/25,0.011417226865887642,0.11477456986904144
functional_all,functional,cosine,oasst1zh,20,seed_aligned,0,/weka/scratch/jhu/cpriebe1/MO/model-taxonomy/results/shared_cache/03_adapters/allenai--OLMo-2-0425-1B-Instruct/yahoo_050g1_000g2_050g3_n1000_s00_r16_i00_b5008_fea27ccee,50/0/50,-0.1977476328611374,0.1344291865825653
functional_all,functional,cosine,oasst1zh,20,seed_aligned,0,/weka/scratch/jhu/cpriebe1/MO/model-taxonomy/results/shared_cache/03_adapters/allenai--OLMo-2-0425-1B-Instruct/yahoo_033g1_033g2_033g3_n1000_s00_r16_i00_b5008_fea27ccee,33/33/33,0.01659620925784111,-0.005365158896893263
functional_all,functional,cosine,oasst1zh,20,seed_aligned,0,/weka/scratch/jhu/cpriebe1/MO/model-taxonomy/results/shared_cache/03_adapters/allenai--OLMo-2-0425-1B-Instruct/yahoo_025g1_075g2_000g3_n1000_s00_r16_i00_b5008_fea27ccee,25/75/0,0.23706993460655212,-0.05115550383925438
functional_all,functional,cosine,oasst1zh,20,seed_aligned,0,/weka/scratch/jhu/cpriebe1/MO/model-taxonomy/results/shared_cache/03_adapters/allenai--OLMo-2-0425-1B-Instruct/yahoo_025g1_050g2_025g3_n1000_s00_r16_i00_b5008_fea27ccee,25/50/25,0.10172374546527863,-0.05166872963309288
functional_all,functional,cosine,oasst1zh,20,seed_aligned,0,/weka/scratch/jhu/cpriebe1/MO/model-taxonomy/results/shared_cache/03_adapters/allenai--OLMo-2-0425-1B-Instruct/yahoo_025g1_025g2_050g3_n1000_s00_r16_i00_b5008_fea27ccee,25/25/50,-0.08023902773857117,-0.02994532510638237
functional_all,functional,cosine,oasst1zh,20,seed_aligned,0,/weka/scratch/jhu/cpriebe1/MO/model-taxonomy/results/shared_cache/03_adapters/allenai--OLMo-2-0425-1B-Instruct/yahoo_025g1_000g2_075g3_n1000_s00_r16_i00_b5008_fea27ccee,25/0/75,-0.26970231533050537,-0.01960466057062149
functional_all,functional,cosine,oasst1zh,20,seed_aligned,0,/weka/scratch/jhu/cpriebe1/MO/model-taxonomy/results/shared_cache/03_adapters/allenai--OLMo-2-0425-1B-Instruct/yahoo_000g1_100g2_000g3_n1000_s00_r16_i00_b5008_fea27ccee,0/100/0,0.3281732201576233,-0.21721197664737701
functional_all,functional,cosine,oasst1zh,20,seed_aligned,0,/weka/scratch/jhu/cpriebe1/MO/model-taxonomy/results/shared_cache/03_adapters/allenai--OLMo-2-0425-1B-Instruct/yahoo_000g1_075g2_025g3_n1000_s00_r16_i00_b5008_fea27ccee,0/75/25,0.1763022243976593,-0.19617795944213867
functional_all,functional,cosine,oasst1zh,20,seed_aligned,0,/weka/scratch/jhu/cpriebe1/MO/model-taxonomy/results/shared_cache/03_adapters/allenai--OLMo-2-0425-1B-Instruct/yahoo_000g1_050g2_050g3_n1000_s00_r16_i00_b5008_fea27ccee,0/50/50,0.02066677063703537,-0.21271459758281708
functional_all,functional,cosine,oasst1zh,20,seed_aligned,0,/weka/scratch/jhu/cpriebe1/MO/model-taxonomy/results/shared_cache/03_adapters/allenai--OLMo-2-0425-1B-Instruct/yahoo_000g1_025g2_075g3_n1000_s00_r16_i00_b5008_fea27ccee,0/25/75,-0.17096200585365295,-0.19025829434394836
functional_all,functional,cosine,oasst1zh,20,seed_aligned,0,/weka/scratch/jhu/cpriebe1/MO/model-taxonomy/results/shared_cache/03_adapters/allenai--OLMo-2-0425-1B-Instruct/yahoo_000g1_000g2_100g3_n1000_s00_r16_i00_b5008_fea27ccee,0/0/100,-0.35117340087890625,-0.17159056663513184
functional_all,functional,cosine,oasst1zh,50,pooled,-1,/weka/scratch/jhu/cpriebe1/MO/model-taxonomy/results/shared_cache/03_adapters/allenai--OLMo-2-0425-1B-Instruct/yahoo_100g1_000g2_000g3_n1000_s00_r16_i00_b5008_fea27ccee,100/0/0,2.7638683414546595e-17,0.34971287846565247
functional_all,functional,cosine,oasst1zh,50,pooled,-1,/weka/scratch/jhu/cpriebe1/MO/model-taxonomy/results/shared_cache/03_adapters/allenai--OLMo-2-0425-1B-Instruct/yahoo_075g1_025g2_000g3_n1000_s00_r16_i00_b5008_fea27ccee,75/25/0,0.0826469361782074,0.2206125110387802
functional_all,functional,cosine,oasst1zh,50,pooled,-1,/weka/scratch/jhu/cpriebe1/MO/model-taxonomy/results/shared_cache/03_adapters/allenai--OLMo-2-0425-1B-Instruct/yahoo_075g1_000g2_025g3_n1000_s00_r16_i00_b5008_fea27ccee,75/0/25,-0.09206139296293259,0.2543502151966095
functional_all,functional,cosine,oasst1zh,50,pooled,-1,/weka/scratch/jhu/cpriebe1/MO/model-taxonomy/results/shared_cache/03_adapters/allenai--OLMo-2-0425-1B-Instruct/yahoo_050g1_050g2_000g3_n1000_s00_r16_i00_b5008_fea27ccee,50/50/0,0.18487368524074554,0.07793385535478592
functional_all,functional,cosine,oasst1zh,50,pooled,-1,/weka/scratch/jhu/cpriebe1/MO/model-taxonomy/results/shared_cache/03_adapters/allenai--OLMo-2-0425-1B-Instruct/yahoo_050g1_025g2_025g3_n1000_s00_r16_i00_b5008_fea27ccee,50/25/25,0.008674126118421555,0.11480153352022171
functional_all,functional,cosine,oasst1zh,50,pooled,-1,/weka/scratch/jhu/cpriebe1/MO/model-taxonomy/results/shared_cache/03_adapters/allenai--OLMo-2-0425-1B-Instruct/yahoo_050g1_000g2_050g3_n1000_s00_r16_i00_b5008_fea27ccee,50/0/50,-0.2003728747367859,0.13312242925167084
functional_all,functional,cosine,oasst1zh,50,pooled,-1,/weka/scratch/jhu/cpriebe1/MO/model-taxonomy/results/shared_cache/03_adapters/allenai--OLMo-2-0425-1B-Instruct/yahoo_033g1_033g2_033g3_n1000_s00_r16_i00_b5008_fea27ccee,33/33/33,0.016142001375555992,-0.004462129902094603
functional_all,functional,cosine,oasst1zh,50,pooled,-1,/weka/scratch/jhu/cpriebe1/MO/model-taxonomy/results/shared_cache/03_adapters/allenai--OLMo-2-0425-1B-Instruct/yahoo_025g1_075g2_000g3_n1000_s00_r16_i00_b5008_fea27ccee,25/75/0,0.23931629955768585,-0.04985123872756958
functional_all,functional,cosine,oasst1zh,50,pooled,-1,/weka/scratch/jhu/cpriebe1/MO/model-taxonomy/results/shared_cache/03_adapters/allenai--OLMo-2-0425-1B-Instruct/yahoo_025g1_050g2_025g3_n1000_s00_r16_i00_b5008_fea27ccee,25/50/25,0.10170156508684158,-0.05129381641745567
functional_all,functional,cosine,oasst1zh,50,pooled,-1,/weka/scratch/jhu/cpriebe1/MO/model-taxonomy/results/shared_cache/03_adapters/allenai--OLMo-2-0425-1B-Instruct/yahoo_025g1_025g2_050g3_n1000_s00_r16_i00_b5008_fea27ccee,25/25/50,-0.08164038509130478,-0.03098585084080696
functional_all,functional,cosine,oasst1zh,50,pooled,-1,/weka/scratch/jhu/cpriebe1/MO/model-taxonomy/results/shared_cache/03_adapters/allenai--OLMo-2-0425-1B-Instruct/yahoo_025g1_000g2_075g3_n1000_s00_r16_i00_b5008_fea27ccee,25/0/75,-0.2695566713809967,-0.02240835316479206
functional_all,functional,cosine,oasst1zh,50,pooled,-1,/weka/scratch/jhu/cpriebe1/MO/model-taxonomy/results/shared_cache/03_adapters/allenai--OLMo-2-0425-1B-Instruct/yahoo_000g1_100g2_000g3_n1000_s00_r16_i00_b5008_fea27ccee,0/100/0,0.32658955454826355,-0.21552541851997375
functional_all,functional,cosine,oasst1zh,50,pooled,-1,/weka/scratch/jhu/cpriebe1/MO/model-taxonomy/results/shared_cache/03_adapters/allenai--OLMo-2-0425-1B-Instruct/yahoo_000g1_075g2_025g3_n1000_s00_r16_i00_b5008_fea27ccee,0/75/25,0.17600096762180328,-0.19351111352443695
functional_all,functional,cosine,oasst1zh,50,pooled,-1,/weka/scratch/jhu/cpriebe1/MO/model-taxonomy/results/shared_cache/03_adapters/allenai--OLMo-2-0425-1B-Instruct/yahoo_000g1_050g2_050g3_n1000_s00_r16_i00_b5008_fea27ccee,0/50/50,0.022000879049301147,-0.21296240389347076
functional_all,functional,cosine,oasst1zh,50,pooled,-1,/weka/scratch/jhu/cpriebe1/MO/model-taxonomy/results/shared_cache/03_adapters/allenai--OLMo-2-0425-1B-Instruct/yahoo_000g1_025g2_075g3_n1000_s00_r16_i00_b5008_fea27ccee,0/25/75,-0.16821230947971344,-0.19257234036922455
functional_all,functional,cosine,oasst1zh,50,pooled,-1,/weka/scratch/jhu/cpriebe1/MO/model-taxonomy/results/shared_cache/03_adapters/allenai--OLMo-2-0425-1B-Instruct/yahoo_000g1_000g2_100g3_n1000_s00_r16_i00_b5008_fea27ccee,0/0/100,-0.34610238671302795,-0.176960751414299
functional_all,functional,cosine,oasst1zh,50,mean,-1,/weka/scratch/jhu/cpriebe1/MO/model-taxonomy/results/shared_cache/03_adapters/allenai--OLMo-2-0425-1B-Instruct/yahoo_100g1_000g2_000g3_n1000_s00_r16_i00_b5008_fea27ccee,100/0/0,2.7638683414546595e-17,0.34971287846565247
functional_all,functional,cosine,oasst1zh,50,mean,-1,/weka/scratch/jhu/cpriebe1/MO/model-taxonomy/results/shared_cache/03_adapters/allenai--OLMo-2-0425-1B-Instruct/yahoo_075g1_025g2_000g3_n1000_s00_r16_i00_b5008_fea27ccee,75/25/0,0.0826469361782074,0.2206125110387802
functional_all,functional,cosine,oasst1zh,50,mean,-1,/weka/scratch/jhu/cpriebe1/MO/model-taxonomy/results/shared_cache/03_adapters/allenai--OLMo-2-0425-1B-Instruct/yahoo_075g1_000g2_025g3_n1000_s00_r16_i00_b5008_fea27ccee,75/0/25,-0.09206139296293259,0.2543502151966095
functional_all,functional,cosine,oasst1zh,50,mean,-1,/weka/scratch/jhu/cpriebe1/MO/model-taxonomy/results/shared_cache/03_adapters/allenai--OLMo-2-0425-1B-Instruct/yahoo_050g1_050g2_000g3_n1000_s00_r16_i00_b5008_fea27ccee,50/50/0,0.18487368524074554,0.07793385535478592
functional_all,functional,cosine,oasst1zh,50,mean,-1,/weka/scratch/jhu/cpriebe1/MO/model-taxonomy/results/shared_cache/03_adapters/allenai--OLMo-2-0425-1B-Instruct/yahoo_050g1_025g2_025g3_n1000_s00_r16_i00_b5008_fea27ccee,50/25/25,0.008674126118421555,0.11480153352022171
functional_all,functional,cosine,oasst1zh,50,mean,-1,/weka/scratch/jhu/cpriebe1/MO/model-taxonomy/results/shared_cache/03_adapters/allenai--OLMo-2-0425-1B-Instruct/yahoo_050g1_000g2_050g3_n1000_s00_r16_i00_b5008_fea27ccee,50/0/50,-0.2003728747367859,0.13312242925167084
functional_all,functional,cosine,oasst1zh,50,mean,-1,/weka/scratch/jhu/cpriebe1/MO/model-taxonomy/results/shared_cache/03_adapters/allenai--OLMo-2-0425-1B-Instruct/yahoo_033g1_033g2_033g3_n1000_s00_r16_i00_b5008_fea27ccee,33/33/33,0.016142001375555992,-0.004462129902094603
functional_all,functional,cosine,oasst1zh,50,mean,-1,/weka/scratch/jhu/cpriebe1/MO/model-taxonomy/results/shared_cache/03_adapters/allenai--OLMo-2-0425-1B-Instruct/yahoo_025g1_075g2_000g3_n1000_s00_r16_i00_b5008_fea27ccee,25/75/0,0.23931629955768585,-0.04985123872756958
functional_all,functional,cosine,oasst1zh,50,mean,-1,/weka/scratch/jhu/cpriebe1/MO/model-taxonomy/results/shared_cache/03_adapters/allenai--OLMo-2-0425-1B-Instruct/yahoo_025g1_050g2_025g3_n1000_s00_r16_i00_b5008_fea27ccee,25/50/25,0.10170156508684158,-0.05129381641745567
functional_all,functional,cosine,oasst1zh,50,mean,-1,/weka/scratch/jhu/cpriebe1/MO/model-taxonomy/results/shared_cache/03_adapters/allenai--OLMo-2-0425-1B-Instruct/yahoo_025g1_025g2_050g3_n1000_s00_r16_i00_b5008_fea27ccee,25/25/50,-0.08164038509130478,-0.03098585084080696
functional_all,functional,cosine,oasst1zh,50,mean,-1,/weka/scratch/jhu/cpriebe1/MO/model-taxonomy/results/shared_cache/03_adapters/allenai--OLMo-2-0425-1B-Instruct/yahoo_025g1_000g2_075g3_n1000_s00_r16_i00_b5008_fea27ccee,25/0/75,-0.2695566713809967,-0.02240835316479206
functional_all,functional,cosine,oasst1zh,50,mean,-1,/weka/scratch/jhu/cpriebe1/MO/model-taxonomy/results/shared_cache/03_adapters/allenai--OLMo-2-0425-1B-Instruct/yahoo_000g1_100g2_000g3_n1000_s00_r16_i00_b5008_fea27ccee,0/100/0,0.32658955454826355,-0.21552541851997375
functional_all,functional,cosine,oasst1zh,50,mean,-1,/weka/scratch/jhu/cpriebe1/MO/model-taxonomy/results/shared_cache/03_adapters/allenai--OLMo-2-0425-1B-Instruct/yahoo_000g1_075g2_025g3_n1000_s00_r16_i00_b5008_fea27ccee,0/75/25,0.17600096762180328,-0.19351111352443695
functional_all,functional,cosine,oasst1zh,50,mean,-1,/weka/scratch/jhu/cpriebe1/MO/model-taxonomy/results/shared_cache/03_adapters/allenai--OLMo-2-0425-1B-Instruct/yahoo_000g1_050g2_050g3_n1000_s00_r16_i00_b5008_fea27ccee,0/50/50,0.022000879049301147,-0.21296240389347076
functional_all,functional,cosine,oasst1zh,50,mean,-1,/weka/scratch/jhu/cpriebe1/MO/model-taxonomy/results/shared_cache/03_adapters/allenai--OLMo-2-0425-1B-Instruct/yahoo_000g1_025g2_075g3_n1000_s00_r16_i00_b5008_fea27ccee,0/25/75,-0.16821230947971344,-0.19257234036922455
functional_all,functional,cosine,oasst1zh,50,mean,-1,/weka/scratch/jhu/cpriebe1/MO/model-taxonomy/results/shared_cache/03_adapters/allenai--OLMo-2-0425-1B-Instruct/yahoo_000g1_000g2_100g3_n1000_s00_r16_i00_b5008_fea27ccee,0/0/100,-0.34610238671302795,-0.176960751414299
functional_all,functional,cosine,oasst1zh,50,seed_aligned,0,/weka/scratch/jhu/cpriebe1/MO/model-taxonomy/results/shared_cache/03_adapters/allenai--OLMo-2-0425-1B-Instruct/yahoo_100g1_000g2_000g3_n1000_s00_r16_i00_b5008_fea27ccee,100/0/0,2.7638683414546595e-17,0.34971287846565247
functional_all,functional,cosine,oasst1zh,50,seed_aligned,0,/weka/scratch/jhu/cpriebe1/MO/model-taxonomy/results/shared_cache/03_adapters/allenai--OLMo-2-0425-1B-Instruct/yahoo_075g1_025g2_000g3_n1000_s00_r16_i00_b5008_fea27ccee,75/25/0,0.0826469361782074,0.2206125110387802
functional_all,functional,cosine,oasst1zh,50,seed_aligned,0,/weka/scratch/jhu/cpriebe1/MO/model-taxonomy/results/shared_cache/03_adapters/allenai--OLMo-2-0425-1B-Instruct/yahoo_075g1_000g2_025g3_n1000_s00_r16_i00_b5008_fea27ccee,75/0/25,-0.09206139296293259,0.2543502151966095
functional_all,functional,cosine,oasst1zh,50,seed_aligned,0,/weka/scratch/jhu/cpriebe1/MO/model-taxonomy/results/shared_cache/03_adapters/allenai--OLMo-2-0425-1B-Instruct/yahoo_050g1_050g2_000g3_n1000_s00_r16_i00_b5008_fea27ccee,50/50/0,0.18487368524074554,0.07793385535478592
functional_all,functional,cosine,oasst1zh,50,seed_aligned,0,/weka/scratch/jhu/cpriebe1/MO/model-taxonomy/results/shared_cache/03_adapters/allenai--OLMo-2-0425-1B-Instruct/yahoo_050g1_025g2_025g3_n1000_s00_r16_i00_b5008_fea27ccee,50/25/25,0.008674126118421555,0.11480153352022171
functional_all,functional,cosine,oasst1zh,50,seed_aligned,0,/weka/scratch/jhu/cpriebe1/MO/model-taxonomy/results/shared_cache/03_adapters/allenai--OLMo-2-0425-1B-Instruct/yahoo_050g1_000g2_050g3_n1000_s00_r16_i00_b5008_fea27ccee,50/0/50,-0.2003728747367859,0.13312242925167084
functional_all,functional,cosine,oasst1zh,50,seed_aligned,0,/weka/scratch/jhu/cpriebe1/MO/model-taxonomy/results/shared_cache/03_adapters/allenai--OLMo-2-0425-1B-Instruct/yahoo_033g1_033g2_033g3_n1000_s00_r16_i00_b5008_fea27ccee,33/33/33,0.016142001375555992,-0.004462129902094603
functional_all,functional,cosine,oasst1zh,50,seed_aligned,0,/weka/scratch/jhu/cpriebe1/MO/model-taxonomy/results/shared_cache/03_adapters/allenai--OLMo-2-0425-1B-Instruct/yahoo_025g1_075g2_000g3_n1000_s00_r16_i00_b5008_fea27ccee,25/75/0,0.23931629955768585,-0.04985123872756958
functional_all,functional,cosine,oasst1zh,50,seed_aligned,0,/weka/scratch/jhu/cpriebe1/MO/model-taxonomy/results/shared_cache/03_adapters/allenai--OLMo-2-0425-1B-Instruct/yahoo_025g1_050g2_025g3_n1000_s00_r16_i00_b5008_fea27ccee,25/50/25,0.10170156508684158,-0.05129381641745567
functional_all,functional,cosine,oasst1zh,50,seed_aligned,0,/weka/scratch/jhu/cpriebe1/MO/model-taxonomy/results/shared_cache/03_adapters/allenai--OLMo-2-0425-1B-Instruct/yahoo_025g1_025g2_050g3_n1000_s00_r16_i00_b5008_fea27ccee,25/25/50,-0.08164038509130478,-0.03098585084080696
functional_all,functional,cosine,oasst1zh,50,seed_aligned,0,/weka/scratch/jhu/cpriebe1/MO/model-taxonomy/results/shared_cache/03_adapters/allenai--OLMo-2-0425-1B-Instruct/yahoo_025g1_000g2_075g3_n1000_s00_r16_i00_b5008_fea27ccee,25/0/75,-0.2695566713809967,-0.02240835316479206
functional_all,functional,cosine,oasst1zh,50,seed_aligned,0,/weka/scratch/jhu/cpriebe1/MO/model-taxonomy/results/shared_cache/03_adapters/allenai--OLMo-2-0425-1B-Instruct/yahoo_000g1_100g2_000g3_n1000_s00_r16_i00_b5008_fea27ccee,0/100/0,0.32658955454826355,-0.21552541851997375
functional_all,functional,cosine,oasst1zh,50,seed_aligned,0,/weka/scratch/jhu/cpriebe1/MO/model-taxonomy/results/shared_cache/03_adapters/allenai--OLMo-2-0425-1B-Instruct/yahoo_000g1_075g2_025g3_n1000_s00_r16_i00_b5008_fea27ccee,0/75/25,0.17600096762180328,-0.19351111352443695
functional_all,functional,cosine,oasst1zh,50,seed_aligned,0,/weka/scratch/jhu/cpriebe1/MO/model-taxonomy/results/shared_cache/03_adapters/allenai--OLMo-2-0425-1B-Instruct/yahoo_000g1_050g2_050g3_n1000_s00_r16_i00_b5008_fea27ccee,0/50/50,0.022000879049301147,-0.21296240389347076
functional_all,functional,cosine,oasst1zh,50,seed_aligned,0,/weka/scratch/jhu/cpriebe1/MO/model-taxonomy/results/shared_cache/03_adapters/allenai--OLMo-2-0425-1B-Instruct/yahoo_000g1_025g2_075g3_n1000_s00_r16_i00_b5008_fea27ccee,0/25/75,-0.16821230947971344,-0.19257234036922455
functional_all,functional,cosine,oasst1zh,50,seed_aligned,0,/weka/scratch/jhu/cpriebe1/MO/model-taxonomy/results/shared_cache/03_adapters/allenai--OLMo-2-0425-1B-Instruct/yahoo_000g1_000g2_100g3_n1000_s00_r16_i00_b5008_fea27ccee,0/0/100,-0.34610238671302795,-0.176960751414299
functional_last,functional,cosine,none,100,pooled,-1,/weka/scratch/jhu/cpriebe1/MO/model-taxonomy/results/shared_cache/03_adapters/allenai--OLMo-2-0425-1B-Instruct/yahoo_100g1_000g2_000g3_n1000_s00_r16_i00_b5008_fea27ccee,100/0/0,5.1144866787368095e-18,0.3600602149963379
functional_last,functional,cosine,none,100,pooled,-1,/weka/scratch/jhu/cpriebe1/MO/model-taxonomy/results/shared_cache/03_adapters/allenai--OLMo-2-0425-1B-Instruct/yahoo_075g1_025g2_000g3_n1000_s00_r16_i00_b5008_fea27ccee,75/25/0,0.08906064927577972,0.21239133179187775
functional_last,functional,cosine,none,100,pooled,-1,/weka/scratch/jhu/cpriebe1/MO/model-taxonomy/results/shared_cache/03_adapters/allenai--OLMo-2-0425-1B-Instruct/yahoo_075g1_000g2_025g3_n1000_s00_r16_i00_b5008_fea27ccee,75/0/25,-0.09061842411756516,0.256320595741272
functional_last,functional,cosine,none,100,pooled,-1,/weka/scratch/jhu/cpriebe1/MO/model-taxonomy/results/shared_cache/03_adapters/allenai--OLMo-2-0425-1B-Instruct/yahoo_050g1_050g2_000g3_n1000_s00_r16_i00_b5008_fea27ccee,50/50/0,0.17670205235481262,0.07385795563459396
functional_last,functional,cosine,none,100,pooled,-1,/weka/scratch/jhu/cpriebe1/MO/model-taxonomy/results/shared_cache/03_adapters/allenai--OLMo-2-0425-1B-Instruct/yahoo_050g1_025g2_025g3_n1000_s00_r16_i00_b5008_fea27ccee,50/25/25,0.009521769359707832,0.09882457554340363
functional_last,functional,cosine,none,100,pooled,-1,/weka/scratch/jhu/cpriebe1/MO/model-taxonomy/results/shared_cache/03_adapters/allenai--OLMo-2-0425-1B-Instruct/yahoo_050g1_000g2_050g3_n1000_s00_r16_i00_b5008_fea27ccee,50/0/50,-0.19051221013069153,0.130329892039299
functional_last,functional,cosine,none,100,pooled,-1,/weka/scratch/jhu/cpriebe1/MO/model-taxonomy/results/shared_cache/03_adapters/allenai--OLMo-2-0425-1B-Instruct/yahoo_033g1_033g2_033g3_n1000_s00_r16_i00_b5008_fea27ccee,33/33/33,0.01523625198751688,-0.0007390602841041982
functional_last,functional,cosine,none,100,pooled,-1,/weka/scratch/jhu/cpriebe1/MO/model-taxonomy/results/shared_cache/03_adapters/allenai--OLMo-2-0425-1B-Instruct/yahoo_025g1_075g2_000g3_n1000_s00_r16_i00_b5008_fea27ccee,25/75/0,0.24650023877620697,-0.0552339069545269
functional_last,functional,cosine,none,100,pooled,-1,/weka/scratch/jhu/cpriebe1/MO/model-taxonomy/results/shared_cache/03_adapters/allenai--OLMo-2-0425-1B-Instruct/yahoo_025g1_050g2_025g3_n1000_s00_r16_i00_b5008_fea27ccee,25/50/25,0.10398567467927933,-0.0497085303068161
functional_last,functional,cosine,none,100,pooled,-1,/weka/scratch/jhu/cpriebe1/MO/model-taxonomy/results/shared_cache/03_adapters/allenai--OLMo-2-0425-1B-Instruct/yahoo_025g1_025g2_050g3_n1000_s00_r16_i00_b5008_fea27ccee,25/25/50,-0.07778596878051758,-0.038022637367248535
functional_last,functional,cosine,none,100,pooled,-1,/weka/scratch/jhu/cpriebe1/MO/model-taxonomy/results/shared_cache/03_adapters/allenai--OLMo-2-0425-1B-Instruct/yahoo_025g1_000g2_075g3_n1000_s00_r16_i00_b5008_fea27ccee,25/0/75,-0.2718682289123535,-0.020423253998160362
functional_last,functional,cosine,none,100,pooled,-1,/weka/scratch/jhu/cpriebe1/MO/model-taxonomy/results/shared_cache/03_adapters/allenai--OLMo-2-0425-1B-Instruct/yahoo_000g1_100g2_000g3_n1000_s00_r16_i00_b5008_fea27ccee,0/100/0,0.3240496814250946,-0.20234283804893494
functional_last,functional,cosine,none,100,pooled,-1,/weka/scratch/jhu/cpriebe1/MO/model-taxonomy/results/shared_cache/03_adapters/allenai--OLMo-2-0425-1B-Instruct/yahoo_000g1_075g2_025g3_n1000_s00_r16_i00_b5008_fea27ccee,0/75/25,0.17045649886131287,-0.1923280656337738
functional_last,functional,cosine,none,100,pooled,-1,/weka/scratch/jhu/cpriebe1/MO/model-taxonomy/results/shared_cache/03_adapters/allenai--OLMo-2-0425-1B-Instruct/yahoo_000g1_050g2_050g3_n1000_s00_r16_i00_b5008_fea27ccee,0/50/50,0.02645805850625038,-0.19870802760124207
functional_last,functional,cosine,none,100,pooled,-1,/weka/scratch/jhu/cpriebe1/MO/model-taxonomy/results/shared_cache/03_adapters/allenai--OLMo-2-0425-1B-Instruct/yahoo_000g1_025g2_075g3_n1000_s00_r16_i00_b5008_fea27ccee,0/25/75,-0.1631743311882019,-0.1957714706659317
functional_last,functional,cosine,none,100,pooled,-1,/weka/scratch/jhu/cpriebe1/MO/model-taxonomy/results/shared_cache/03_adapters/allenai--OLMo-2-0425-1B-Instruct/yahoo_000g1_000g2_100g3_n1000_s00_r16_i00_b5008_fea27ccee,0/0/100,-0.3680117130279541,-0.1785067617893219
functional_last,functional,cosine,none,100,mean,-1,/weka/scratch/jhu/cpriebe1/MO/model-taxonomy/results/shared_cache/03_adapters/allenai--OLMo-2-0425-1B-Instruct/yahoo_100g1_000g2_000g3_n1000_s00_r16_i00_b5008_fea27ccee,100/0/0,5.1144866787368095e-18,0.3600602149963379
functional_last,functional,cosine,none,100,mean,-1,/weka/scratch/jhu/cpriebe1/MO/model-taxonomy/results/shared_cache/03_adapters/allenai--OLMo-2-0425-1B-Instruct/yahoo_075g1_025g2_000g3_n1000_s00_r16_i00_b5008_fea27ccee,75/25/0,0.08906064927577972,0.21239133179187775
functional_last,functional,cosine,none,100,mean,-1,/weka/scratch/jhu/cpriebe1/MO/model-taxonomy/results/shared_cache/03_adapters/allenai--OLMo-2-0425-1B-Instruct/yahoo_075g1_000g2_025g3_n1000_s00_r16_i00_b5008_fea27ccee,75/0/25,-0.09061842411756516,0.256320595741272
functional_last,functional,cosine,none,100,mean,-1,/weka/scratch/jhu/cpriebe1/MO/model-taxonomy/results/shared_cache/03_adapters/allenai--OLMo-2-0425-1B-Instruct/yahoo_050g1_050g2_000g3_n1000_s00_r16_i00_b5008_fea27ccee,50/50/0,0.17670205235481262,0.07385795563459396
functional_last,functional,cosine,none,100,mean,-1,/weka/scratch/jhu/cpriebe1/MO/model-taxonomy/results/shared_cache/03_adapters/allenai--OLMo-2-0425-1B-Instruct/yahoo_050g1_025g2_025g3_n1000_s00_r16_i00_b5008_fea27ccee,50/25/25,0.009521769359707832,0.09882457554340363
functional_last,functional,cosine,none,100,mean,-1,/weka/scratch/jhu/cpriebe1/MO/model-taxonomy/results/shared_cache/03_adapters/allenai--OLMo-2-0425-1B-Instruct/yahoo_050g1_000g2_050g3_n1000_s00_r16_i00_b5008_fea27ccee,50/0/50,-0.19051221013069153,0.130329892039299
functional_last,functional,cosine,none,100,mean,-1,/weka/scratch/jhu/cpriebe1/MO/model-taxonomy/results/shared_cache/03_adapters/allenai--OLMo-2-0425-1B-Instruct/yahoo_033g1_033g2_033g3_n1000_s00_r16_i00_b5008_fea27ccee,33/33/33,0.01523625198751688,-0.0007390602841041982
functional_last,functional,cosine,none,100,mean,-1,/weka/scratch/jhu/cpriebe1/MO/model-taxonomy/results/shared_cache/03_adapters/allenai--OLMo-2-0425-1B-Instruct/yahoo_025g1_075g2_000g3_n1000_s00_r16_i00_b5008_fea27ccee,25/75/0,0.24650023877620697,-0.0552339069545269
functional_last,functional,cosine,none,100,mean,-1,/weka/scratch/jhu/cpriebe1/MO/model-taxonomy/results/shared_cache/03_adapters/allenai--OLMo-2-0425-1B-Instruct/yahoo_025g1_050g2_025g3_n1000_s00_r16_i00_b5008_fea27ccee,25/50/25,0.10398567467927933,-0.0497085303068161
functional_last,functional,cosine,none,100,mean,-1,/weka/scratch/jhu/cpriebe1/MO/model-taxonomy/results/shared_cache/03_adapters/allenai--OLMo-2-0425-1B-Instruct/yahoo_025g1_025g2_050g3_n1000_s00_r16_i00_b5008_fea27ccee,25/25/50,-0.07778596878051758,-0.038022637367248535
functional_last,functional,cosine,none,100,mean,-1,/weka/scratch/jhu/cpriebe1/MO/model-taxonomy/results/shared_cache/03_adapters/allenai--OLMo-2-0425-1B-Instruct/yahoo_025g1_000g2_075g3_n1000_s00_r16_i00_b5008_fea27ccee,25/0/75,-0.2718682289123535,-0.020423253998160362
functional_last,functional,cosine,none,100,mean,-1,/weka/scratch/jhu/cpriebe1/MO/model-taxonomy/results/shared_cache/03_adapters/allenai--OLMo-2-0425-1B-Instruct/yahoo_000g1_100g2_000g3_n1000_s00_r16_i00_b5008_fea27ccee,0/100/0,0.3240496814250946,-0.20234283804893494
functional_last,functional,cosine,none,100,mean,-1,/weka/scratch/jhu/cpriebe1/MO/model-taxonomy/results/shared_cache/03_adapters/allenai--OLMo-2-0425-1B-Instruct/yahoo_000g1_075g2_025g3_n1000_s00_r16_i00_b5008_fea27ccee,0/75/25,0.17045649886131287,-0.1923280656337738
functional_last,functional,cosine,none,100,mean,-1,/weka/scratch/jhu/cpriebe1/MO/model-taxonomy/results/shared_cache/03_adapters/allenai--OLMo-2-0425-1B-Instruct/yahoo_000g1_050g2_050g3_n1000_s00_r16_i00_b5008_fea27ccee,0/50/50,0.02645805850625038,-0.19870802760124207
functional_last,functional,cosine,none,100,mean,-1,/weka/scratch/jhu/cpriebe1/MO/model-taxonomy/results/shared_cache/03_adapters/allenai--OLMo-2-0425-1B-Instruct/yahoo_000g1_025g2_075g3_n1000_s00_r16_i00_b5008_fea27ccee,0/25/75,-0.1631743311882019,-0.1957714706659317
functional_last,functional,cosine,none,100,mean,-1,/weka/scratch/jhu/cpriebe1/MO/model-taxonomy/results/shared_cache/03_adapters/allenai--OLMo-2-0425-1B-Instruct/yahoo_000g1_000g2_100g3_n1000_s00_r16_i00_b5008_fea27ccee,0/0/100,-0.3680117130279541,-0.1785067617893219
functional_last,functional,cosine,none,100,seed_aligned,0,/weka/scratch/jhu/cpriebe1/MO/model-taxonomy/results/shared_cache/03_adapters/allenai--OLMo-2-0425-1B-Instruct/yahoo_100g1_000g2_000g3_n1000_s00_r16_i00_b5008_fea27ccee,100/0/0,5.1144866787368095e-18,0.3600602149963379
functional_last,functional,cosine,none,100,seed_aligned,0,/weka/scratch/jhu/cpriebe1/MO/model-taxonomy/results/shared_cache/03_adapters/allenai--OLMo-2-0425-1B-Instruct/yahoo_075g1_025g2_000g3_n1000_s00_r16_i00_b5008_fea27ccee,75/25/0,0.08906064927577972,0.21239133179187775
functional_last,functional,cosine,none,100,seed_aligned,0,/weka/scratch/jhu/cpriebe1/MO/model-taxonomy/results/shared_cache/03_adapters/allenai--OLMo-2-0425-1B-Instruct/yahoo_075g1_000g2_025g3_n1000_s00_r16_i00_b5008_fea27ccee,75/0/25,-0.09061842411756516,0.256320595741272
functional_last,functional,cosine,none,100,seed_aligned,0,/weka/scratch/jhu/cpriebe1/MO/model-taxonomy/results/shared_cache/03_adapters/allenai--OLMo-2-0425-1B-Instruct/yahoo_050g1_050g2_000g3_n1000_s00_r16_i00_b5008_fea27ccee,50/50/0,0.17670205235481262,0.07385795563459396
functional_last,functional,cosine,none,100,seed_aligned,0,/weka/scratch/jhu/cpriebe1/MO/model-taxonomy/results/shared_cache/03_adapters/allenai--OLMo-2-0425-1B-Instruct/yahoo_050g1_025g2_025g3_n1000_s00_r16_i00_b5008_fea27ccee,50/25/25,0.009521769359707832,0.09882457554340363
functional_last,functional,cosine,none,100,seed_aligned,0,/weka/scratch/jhu/cpriebe1/MO/model-taxonomy/results/shared_cache/03_adapters/allenai--OLMo-2-0425-1B-Instruct/yahoo_050g1_000g2_050g3_n1000_s00_r16_i00_b5008_fea27ccee,50/0/50,-0.19051221013069153,0.130329892039299
functional_last,functional,cosine,none,100,seed_aligned,0,/weka/scratch/jhu/cpriebe1/MO/model-taxonomy/results/shared_cache/03_adapters/allenai--OLMo-2-0425-1B-Instruct/yahoo_033g1_033g2_033g3_n1000_s00_r16_i00_b5008_fea27ccee,33/33/33,0.01523625198751688,-0.0007390602841041982
functional_last,functional,cosine,none,100,seed_aligned,0,/weka/scratch/jhu/cpriebe1/MO/model-taxonomy/results/shared_cache/03_adapters/allenai--OLMo-2-0425-1B-Instruct/yahoo_025g1_075g2_000g3_n1000_s00_r16_i00_b5008_fea27ccee,25/75/0,0.24650023877620697,-0.0552339069545269
functional_last,functional,cosine,none,100,seed_aligned,0,/weka/scratch/jhu/cpriebe1/MO/model-taxonomy/results/shared_cache/03_adapters/allenai--OLMo-2-0425-1B-Instruct/yahoo_025g1_050g2_025g3_n1000_s00_r16_i00_b5008_fea27ccee,25/50/25,0.10398567467927933,-0.0497085303068161
functional_last,functional,cosine,none,100,seed_aligned,0,/weka/scratch/jhu/cpriebe1/MO/model-taxonomy/results/shared_cache/03_adapters/allenai--OLMo-2-0425-1B-Instruct/yahoo_025g1_025g2_050g3_n1000_s00_r16_i00_b5008_fea27ccee,25/25/50,-0.07778596878051758,-0.038022637367248535
functional_last,functional,cosine,none,100,seed_aligned,0,/weka/scratch/jhu/cpriebe1/MO/model-taxonomy/results/shared_cache/03_adapters/allenai--OLMo-2-0425-1B-Instruct/yahoo_025g1_000g2_075g3_n1000_s00_r16_i00_b5008_fea27ccee,25/0/75,-0.2718682289123535,-0.020423253998160362
functional_last,functional,cosine,none,100,seed_aligned,0,/weka/scratch/jhu/cpriebe1/MO/model-taxonomy/results/shared_cache/03_adapters/allenai--OLMo-2-0425-1B-Instruct/yahoo_000g1_100g2_000g3_n1000_s00_r16_i00_b5008_fea27ccee,0/100/0,0.3240496814250946,-0.20234283804893494
functional_last,functional,cosine,none,100,seed_aligned,0,/weka/scratch/jhu/cpriebe1/MO/model-taxonomy/results/shared_cache/03_adapters/allenai--OLMo-2-0425-1B-Instruct/yahoo_000g1_075g2_025g3_n1000_s00_r16_i00_b5008_fea27ccee,0/75/25,0.17045649886131287,-0.1923280656337738
functional_last,functional,cosine,none,100,seed_aligned,0,/weka/scratch/jhu/cpriebe1/MO/model-taxonomy/results/shared_cache/03_adapters/allenai--OLMo-2-0425-1B-Instruct/yahoo_000g1_050g2_050g3_n1000_s00_r16_i00_b5008_fea27ccee,0/50/50,0.02645805850625038,-0.19870802760124207
functional_last,functional,cosine,none,100,seed_aligned,0,/weka/scratch/jhu/cpriebe1/MO/model-taxonomy/results/shared_cache/03_adapters/allenai--OLMo-2-0425-1B-Instruct/yahoo_000g1_025g2_075g3_n1000_s00_r16_i00_b5008_fea27ccee,0/25/75,-0.1631743311882019,-0.1957714706659317
functional_last,functional,cosine,none,100,seed_aligned,0,/weka/scratch/jhu/cpriebe1/MO/model-taxonomy/results/shared_cache/03_adapters/allenai--OLMo-2-0425-1B-Instruct/yahoo_000g1_000g2_100g3_n1000_s00_r16_i00_b5008_fea27ccee,0/0/100,-0.3680117130279541,-0.1785067617893219
functional_last,functional,cosine,dolly,0,pooled,-1,/weka/scratch/jhu/cpriebe1/MO/model-taxonomy/results/shared_cache/03_adapters/allenai--OLMo-2-0425-1B-Instruct/yahoo_100g1_000g2_000g3_n1000_s00_r16_i00_b5008_fea27ccee,100/0/0,-1.1215020624112356e-17,0.35871076583862305
functional_last,functional,cosine,dolly,0,pooled,-1,/weka/scratch/jhu/cpriebe1/MO/model-taxonomy/results/shared_cache/03_adapters/allenai--OLMo-2-0425-1B-Instruct/yahoo_075g1_025g2_000g3_n1000_s00_r16_i00_b5008_fea27ccee,75/25/0,0.09095305949449539,0.21580833196640015
functional_last,functional,cosine,dolly,0,pooled,-1,/weka/scratch/jhu/cpriebe1/MO/model-taxonomy/results/shared_cache/03_adapters/allenai--OLMo-2-0425-1B-Instruct/yahoo_075g1_000g2_025g3_n1000_s00_r16_i00_b5008_fea27ccee,75/0/25,-0.0923028215765953,0.25810039043426514
functional_last,functional,cosine,dolly,0,pooled,-1,/weka/scratch/jhu/cpriebe1/MO/model-taxonomy/results/shared_cache/03_adapters/allenai--OLMo-2-0425-1B-Instruct/yahoo_050g1_050g2_000g3_n1000_s00_r16_i00_b5008_fea27ccee,50/50/0,0.17799800634384155,0.07054731249809265
functional_last,functional,cosine,dolly,0,pooled,-1,/weka/scratch/jhu/cpriebe1/MO/model-taxonomy/results/shared_cache/03_adapters/allenai--OLMo-2-0425-1B-Instruct/yahoo_050g1_025g2_025g3_n1000_s00_r16_i00_b5008_fea27ccee,50/25/25,0.009018965996801853,0.10140634328126907
functional_last,functional,cosine,dolly,0,pooled,-1,/weka/scratch/jhu/cpriebe1/MO/model-taxonomy/results/shared_cache/03_adapters/allenai--OLMo-2-0425-1B-Instruct/yahoo_050g1_000g2_050g3_n1000_s00_r16_i00_b5008_fea27ccee,50/0/50,-0.18961068987846375,0.13210754096508026
functional_last,functional,cosine,dolly,0,pooled,-1,/weka/scratch/jhu/cpriebe1/MO/model-taxonomy/results/shared_cache/03_adapters/allenai--OLMo-2-0425-1B-Instruct/yahoo_033g1_033g2_033g3_n1000_s00_r16_i00_b5008_fea27ccee,33/33/33,0.013735253363847733,-0.0007406685617752373
functional_last,functional,cosine,dolly,0,pooled,-1,/weka/scratch/jhu/cpriebe1/MO/model-taxonomy/results/shared_cache/03_adapters/allenai--OLMo-2-0425-1B-Instruct/yahoo_025g1_075g2_000g3_n1000_s00_r16_i00_b5008_fea27ccee,25/75/0,0.24421153962612152,-0.05924610793590546
functional_last,functional,cosine,dolly,0,pooled,-1,/weka/scratch/jhu/cpriebe1/MO/model-taxonomy/results/shared_cache/03_adapters/allenai--OLMo-2-0425-1B-Instruct/yahoo_025g1_050g2_025g3_n1000_s00_r16_i00_b5008_fea27ccee,25/50/25,0.1051153913140297,-0.051490698009729385
functional_last,functional,cosine,dolly,0,pooled,-1,/weka/scratch/jhu/cpriebe1/MO/model-taxonomy/results/shared_cache/03_adapters/allenai--OLMo-2-0425-1B-Instruct/yahoo_025g1_025g2_050g3_n1000_s00_r16_i00_b5008_fea27ccee,25/25/50,-0.0783400759100914,-0.03632624074816704
functional_last,functional,cosine,dolly,0,pooled,-1,/weka/scratch/jhu/cpriebe1/MO/model-taxonomy/results/shared_cache/03_adapters/allenai--OLMo-2-0425-1B-Instruct/yahoo_025g1_000g2_075g3_n1000_s00_r16_i00_b5008_fea27ccee,25/0/75,-0.2737903594970703,-0.017652112990617752
functional_last,functional,cosine,dolly,0,pooled,-1,/weka/scratch/jhu/cpriebe1/MO/model-taxonomy/results/shared_cache/03_adapters/allenai--OLMo-2-0425-1B-Instruct/yahoo_000g1_100g2_000g3_n1000_s00_r16_i00_b5008_fea27ccee,0/100/0,0.32048049569129944,-0.2026425004005432
functional_last,functional,cosine,dolly,0,pooled,-1,/weka/scratch/jhu/cpriebe1/MO/model-taxonomy/results/shared_cache/03_adapters/allenai--OLMo-2-0425-1B-Instruct/yahoo_000g1_075g2_025g3_n1000_s00_r16_i00_b5008_fea27ccee,0/75/25,0.17019440233707428,-0.1950681358575821
functional_last,functional,cosine,dolly,0,pooled,-1,/weka/scratch/jhu/cpriebe1/MO/model-taxonomy/results/shared_cache/03_adapters/allenai--OLMo-2-0425-1B-Instruct/yahoo_000g1_050g2_050g3_n1000_s00_r16_i00_b5008_fea27ccee,0/50/50,0.030054042115807533,-0.2006799727678299
functional_last,functional,cosine,dolly,0,pooled,-1,/weka/scratch/jhu/cpriebe1/MO/model-taxonomy/results/shared_cache/03_adapters/allenai--OLMo-2-0425-1B-Instruct/yahoo_000g1_025g2_075g3_n1000_s00_r16_i00_b5008_fea27ccee,0/25/75,-0.16313230991363525,-0.1949329972267151
functional_last,functional,cosine,dolly,0,pooled,-1,/weka/scratch/jhu/cpriebe1/MO/model-taxonomy/results/shared_cache/03_adapters/allenai--OLMo-2-0425-1B-Instruct/yahoo_000g1_000g2_100g3_n1000_s00_r16_i00_b5008_fea27ccee,0/0/100,-0.36458489298820496,-0.1779012382030487
functional_last,functional,cosine,dolly,0,mean,-1,/weka/scratch/jhu/cpriebe1/MO/model-taxonomy/results/shared_cache/03_adapters/allenai--OLMo-2-0425-1B-Instruct/yahoo_100g1_000g2_000g3_n1000_s00_r16_i00_b5008_fea27ccee,100/0/0,-1.1215020624112356e-17,0.35871076583862305
functional_last,functional,cosine,dolly,0,mean,-1,/weka/scratch/jhu/cpriebe1/MO/model-taxonomy/results/shared_cache/03_adapters/allenai--OLMo-2-0425-1B-Instruct/yahoo_075g1_025g2_000g3_n1000_s00_r16_i00_b5008_fea27ccee,75/25/0,0.09095305949449539,0.21580833196640015
functional_last,functional,cosine,dolly,0,mean,-1,/weka/scratch/jhu/cpriebe1/MO/model-taxonomy/results/shared_cache/03_adapters/allenai--OLMo-2-0425-1B-Instruct/yahoo_075g1_000g2_025g3_n1000_s00_r16_i00_b5008_fea27ccee,75/0/25,-0.0923028215765953,0.25810039043426514
functional_last,functional,cosine,dolly,0,mean,-1,/weka/scratch/jhu/cpriebe1/MO/model-taxonomy/results/shared_cache/03_adapters/allenai--OLMo-2-0425-1B-Instruct/yahoo_050g1_050g2_000g3_n1000_s00_r16_i00_b5008_fea27ccee,50/50/0,0.17799800634384155,0.07054731249809265
functional_last,functional,cosine,dolly,0,mean,-1,/weka/scratch/jhu/cpriebe1/MO/model-taxonomy/results/shared_cache/03_adapters/allenai--OLMo-2-0425-1B-Instruct/yahoo_050g1_025g2_025g3_n1000_s00_r16_i00_b5008_fea27ccee,50/25/25,0.009018965996801853,0.10140634328126907
functional_last,functional,cosine,dolly,0,mean,-1,/weka/scratch/jhu/cpriebe1/MO/model-taxonomy/results/shared_cache/03_adapters/allenai--OLMo-2-0425-1B-Instruct/yahoo_050g1_000g2_050g3_n1000_s00_r16_i00_b5008_fea27ccee,50/0/50,-0.18961068987846375,0.13210754096508026
functional_last,functional,cosine,dolly,0,mean,-1,/weka/scratch/jhu/cpriebe1/MO/model-taxonomy/results/shared_cache/03_adapters/allenai--OLMo-2-0425-1B-Instruct/yahoo_033g1_033g2_033g3_n1000_s00_r16_i00_b5008_fea27ccee,33/33/33,0.013735253363847733,-0.0007406685617752373
functional_last,functional,cosine,dolly,0,mean,-1,/weka/scratch/jhu/cpriebe1/MO/model-taxonomy/results/shared_cache/03_adapters/allenai--OLMo-2-0425-1B-Instruct/yahoo_025g1_075g2_000g3_n1000_s00_r16_i00_b5008_fea27ccee,25/75/0,0.24421153962612152,-0.05924610793590546
functional_last,functional,cosine,dolly,0,mean,-1,/weka/scratch/jhu/cpriebe1/MO/model-taxonomy/results/shared_cache/03_adapters/allenai--OLMo-2-0425-1B-Instruct/yahoo_025g1_050g2_025g3_n1000_s00_r16_i00_b5008_fea27ccee,25/50/25,0.1051153913140297,-0.051490698009729385
functional_last,functional,cosine,dolly,0,mean,-1,/weka/scratch/jhu/cpriebe1/MO/model-taxonomy/results/shared_cache/03_adapters/allenai--OLMo-2-0425-1B-Instruct/yahoo_025g1_025g2_050g3_n1000_s00_r16_i00_b5008_fea27ccee,25/25/50,-0.0783400759100914,-0.03632624074816704
functional_last,functional,cosine,dolly,0,mean,-1,/weka/scratch/jhu/cpriebe1/MO/model-taxonomy/results/shared_cache/03_adapters/allenai--OLMo-2-0425-1B-Instruct/yahoo_025g1_000g2_075g3_n1000_s00_r16_i00_b5008_fea27ccee,25/0/75,-0.2737903594970703,-0.017652112990617752
functional_last,functional,cosine,dolly,0,mean,-1,/weka/scratch/jhu/cpriebe1/MO/model-taxonomy/results/shared_cache/03_adapters/allenai--OLMo-2-0425-1B-Instruct/yahoo_000g1_100g2_000g3_n1000_s00_r16_i00_b5008_fea27ccee,0/100/0,0.32048049569129944,-0.2026425004005432
functional_last,functional,cosine,dolly,0,mean,-1,/weka/scratch/jhu/cpriebe1/MO/model-taxonomy/results/shared_cache/03_adapters/allenai--OLMo-2-0425-1B-Instruct/yahoo_000g1_075g2_025g3_n1000_s00_r16_i00_b5008_fea27ccee,0/75/25,0.17019440233707428,-0.1950681358575821
functional_last,functional,cosine,dolly,0,mean,-1,/weka/scratch/jhu/cpriebe1/MO/model-taxonomy/results/shared_cache/03_adapters/allenai--OLMo-2-0425-1B-Instruct/yahoo_000g1_050g2_050g3_n1000_s00_r16_i00_b5008_fea27ccee,0/50/50,0.030054042115807533,-0.2006799727678299
functional_last,functional,cosine,dolly,0,mean,-1,/weka/scratch/jhu/cpriebe1/MO/model-taxonomy/results/shared_cache/03_adapters/allenai--OLMo-2-0425-1B-Instruct/yahoo_000g1_025g2_075g3_n1000_s00_r16_i00_b5008_fea27ccee,0/25/75,-0.16313230991363525,-0.1949329972267151
functional_last,functional,cosine,dolly,0,mean,-1,/weka/scratch/jhu/cpriebe1/MO/model-taxonomy/results/shared_cache/03_adapters/allenai--OLMo-2-0425-1B-Instruct/yahoo_000g1_000g2_100g3_n1000_s00_r16_i00_b5008_fea27ccee,0/0/100,-0.36458489298820496,-0.1779012382030487
functional_last,functional,cosine,dolly,0,seed_aligned,0,/weka/scratch/jhu/cpriebe1/MO/model-taxonomy/results/shared_cache/03_adapters/allenai--OLMo-2-0425-1B-Instruct/yahoo_100g1_000g2_000g3_n1000_s00_r16_i00_b5008_fea27ccee,100/0/0,-1.1215020624112356e-17,0.35871076583862305
functional_last,functional,cosine,dolly,0,seed_aligned,0,/weka/scratch/jhu/cpriebe1/MO/model-taxonomy/results/shared_cache/03_adapters/allenai--OLMo-2-0425-1B-Instruct/yahoo_075g1_025g2_000g3_n1000_s00_r16_i00_b5008_fea27ccee,75/25/0,0.09095305949449539,0.21580833196640015
functional_last,functional,cosine,dolly,0,seed_aligned,0,/weka/scratch/jhu/cpriebe1/MO/model-taxonomy/results/shared_cache/03_adapters/allenai--OLMo-2-0425-1B-Instruct/yahoo_075g1_000g2_025g3_n1000_s00_r16_i00_b5008_fea27ccee,75/0/25,-0.0923028215765953,0.25810039043426514
functional_last,functional,cosine,dolly,0,seed_aligned,0,/weka/scratch/jhu/cpriebe1/MO/model-taxonomy/results/shared_cache/03_adapters/allenai--OLMo-2-0425-1B-Instruct/yahoo_050g1_050g2_000g3_n1000_s00_r16_i00_b5008_fea27ccee,50/50/0,0.17799800634384155,0.07054731249809265
functional_last,functional,cosine,dolly,0,seed_aligned,0,/weka/scratch/jhu/cpriebe1/MO/model-taxonomy/results/shared_cache/03_adapters/allenai--OLMo-2-0425-1B-Instruct/yahoo_050g1_025g2_025g3_n1000_s00_r16_i00_b5008_fea27ccee,50/25/25,0.009018965996801853,0.10140634328126907
functional_last,functional,cosine,dolly,0,seed_aligned,0,/weka/scratch/jhu/cpriebe1/MO/model-taxonomy/results/shared_cache/03_adapters/allenai--OLMo-2-0425-1B-Instruct/yahoo_050g1_000g2_050g3_n1000_s00_r16_i00_b5008_fea27ccee,50/0/50,-0.18961068987846375,0.13210754096508026
functional_last,functional,cosine,dolly,0,seed_aligned,0,/weka/scratch/jhu/cpriebe1/MO/model-taxonomy/results/shared_cache/03_adapters/allenai--OLMo-2-0425-1B-Instruct/yahoo_033g1_033g2_033g3_n1000_s00_r16_i00_b5008_fea27ccee,33/33/33,0.013735253363847733,-0.0007406685617752373
functional_last,functional,cosine,dolly,0,seed_aligned,0,/weka/scratch/jhu/cpriebe1/MO/model-taxonomy/results/shared_cache/03_adapters/allenai--OLMo-2-0425-1B-Instruct/yahoo_025g1_075g2_000g3_n1000_s00_r16_i00_b5008_fea27ccee,25/75/0,0.24421153962612152,-0.05924610793590546
functional_last,functional,cosine,dolly,0,seed_aligned,0,/weka/scratch/jhu/cpriebe1/MO/model-taxonomy/results/shared_cache/03_adapters/allenai--OLMo-2-0425-1B-Instruct/yahoo_025g1_050g2_025g3_n1000_s00_r16_i00_b5008_fea27ccee,25/50/25,0.1051153913140297,-0.051490698009729385
functional_last,functional,cosine,dolly,0,seed_aligned,0,/weka/scratch/jhu/cpriebe1/MO/model-taxonomy/results/shared_cache/03_adapters/allenai--OLMo-2-0425-1B-Instruct/yahoo_025g1_025g2_050g3_n1000_s00_r16_i00_b5008_fea27ccee,25/25/50,-0.0783400759100914,-0.03632624074816704
functional_last,functional,cosine,dolly,0,seed_aligned,0,/weka/scratch/jhu/cpriebe1/MO/model-taxonomy/results/shared_cache/03_adapters/allenai--OLMo-2-0425-1B-Instruct/yahoo_025g1_000g2_075g3_n1000_s00_r16_i00_b5008_fea27ccee,25/0/75,-0.2737903594970703,-0.017652112990617752
functional_last,functional,cosine,dolly,0,seed_aligned,0,/weka/scratch/jhu/cpriebe1/MO/model-taxonomy/results/shared_cache/03_adapters/allenai--OLMo-2-0425-1B-Instruct/yahoo_000g1_100g2_000g3_n1000_s00_r16_i00_b5008_fea27ccee,0/100/0,0.32048049569129944,-0.2026425004005432
functional_last,functional,cosine,dolly,0,seed_aligned,0,/weka/scratch/jhu/cpriebe1/MO/model-taxonomy/results/shared_cache/03_adapters/allenai--OLMo-2-0425-1B-Instruct/yahoo_000g1_075g2_025g3_n1000_s00_r16_i00_b5008_fea27ccee,0/75/25,0.17019440233707428,-0.1950681358575821
functional_last,functional,cosine,dolly,0,seed_aligned,0,/weka/scratch/jhu/cpriebe1/MO/model-taxonomy/results/shared_cache/03_adapters/allenai--OLMo-2-0425-1B-Instruct/yahoo_000g1_050g2_050g3_n1000_s00_r16_i00_b5008_fea27ccee,0/50/50,0.030054042115807533,-0.2006799727678299
functional_last,functional,cosine,dolly,0,seed_aligned,0,/weka/scratch/jhu/cpriebe1/MO/model-taxonomy/results/shared_cache/03_adapters/allenai--OLMo-2-0425-1B-Instruct/yahoo_000g1_025g2_075g3_n1000_s00_r16_i00_b5008_fea27ccee,0/25/75,-0.16313230991363525,-0.1949329972267151
functional_last,functional,cosine,dolly,0,seed_aligned,0,/weka/scratch/jhu/cpriebe1/MO/model-taxonomy/results/shared_cache/03_adapters/allenai--OLMo-2-0425-1B-Instruct/yahoo_000g1_000g2_100g3_n1000_s00_r16_i00_b5008_fea27ccee,0/0/100,-0.36458489298820496,-0.1779012382030487
functional_last,functional,cosine,dolly,1,pooled,-1,/weka/scratch/jhu/cpriebe1/MO/model-taxonomy/results/shared_cache/03_adapters/allenai--OLMo-2-0425-1B-Instruct/yahoo_100g1_000g2_000g3_n1000_s00_r16_i00_b5008_fea27ccee,100/0/0,1.0655617400996832e-17,0.3581712245941162
functional_last,functional,cosine,dolly,1,pooled,-1,/weka/scratch/jhu/cpriebe1/MO/model-taxonomy/results/shared_cache/03_adapters/allenai--OLMo-2-0425-1B-Instruct/yahoo_075g1_025g2_000g3_n1000_s00_r16_i00_b5008_fea27ccee,75/25/0,0.09088071435689926,0.21572546660900116
functional_last,functional,cosine,dolly,1,pooled,-1,/weka/scratch/jhu/cpriebe1/MO/model-taxonomy/results/shared_cache/03_adapters/allenai--OLMo-2-0425-1B-Instruct/yahoo_075g1_000g2_025g3_n1000_s00_r16_i00_b5008_fea27ccee,75/0/25,-0.0920335054397583,0.25785040855407715
functional_last,functional,cosine,dolly,1,pooled,-1,/weka/scratch/jhu/cpriebe1/MO/model-taxonomy/results/shared_cache/03_adapters/allenai--OLMo-2-0425-1B-Instruct/yahoo_050g1_050g2_000g3_n1000_s00_r16_i00_b5008_fea27ccee,50/50/0,0.17790889739990234,0.070647694170475
functional_last,functional,cosine,dolly,1,pooled,-1,/weka/scratch/jhu/cpriebe1/MO/model-taxonomy/results/shared_cache/03_adapters/allenai--OLMo-2-0425-1B-Instruct/yahoo_050g1_025g2_025g3_n1000_s00_r16_i00_b5008_fea27ccee,50/25/25,0.00893599633127451,0.10131856054067612
functional_last,functional,cosine,dolly,1,pooled,-1,/weka/scratch/jhu/cpriebe1/MO/model-taxonomy/results/shared_cache/03_adapters/allenai--OLMo-2-0425-1B-Instruct/yahoo_050g1_000g2_050g3_n1000_s00_r16_i00_b5008_fea27ccee,50/0/50,-0.18960818648338318,0.13201434910297394
functional_last,functional,cosine,dolly,1,pooled,-1,/weka/scratch/jhu/cpriebe1/MO/model-taxonomy/results/shared_cache/03_adapters/allenai--OLMo-2-0425-1B-Instruct/yahoo_033g1_033g2_033g3_n1000_s00_r16_i00_b5008_fea27ccee,33/33/33,0.013644888997077942,-0.0005491564515978098
functional_last,functional,cosine,dolly,1,pooled,-1,/weka/scratch/jhu/cpriebe1/MO/model-taxonomy/results/shared_cache/03_adapters/allenai--OLMo-2-0425-1B-Instruct/yahoo_025g1_075g2_000g3_n1000_s00_r16_i00_b5008_fea27ccee,25/75/0,0.24433474242687225,-0.05902354419231415
functional_last,functional,cosine,dolly,1,pooled,-1,/weka/scratch/jhu/cpriebe1/MO/model-taxonomy/results/shared_cache/03_adapters/allenai--OLMo-2-0425-1B-Instruct/yahoo_025g1_050g2_025g3_n1000_s00_r16_i00_b5008_fea27ccee,25/50/25,0.10498861223459244,-0.05130936950445175
functional_last,functional,cosine,dolly,1,pooled,-1,/weka/scratch/jhu/cpriebe1/MO/model-taxonomy/results/shared_cache/03_adapters/allenai--OLMo-2-0425-1B-Instruct/yahoo_025g1_025g2_050g3_n1000_s00_r16_i00_b5008_fea27ccee,25/25/50,-0.07833746820688248,-0.036137521266937256
functional_last,functional,cosine,dolly,1,pooled,-1,/weka/scratch/jhu/cpriebe1/MO/model-taxonomy/results/shared_cache/03_adapters/allenai--OLMo-2-0425-1B-Instruct/yahoo_025g1_000g2_075g3_n1000_s00_r16_i00_b5008_fea27ccee,25/0/75,-0.27346107363700867,-0.01760595291852951
functional_last,functional,cosine,dolly,1,pooled,-1,/weka/scratch/jhu/cpriebe1/MO/model-taxonomy/results/shared_cache/03_adapters/allenai--OLMo-2-0425-1B-Instruct/yahoo_000g1_100g2_000g3_n1000_s00_r16_i00_b5008_fea27ccee,0/100/0,0.32109972834587097,-0.20278294384479523
functional_last,functional,cosine,dolly,1,pooled,-1,/weka/scratch/jhu/cpriebe1/MO/model-taxonomy/results/shared_cache/03_adapters/allenai--OLMo-2-0425-1B-Instruct/yahoo_000g1_075g2_025g3_n1000_s00_r16_i00_b5008_fea27ccee,0/75/25,0.17027947306632996,-0.1949339509010315
functional_last,functional,cosine,dolly,1,pooled,-1,/weka/scratch/jhu/cpriebe1/MO/model-taxonomy/results/shared_cache/03_adapters/allenai--OLMo-2-0425-1B-Instruct/yahoo_000g1_050g2_050g3_n1000_s00_r16_i00_b5008_fea27ccee,0/50/50,0.029905084520578384,-0.2008107602596283
functional_last,functional,cosine,dolly,1,pooled,-1,/weka/scratch/jhu/cpriebe1/MO/model-taxonomy/results/shared_cache/03_adapters/allenai--OLMo-2-0425-1B-Instruct/yahoo_000g1_025g2_075g3_n1000_s00_r16_i00_b5008_fea27ccee,0/25/75,-0.16336484253406525,-0.194920152425766
functional_last,functional,cosine,dolly,1,pooled,-1,/weka/scratch/jhu/cpriebe1/MO/model-taxonomy/results/shared_cache/03_adapters/allenai--OLMo-2-0425-1B-Instruct/yahoo_000g1_000g2_100g3_n1000_s00_r16_i00_b5008_fea27ccee,0/0/100,-0.3651730716228485,-0.17765437066555023
functional_last,functional,cosine,dolly,1,mean,-1,/weka/scratch/jhu/cpriebe1/MO/model-taxonomy/results/shared_cache/03_adapters/allenai--OLMo-2-0425-1B-Instruct/yahoo_100g1_000g2_000g3_n1000_s00_r16_i00_b5008_fea27ccee,100/0/0,1.0655617400996832e-17,0.3581712245941162
functional_last,functional,cosine,dolly,1,mean,-1,/weka/scratch/jhu/cpriebe1/MO/model-taxonomy/results/shared_cache/03_adapters/allenai--OLMo-2-0425-1B-Instruct/yahoo_075g1_025g2_000g3_n1000_s00_r16_i00_b5008_fea27ccee,75/25/0,0.09088071435689926,0.21572546660900116
functional_last,functional,cosine,dolly,1,mean,-1,/weka/scratch/jhu/cpriebe1/MO/model-taxonomy/results/shared_cache/03_adapters/allenai--OLMo-2-0425-1B-Instruct/yahoo_075g1_000g2_025g3_n1000_s00_r16_i00_b5008_fea27ccee,75/0/25,-0.0920335054397583,0.25785040855407715
functional_last,functional,cosine,dolly,1,mean,-1,/weka/scratch/jhu/cpriebe1/MO/model-taxonomy/results/shared_cache/03_adapters/allenai--OLMo-2-0425-1B-Instruct/yahoo_050g1_050g2_000g3_n1000_s00_r16_i00_b5008_fea27ccee,50/50/0,0.17790889739990234,0.070647694170475
functional_last,functional,cosine,dolly,1,mean,-1,/weka/scratch/jhu/cpriebe1/MO/model-taxonomy/results/shared_cache/03_adapters/allenai--OLMo-2-0425-1B-Instruct/yahoo_050g1_025g2_025g3_n1000_s00_r16_i00_b5008_fea27ccee,50/25/25,0.00893599633127451,0.10131856054067612
functional_last,functional,cosine,dolly,1,mean,-1,/weka/scratch/jhu/cpriebe1/MO/model-taxonomy/results/shared_cache/03_adapters/allenai--OLMo-2-0425-1B-Instruct/yahoo_050g1_000g2_050g3_n1000_s00_r16_i00_b5008_fea27ccee,50/0/50,-0.18960818648338318,0.13201434910297394
functional_last,functional,cosine,dolly,1,mean,-1,/weka/scratch/jhu/cpriebe1/MO/model-taxonomy/results/shared_cache/03_adapters/allenai--OLMo-2-0425-1B-Instruct/yahoo_033g1_033g2_033g3_n1000_s00_r16_i00_b5008_fea27ccee,33/33/33,0.013644888997077942,-0.0005491564515978098
functional_last,functional,cosine,dolly,1,mean,-1,/weka/scratch/jhu/cpriebe1/MO/model-taxonomy/results/shared_cache/03_adapters/allenai--OLMo-2-0425-1B-Instruct/yahoo_025g1_075g2_000g3_n1000_s00_r16_i00_b5008_fea27ccee,25/75/0,0.24433474242687225,-0.05902354419231415
functional_last,functional,cosine,dolly,1,mean,-1,/weka/scratch/jhu/cpriebe1/MO/model-taxonomy/results/shared_cache/03_adapters/allenai--OLMo-2-0425-1B-Instruct/yahoo_025g1_050g2_025g3_n1000_s00_r16_i00_b5008_fea27ccee,25/50/25,0.10498861223459244,-0.05130936950445175
functional_last,functional,cosine,dolly,1,mean,-1,/weka/scratch/jhu/cpriebe1/MO/model-taxonomy/results/shared_cache/03_adapters/allenai--OLMo-2-0425-1B-Instruct/yahoo_025g1_025g2_050g3_n1000_s00_r16_i00_b5008_fea27ccee,25/25/50,-0.07833746820688248,-0.036137521266937256
functional_last,functional,cosine,dolly,1,mean,-1,/weka/scratch/jhu/cpriebe1/MO/model-taxonomy/results/shared_cache/03_adapters/allenai--OLMo-2-0425-1B-Instruct/yahoo_025g1_000g2_075g3_n1000_s00_r16_i00_b5008_fea27ccee,25/0/75,-0.27346107363700867,-0.01760595291852951
functional_last,functional,cosine,dolly,1,mean,-1,/weka/scratch/jhu/cpriebe1/MO/model-taxonomy/results/shared_cache/03_adapters/allenai--OLMo-2-0425-1B-Instruct/yahoo_000g1_100g2_000g3_n1000_s00_r16_i00_b5008_fea27ccee,0/100/0,0.32109972834587097,-0.20278294384479523
functional_last,functional,cosine,dolly,1,mean,-1,/weka/scratch/jhu/cpriebe1/MO/model-taxonomy/results/shared_cache/03_adapters/allenai--OLMo-2-0425-1B-Instruct/yahoo_000g1_075g2_025g3_n1000_s00_r16_i00_b5008_fea27ccee,0/75/25,0.17027947306632996,-0.1949339509010315
functional_last,functional,cosine,dolly,1,mean,-1,/weka/scratch/jhu/cpriebe1/MO/model-taxonomy/results/shared_cache/03_adapters/allenai--OLMo-2-0425-1B-Instruct/yahoo_000g1_050g2_050g3_n1000_s00_r16_i00_b5008_fea27ccee,0/50/50,0.029905084520578384,-0.2008107602596283
functional_last,functional,cosine,dolly,1,mean,-1,/weka/scratch/jhu/cpriebe1/MO/model-taxonomy/results/shared_cache/03_adapters/allenai--OLMo-2-0425-1B-Instruct/yahoo_000g1_025g2_075g3_n1000_s00_r16_i00_b5008_fea27ccee,0/25/75,-0.16336484253406525,-0.194920152425766
functional_last,functional,cosine,dolly,1,mean,-1,/weka/scratch/jhu/cpriebe1/MO/model-taxonomy/results/shared_cache/03_adapters/allenai--OLMo-2-0425-1B-Instruct/yahoo_000g1_000g2_100g3_n1000_s00_r16_i00_b5008_fea27ccee,0/0/100,-0.3651730716228485,-0.17765437066555023
functional_last,functional,cosine,dolly,1,seed_aligned,0,/weka/scratch/jhu/cpriebe1/MO/model-taxonomy/results/shared_cache/03_adapters/allenai--OLMo-2-0425-1B-Instruct/yahoo_100g1_000g2_000g3_n1000_s00_r16_i00_b5008_fea27ccee,100/0/0,1.0655617400996832e-17,0.3581712245941162
functional_last,functional,cosine,dolly,1,seed_aligned,0,/weka/scratch/jhu/cpriebe1/MO/model-taxonomy/results/shared_cache/03_adapters/allenai--OLMo-2-0425-1B-Instruct/yahoo_075g1_025g2_000g3_n1000_s00_r16_i00_b5008_fea27ccee,75/25/0,0.09088071435689926,0.21572546660900116
functional_last,functional,cosine,dolly,1,seed_aligned,0,/weka/scratch/jhu/cpriebe1/MO/model-taxonomy/results/shared_cache/03_adapters/allenai--OLMo-2-0425-1B-Instruct/yahoo_075g1_000g2_025g3_n1000_s00_r16_i00_b5008_fea27ccee,75/0/25,-0.0920335054397583,0.25785040855407715
functional_last,functional,cosine,dolly,1,seed_aligned,0,/weka/scratch/jhu/cpriebe1/MO/model-taxonomy/results/shared_cache/03_adapters/allenai--OLMo-2-0425-1B-Instruct/yahoo_050g1_050g2_000g3_n1000_s00_r16_i00_b5008_fea27ccee,50/50/0,0.17790889739990234,0.070647694170475
functional_last,functional,cosine,dolly,1,seed_aligned,0,/weka/scratch/jhu/cpriebe1/MO/model-taxonomy/results/shared_cache/03_adapters/allenai--OLMo-2-0425-1B-Instruct/yahoo_050g1_025g2_025g3_n1000_s00_r16_i00_b5008_fea27ccee,50/25/25,0.00893599633127451,0.10131856054067612
functional_last,functional,cosine,dolly,1,seed_aligned,0,/weka/scratch/jhu/cpriebe1/MO/model-taxonomy/results/shared_cache/03_adapters/allenai--OLMo-2-0425-1B-Instruct/yahoo_050g1_000g2_050g3_n1000_s00_r16_i00_b5008_fea27ccee,50/0/50,-0.18960818648338318,0.13201434910297394
functional_last,functional,cosine,dolly,1,seed_aligned,0,/weka/scratch/jhu/cpriebe1/MO/model-taxonomy/results/shared_cache/03_adapters/allenai--OLMo-2-0425-1B-Instruct/yahoo_033g1_033g2_033g3_n1000_s00_r16_i00_b5008_fea27ccee,33/33/33,0.013644888997077942,-0.0005491564515978098
functional_last,functional,cosine,dolly,1,seed_aligned,0,/weka/scratch/jhu/cpriebe1/MO/model-taxonomy/results/shared_cache/03_adapters/allenai--OLMo-2-0425-1B-Instruct/yahoo_025g1_075g2_000g3_n1000_s00_r16_i00_b5008_fea27ccee,25/75/0,0.24433474242687225,-0.05902354419231415
functional_last,functional,cosine,dolly,1,seed_aligned,0,/weka/scratch/jhu/cpriebe1/MO/model-taxonomy/results/shared_cache/03_adapters/allenai--OLMo-2-0425-1B-Instruct/yahoo_025g1_050g2_025g3_n1000_s00_r16_i00_b5008_fea27ccee,25/50/25,0.10498861223459244,-0.05130936950445175
functional_last,functional,cosine,dolly,1,seed_aligned,0,/weka/scratch/jhu/cpriebe1/MO/model-taxonomy/results/shared_cache/03_adapters/allenai--OLMo-2-0425-1B-Instruct/yahoo_025g1_025g2_050g3_n1000_s00_r16_i00_b5008_fea27ccee,25/25/50,-0.07833746820688248,-0.036137521266937256
functional_last,functional,cosine,dolly,1,seed_aligned,0,/weka/scratch/jhu/cpriebe1/MO/model-taxonomy/results/shared_cache/03_adapters/allenai--OLMo-2-0425-1B-Instruct/yahoo_025g1_000g2_075g3_n1000_s00_r16_i00_b5008_fea27ccee,25/0/75,-0.27346107363700867,-0.01760595291852951
functional_last,functional,cosine,dolly,1,seed_aligned,0,/weka/scratch/jhu/cpriebe1/MO/model-taxonomy/results/shared_cache/03_adapters/allenai--OLMo-2-0425-1B-Instruct/yahoo_000g1_100g2_000g3_n1000_s00_r16_i00_b5008_fea27ccee,0/100/0,0.32109972834587097,-0.20278294384479523
functional_last,functional,cosine,dolly,1,seed_aligned,0,/weka/scratch/jhu/cpriebe1/MO/model-taxonomy/results/shared_cache/03_adapters/allenai--OLMo-2-0425-1B-Instruct/yahoo_000g1_075g2_025g3_n1000_s00_r16_i00_b5008_fea27ccee,0/75/25,0.17027947306632996,-0.1949339509010315
functional_last,functional,cosine,dolly,1,seed_aligned,0,/weka/scratch/jhu/cpriebe1/MO/model-taxonomy/results/shared_cache/03_adapters/allenai--OLMo-2-0425-1B-Instruct/yahoo_000g1_050g2_050g3_n1000_s00_r16_i00_b5008_fea27ccee,0/50/50,0.029905084520578384,-0.2008107602596283
functional_last,functional,cosine,dolly,1,seed_aligned,0,/weka/scratch/jhu/cpriebe1/MO/model-taxonomy/results/shared_cache/03_adapters/allenai--OLMo-2-0425-1B-Instruct/yahoo_000g1_025g2_075g3_n1000_s00_r16_i00_b5008_fea27ccee,0/25/75,-0.16336484253406525,-0.194920152425766
functional_last,functional,cosine,dolly,1,seed_aligned,0,/weka/scratch/jhu/cpriebe1/MO/model-taxonomy/results/shared_cache/03_adapters/allenai--OLMo-2-0425-1B-Instruct/yahoo_000g1_000g2_100g3_n1000_s00_r16_i00_b5008_fea27ccee,0/0/100,-0.3651730716228485,-0.17765437066555023
functional_last,functional,cosine,dolly,2,pooled,-1,/weka/scratch/jhu/cpriebe1/MO/model-taxonomy/results/shared_cache/03_adapters/allenai--OLMo-2-0425-1B-Instruct/yahoo_100g1_000g2_000g3_n1000_s00_r16_i00_b5008_fea27ccee,100/0/0,8.557647981493081e-17,0.35839614272117615
functional_last,functional,cosine,dolly,2,pooled,-1,/weka/scratch/jhu/cpriebe1/MO/model-taxonomy/results/shared_cache/03_adapters/allenai--OLMo-2-0425-1B-Instruct/yahoo_075g1_025g2_000g3_n1000_s00_r16_i00_b5008_fea27ccee,75/25/0,0.09090068936347961,0.21564386785030365
functional_last,functional,cosine,dolly,2,pooled,-1,/weka/scratch/jhu/cpriebe1/MO/model-taxonomy/results/shared_cache/03_adapters/allenai--OLMo-2-0425-1B-Instruct/yahoo_075g1_000g2_025g3_n1000_s00_r16_i00_b5008_fea27ccee,75/0/25,-0.09217000752687454,0.25797024369239807
functional_last,functional,cosine,dolly,2,pooled,-1,/weka/scratch/jhu/cpriebe1/MO/model-taxonomy/results/shared_cache/03_adapters/allenai--OLMo-2-0425-1B-Instruct/yahoo_050g1_050g2_000g3_n1000_s00_r16_i00_b5008_fea27ccee,50/50/0,0.17798417806625366,0.07053973525762558
functional_last,functional,cosine,dolly,2,pooled,-1,/weka/scratch/jhu/cpriebe1/MO/model-taxonomy/results/shared_cache/03_adapters/allenai--OLMo-2-0425-1B-Instruct/yahoo_050g1_025g2_025g3_n1000_s00_r16_i00_b5008_fea27ccee,50/25/25,0.009041929617524147,0.10129193961620331
functional_last,functional,cosine,dolly,2,pooled,-1,/weka/scratch/jhu/cpriebe1/MO/model-taxonomy/results/shared_cache/03_adapters/allenai--OLMo-2-0425-1B-Instruct/yahoo_050g1_000g2_050g3_n1000_s00_r16_i00_b5008_fea27ccee,50/0/50,-0.1892290860414505,0.13196639716625214
functional_last,functional,cosine,dolly,2,pooled,-1,/weka/scratch/jhu/cpriebe1/MO/model-taxonomy/results/shared_cache/03_adapters/allenai--OLMo-2-0425-1B-Instruct/yahoo_033g1_033g2_033g3_n1000_s00_r16_i00_b5008_fea27ccee,33/33/33,0.013753676787018776,-0.000554581347387284
functional_last,functional,cosine,dolly,2,pooled,-1,/weka/scratch/jhu/cpriebe1/MO/model-taxonomy/results/shared_cache/03_adapters/allenai--OLMo-2-0425-1B-Instruct/yahoo_025g1_075g2_000g3_n1000_s00_r16_i00_b5008_fea27ccee,25/75/0,0.24437887966632843,-0.05923032388091087
functional_last,functional,cosine,dolly,2,pooled,-1,/weka/scratch/jhu/cpriebe1/MO/model-taxonomy/results/shared_cache/03_adapters/allenai--OLMo-2-0425-1B-Instruct/yahoo_025g1_050g2_025g3_n1000_s00_r16_i00_b5008_fea27ccee,25/50/25,0.10510111600160599,-0.051437679678201675
functional_last,functional,cosine,dolly,2,pooled,-1,/weka/scratch/jhu/cpriebe1/MO/model-taxonomy/results/shared_cache/03_adapters/allenai--OLMo-2-0425-1B-Instruct/yahoo_025g1_025g2_050g3_n1000_s00_r16_i00_b5008_fea27ccee,25/25/50,-0.0782974436879158,-0.03620588406920433
functional_last,functional,cosine,dolly,2,pooled,-1,/weka/scratch/jhu/cpriebe1/MO/model-taxonomy/results/shared_cache/03_adapters/allenai--OLMo-2-0425-1B-Instruct/yahoo_025g1_000g2_075g3_n1000_s00_r16_i00_b5008_fea27ccee,25/0/75,-0.2735540568828583,-0.017417062073946
functional_last,functional,cosine,dolly,2,pooled,-1,/weka/scratch/jhu/cpriebe1/MO/model-taxonomy/results/shared_cache/03_adapters/allenai--OLMo-2-0425-1B-Instruct/yahoo_000g1_100g2_000g3_n1000_s00_r16_i00_b5008_fea27ccee,0/100/0,0.3207642138004303,-0.20294514298439026
functional_last,functional,cosine,dolly,2,pooled,-1,/weka/scratch/jhu/cpriebe1/MO/model-taxonomy/results/shared_cache/03_adapters/allenai--OLMo-2-0425-1B-Instruct/yahoo_000g1_075g2_025g3_n1000_s00_r16_i00_b5008_fea27ccee,0/75/25,0.17011061310768127,-0.19512085616588593
functional_last,functional,cosine,dolly,2,pooled,-1,/weka/scratch/jhu/cpriebe1/MO/model-taxonomy/results/shared_cache/03_adapters/allenai--OLMo-2-0425-1B-Instruct/yahoo_000g1_050g2_050g3_n1000_s00_r16_i00_b5008_fea27ccee,0/50/50,0.029951151460409164,-0.20082220435142517
functional_last,functional,cosine,dolly,2,pooled,-1,/weka/scratch/jhu/cpriebe1/MO/model-taxonomy/results/shared_cache/03_adapters/allenai--OLMo-2-0425-1B-Instruct/yahoo_000g1_025g2_075g3_n1000_s00_r16_i00_b5008_fea27ccee,0/25/75,-0.16345195472240448,-0.1948523223400116
functional_last,functional,cosine,dolly,2,pooled,-1,/weka/scratch/jhu/cpriebe1/MO/model-taxonomy/results/shared_cache/03_adapters/allenai--OLMo-2-0425-1B-Instruct/yahoo_000g1_000g2_100g3_n1000_s00_r16_i00_b5008_fea27ccee,0/0/100,-0.36528390645980835,-0.17722228169441223
functional_last,functional,cosine,dolly,2,mean,-1,/weka/scratch/jhu/cpriebe1/MO/model-taxonomy/results/shared_cache/03_adapters/allenai--OLMo-2-0425-1B-Instruct/yahoo_100g1_000g2_000g3_n1000_s00_r16_i00_b5008_fea27ccee,100/0/0,8.557647981493081e-17,0.35839614272117615
functional_last,functional,cosine,dolly,2,mean,-1,/weka/scratch/jhu/cpriebe1/MO/model-taxonomy/results/shared_cache/03_adapters/allenai--OLMo-2-0425-1B-Instruct/yahoo_075g1_025g2_000g3_n1000_s00_r16_i00_b5008_fea27ccee,75/25/0,0.09090068936347961,0.21564386785030365
functional_last,functional,cosine,dolly,2,mean,-1,/weka/scratch/jhu/cpriebe1/MO/model-taxonomy/results/shared_cache/03_adapters/allenai--OLMo-2-0425-1B-Instruct/yahoo_075g1_000g2_025g3_n1000_s00_r16_i00_b5008_fea27ccee,75/0/25,-0.09217000752687454,0.25797024369239807
functional_last,functional,cosine,dolly,2,mean,-1,/weka/scratch/jhu/cpriebe1/MO/model-taxonomy/results/shared_cache/03_adapters/allenai--OLMo-2-0425-1B-Instruct/yahoo_050g1_050g2_000g3_n1000_s00_r16_i00_b5008_fea27ccee,50/50/0,0.17798417806625366,0.07053973525762558
functional_last,functional,cosine,dolly,2,mean,-1,/weka/scratch/jhu/cpriebe1/MO/model-taxonomy/results/shared_cache/03_adapters/allenai--OLMo-2-0425-1B-Instruct/yahoo_050g1_025g2_025g3_n1000_s00_r16_i00_b5008_fea27ccee,50/25/25,0.009041929617524147,0.10129193961620331
functional_last,functional,cosine,dolly,2,mean,-1,/weka/scratch/jhu/cpriebe1/MO/model-taxonomy/results/shared_cache/03_adapters/allenai--OLMo-2-0425-1B-Instruct/yahoo_050g1_000g2_050g3_n1000_s00_r16_i00_b5008_fea27ccee,50/0/50,-0.1892290860414505,0.13196639716625214
functional_last,functional,cosine,dolly,2,mean,-1,/weka/scratch/jhu/cpriebe1/MO/model-taxonomy/results/shared_cache/03_adapters/allenai--OLMo-2-0425-1B-Instruct/yahoo_033g1_033g2_033g3_n1000_s00_r16_i00_b5008_fea27ccee,33/33/33,0.013753676787018776,-0.000554581347387284
functional_last,functional,cosine,dolly,2,mean,-1,/weka/scratch/jhu/cpriebe1/MO/model-taxonomy/results/shared_cache/03_adapters/allenai--OLMo-2-0425-1B-Instruct/yahoo_025g1_075g2_000g3_n1000_s00_r16_i00_b5008_fea27ccee,25/75/0,0.24437887966632843,-0.05923032388091087
functional_last,functional,cosine,dolly,2,mean,-1,/weka/scratch/jhu/cpriebe1/MO/model-taxonomy/results/shared_cache/03_adapters/allenai--OLMo-2-0425-1B-Instruct/yahoo_025g1_050g2_025g3_n1000_s00_r16_i00_b5008_fea27ccee,25/50/25,0.10510111600160599,-0.051437679678201675
functional_last,functional,cosine,dolly,2,mean,-1,/weka/scratch/jhu/cpriebe1/MO/model-taxonomy/results/shared_cache/03_adapters/allenai--OLMo-2-0425-1B-Instruct/yahoo_025g1_025g2_050g3_n1000_s00_r16_i00_b5008_fea27ccee,25/25/50,-0.0782974436879158,-0.03620588406920433
functional_last,functional,cosine,dolly,2,mean,-1,/weka/scratch/jhu/cpriebe1/MO/model-taxonomy/results/shared_cache/03_adapters/allenai--OLMo-2-0425-1B-Instruct/yahoo_025g1_000g2_075g3_n1000_s00_r16_i00_b5008_fea27ccee,25/0/75,-0.2735540568828583,-0.017417062073946
functional_last,functional,cosine,dolly,2,mean,-1,/weka/scratch/jhu/cpriebe1/MO/model-taxonomy/results/shared_cache/03_adapters/allenai--OLMo-2-0425-1B-Instruct/yahoo_000g1_100g2_000g3_n1000_s00_r16_i00_b5008_fea27ccee,0/100/0,0.3207642138004303,-0.20294514298439026
functional_last,functional,cosine,dolly,2,mean,-1,/weka/scratch/jhu/cpriebe1/MO/model-taxonomy/results/shared_cache/03_adapters/allenai--OLMo-2-0425-1B-Instruct/yahoo_000g1_075g2_025g3_n1000_s00_r16_i00_b5008_fea27ccee,0/75/25,0.17011061310768127,-0.19512085616588593
functional_last,functional,cosine,dolly,2,mean,-1,/weka/scratch/jhu/cpriebe1/MO/model-taxonomy/results/shared_cache/03_adapters/allenai--OLMo-2-0425-1B-Instruct/yahoo_000g1_050g2_050g3_n1000_s00_r16_i00_b5008_fea27ccee,0/50/50,0.029951151460409164,-0.20082220435142517
functional_last,functional,cosine,dolly,2,mean,-1,/weka/scratch/jhu/cpriebe1/MO/model-taxonomy/results/shared_cache/03_adapters/allenai--OLMo-2-0425-1B-Instruct/yahoo_000g1_025g2_075g3_n1000_s00_r16_i00_b5008_fea27ccee,0/25/75,-0.16345195472240448,-0.1948523223400116
functional_last,functional,cosine,dolly,2,mean,-1,/weka/scratch/jhu/cpriebe1/MO/model-taxonomy/results/shared_cache/03_adapters/allenai--OLMo-2-0425-1B-Instruct/yahoo_000g1_000g2_100g3_n1000_s00_r16_i00_b5008_fea27ccee,0/0/100,-0.36528390645980835,-0.17722228169441223
functional_last,functional,cosine,dolly,2,seed_aligned,0,/weka/scratch/jhu/cpriebe1/MO/model-taxonomy/results/shared_cache/03_adapters/allenai--OLMo-2-0425-1B-Instruct/yahoo_100g1_000g2_000g3_n1000_s00_r16_i00_b5008_fea27ccee,100/0/0,8.557647981493081e-17,0.35839614272117615
functional_last,functional,cosine,dolly,2,seed_aligned,0,/weka/scratch/jhu/cpriebe1/MO/model-taxonomy/results/shared_cache/03_adapters/allenai--OLMo-2-0425-1B-Instruct/yahoo_075g1_025g2_000g3_n1000_s00_r16_i00_b5008_fea27ccee,75/25/0,0.09090068936347961,0.21564386785030365
functional_last,functional,cosine,dolly,2,seed_aligned,0,/weka/scratch/jhu/cpriebe1/MO/model-taxonomy/results/shared_cache/03_adapters/allenai--OLMo-2-0425-1B-Instruct/yahoo_075g1_000g2_025g3_n1000_s00_r16_i00_b5008_fea27ccee,75/0/25,-0.09217000752687454,0.25797024369239807
functional_last,functional,cosine,dolly,2,seed_aligned,0,/weka/scratch/jhu/cpriebe1/MO/model-taxonomy/results/shared_cache/03_adapters/allenai--OLMo-2-0425-1B-Instruct/yahoo_050g1_050g2_000g3_n1000_s00_r16_i00_b5008_fea27ccee,50/50/0,0.17798417806625366,0.07053973525762558
functional_last,functional,cosine,dolly,2,seed_aligned,0,/weka/scratch/jhu/cpriebe1/MO/model-taxonomy/results/shared_cache/03_adapters/allenai--OLMo-2-0425-1B-Instruct/yahoo_050g1_025g2_025g3_n1000_s00_r16_i00_b5008_fea27ccee,50/25/25,0.009041929617524147,0.10129193961620331
functional_last,functional,cosine,dolly,2,seed_aligned,0,/weka/scratch/jhu/cpriebe1/MO/model-taxonomy/results/shared_cache/03_adapters/allenai--OLMo-2-0425-1B-Instruct/yahoo_050g1_000g2_050g3_n1000_s00_r16_i00_b5008_fea27ccee,50/0/50,-0.1892290860414505,0.13196639716625214
functional_last,functional,cosine,dolly,2,seed_aligned,0,/weka/scratch/jhu/cpriebe1/MO/model-taxonomy/results/shared_cache/03_adapters/allenai--OLMo-2-0425-1B-Instruct/yahoo_033g1_033g2_033g3_n1000_s00_r16_i00_b5008_fea27ccee,33/33/33,0.013753676787018776,-0.000554581347387284
functional_last,functional,cosine,dolly,2,seed_aligned,0,/weka/scratch/jhu/cpriebe1/MO/model-taxonomy/results/shared_cache/03_adapters/allenai--OLMo-2-0425-1B-Instruct/yahoo_025g1_075g2_000g3_n1000_s00_r16_i00_b5008_fea27ccee,25/75/0,0.24437887966632843,-0.05923032388091087
functional_last,functional,cosine,dolly,2,seed_aligned,0,/weka/scratch/jhu/cpriebe1/MO/model-taxonomy/results/shared_cache/03_adapters/allenai--OLMo-2-0425-1B-Instruct/yahoo_025g1_050g2_025g3_n1000_s00_r16_i00_b5008_fea27ccee,25/50/25,0.10510111600160599,-0.051437679678201675
functional_last,functional,cosine,dolly,2,seed_aligned,0,/weka/scratch/jhu/cpriebe1/MO/model-taxonomy/results/shared_cache/03_adapters/allenai--OLMo-2-0425-1B-Instruct/yahoo_025g1_025g2_050g3_n1000_s00_r16_i00_b5008_fea27ccee,25/25/50,-0.0782974436879158,-0.03620588406920433
functional_last,functional,cosine,dolly,2,seed_aligned,0,/weka/scratch/jhu/cpriebe1/MO/model-taxonomy/results/shared_cache/03_adapters/allenai--OLMo-2-0425-1B-Instruct/yahoo_025g1_000g2_075g3_n1000_s00_r16_i00_b5008_fea27ccee,25/0/75,-0.2735540568828583,-0.017417062073946
functional_last,functional,cosine,dolly,2,seed_aligned,0,/weka/scratch/jhu/cpriebe1/MO/model-taxonomy/results/shared_cache/03_adapters/allenai--OLMo-2-0425-1B-Instruct/yahoo_000g1_100g2_000g3_n1000_s00_r16_i00_b5008_fea27ccee,0/100/0,0.3207642138004303,-0.20294514298439026
functional_last,functional,cosine,dolly,2,seed_aligned,0,/weka/scratch/jhu/cpriebe1/MO/model-taxonomy/results/shared_cache/03_adapters/allenai--OLMo-2-0425-1B-Instruct/yahoo_000g1_075g2_025g3_n1000_s00_r16_i00_b5008_fea27ccee,0/75/25,0.17011061310768127,-0.19512085616588593
functional_last,functional,cosine,dolly,2,seed_aligned,0,/weka/scratch/jhu/cpriebe1/MO/model-taxonomy/results/shared_cache/03_adapters/allenai--OLMo-2-0425-1B-Instruct/yahoo_000g1_050g2_050g3_n1000_s00_r16_i00_b5008_fea27ccee,0/50/50,0.029951151460409164,-0.20082220435142517
functional_last,functional,cosine,dolly,2,seed_aligned,0,/weka/scratch/jhu/cpriebe1/MO/model-taxonomy/results/shared_cache/03_adapters/allenai--OLMo-2-0425-1B-Instruct/yahoo_000g1_025g2_075g3_n1000_s00_r16_i00_b5008_fea27ccee,0/25/75,-0.16345195472240448,-0.1948523223400116
functional_last,functional,cosine,dolly,2,seed_aligned,0,/weka/scratch/jhu/cpriebe1/MO/model-taxonomy/results/shared_cache/03_adapters/allenai--OLMo-2-0425-1B-Instruct/yahoo_000g1_000g2_100g3_n1000_s00_r16_i00_b5008_fea27ccee,0/0/100,-0.36528390645980835,-0.17722228169441223
functional_last,functional,cosine,dolly,5,pooled,-1,/weka/scratch/jhu/cpriebe1/MO/model-taxonomy/results/shared_cache/03_adapters/allenai--OLMo-2-0425-1B-Instruct/yahoo_100g1_000g2_000g3_n1000_s00_r16_i00_b5008_fea27ccee,100/0/0,-3.3332640718059465e-18,0.35804134607315063
functional_last,functional,cosine,dolly,5,pooled,-1,/weka/scratch/jhu/cpriebe1/MO/model-taxonomy/results/shared_cache/03_adapters/allenai--OLMo-2-0425-1B-Instruct/yahoo_075g1_025g2_000g3_n1000_s00_r16_i00_b5008_fea27ccee,75/25/0,0.09087678045034409,0.21553047001361847
functional_last,functional,cosine,dolly,5,pooled,-1,/weka/scratch/jhu/cpriebe1/MO/model-taxonomy/results/shared_cache/03_adapters/allenai--OLMo-2-0425-1B-Instruct/yahoo_075g1_000g2_025g3_n1000_s00_r16_i00_b5008_fea27ccee,75/0/25,-0.09180000424385071,0.2578142583370209
functional_last,functional,cosine,dolly,5,pooled,-1,/weka/scratch/jhu/cpriebe1/MO/model-taxonomy/results/shared_cache/03_adapters/allenai--OLMo-2-0425-1B-Instruct/yahoo_050g1_050g2_000g3_n1000_s00_r16_i00_b5008_fea27ccee,50/50/0,0.17794130742549896,0.0706268772482872
functional_last,functional,cosine,dolly,5,pooled,-1,/weka/scratch/jhu/cpriebe1/MO/model-taxonomy/results/shared_cache/03_adapters/allenai--OLMo-2-0425-1B-Instruct/yahoo_050g1_025g2_025g3_n1000_s00_r16_i00_b5008_fea27ccee,50/25/25,0.009011575020849705,0.1013365089893341
functional_last,functional,cosine,dolly,5,pooled,-1,/weka/scratch/jhu/cpriebe1/MO/model-taxonomy/results/shared_cache/03_adapters/allenai--OLMo-2-0425-1B-Instruct/yahoo_050g1_000g2_050g3_n1000_s00_r16_i00_b5008_fea27ccee,50/0/50,-0.18933646380901337,0.13204632699489594
functional_last,functional,cosine,dolly,5,pooled,-1,/weka/scratch/jhu/cpriebe1/MO/model-taxonomy/results/shared_cache/03_adapters/allenai--OLMo-2-0425-1B-Instruct/yahoo_033g1_033g2_033g3_n1000_s00_r16_i00_b5008_fea27ccee,33/33/33,0.013822713866829872,-0.0005304174264892936
functional_last,functional,cosine,dolly,5,pooled,-1,/weka/scratch/jhu/cpriebe1/MO/model-taxonomy/results/shared_cache/03_adapters/allenai--OLMo-2-0425-1B-Instruct/yahoo_025g1_075g2_000g3_n1000_s00_r16_i00_b5008_fea27ccee,25/75/0,0.2443075180053711,-0.05917609855532646
functional_last,functional,cosine,dolly,5,pooled,-1,/weka/scratch/jhu/cpriebe1/MO/model-taxonomy/results/shared_cache/03_adapters/allenai--OLMo-2-0425-1B-Instruct/yahoo_025g1_050g2_025g3_n1000_s00_r16_i00_b5008_fea27ccee,25/50/25,0.10516092926263809,-0.05141846835613251
functional_last,functional,cosine,dolly,5,pooled,-1,/weka/scratch/jhu/cpriebe1/MO/model-taxonomy/results/shared_cache/03_adapters/allenai--OLMo-2-0425-1B-Instruct/yahoo_025g1_025g2_050g3_n1000_s00_r16_i00_b5008_fea27ccee,25/25/50,-0.0782601460814476,-0.03615029156208038
functional_last,functional,cosine,dolly,5,pooled,-1,/weka/scratch/jhu/cpriebe1/MO/model-taxonomy/results/shared_cache/03_adapters/allenai--OLMo-2-0425-1B-Instruct/yahoo_025g1_000g2_075g3_n1000_s00_r16_i00_b5008_fea27ccee,25/0/75,-0.27378007769584656,-0.017441174015402794
functional_last,functional,cosine,dolly,5,pooled,-1,/weka/scratch/jhu/cpriebe1/MO/model-taxonomy/results/shared_cache/03_adapters/allenai--OLMo-2-0425-1B-Instruct/yahoo_000g1_100g2_000g3_n1000_s00_r16_i00_b5008_fea27ccee,0/100/0,0.32099711894989014,-0.2028748244047165
functional_last,functional,cosine,dolly,5,pooled,-1,/weka/scratch/jhu/cpriebe1/MO/model-taxonomy/results/shared_cache/03_adapters/allenai--OLMo-2-0425-1B-Instruct/yahoo_000g1_075g2_025g3_n1000_s00_r16_i00_b5008_fea27ccee,0/75/25,0.17022211849689484,-0.19510143995285034
functional_last,functional,cosine,dolly,5,pooled,-1,/weka/scratch/jhu/cpriebe1/MO/model-taxonomy/results/shared_cache/03_adapters/allenai--OLMo-2-0425-1B-Instruct/yahoo_000g1_050g2_050g3_n1000_s00_r16_i00_b5008_fea27ccee,0/50/50,0.029933860525488853,-0.20087561011314392
functional_last,functional,cosine,dolly,5,pooled,-1,/weka/scratch/jhu/cpriebe1/MO/model-taxonomy/results/shared_cache/03_adapters/allenai--OLMo-2-0425-1B-Instruct/yahoo_000g1_025g2_075g3_n1000_s00_r16_i00_b5008_fea27ccee,0/25/75,-0.16355204582214355,-0.19471055269241333
functional_last,functional,cosine,dolly,5,pooled,-1,/weka/scratch/jhu/cpriebe1/MO/model-taxonomy/results/shared_cache/03_adapters/allenai--OLMo-2-0425-1B-Instruct/yahoo_000g1_000g2_100g3_n1000_s00_r16_i00_b5008_fea27ccee,0/0/100,-0.3655451834201813,-0.17711690068244934
functional_last,functional,cosine,dolly,5,mean,-1,/weka/scratch/jhu/cpriebe1/MO/model-taxonomy/results/shared_cache/03_adapters/allenai--OLMo-2-0425-1B-Instruct/yahoo_100g1_000g2_000g3_n1000_s00_r16_i00_b5008_fea27ccee,100/0/0,-3.3332640718059465e-18,0.35804134607315063
functional_last,functional,cosine,dolly,5,mean,-1,/weka/scratch/jhu/cpriebe1/MO/model-taxonomy/results/shared_cache/03_adapters/allenai--OLMo-2-0425-1B-Instruct/yahoo_075g1_025g2_000g3_n1000_s00_r16_i00_b5008_fea27ccee,75/25/0,0.09087678045034409,0.21553047001361847
functional_last,functional,cosine,dolly,5,mean,-1,/weka/scratch/jhu/cpriebe1/MO/model-taxonomy/results/shared_cache/03_adapters/allenai--OLMo-2-0425-1B-Instruct/yahoo_075g1_000g2_025g3_n1000_s00_r16_i00_b5008_fea27ccee,75/0/25,-0.09180000424385071,0.2578142583370209
functional_last,functional,cosine,dolly,5,mean,-1,/weka/scratch/jhu/cpriebe1/MO/model-taxonomy/results/shared_cache/03_adapters/allenai--OLMo-2-0425-1B-Instruct/yahoo_050g1_050g2_000g3_n1000_s00_r16_i00_b5008_fea27ccee,50/50/0,0.17794130742549896,0.0706268772482872
functional_last,functional,cosine,dolly,5,mean,-1,/weka/scratch/jhu/cpriebe1/MO/model-taxonomy/results/shared_cache/03_adapters/allenai--OLMo-2-0425-1B-Instruct/yahoo_050g1_025g2_025g3_n1000_s00_r16_i00_b5008_fea27ccee,50/25/25,0.009011575020849705,0.1013365089893341
functional_last,functional,cosine,dolly,5,mean,-1,/weka/scratch/jhu/cpriebe1/MO/model-taxonomy/results/shared_cache/03_adapters/allenai--OLMo-2-0425-1B-Instruct/yahoo_050g1_000g2_050g3_n1000_s00_r16_i00_b5008_fea27ccee,50/0/50,-0.18933646380901337,0.13204632699489594
functional_last,functional,cosine,dolly,5,mean,-1,/weka/scratch/jhu/cpriebe1/MO/model-taxonomy/results/shared_cache/03_adapters/allenai--OLMo-2-0425-1B-Instruct/yahoo_033g1_033g2_033g3_n1000_s00_r16_i00_b5008_fea27ccee,33/33/33,0.013822713866829872,-0.0005304174264892936
functional_last,functional,cosine,dolly,5,mean,-1,/weka/scratch/jhu/cpriebe1/MO/model-taxonomy/results/shared_cache/03_adapters/allenai--OLMo-2-0425-1B-Instruct/yahoo_025g1_075g2_000g3_n1000_s00_r16_i00_b5008_fea27ccee,25/75/0,0.2443075180053711,-0.05917609855532646
functional_last,functional,cosine,dolly,5,mean,-1,/weka/scratch/jhu/cpriebe1/MO/model-taxonomy/results/shared_cache/03_adapters/allenai--OLMo-2-0425-1B-Instruct/yahoo_025g1_050g2_025g3_n1000_s00_r16_i00_b5008_fea27ccee,25/50/25,0.10516092926263809,-0.05141846835613251
functional_last,functional,cosine,dolly,5,mean,-1,/weka/scratch/jhu/cpriebe1/MO/model-taxonomy/results/shared_cache/03_adapters/allenai--OLMo-2-0425-1B-Instruct/yahoo_025g1_025g2_050g3_n1000_s00_r16_i00_b5008_fea27ccee,25/25/50,-0.0782601460814476,-0.03615029156208038
functional_last,functional,cosine,dolly,5,mean,-1,/weka/scratch/jhu/cpriebe1/MO/model-taxonomy/results/shared_cache/03_adapters/allenai--OLMo-2-0425-1B-Instruct/yahoo_025g1_000g2_075g3_n1000_s00_r16_i00_b5008_fea27ccee,25/0/75,-0.27378007769584656,-0.017441174015402794
functional_last,functional,cosine,dolly,5,mean,-1,/weka/scratch/jhu/cpriebe1/MO/model-taxonomy/results/shared_cache/03_adapters/allenai--OLMo-2-0425-1B-Instruct/yahoo_000g1_100g2_000g3_n1000_s00_r16_i00_b5008_fea27ccee,0/100/0,0.32099711894989014,-0.2028748244047165
functional_last,functional,cosine,dolly,5,mean,-1,/weka/scratch/jhu/cpriebe1/MO/model-taxonomy/results/shared_cache/03_adapters/allenai--OLMo-2-0425-1B-Instruct/yahoo_000g1_075g2_025g3_n1000_s00_r16_i00_b5008_fea27ccee,0/75/25,0.17022211849689484,-0.19510143995285034
functional_last,functional,cosine,dolly,5,mean,-1,/weka/scratch/jhu/cpriebe1/MO/model-taxonomy/results/shared_cache/03_adapters/allenai--OLMo-2-0425-1B-Instruct/yahoo_000g1_050g2_050g3_n1000_s00_r16_i00_b5008_fea27ccee,0/50/50,0.029933860525488853,-0.20087561011314392
functional_last,functional,cosine,dolly,5,mean,-1,/weka/scratch/jhu/cpriebe1/MO/model-taxonomy/results/shared_cache/03_adapters/allenai--OLMo-2-0425-1B-Instruct/yahoo_000g1_025g2_075g3_n1000_s00_r16_i00_b5008_fea27ccee,0/25/75,-0.16355204582214355,-0.19471055269241333
functional_last,functional,cosine,dolly,5,mean,-1,/weka/scratch/jhu/cpriebe1/MO/model-taxonomy/results/shared_cache/03_adapters/allenai--OLMo-2-0425-1B-Instruct/yahoo_000g1_000g2_100g3_n1000_s00_r16_i00_b5008_fea27ccee,0/0/100,-0.3655451834201813,-0.17711690068244934
functional_last,functional,cosine,dolly,5,seed_aligned,0,/weka/scratch/jhu/cpriebe1/MO/model-taxonomy/results/shared_cache/03_adapters/allenai--OLMo-2-0425-1B-Instruct/yahoo_100g1_000g2_000g3_n1000_s00_r16_i00_b5008_fea27ccee,100/0/0,-3.3332640718059465e-18,0.35804134607315063
functional_last,functional,cosine,dolly,5,seed_aligned,0,/weka/scratch/jhu/cpriebe1/MO/model-taxonomy/results/shared_cache/03_adapters/allenai--OLMo-2-0425-1B-Instruct/yahoo_075g1_025g2_000g3_n1000_s00_r16_i00_b5008_fea27ccee,75/25/0,0.09087678045034409,0.21553047001361847
functional_last,functional,cosine,dolly,5,seed_aligned,0,/weka/scratch/jhu/cpriebe1/MO/model-taxonomy/results/shared_cache/03_adapters/allenai--OLMo-2-0425-1B-Instruct/yahoo_075g1_000g2_025g3_n1000_s00_r16_i00_b5008_fea27ccee,75/0/25,-0.09180000424385071,0.2578142583370209
functional_last,functional,cosine,dolly,5,seed_aligned,0,/weka/scratch/jhu/cpriebe1/MO/model-taxonomy/results/shared_cache/03_adapters/allenai--OLMo-2-0425-1B-Instruct/yahoo_050g1_050g2_000g3_n1000_s00_r16_i00_b5008_fea27ccee,50/50/0,0.17794130742549896,0.0706268772482872
functional_last,functional,cosine,dolly,5,seed_aligned,0,/weka/scratch/jhu/cpriebe1/MO/model-taxonomy/results/shared_cache/03_adapters/allenai--OLMo-2-0425-1B-Instruct/yahoo_050g1_025g2_025g3_n1000_s00_r16_i00_b5008_fea27ccee,50/25/25,0.009011575020849705,0.1013365089893341
functional_last,functional,cosine,dolly,5,seed_aligned,0,/weka/scratch/jhu/cpriebe1/MO/model-taxonomy/results/shared_cache/03_adapters/allenai--OLMo-2-0425-1B-Instruct/yahoo_050g1_000g2_050g3_n1000_s00_r16_i00_b5008_fea27ccee,50/0/50,-0.18933646380901337,0.13204632699489594
functional_last,functional,cosine,dolly,5,seed_aligned,0,/weka/scratch/jhu/cpriebe1/MO/model-taxonomy/results/shared_cache/03_adapters/allenai--OLMo-2-0425-1B-Instruct/yahoo_033g1_033g2_033g3_n1000_s00_r16_i00_b5008_fea27ccee,33/33/33,0.013822713866829872,-0.0005304174264892936
functional_last,functional,cosine,dolly,5,seed_aligned,0,/weka/scratch/jhu/cpriebe1/MO/model-taxonomy/results/shared_cache/03_adapters/allenai--OLMo-2-0425-1B-Instruct/yahoo_025g1_075g2_000g3_n1000_s00_r16_i00_b5008_fea27ccee,25/75/0,0.2443075180053711,-0.05917609855532646
functional_last,functional,cosine,dolly,5,seed_aligned,0,/weka/scratch/jhu/cpriebe1/MO/model-taxonomy/results/shared_cache/03_adapters/allenai--OLMo-2-0425-1B-Instruct/yahoo_025g1_050g2_025g3_n1000_s00_r16_i00_b5008_fea27ccee,25/50/25,0.10516092926263809,-0.05141846835613251
functional_last,functional,cosine,dolly,5,seed_aligned,0,/weka/scratch/jhu/cpriebe1/MO/model-taxonomy/results/shared_cache/03_adapters/allenai--OLMo-2-0425-1B-Instruct/yahoo_025g1_025g2_050g3_n1000_s00_r16_i00_b5008_fea27ccee,25/25/50,-0.0782601460814476,-0.03615029156208038
functional_last,functional,cosine,dolly,5,seed_aligned,0,/weka/scratch/jhu/cpriebe1/MO/model-taxonomy/results/shared_cache/03_adapters/allenai--OLMo-2-0425-1B-Instruct/yahoo_025g1_000g2_075g3_n1000_s00_r16_i00_b5008_fea27ccee,25/0/75,-0.27378007769584656,-0.017441174015402794
functional_last,functional,cosine,dolly,5,seed_aligned,0,/weka/scratch/jhu/cpriebe1/MO/model-taxonomy/results/shared_cache/03_adapters/allenai--OLMo-2-0425-1B-Instruct/yahoo_000g1_100g2_000g3_n1000_s00_r16_i00_b5008_fea27ccee,0/100/0,0.32099711894989014,-0.2028748244047165
functional_last,functional,cosine,dolly,5,seed_aligned,0,/weka/scratch/jhu/cpriebe1/MO/model-taxonomy/results/shared_cache/03_adapters/allenai--OLMo-2-0425-1B-Instruct/yahoo_000g1_075g2_025g3_n1000_s00_r16_i00_b5008_fea27ccee,0/75/25,0.17022211849689484,-0.19510143995285034
functional_last,functional,cosine,dolly,5,seed_aligned,0,/weka/scratch/jhu/cpriebe1/MO/model-taxonomy/results/shared_cache/03_adapters/allenai--OLMo-2-0425-1B-Instruct/yahoo_000g1_050g2_050g3_n1000_s00_r16_i00_b5008_fea27ccee,0/50/50,0.029933860525488853,-0.20087561011314392
functional_last,functional,cosine,dolly,5,seed_aligned,0,/weka/scratch/jhu/cpriebe1/MO/model-taxonomy/results/shared_cache/03_adapters/allenai--OLMo-2-0425-1B-Instruct/yahoo_000g1_025g2_075g3_n1000_s00_r16_i00_b5008_fea27ccee,0/25/75,-0.16355204582214355,-0.19471055269241333
functional_last,functional,cosine,dolly,5,seed_aligned,0,/weka/scratch/jhu/cpriebe1/MO/model-taxonomy/results/shared_cache/03_adapters/allenai--OLMo-2-0425-1B-Instruct/yahoo_000g1_000g2_100g3_n1000_s00_r16_i00_b5008_fea27ccee,0/0/100,-0.3655451834201813,-0.17711690068244934
functional_last,functional,cosine,dolly,10,pooled,-1,/weka/scratch/jhu/cpriebe1/MO/model-taxonomy/results/shared_cache/03_adapters/allenai--OLMo-2-0425-1B-Instruct/yahoo_100g1_000g2_000g3_n1000_s00_r16_i00_b5008_fea27ccee,100/0/0,-7.748840704706081e-17,0.3578270673751831
functional_last,functional,cosine,dolly,10,pooled,-1,/weka/scratch/jhu/cpriebe1/MO/model-taxonomy/results/shared_cache/03_adapters/allenai--OLMo-2-0425-1B-Instruct/yahoo_075g1_025g2_000g3_n1000_s00_r16_i00_b5008_fea27ccee,75/25/0,0.09011159837245941,0.21502476930618286
functional_last,functional,cosine,dolly,10,pooled,-1,/weka/scratch/jhu/cpriebe1/MO/model-taxonomy/results/shared_cache/03_adapters/allenai--OLMo-2-0425-1B-Instruct/yahoo_075g1_000g2_025g3_n1000_s00_r16_i00_b5008_fea27ccee,75/0/25,-0.09194917231798172,0.2575995922088623
functional_last,functional,cosine,dolly,10,pooled,-1,/weka/scratch/jhu/cpriebe1/MO/model-taxonomy/results/shared_cache/03_adapters/allenai--OLMo-2-0425-1B-Instruct/yahoo_050g1_050g2_000g3_n1000_s00_r16_i00_b5008_fea27ccee,50/50/0,0.17760102450847626,0.07086881250143051
functional_last,functional,cosine,dolly,10,pooled,-1,/weka/scratch/jhu/cpriebe1/MO/model-taxonomy/results/shared_cache/03_adapters/allenai--OLMo-2-0425-1B-Instruct/yahoo_050g1_025g2_025g3_n1000_s00_r16_i00_b5008_fea27ccee,50/25/25,0.008711367845535278,0.10118190199136734
functional_last,functional,cosine,dolly,10,pooled,-1,/weka/scratch/jhu/cpriebe1/MO/model-taxonomy/results/shared_cache/03_adapters/allenai--OLMo-2-0425-1B-Instruct/yahoo_050g1_000g2_050g3_n1000_s00_r16_i00_b5008_fea27ccee,50/0/50,-0.19002102315425873,0.131867453455925
functional_last,functional,cosine,dolly,10,pooled,-1,/weka/scratch/jhu/cpriebe1/MO/model-taxonomy/results/shared_cache/03_adapters/allenai--OLMo-2-0425-1B-Instruct/yahoo_033g1_033g2_033g3_n1000_s00_r16_i00_b5008_fea27ccee,33/33/33,0.013849500566720963,-0.0005844497354701161
functional_last,functional,cosine,dolly,10,pooled,-1,/weka/scratch/jhu/cpriebe1/MO/model-taxonomy/results/shared_cache/03_adapters/allenai--OLMo-2-0425-1B-Instruct/yahoo_025g1_075g2_000g3_n1000_s00_r16_i00_b5008_fea27ccee,25/75/0,0.24468368291854858,-0.05845411866903305
functional_last,functional,cosine,dolly,10,pooled,-1,/weka/scratch/jhu/cpriebe1/MO/model-taxonomy/results/shared_cache/03_adapters/allenai--OLMo-2-0425-1B-Instruct/yahoo_025g1_050g2_025g3_n1000_s00_r16_i00_b5008_fea27ccee,25/50/25,0.10544613003730774,-0.05118018016219139
functional_last,functional,cosine,dolly,10,pooled,-1,/weka/scratch/jhu/cpriebe1/MO/model-taxonomy/results/shared_cache/03_adapters/allenai--OLMo-2-0425-1B-Instruct/yahoo_025g1_025g2_050g3_n1000_s00_r16_i00_b5008_fea27ccee,25/25/50,-0.07830683141946793,-0.036320045590400696
functional_last,functional,cosine,dolly,10,pooled,-1,/weka/scratch/jhu/cpriebe1/MO/model-taxonomy/results/shared_cache/03_adapters/allenai--OLMo-2-0425-1B-Instruct/yahoo_025g1_000g2_075g3_n1000_s00_r16_i00_b5008_fea27ccee,25/0/75,-0.27337008714675903,-0.01784023642539978
functional_last,functional,cosine,dolly,10,pooled,-1,/weka/scratch/jhu/cpriebe1/MO/model-taxonomy/results/shared_cache/03_adapters/allenai--OLMo-2-0425-1B-Instruct/yahoo_000g1_100g2_000g3_n1000_s00_r16_i00_b5008_fea27ccee,0/100/0,0.32169219851493835,-0.2019055187702179
functional_last,functional,cosine,dolly,10,pooled,-1,/weka/scratch/jhu/cpriebe1/MO/model-taxonomy/results/shared_cache/03_adapters/allenai--OLMo-2-0425-1B-Instruct/yahoo_000g1_075g2_025g3_n1000_s00_r16_i00_b5008_fea27ccee,0/75/25,0.1707393229007721,-0.19447113573551178
functional_last,functional,cosine,dolly,10,pooled,-1,/weka/scratch/jhu/cpriebe1/MO/model-taxonomy/results/shared_cache/03_adapters/allenai--OLMo-2-0425-1B-Instruct/yahoo_000g1_050g2_050g3_n1000_s00_r16_i00_b5008_fea27ccee,0/50/50,0.03012203797698021,-0.2011292576789856
functional_last,functional,cosine,dolly,10,pooled,-1,/weka/scratch/jhu/cpriebe1/MO/model-taxonomy/results/shared_cache/03_adapters/allenai--OLMo-2-0425-1B-Instruct/yahoo_000g1_025g2_075g3_n1000_s00_r16_i00_b5008_fea27ccee,0/25/75,-0.16338591277599335,-0.1948453038930893
functional_last,functional,cosine,dolly,10,pooled,-1,/weka/scratch/jhu/cpriebe1/MO/model-taxonomy/results/shared_cache/03_adapters/allenai--OLMo-2-0425-1B-Instruct/yahoo_000g1_000g2_100g3_n1000_s00_r16_i00_b5008_fea27ccee,0/0/100,-0.36592385172843933,-0.17763939499855042
functional_last,functional,cosine,dolly,10,mean,-1,/weka/scratch/jhu/cpriebe1/MO/model-taxonomy/results/shared_cache/03_adapters/allenai--OLMo-2-0425-1B-Instruct/yahoo_100g1_000g2_000g3_n1000_s00_r16_i00_b5008_fea27ccee,100/0/0,-7.748840704706081e-17,0.3578270673751831
functional_last,functional,cosine,dolly,10,mean,-1,/weka/scratch/jhu/cpriebe1/MO/model-taxonomy/results/shared_cache/03_adapters/allenai--OLMo-2-0425-1B-Instruct/yahoo_075g1_025g2_000g3_n1000_s00_r16_i00_b5008_fea27ccee,75/25/0,0.09011159837245941,0.21502476930618286
functional_last,functional,cosine,dolly,10,mean,-1,/weka/scratch/jhu/cpriebe1/MO/model-taxonomy/results/shared_cache/03_adapters/allenai--OLMo-2-0425-1B-Instruct/yahoo_075g1_000g2_025g3_n1000_s00_r16_i00_b5008_fea27ccee,75/0/25,-0.09194917231798172,0.2575995922088623
functional_last,functional,cosine,dolly,10,mean,-1,/weka/scratch/jhu/cpriebe1/MO/model-taxonomy/results/shared_cache/03_adapters/allenai--OLMo-2-0425-1B-Instruct/yahoo_050g1_050g2_000g3_n1000_s00_r16_i00_b5008_fea27ccee,50/50/0,0.17760102450847626,0.07086881250143051
functional_last,functional,cosine,dolly,10,mean,-1,/weka/scratch/jhu/cpriebe1/MO/model-taxonomy/results/shared_cache/03_adapters/allenai--OLMo-2-0425-1B-Instruct/yahoo_050g1_025g2_025g3_n1000_s00_r16_i00_b5008_fea27ccee,50/25/25,0.008711367845535278,0.10118190199136734
functional_last,functional,cosine,dolly,10,mean,-1,/weka/scratch/jhu/cpriebe1/MO/model-taxonomy/results/shared_cache/03_adapters/allenai--OLMo-2-0425-1B-Instruct/yahoo_050g1_000g2_050g3_n1000_s00_r16_i00_b5008_fea27ccee,50/0/50,-0.19002102315425873,0.131867453455925
functional_last,functional,cosine,dolly,10,mean,-1,/weka/scratch/jhu/cpriebe1/MO/model-taxonomy/results/shared_cache/03_adapters/allenai--OLMo-2-0425-1B-Instruct/yahoo_033g1_033g2_033g3_n1000_s00_r16_i00_b5008_fea27ccee,33/33/33,0.013849500566720963,-0.0005844497354701161
functional_last,functional,cosine,dolly,10,mean,-1,/weka/scratch/jhu/cpriebe1/MO/model-taxonomy/results/shared_cache/03_adapters/allenai--OLMo-2-0425-1B-Instruct/yahoo_025g1_075g2_000g3_n1000_s00_r16_i00_b5008_fea27ccee,25/75/0,0.24468368291854858,-0.05845411866903305
functional_last,functional,cosine,dolly,10,mean,-1,/weka/scratch/jhu/cpriebe1/MO/model-taxonomy/results/shared_cache/03_adapters/allenai--OLMo-2-0425-1B-Instruct/yahoo_025g1_050g2_025g3_n1000_s00_r16_i00_b5008_fea27ccee,25/50/25,0.10544613003730774,-0.05118018016219139
functional_last,functional,cosine,dolly,10,mean,-1,/weka/scratch/jhu/cpriebe1/MO/model-taxonomy/results/shared_cache/03_adapters/allenai--OLMo-2-0425-1B-Instruct/yahoo_025g1_025g2_050g3_n1000_s00_r16_i00_b5008_fea27ccee,25/25/50,-0.07830683141946793,-0.036320045590400696
functional_last,functional,cosine,dolly,10,mean,-1,/weka/scratch/jhu/cpriebe1/MO/model-taxonomy/results/shared_cache/03_adapters/allenai--OLMo-2-0425-1B-Instruct/yahoo_025g1_000g2_075g3_n1000_s00_r16_i00_b5008_fea27ccee,25/0/75,-0.27337008714675903,-0.01784023642539978
functional_last,functional,cosine,dolly,10,mean,-1,/weka/scratch/jhu/cpriebe1/MO/model-taxonomy/results/shared_cache/03_adapters/allenai--OLMo-2-0425-1B-Instruct/yahoo_000g1_100g2_000g3_n1000_s00_r16_i00_b5008_fea27ccee,0/100/0,0.32169219851493835,-0.2019055187702179
functional_last,functional,cosine,dolly,10,mean,-1,/weka/scratch/jhu/cpriebe1/MO/model-taxonomy/results/shared_cache/03_adapters/allenai--OLMo-2-0425-1B-Instruct/yahoo_000g1_075g2_025g3_n1000_s00_r16_i00_b5008_fea27ccee,0/75/25,0.1707393229007721,-0.19447113573551178
functional_last,functional,cosine,dolly,10,mean,-1,/weka/scratch/jhu/cpriebe1/MO/model-taxonomy/results/shared_cache/03_adapters/allenai--OLMo-2-0425-1B-Instruct/yahoo_000g1_050g2_050g3_n1000_s00_r16_i00_b5008_fea27ccee,0/50/50,0.03012203797698021,-0.2011292576789856
functional_last,functional,cosine,dolly,10,mean,-1,/weka/scratch/jhu/cpriebe1/MO/model-taxonomy/results/shared_cache/03_adapters/allenai--OLMo-2-0425-1B-Instruct/yahoo_000g1_025g2_075g3_n1000_s00_r16_i00_b5008_fea27ccee,0/25/75,-0.16338591277599335,-0.1948453038930893
functional_last,functional,cosine,dolly,10,mean,-1,/weka/scratch/jhu/cpriebe1/MO/model-taxonomy/results/shared_cache/03_adapters/allenai--OLMo-2-0425-1B-Instruct/yahoo_000g1_000g2_100g3_n1000_s00_r16_i00_b5008_fea27ccee,0/0/100,-0.36592385172843933,-0.17763939499855042
functional_last,functional,cosine,dolly,10,seed_aligned,0,/weka/scratch/jhu/cpriebe1/MO/model-taxonomy/results/shared_cache/03_adapters/allenai--OLMo-2-0425-1B-Instruct/yahoo_100g1_000g2_000g3_n1000_s00_r16_i00_b5008_fea27ccee,100/0/0,-7.748840704706081e-17,0.3578270673751831
functional_last,functional,cosine,dolly,10,seed_aligned,0,/weka/scratch/jhu/cpriebe1/MO/model-taxonomy/results/shared_cache/03_adapters/allenai--OLMo-2-0425-1B-Instruct/yahoo_075g1_025g2_000g3_n1000_s00_r16_i00_b5008_fea27ccee,75/25/0,0.09011159837245941,0.21502476930618286
functional_last,functional,cosine,dolly,10,seed_aligned,0,/weka/scratch/jhu/cpriebe1/MO/model-taxonomy/results/shared_cache/03_adapters/allenai--OLMo-2-0425-1B-Instruct/yahoo_075g1_000g2_025g3_n1000_s00_r16_i00_b5008_fea27ccee,75/0/25,-0.09194917231798172,0.2575995922088623
functional_last,functional,cosine,dolly,10,seed_aligned,0,/weka/scratch/jhu/cpriebe1/MO/model-taxonomy/results/shared_cache/03_adapters/allenai--OLMo-2-0425-1B-Instruct/yahoo_050g1_050g2_000g3_n1000_s00_r16_i00_b5008_fea27ccee,50/50/0,0.17760102450847626,0.07086881250143051
functional_last,functional,cosine,dolly,10,seed_aligned,0,/weka/scratch/jhu/cpriebe1/MO/model-taxonomy/results/shared_cache/03_adapters/allenai--OLMo-2-0425-1B-Instruct/yahoo_050g1_025g2_025g3_n1000_s00_r16_i00_b5008_fea27ccee,50/25/25,0.008711367845535278,0.10118190199136734
functional_last,functional,cosine,dolly,10,seed_aligned,0,/weka/scratch/jhu/cpriebe1/MO/model-taxonomy/results/shared_cache/03_adapters/allenai--OLMo-2-0425-1B-Instruct/yahoo_050g1_000g2_050g3_n1000_s00_r16_i00_b5008_fea27ccee,50/0/50,-0.19002102315425873,0.131867453455925
functional_last,functional,cosine,dolly,10,seed_aligned,0,/weka/scratch/jhu/cpriebe1/MO/model-taxonomy/results/shared_cache/03_adapters/allenai--OLMo-2-0425-1B-Instruct/yahoo_033g1_033g2_033g3_n1000_s00_r16_i00_b5008_fea27ccee,33/33/33,0.013849500566720963,-0.0005844497354701161
functional_last,functional,cosine,dolly,10,seed_aligned,0,/weka/scratch/jhu/cpriebe1/MO/model-taxonomy/results/shared_cache/03_adapters/allenai--OLMo-2-0425-1B-Instruct/yahoo_025g1_075g2_000g3_n1000_s00_r16_i00_b5008_fea27ccee,25/75/0,0.24468368291854858,-0.05845411866903305
functional_last,functional,cosine,dolly,10,seed_aligned,0,/weka/scratch/jhu/cpriebe1/MO/model-taxonomy/results/shared_cache/03_adapters/allenai--OLMo-2-0425-1B-Instruct/yahoo_025g1_050g2_025g3_n1000_s00_r16_i00_b5008_fea27ccee,25/50/25,0.10544613003730774,-0.05118018016219139
functional_last,functional,cosine,dolly,10,seed_aligned,0,/weka/scratch/jhu/cpriebe1/MO/model-taxonomy/results/shared_cache/03_adapters/allenai--OLMo-2-0425-1B-Instruct/yahoo_025g1_025g2_050g3_n1000_s00_r16_i00_b5008_fea27ccee,25/25/50,-0.07830683141946793,-0.036320045590400696
functional_last,functional,cosine,dolly,10,seed_aligned,0,/weka/scratch/jhu/cpriebe1/MO/model-taxonomy/results/shared_cache/03_adapters/allenai--OLMo-2-0425-1B-Instruct/yahoo_025g1_000g2_075g3_n1000_s00_r16_i00_b5008_fea27ccee,25/0/75,-0.27337008714675903,-0.01784023642539978
functional_last,functional,cosine,dolly,10,seed_aligned,0,/weka/scratch/jhu/cpriebe1/MO/model-taxonomy/results/shared_cache/03_adapters/allenai--OLMo-2-0425-1B-Instruct/yahoo_000g1_100g2_000g3_n1000_s00_r16_i00_b5008_fea27ccee,0/100/0,0.32169219851493835,-0.2019055187702179
functional_last,functional,cosine,dolly,10,seed_aligned,0,/weka/scratch/jhu/cpriebe1/MO/model-taxonomy/results/shared_cache/03_adapters/allenai--OLMo-2-0425-1B-Instruct/yahoo_000g1_075g2_025g3_n1000_s00_r16_i00_b5008_fea27ccee,0/75/25,0.1707393229007721,-0.19447113573551178
functional_last,functional,cosine,dolly,10,seed_aligned,0,/weka/scratch/jhu/cpriebe1/MO/model-taxonomy/results/shared_cache/03_adapters/allenai--OLMo-2-0425-1B-Instruct/yahoo_000g1_050g2_050g3_n1000_s00_r16_i00_b5008_fea27ccee,0/50/50,0.03012203797698021,-0.2011292576789856
functional_last,functional,cosine,dolly,10,seed_aligned,0,/weka/scratch/jhu/cpriebe1/MO/model-taxonomy/results/shared_cache/03_adapters/allenai--OLMo-2-0425-1B-Instruct/yahoo_000g1_025g2_075g3_n1000_s00_r16_i00_b5008_fea27ccee,0/25/75,-0.16338591277599335,-0.1948453038930893
functional_last,functional,cosine,dolly,10,seed_aligned,0,/weka/scratch/jhu/cpriebe1/MO/model-taxonomy/results/shared_cache/03_adapters/allenai--OLMo-2-0425-1B-Instruct/yahoo_000g1_000g2_100g3_n1000_s00_r16_i00_b5008_fea27ccee,0/0/100,-0.36592385172843933,-0.17763939499855042
functional_last,functional,cosine,dolly,20,pooled,-1,/weka/scratch/jhu/cpriebe1/MO/model-taxonomy/results/shared_cache/03_adapters/allenai--OLMo-2-0425-1B-Instruct/yahoo_100g1_000g2_000g3_n1000_s00_r16_i00_b5008_fea27ccee,100/0/0,-1.1191610751032615e-16,0.35798728466033936
functional_last,functional,cosine,dolly,20,pooled,-1,/weka/scratch/jhu/cpriebe1/MO/model-taxonomy/results/shared_cache/03_adapters/allenai--OLMo-2-0425-1B-Instruct/yahoo_075g1_025g2_000g3_n1000_s00_r16_i00_b5008_fea27ccee,75/25/0,0.09036323428153992,0.21472658216953278
functional_last,functional,cosine,dolly,20,pooled,-1,/weka/scratch/jhu/cpriebe1/MO/model-taxonomy/results/shared_cache/03_adapters/allenai--OLMo-2-0425-1B-Instruct/yahoo_075g1_000g2_025g3_n1000_s00_r16_i00_b5008_fea27ccee,75/0/25,-0.09157256036996841,0.257564902305603
functional_last,functional,cosine,dolly,20,pooled,-1,/weka/scratch/jhu/cpriebe1/MO/model-taxonomy/results/shared_cache/03_adapters/allenai--OLMo-2-0425-1B-Instruct/yahoo_050g1_050g2_000g3_n1000_s00_r16_i00_b5008_fea27ccee,50/50/0,0.17762169241905212,0.0710473284125328
functional_last,functional,cosine,dolly,20,pooled,-1,/weka/scratch/jhu/cpriebe1/MO/model-taxonomy/results/shared_cache/03_adapters/allenai--OLMo-2-0425-1B-Instruct/yahoo_050g1_025g2_025g3_n1000_s00_r16_i00_b5008_fea27ccee,50/25/25,0.0090971440076828,0.10085808485746384
functional_last,functional,cosine,dolly,20,pooled,-1,/weka/scratch/jhu/cpriebe1/MO/model-taxonomy/results/shared_cache/03_adapters/allenai--OLMo-2-0425-1B-Instruct/yahoo_050g1_000g2_050g3_n1000_s00_r16_i00_b5008_fea27ccee,50/0/50,-0.18937203288078308,0.13135211169719696
functional_last,functional,cosine,dolly,20,pooled,-1,/weka/scratch/jhu/cpriebe1/MO/model-taxonomy/results/shared_cache/03_adapters/allenai--OLMo-2-0425-1B-Instruct/yahoo_033g1_033g2_033g3_n1000_s00_r16_i00_b5008_fea27ccee,33/33/33,0.013894595205783844,-0.00033219001488760114
functional_last,functional,cosine,dolly,20,pooled,-1,/weka/scratch/jhu/cpriebe1/MO/model-taxonomy/results/shared_cache/03_adapters/allenai--OLMo-2-0425-1B-Instruct/yahoo_025g1_075g2_000g3_n1000_s00_r16_i00_b5008_fea27ccee,25/75/0,0.24510838091373444,-0.05833083763718605
functional_last,functional,cosine,dolly,20,pooled,-1,/weka/scratch/jhu/cpriebe1/MO/model-taxonomy/results/shared_cache/03_adapters/allenai--OLMo-2-0425-1B-Instruct/yahoo_025g1_050g2_025g3_n1000_s00_r16_i00_b5008_fea27ccee,25/50/25,0.10549082607030869,-0.0510483980178833
functional_last,functional,cosine,dolly,20,pooled,-1,/weka/scratch/jhu/cpriebe1/MO/model-taxonomy/results/shared_cache/03_adapters/allenai--OLMo-2-0425-1B-Instruct/yahoo_025g1_025g2_050g3_n1000_s00_r16_i00_b5008_fea27ccee,25/25/50,-0.0781622976064682,-0.03654035925865173
functional_last,functional,cosine,dolly,20,pooled,-1,/weka/scratch/jhu/cpriebe1/MO/model-taxonomy/results/shared_cache/03_adapters/allenai--OLMo-2-0425-1B-Instruct/yahoo_025g1_000g2_075g3_n1000_s00_r16_i00_b5008_fea27ccee,25/0/75,-0.27341434359550476,-0.01775502599775791
functional_last,functional,cosine,dolly,20,pooled,-1,/weka/scratch/jhu/cpriebe1/MO/model-taxonomy/results/shared_cache/03_adapters/allenai--OLMo-2-0425-1B-Instruct/yahoo_000g1_100g2_000g3_n1000_s00_r16_i00_b5008_fea27ccee,0/100/0,0.321640282869339,-0.20200763642787933
functional_last,functional,cosine,dolly,20,pooled,-1,/weka/scratch/jhu/cpriebe1/MO/model-taxonomy/results/shared_cache/03_adapters/allenai--OLMo-2-0425-1B-Instruct/yahoo_000g1_075g2_025g3_n1000_s00_r16_i00_b5008_fea27ccee,0/75/25,0.17019672691822052,-0.19422753155231476
functional_last,functional,cosine,dolly,20,pooled,-1,/weka/scratch/jhu/cpriebe1/MO/model-taxonomy/results/shared_cache/03_adapters/allenai--OLMo-2-0425-1B-Instruct/yahoo_000g1_050g2_050g3_n1000_s00_r16_i00_b5008_fea27ccee,0/50/50,0.029636576771736145,-0.2009790539741516
functional_last,functional,cosine,dolly,20,pooled,-1,/weka/scratch/jhu/cpriebe1/MO/model-taxonomy/results/shared_cache/03_adapters/allenai--OLMo-2-0425-1B-Instruct/yahoo_000g1_025g2_075g3_n1000_s00_r16_i00_b5008_fea27ccee,0/25/75,-0.16391821205615997,-0.19490623474121094
functional_last,functional,cosine,dolly,20,pooled,-1,/weka/scratch/jhu/cpriebe1/MO/model-taxonomy/results/shared_cache/03_adapters/allenai--OLMo-2-0425-1B-Instruct/yahoo_000g1_000g2_100g3_n1000_s00_r16_i00_b5008_fea27ccee,0/0/100,-0.36661002039909363,-0.17740902304649353
functional_last,functional,cosine,dolly,20,mean,-1,/weka/scratch/jhu/cpriebe1/MO/model-taxonomy/results/shared_cache/03_adapters/allenai--OLMo-2-0425-1B-Instruct/yahoo_100g1_000g2_000g3_n1000_s00_r16_i00_b5008_fea27ccee,100/0/0,-1.1191610751032615e-16,0.35798728466033936
functional_last,functional,cosine,dolly,20,mean,-1,/weka/scratch/jhu/cpriebe1/MO/model-taxonomy/results/shared_cache/03_adapters/allenai--OLMo-2-0425-1B-Instruct/yahoo_075g1_025g2_000g3_n1000_s00_r16_i00_b5008_fea27ccee,75/25/0,0.09036323428153992,0.21472658216953278
functional_last,functional,cosine,dolly,20,mean,-1,/weka/scratch/jhu/cpriebe1/MO/model-taxonomy/results/shared_cache/03_adapters/allenai--OLMo-2-0425-1B-Instruct/yahoo_075g1_000g2_025g3_n1000_s00_r16_i00_b5008_fea27ccee,75/0/25,-0.09157256036996841,0.257564902305603
functional_last,functional,cosine,dolly,20,mean,-1,/weka/scratch/jhu/cpriebe1/MO/model-taxonomy/results/shared_cache/03_adapters/allenai--OLMo-2-0425-1B-Instruct/yahoo_050g1_050g2_000g3_n1000_s00_r16_i00_b5008_fea27ccee,50/50/0,0.17762169241905212,0.0710473284125328
functional_last,functional,cosine,dolly,20,mean,-1,/weka/scratch/jhu/cpriebe1/MO/model-taxonomy/results/shared_cache/03_adapters/allenai--OLMo-2-0425-1B-Instruct/yahoo_050g1_025g2_025g3_n1000_s00_r16_i00_b5008_fea27ccee,50/25/25,0.0090971440076828,0.10085808485746384
functional_last,functional,cosine,dolly,20,mean,-1,/weka/scratch/jhu/cpriebe1/MO/model-taxonomy/results/shared_cache/03_adapters/allenai--OLMo-2-0425-1B-Instruct/yahoo_050g1_000g2_050g3_n1000_s00_r16_i00_b5008_fea27ccee,50/0/50,-0.18937203288078308,0.13135211169719696
functional_last,functional,cosine,dolly,20,mean,-1,/weka/scratch/jhu/cpriebe1/MO/model-taxonomy/results/shared_cache/03_adapters/allenai--OLMo-2-0425-1B-Instruct/yahoo_033g1_033g2_033g3_n1000_s00_r16_i00_b5008_fea27ccee,33/33/33,0.013894595205783844,-0.00033219001488760114
functional_last,functional,cosine,dolly,20,mean,-1,/weka/scratch/jhu/cpriebe1/MO/model-taxonomy/results/shared_cache/03_adapters/allenai--OLMo-2-0425-1B-Instruct/yahoo_025g1_075g2_000g3_n1000_s00_r16_i00_b5008_fea27ccee,25/75/0,0.24510838091373444,-0.05833083763718605
functional_last,functional,cosine,dolly,20,mean,-1,/weka/scratch/jhu/cpriebe1/MO/model-taxonomy/results/shared_cache/03_adapters/allenai--OLMo-2-0425-1B-Instruct/yahoo_025g1_050g2_025g3_n1000_s00_r16_i00_b5008_fea27ccee,25/50/25,0.10549082607030869,-0.0510483980178833
functional_last,functional,cosine,dolly,20,mean,-1,/weka/scratch/jhu/cpriebe1/MO/model-taxonomy/results/shared_cache/03_adapters/allenai--OLMo-2-0425-1B-Instruct/yahoo_025g1_025g2_050g3_n1000_s00_r16_i00_b5008_fea27ccee,25/25/50,-0.0781622976064682,-0.03654035925865173
functional_last,functional,cosine,dolly,20,mean,-1,/weka/scratch/jhu/cpriebe1/MO/model-taxonomy/results/shared_cache/03_adapters/allenai--OLMo-2-0425-1B-Instruct/yahoo_025g1_000g2_075g3_n1000_s00_r16_i00_b5008_fea27ccee,25/0/75,-0.27341434359550476,-0.01775502599775791
functional_last,functional,cosine,dolly,20,mean,-1,/weka/scratch/jhu/cpriebe1/MO/model-taxonomy/results/shared_cache/03_adapters/allenai--OLMo-2-0425-1B-Instruct/yahoo_000g1_100g2_000g3_n1000_s00_r16_i00_b5008_fea27ccee,0/100/0,0.321640282869339,-0.20200763642787933
functional_last,functional,cosine,dolly,20,mean,-1,/weka/scratch/jhu/cpriebe1/MO/model-taxonomy/results/shared_cache/03_adapters/allenai--OLMo-2-0425-1B-Instruct/yahoo_000g1_075g2_025g3_n1000_s00_r16_i00_b5008_fea27ccee,0/75/25,0.17019672691822052,-0.19422753155231476
functional_last,functional,cosine,dolly,20,mean,-1,/weka/scratch/jhu/cpriebe1/MO/model-taxonomy/results/shared_cache/03_adapters/allenai--OLMo-2-0425-1B-Instruct/yahoo_000g1_050g2_050g3_n1000_s00_r16_i00_b5008_fea27ccee,0/50/50,0.029636576771736145,-0.2009790539741516
functional_last,functional,cosine,dolly,20,mean,-1,/weka/scratch/jhu/cpriebe1/MO/model-taxonomy/results/shared_cache/03_adapters/allenai--OLMo-2-0425-1B-Instruct/yahoo_000g1_025g2_075g3_n1000_s00_r16_i00_b5008_fea27ccee,0/25/75,-0.16391821205615997,-0.19490623474121094
functional_last,functional,cosine,dolly,20,mean,-1,/weka/scratch/jhu/cpriebe1/MO/model-taxonomy/results/shared_cache/03_adapters/allenai--OLMo-2-0425-1B-Instruct/yahoo_000g1_000g2_100g3_n1000_s00_r16_i00_b5008_fea27ccee,0/0/100,-0.36661002039909363,-0.17740902304649353
functional_last,functional,cosine,dolly,20,seed_aligned,0,/weka/scratch/jhu/cpriebe1/MO/model-taxonomy/results/shared_cache/03_adapters/allenai--OLMo-2-0425-1B-Instruct/yahoo_100g1_000g2_000g3_n1000_s00_r16_i00_b5008_fea27ccee,100/0/0,-1.1191610751032615e-16,0.35798728466033936
functional_last,functional,cosine,dolly,20,seed_aligned,0,/weka/scratch/jhu/cpriebe1/MO/model-taxonomy/results/shared_cache/03_adapters/allenai--OLMo-2-0425-1B-Instruct/yahoo_075g1_025g2_000g3_n1000_s00_r16_i00_b5008_fea27ccee,75/25/0,0.09036323428153992,0.21472658216953278
functional_last,functional,cosine,dolly,20,seed_aligned,0,/weka/scratch/jhu/cpriebe1/MO/model-taxonomy/results/shared_cache/03_adapters/allenai--OLMo-2-0425-1B-Instruct/yahoo_075g1_000g2_025g3_n1000_s00_r16_i00_b5008_fea27ccee,75/0/25,-0.09157256036996841,0.257564902305603
functional_last,functional,cosine,dolly,20,seed_aligned,0,/weka/scratch/jhu/cpriebe1/MO/model-taxonomy/results/shared_cache/03_adapters/allenai--OLMo-2-0425-1B-Instruct/yahoo_050g1_050g2_000g3_n1000_s00_r16_i00_b5008_fea27ccee,50/50/0,0.17762169241905212,0.0710473284125328
functional_last,functional,cosine,dolly,20,seed_aligned,0,/weka/scratch/jhu/cpriebe1/MO/model-taxonomy/results/shared_cache/03_adapters/allenai--OLMo-2-0425-1B-Instruct/yahoo_050g1_025g2_025g3_n1000_s00_r16_i00_b5008_fea27ccee,50/25/25,0.0090971440076828,0.10085808485746384
functional_last,functional,cosine,dolly,20,seed_aligned,0,/weka/scratch/jhu/cpriebe1/MO/model-taxonomy/results/shared_cache/03_adapters/allenai--OLMo-2-0425-1B-Instruct/yahoo_050g1_000g2_050g3_n1000_s00_r16_i00_b5008_fea27ccee,50/0/50,-0.18937203288078308,0.13135211169719696
functional_last,functional,cosine,dolly,20,seed_aligned,0,/weka/scratch/jhu/cpriebe1/MO/model-taxonomy/results/shared_cache/03_adapters/allenai--OLMo-2-0425-1B-Instruct/yahoo_033g1_033g2_033g3_n1000_s00_r16_i00_b5008_fea27ccee,33/33/33,0.013894595205783844,-0.00033219001488760114
functional_last,functional,cosine,dolly,20,seed_aligned,0,/weka/scratch/jhu/cpriebe1/MO/model-taxonomy/results/shared_cache/03_adapters/allenai--OLMo-2-0425-1B-Instruct/yahoo_025g1_075g2_000g3_n1000_s00_r16_i00_b5008_fea27ccee,25/75/0,0.24510838091373444,-0.05833083763718605
functional_last,functional,cosine,dolly,20,seed_aligned,0,/weka/scratch/jhu/cpriebe1/MO/model-taxonomy/results/shared_cache/03_adapters/allenai--OLMo-2-0425-1B-Instruct/yahoo_025g1_050g2_025g3_n1000_s00_r16_i00_b5008_fea27ccee,25/50/25,0.10549082607030869,-0.0510483980178833
functional_last,functional,cosine,dolly,20,seed_aligned,0,/weka/scratch/jhu/cpriebe1/MO/model-taxonomy/results/shared_cache/03_adapters/allenai--OLMo-2-0425-1B-Instruct/yahoo_025g1_025g2_050g3_n1000_s00_r16_i00_b5008_fea27ccee,25/25/50,-0.0781622976064682,-0.03654035925865173
functional_last,functional,cosine,dolly,20,seed_aligned,0,/weka/scratch/jhu/cpriebe1/MO/model-taxonomy/results/shared_cache/03_adapters/allenai--OLMo-2-0425-1B-Instruct/yahoo_025g1_000g2_075g3_n1000_s00_r16_i00_b5008_fea27ccee,25/0/75,-0.27341434359550476,-0.01775502599775791
functional_last,functional,cosine,dolly,20,seed_aligned,0,/weka/scratch/jhu/cpriebe1/MO/model-taxonomy/results/shared_cache/03_adapters/allenai--OLMo-2-0425-1B-Instruct/yahoo_000g1_100g2_000g3_n1000_s00_r16_i00_b5008_fea27ccee,0/100/0,0.321640282869339,-0.20200763642787933
functional_last,functional,cosine,dolly,20,seed_aligned,0,/weka/scratch/jhu/cpriebe1/MO/model-taxonomy/results/shared_cache/03_adapters/allenai--OLMo-2-0425-1B-Instruct/yahoo_000g1_075g2_025g3_n1000_s00_r16_i00_b5008_fea27ccee,0/75/25,0.17019672691822052,-0.19422753155231476
functional_last,functional,cosine,dolly,20,seed_aligned,0,/weka/scratch/jhu/cpriebe1/MO/model-taxonomy/results/shared_cache/03_adapters/allenai--OLMo-2-0425-1B-Instruct/yahoo_000g1_050g2_050g3_n1000_s00_r16_i00_b5008_fea27ccee,0/50/50,0.029636576771736145,-0.2009790539741516
functional_last,functional,cosine,dolly,20,seed_aligned,0,/weka/scratch/jhu/cpriebe1/MO/model-taxonomy/results/shared_cache/03_adapters/allenai--OLMo-2-0425-1B-Instruct/yahoo_000g1_025g2_075g3_n1000_s00_r16_i00_b5008_fea27ccee,0/25/75,-0.16391821205615997,-0.19490623474121094
functional_last,functional,cosine,dolly,20,seed_aligned,0,/weka/scratch/jhu/cpriebe1/MO/model-taxonomy/results/shared_cache/03_adapters/allenai--OLMo-2-0425-1B-Instruct/yahoo_000g1_000g2_100g3_n1000_s00_r16_i00_b5008_fea27ccee,0/0/100,-0.36661002039909363,-0.17740902304649353
functional_last,functional,cosine,dolly,50,pooled,-1,/weka/scratch/jhu/cpriebe1/MO/model-taxonomy/results/shared_cache/03_adapters/allenai--OLMo-2-0425-1B-Instruct/yahoo_100g1_000g2_000g3_n1000_s00_r16_i00_b5008_fea27ccee,100/0/0,-1.0240077099144286e-16,0.35742905735969543
functional_last,functional,cosine,dolly,50,pooled,-1,/weka/scratch/jhu/cpriebe1/MO/model-taxonomy/results/shared_cache/03_adapters/allenai--OLMo-2-0425-1B-Instruct/yahoo_075g1_025g2_000g3_n1000_s00_r16_i00_b5008_fea27ccee,75/25/0,0.08986630290746689,0.21365034580230713
functional_last,functional,cosine,dolly,50,pooled,-1,/weka/scratch/jhu/cpriebe1/MO/model-taxonomy/results/shared_cache/03_adapters/allenai--OLMo-2-0425-1B-Instruct/yahoo_075g1_000g2_025g3_n1000_s00_r16_i00_b5008_fea27ccee,75/0/25,-0.09183087199926376,0.2570021152496338
functional_last,functional,cosine,dolly,50,pooled,-1,/weka/scratch/jhu/cpriebe1/MO/model-taxonomy/results/shared_cache/03_adapters/allenai--OLMo-2-0425-1B-Instruct/yahoo_050g1_050g2_000g3_n1000_s00_r16_i00_b5008_fea27ccee,50/50/0,0.17799285054206848,0.071905717253685
functional_last,functional,cosine,dolly,50,pooled,-1,/weka/scratch/jhu/cpriebe1/MO/model-taxonomy/results/shared_cache/03_adapters/allenai--OLMo-2-0425-1B-Instruct/yahoo_050g1_025g2_025g3_n1000_s00_r16_i00_b5008_fea27ccee,50/25/25,0.00887956004589796,0.10063887387514114
functional_last,functional,cosine,dolly,50,pooled,-1,/weka/scratch/jhu/cpriebe1/MO/model-taxonomy/results/shared_cache/03_adapters/allenai--OLMo-2-0425-1B-Instruct/yahoo_050g1_000g2_050g3_n1000_s00_r16_i00_b5008_fea27ccee,50/0/50,-0.19074566662311554,0.13160647451877594
functional_last,functional,cosine,dolly,50,pooled,-1,/weka/scratch/jhu/cpriebe1/MO/model-taxonomy/results/shared_cache/03_adapters/allenai--OLMo-2-0425-1B-Instruct/yahoo_033g1_033g2_033g3_n1000_s00_r16_i00_b5008_fea27ccee,33/33/33,0.014383113011717796,-0.0006875959224998951
functional_last,functional,cosine,dolly,50,pooled,-1,/weka/scratch/jhu/cpriebe1/MO/model-taxonomy/results/shared_cache/03_adapters/allenai--OLMo-2-0425-1B-Instruct/yahoo_025g1_075g2_000g3_n1000_s00_r16_i00_b5008_fea27ccee,25/75/0,0.2454087883234024,-0.05775335431098938
functional_last,functional,cosine,dolly,50,pooled,-1,/weka/scratch/jhu/cpriebe1/MO/model-taxonomy/results/shared_cache/03_adapters/allenai--OLMo-2-0425-1B-Instruct/yahoo_025g1_050g2_025g3_n1000_s00_r16_i00_b5008_fea27ccee,25/50/25,0.10506908595561981,-0.050762683153152466
functional_last,functional,cosine,dolly,50,pooled,-1,/weka/scratch/jhu/cpriebe1/MO/model-taxonomy/results/shared_cache/03_adapters/allenai--OLMo-2-0425-1B-Instruct/yahoo_025g1_025g2_050g3_n1000_s00_r16_i00_b5008_fea27ccee,25/25/50,-0.07785749435424805,-0.036886077374219894
functional_last,functional,cosine,dolly,50,pooled,-1,/weka/scratch/jhu/cpriebe1/MO/model-taxonomy/results/shared_cache/03_adapters/allenai--OLMo-2-0425-1B-Instruct/yahoo_025g1_000g2_075g3_n1000_s00_r16_i00_b5008_fea27ccee,25/0/75,-0.2734857201576233,-0.01846507005393505
functional_last,functional,cosine,dolly,50,pooled,-1,/weka/scratch/jhu/cpriebe1/MO/model-taxonomy/results/shared_cache/03_adapters/allenai--OLMo-2-0425-1B-Instruct/yahoo_000g1_100g2_000g3_n1000_s00_r16_i00_b5008_fea27ccee,0/100/0,0.32318344712257385,-0.20135939121246338
functional_last,functional,cosine,dolly,50,pooled,-1,/weka/scratch/jhu/cpriebe1/MO/model-taxonomy/results/shared_cache/03_adapters/allenai--OLMo-2-0425-1B-Instruct/yahoo_000g1_075g2_025g3_n1000_s00_r16_i00_b5008_fea27ccee,0/75/25,0.17028263211250305,-0.1933150291442871
functional_last,functional,cosine,dolly,50,pooled,-1,/weka/scratch/jhu/cpriebe1/MO/model-taxonomy/results/shared_cache/03_adapters/allenai--OLMo-2-0425-1B-Instruct/yahoo_000g1_050g2_050g3_n1000_s00_r16_i00_b5008_fea27ccee,0/50/50,0.029213473200798035,-0.2007851004600525
functional_last,functional,cosine,dolly,50,pooled,-1,/weka/scratch/jhu/cpriebe1/MO/model-taxonomy/results/shared_cache/03_adapters/allenai--OLMo-2-0425-1B-Instruct/yahoo_000g1_025g2_075g3_n1000_s00_r16_i00_b5008_fea27ccee,0/25/75,-0.1633918583393097,-0.195329949259758
functional_last,functional,cosine,dolly,50,pooled,-1,/weka/scratch/jhu/cpriebe1/MO/model-taxonomy/results/shared_cache/03_adapters/allenai--OLMo-2-0425-1B-Instruct/yahoo_000g1_000g2_100g3_n1000_s00_r16_i00_b5008_fea27ccee,0/0/100,-0.36696764826774597,-0.1768883317708969
functional_last,functional,cosine,dolly,50,mean,-1,/weka/scratch/jhu/cpriebe1/MO/model-taxonomy/results/shared_cache/03_adapters/allenai--OLMo-2-0425-1B-Instruct/yahoo_100g1_000g2_000g3_n1000_s00_r16_i00_b5008_fea27ccee,100/0/0,-1.0240077099144286e-16,0.35742905735969543
functional_last,functional,cosine,dolly,50,mean,-1,/weka/scratch/jhu/cpriebe1/MO/model-taxonomy/results/shared_cache/03_adapters/allenai--OLMo-2-0425-1B-Instruct/yahoo_075g1_025g2_000g3_n1000_s00_r16_i00_b5008_fea27ccee,75/25/0,0.08986630290746689,0.21365034580230713
functional_last,functional,cosine,dolly,50,mean,-1,/weka/scratch/jhu/cpriebe1/MO/model-taxonomy/results/shared_cache/03_adapters/allenai--OLMo-2-0425-1B-Instruct/yahoo_075g1_000g2_025g3_n1000_s00_r16_i00_b5008_fea27ccee,75/0/25,-0.09183087199926376,0.2570021152496338
functional_last,functional,cosine,dolly,50,mean,-1,/weka/scratch/jhu/cpriebe1/MO/model-taxonomy/results/shared_cache/03_adapters/allenai--OLMo-2-0425-1B-Instruct/yahoo_050g1_050g2_000g3_n1000_s00_r16_i00_b5008_fea27ccee,50/50/0,0.17799285054206848,0.071905717253685
functional_last,functional,cosine,dolly,50,mean,-1,/weka/scratch/jhu/cpriebe1/MO/model-taxonomy/results/shared_cache/03_adapters/allenai--OLMo-2-0425-1B-Instruct/yahoo_050g1_025g2_025g3_n1000_s00_r16_i00_b5008_fea27ccee,50/25/25,0.00887956004589796,0.10063887387514114
functional_last,functional,cosine,dolly,50,mean,-1,/weka/scratch/jhu/cpriebe1/MO/model-taxonomy/results/shared_cache/03_adapters/allenai--OLMo-2-0425-1B-Instruct/yahoo_050g1_000g2_050g3_n1000_s00_r16_i00_b5008_fea27ccee,50/0/50,-0.19074566662311554,0.13160647451877594
functional_last,functional,cosine,dolly,50,mean,-1,/weka/scratch/jhu/cpriebe1/MO/model-taxonomy/results/shared_cache/03_adapters/allenai--OLMo-2-0425-1B-Instruct/yahoo_033g1_033g2_033g3_n1000_s00_r16_i00_b5008_fea27ccee,33/33/33,0.014383113011717796,-0.0006875959224998951
functional_last,functional,cosine,dolly,50,mean,-1,/weka/scratch/jhu/cpriebe1/MO/model-taxonomy/results/shared_cache/03_adapters/allenai--OLMo-2-0425-1B-Instruct/yahoo_025g1_075g2_000g3_n1000_s00_r16_i00_b5008_fea27ccee,25/75/0,0.2454087883234024,-0.05775335431098938
functional_last,functional,cosine,dolly,50,mean,-1,/weka/scratch/jhu/cpriebe1/MO/model-taxonomy/results/shared_cache/03_adapters/allenai--OLMo-2-0425-1B-Instruct/yahoo_025g1_050g2_025g3_n1000_s00_r16_i00_b5008_fea27ccee,25/50/25,0.10506908595561981,-0.050762683153152466
functional_last,functional,cosine,dolly,50,mean,-1,/weka/scratch/jhu/cpriebe1/MO/model-taxonomy/results/shared_cache/03_adapters/allenai--OLMo-2-0425-1B-Instruct/yahoo_025g1_025g2_050g3_n1000_s00_r16_i00_b5008_fea27ccee,25/25/50,-0.07785749435424805,-0.036886077374219894
functional_last,functional,cosine,dolly,50,mean,-1,/weka/scratch/jhu/cpriebe1/MO/model-taxonomy/results/shared_cache/03_adapters/allenai--OLMo-2-0425-1B-Instruct/yahoo_025g1_000g2_075g3_n1000_s00_r16_i00_b5008_fea27ccee,25/0/75,-0.2734857201576233,-0.01846507005393505
functional_last,functional,cosine,dolly,50,mean,-1,/weka/scratch/jhu/cpriebe1/MO/model-taxonomy/results/shared_cache/03_adapters/allenai--OLMo-2-0425-1B-Instruct/yahoo_000g1_100g2_000g3_n1000_s00_r16_i00_b5008_fea27ccee,0/100/0,0.32318344712257385,-0.20135939121246338
functional_last,functional,cosine,dolly,50,mean,-1,/weka/scratch/jhu/cpriebe1/MO/model-taxonomy/results/shared_cache/03_adapters/allenai--OLMo-2-0425-1B-Instruct/yahoo_000g1_075g2_025g3_n1000_s00_r16_i00_b5008_fea27ccee,0/75/25,0.17028263211250305,-0.1933150291442871
functional_last,functional,cosine,dolly,50,mean,-1,/weka/scratch/jhu/cpriebe1/MO/model-taxonomy/results/shared_cache/03_adapters/allenai--OLMo-2-0425-1B-Instruct/yahoo_000g1_050g2_050g3_n1000_s00_r16_i00_b5008_fea27ccee,0/50/50,0.029213473200798035,-0.2007851004600525
functional_last,functional,cosine,dolly,50,mean,-1,/weka/scratch/jhu/cpriebe1/MO/model-taxonomy/results/shared_cache/03_adapters/allenai--OLMo-2-0425-1B-Instruct/yahoo_000g1_025g2_075g3_n1000_s00_r16_i00_b5008_fea27ccee,0/25/75,-0.1633918583393097,-0.195329949259758
functional_last,functional,cosine,dolly,50,mean,-1,/weka/scratch/jhu/cpriebe1/MO/model-taxonomy/results/shared_cache/03_adapters/allenai--OLMo-2-0425-1B-Instruct/yahoo_000g1_000g2_100g3_n1000_s00_r16_i00_b5008_fea27ccee,0/0/100,-0.36696764826774597,-0.1768883317708969
functional_last,functional,cosine,dolly,50,seed_aligned,0,/weka/scratch/jhu/cpriebe1/MO/model-taxonomy/results/shared_cache/03_adapters/allenai--OLMo-2-0425-1B-Instruct/yahoo_100g1_000g2_000g3_n1000_s00_r16_i00_b5008_fea27ccee,100/0/0,-1.0240077099144286e-16,0.35742905735969543
functional_last,functional,cosine,dolly,50,seed_aligned,0,/weka/scratch/jhu/cpriebe1/MO/model-taxonomy/results/shared_cache/03_adapters/allenai--OLMo-2-0425-1B-Instruct/yahoo_075g1_025g2_000g3_n1000_s00_r16_i00_b5008_fea27ccee,75/25/0,0.08986630290746689,0.21365034580230713
functional_last,functional,cosine,dolly,50,seed_aligned,0,/weka/scratch/jhu/cpriebe1/MO/model-taxonomy/results/shared_cache/03_adapters/allenai--OLMo-2-0425-1B-Instruct/yahoo_075g1_000g2_025g3_n1000_s00_r16_i00_b5008_fea27ccee,75/0/25,-0.09183087199926376,0.2570021152496338
functional_last,functional,cosine,dolly,50,seed_aligned,0,/weka/scratch/jhu/cpriebe1/MO/model-taxonomy/results/shared_cache/03_adapters/allenai--OLMo-2-0425-1B-Instruct/yahoo_050g1_050g2_000g3_n1000_s00_r16_i00_b5008_fea27ccee,50/50/0,0.17799285054206848,0.071905717253685
functional_last,functional,cosine,dolly,50,seed_aligned,0,/weka/scratch/jhu/cpriebe1/MO/model-taxonomy/results/shared_cache/03_adapters/allenai--OLMo-2-0425-1B-Instruct/yahoo_050g1_025g2_025g3_n1000_s00_r16_i00_b5008_fea27ccee,50/25/25,0.00887956004589796,0.10063887387514114
functional_last,functional,cosine,dolly,50,seed_aligned,0,/weka/scratch/jhu/cpriebe1/MO/model-taxonomy/results/shared_cache/03_adapters/allenai--OLMo-2-0425-1B-Instruct/yahoo_050g1_000g2_050g3_n1000_s00_r16_i00_b5008_fea27ccee,50/0/50,-0.19074566662311554,0.13160647451877594
functional_last,functional,cosine,dolly,50,seed_aligned,0,/weka/scratch/jhu/cpriebe1/MO/model-taxonomy/results/shared_cache/03_adapters/allenai--OLMo-2-0425-1B-Instruct/yahoo_033g1_033g2_033g3_n1000_s00_r16_i00_b5008_fea27ccee,33/33/33,0.014383113011717796,-0.0006875959224998951
functional_last,functional,cosine,dolly,50,seed_aligned,0,/weka/scratch/jhu/cpriebe1/MO/model-taxonomy/results/shared_cache/03_adapters/allenai--OLMo-2-0425-1B-Instruct/yahoo_025g1_075g2_000g3_n1000_s00_r16_i00_b5008_fea27ccee,25/75/0,0.2454087883234024,-0.05775335431098938
functional_last,functional,cosine,dolly,50,seed_aligned,0,/weka/scratch/jhu/cpriebe1/MO/model-taxonomy/results/shared_cache/03_adapters/allenai--OLMo-2-0425-1B-Instruct/yahoo_025g1_050g2_025g3_n1000_s00_r16_i00_b5008_fea27ccee,25/50/25,0.10506908595561981,-0.050762683153152466
functional_last,functional,cosine,dolly,50,seed_aligned,0,/weka/scratch/jhu/cpriebe1/MO/model-taxonomy/results/shared_cache/03_adapters/allenai--OLMo-2-0425-1B-Instruct/yahoo_025g1_025g2_050g3_n1000_s00_r16_i00_b5008_fea27ccee,25/25/50,-0.07785749435424805,-0.036886077374219894
functional_last,functional,cosine,dolly,50,seed_aligned,0,/weka/scratch/jhu/cpriebe1/MO/model-taxonomy/results/shared_cache/03_adapters/allenai--OLMo-2-0425-1B-Instruct/yahoo_025g1_000g2_075g3_n1000_s00_r16_i00_b5008_fea27ccee,25/0/75,-0.2734857201576233,-0.01846507005393505
functional_last,functional,cosine,dolly,50,seed_aligned,0,/weka/scratch/jhu/cpriebe1/MO/model-taxonomy/results/shared_cache/03_adapters/allenai--OLMo-2-0425-1B-Instruct/yahoo_000g1_100g2_000g3_n1000_s00_r16_i00_b5008_fea27ccee,0/100/0,0.32318344712257385,-0.20135939121246338
functional_last,functional,cosine,dolly,50,seed_aligned,0,/weka/scratch/jhu/cpriebe1/MO/model-taxonomy/results/shared_cache/03_adapters/allenai--OLMo-2-0425-1B-Instruct/yahoo_000g1_075g2_025g3_n1000_s00_r16_i00_b5008_fea27ccee,0/75/25,0.17028263211250305,-0.1933150291442871
functional_last,functional,cosine,dolly,50,seed_aligned,0,/weka/scratch/jhu/cpriebe1/MO/model-taxonomy/results/shared_cache/03_adapters/allenai--OLMo-2-0425-1B-Instruct/yahoo_000g1_050g2_050g3_n1000_s00_r16_i00_b5008_fea27ccee,0/50/50,0.029213473200798035,-0.2007851004600525
functional_last,functional,cosine,dolly,50,seed_aligned,0,/weka/scratch/jhu/cpriebe1/MO/model-taxonomy/results/shared_cache/03_adapters/allenai--OLMo-2-0425-1B-Instruct/yahoo_000g1_025g2_075g3_n1000_s00_r16_i00_b5008_fea27ccee,0/25/75,-0.1633918583393097,-0.195329949259758
functional_last,functional,cosine,dolly,50,seed_aligned,0,/weka/scratch/jhu/cpriebe1/MO/model-taxonomy/results/shared_cache/03_adapters/allenai--OLMo-2-0425-1B-Instruct/yahoo_000g1_000g2_100g3_n1000_s00_r16_i00_b5008_fea27ccee,0/0/100,-0.36696764826774597,-0.1768883317708969
functional_last,functional,cosine,oasst1zh,0,pooled,-1,/weka/scratch/jhu/cpriebe1/MO/model-taxonomy/results/shared_cache/03_adapters/allenai--OLMo-2-0425-1B-Instruct/yahoo_100g1_000g2_000g3_n1000_s00_r16_i00_b5008_fea27ccee,100/0/0,1.8615213716896013e-18,0.3479224741458893
functional_last,functional,cosine,oasst1zh,0,pooled,-1,/weka/scratch/jhu/cpriebe1/MO/model-taxonomy/results/shared_cache/03_adapters/allenai--OLMo-2-0425-1B-Instruct/yahoo_075g1_025g2_000g3_n1000_s00_r16_i00_b5008_fea27ccee,75/25/0,0.09351897984743118,0.21094997227191925
functional_last,functional,cosine,oasst1zh,0,pooled,-1,/weka/scratch/jhu/cpriebe1/MO/model-taxonomy/results/shared_cache/03_adapters/allenai--OLMo-2-0425-1B-Instruct/yahoo_075g1_000g2_025g3_n1000_s00_r16_i00_b5008_fea27ccee,75/0/25,-0.08838793635368347,0.24904270470142365
functional_last,functional,cosine,oasst1zh,0,pooled,-1,/weka/scratch/jhu/cpriebe1/MO/model-taxonomy/results/shared_cache/03_adapters/allenai--OLMo-2-0425-1B-Instruct/yahoo_050g1_050g2_000g3_n1000_s00_r16_i00_b5008_fea27ccee,50/50/0,0.17614339292049408,0.07127611339092255
functional_last,functional,cosine,oasst1zh,0,pooled,-1,/weka/scratch/jhu/cpriebe1/MO/model-taxonomy/results/shared_cache/03_adapters/allenai--OLMo-2-0425-1B-Instruct/yahoo_050g1_025g2_025g3_n1000_s00_r16_i00_b5008_fea27ccee,50/25/25,0.016709616407752037,0.10302087664604187
functional_last,functional,cosine,oasst1zh,0,pooled,-1,/weka/scratch/jhu/cpriebe1/MO/model-taxonomy/results/shared_cache/03_adapters/allenai--OLMo-2-0425-1B-Instruct/yahoo_050g1_000g2_050g3_n1000_s00_r16_i00_b5008_fea27ccee,50/0/50,-0.18491537868976593,0.12957434356212616
functional_last,functional,cosine,oasst1zh,0,pooled,-1,/weka/scratch/jhu/cpriebe1/MO/model-taxonomy/results/shared_cache/03_adapters/allenai--OLMo-2-0425-1B-Instruct/yahoo_033g1_033g2_033g3_n1000_s00_r16_i00_b5008_fea27ccee,33/33/33,0.014257128350436687,-0.00474268663674593
functional_last,functional,cosine,oasst1zh,0,pooled,-1,/weka/scratch/jhu/cpriebe1/MO/model-taxonomy/results/shared_cache/03_adapters/allenai--OLMo-2-0425-1B-Instruct/yahoo_025g1_075g2_000g3_n1000_s00_r16_i00_b5008_fea27ccee,25/75/0,0.24595943093299866,-0.053659576922655106
functional_last,functional,cosine,oasst1zh,0,pooled,-1,/weka/scratch/jhu/cpriebe1/MO/model-taxonomy/results/shared_cache/03_adapters/allenai--OLMo-2-0425-1B-Instruct/yahoo_025g1_050g2_025g3_n1000_s00_r16_i00_b5008_fea27ccee,25/50/25,0.1088036522269249,-0.04617667198181152
functional_last,functional,cosine,oasst1zh,0,pooled,-1,/weka/scratch/jhu/cpriebe1/MO/model-taxonomy/results/shared_cache/03_adapters/allenai--OLMo-2-0425-1B-Instruct/yahoo_025g1_025g2_050g3_n1000_s00_r16_i00_b5008_fea27ccee,25/25/50,-0.07372907549142838,-0.03525032103061676
functional_last,functional,cosine,oasst1zh,0,pooled,-1,/weka/scratch/jhu/cpriebe1/MO/model-taxonomy/results/shared_cache/03_adapters/allenai--OLMo-2-0425-1B-Instruct/yahoo_025g1_000g2_075g3_n1000_s00_r16_i00_b5008_fea27ccee,25/0/75,-0.2797568142414093,-0.01931734010577202
functional_last,functional,cosine,oasst1zh,0,pooled,-1,/weka/scratch/jhu/cpriebe1/MO/model-taxonomy/results/shared_cache/03_adapters/allenai--OLMo-2-0425-1B-Instruct/yahoo_000g1_100g2_000g3_n1000_s00_r16_i00_b5008_fea27ccee,0/100/0,0.322151780128479,-0.20514707267284393
functional_last,functional,cosine,oasst1zh,0,pooled,-1,/weka/scratch/jhu/cpriebe1/MO/model-taxonomy/results/shared_cache/03_adapters/allenai--OLMo-2-0425-1B-Instruct/yahoo_000g1_075g2_025g3_n1000_s00_r16_i00_b5008_fea27ccee,0/75/25,0.17607375979423523,-0.19527095556259155
functional_last,functional,cosine,oasst1zh,0,pooled,-1,/weka/scratch/jhu/cpriebe1/MO/model-taxonomy/results/shared_cache/03_adapters/allenai--OLMo-2-0425-1B-Instruct/yahoo_000g1_050g2_050g3_n1000_s00_r16_i00_b5008_fea27ccee,0/50/50,0.0286969393491745,-0.20043990015983582
functional_last,functional,cosine,oasst1zh,0,pooled,-1,/weka/scratch/jhu/cpriebe1/MO/model-taxonomy/results/shared_cache/03_adapters/allenai--OLMo-2-0425-1B-Instruct/yahoo_000g1_025g2_075g3_n1000_s00_r16_i00_b5008_fea27ccee,0/25/75,-0.171626478433609,-0.1879524290561676
functional_last,functional,cosine,oasst1zh,0,pooled,-1,/weka/scratch/jhu/cpriebe1/MO/model-taxonomy/results/shared_cache/03_adapters/allenai--OLMo-2-0425-1B-Instruct/yahoo_000g1_000g2_100g3_n1000_s00_r16_i00_b5008_fea27ccee,0/0/100,-0.3838990032672882,-0.163829505443573
functional_last,functional,cosine,oasst1zh,0,mean,-1,/weka/scratch/jhu/cpriebe1/MO/model-taxonomy/results/shared_cache/03_adapters/allenai--OLMo-2-0425-1B-Instruct/yahoo_100g1_000g2_000g3_n1000_s00_r16_i00_b5008_fea27ccee,100/0/0,1.8615213716896013e-18,0.3479224741458893
functional_last,functional,cosine,oasst1zh,0,mean,-1,/weka/scratch/jhu/cpriebe1/MO/model-taxonomy/results/shared_cache/03_adapters/allenai--OLMo-2-0425-1B-Instruct/yahoo_075g1_025g2_000g3_n1000_s00_r16_i00_b5008_fea27ccee,75/25/0,0.09351897984743118,0.21094997227191925
functional_last,functional,cosine,oasst1zh,0,mean,-1,/weka/scratch/jhu/cpriebe1/MO/model-taxonomy/results/shared_cache/03_adapters/allenai--OLMo-2-0425-1B-Instruct/yahoo_075g1_000g2_025g3_n1000_s00_r16_i00_b5008_fea27ccee,75/0/25,-0.08838793635368347,0.24904270470142365
functional_last,functional,cosine,oasst1zh,0,mean,-1,/weka/scratch/jhu/cpriebe1/MO/model-taxonomy/results/shared_cache/03_adapters/allenai--OLMo-2-0425-1B-Instruct/yahoo_050g1_050g2_000g3_n1000_s00_r16_i00_b5008_fea27ccee,50/50/0,0.17614339292049408,0.07127611339092255
functional_last,functional,cosine,oasst1zh,0,mean,-1,/weka/scratch/jhu/cpriebe1/MO/model-taxonomy/results/shared_cache/03_adapters/allenai--OLMo-2-0425-1B-Instruct/yahoo_050g1_025g2_025g3_n1000_s00_r16_i00_b5008_fea27ccee,50/25/25,0.016709616407752037,0.10302087664604187
functional_last,functional,cosine,oasst1zh,0,mean,-1,/weka/scratch/jhu/cpriebe1/MO/model-taxonomy/results/shared_cache/03_adapters/allenai--OLMo-2-0425-1B-Instruct/yahoo_050g1_000g2_050g3_n1000_s00_r16_i00_b5008_fea27ccee,50/0/50,-0.18491537868976593,0.12957434356212616
functional_last,functional,cosine,oasst1zh,0,mean,-1,/weka/scratch/jhu/cpriebe1/MO/model-taxonomy/results/shared_cache/03_adapters/allenai--OLMo-2-0425-1B-Instruct/yahoo_033g1_033g2_033g3_n1000_s00_r16_i00_b5008_fea27ccee,33/33/33,0.014257128350436687,-0.00474268663674593
functional_last,functional,cosine,oasst1zh,0,mean,-1,/weka/scratch/jhu/cpriebe1/MO/model-taxonomy/results/shared_cache/03_adapters/allenai--OLMo-2-0425-1B-Instruct/yahoo_025g1_075g2_000g3_n1000_s00_r16_i00_b5008_fea27ccee,25/75/0,0.24595943093299866,-0.053659576922655106
functional_last,functional,cosine,oasst1zh,0,mean,-1,/weka/scratch/jhu/cpriebe1/MO/model-taxonomy/results/shared_cache/03_adapters/allenai--OLMo-2-0425-1B-Instruct/yahoo_025g1_050g2_025g3_n1000_s00_r16_i00_b5008_fea27ccee,25/50/25,0.1088036522269249,-0.04617667198181152
functional_last,functional,cosine,oasst1zh,0,mean,-1,/weka/scratch/jhu/cpriebe1/MO/model-taxonomy/results/shared_cache/03_adapters/allenai--OLMo-2-0425-1B-Instruct/yahoo_025g1_025g2_050g3_n1000_s00_r16_i00_b5008_fea27ccee,25/25/50,-0.07372907549142838,-0.03525032103061676
functional_last,functional,cosine,oasst1zh,0,mean,-1,/weka/scratch/jhu/cpriebe1/MO/model-taxonomy/results/shared_cache/03_adapters/allenai--OLMo-2-0425-1B-Instruct/yahoo_025g1_000g2_075g3_n1000_s00_r16_i00_b5008_fea27ccee,25/0/75,-0.2797568142414093,-0.01931734010577202
functional_last,functional,cosine,oasst1zh,0,mean,-1,/weka/scratch/jhu/cpriebe1/MO/model-taxonomy/results/shared_cache/03_adapters/allenai--OLMo-2-0425-1B-Instruct/yahoo_000g1_100g2_000g3_n1000_s00_r16_i00_b5008_fea27ccee,0/100/0,0.322151780128479,-0.20514707267284393
functional_last,functional,cosine,oasst1zh,0,mean,-1,/weka/scratch/jhu/cpriebe1/MO/model-taxonomy/results/shared_cache/03_adapters/allenai--OLMo-2-0425-1B-Instruct/yahoo_000g1_075g2_025g3_n1000_s00_r16_i00_b5008_fea27ccee,0/75/25,0.17607375979423523,-0.19527095556259155
functional_last,functional,cosine,oasst1zh,0,mean,-1,/weka/scratch/jhu/cpriebe1/MO/model-taxonomy/results/shared_cache/03_adapters/allenai--OLMo-2-0425-1B-Instruct/yahoo_000g1_050g2_050g3_n1000_s00_r16_i00_b5008_fea27ccee,0/50/50,0.0286969393491745,-0.20043990015983582
functional_last,functional,cosine,oasst1zh,0,mean,-1,/weka/scratch/jhu/cpriebe1/MO/model-taxonomy/results/shared_cache/03_adapters/allenai--OLMo-2-0425-1B-Instruct/yahoo_000g1_025g2_075g3_n1000_s00_r16_i00_b5008_fea27ccee,0/25/75,-0.171626478433609,-0.1879524290561676
functional_last,functional,cosine,oasst1zh,0,mean,-1,/weka/scratch/jhu/cpriebe1/MO/model-taxonomy/results/shared_cache/03_adapters/allenai--OLMo-2-0425-1B-Instruct/yahoo_000g1_000g2_100g3_n1000_s00_r16_i00_b5008_fea27ccee,0/0/100,-0.3838990032672882,-0.163829505443573
functional_last,functional,cosine,oasst1zh,0,seed_aligned,0,/weka/scratch/jhu/cpriebe1/MO/model-taxonomy/results/shared_cache/03_adapters/allenai--OLMo-2-0425-1B-Instruct/yahoo_100g1_000g2_000g3_n1000_s00_r16_i00_b5008_fea27ccee,100/0/0,1.8615213716896013e-18,0.3479224741458893
functional_last,functional,cosine,oasst1zh,0,seed_aligned,0,/weka/scratch/jhu/cpriebe1/MO/model-taxonomy/results/shared_cache/03_adapters/allenai--OLMo-2-0425-1B-Instruct/yahoo_075g1_025g2_000g3_n1000_s00_r16_i00_b5008_fea27ccee,75/25/0,0.09351897984743118,0.21094997227191925
functional_last,functional,cosine,oasst1zh,0,seed_aligned,0,/weka/scratch/jhu/cpriebe1/MO/model-taxonomy/results/shared_cache/03_adapters/allenai--OLMo-2-0425-1B-Instruct/yahoo_075g1_000g2_025g3_n1000_s00_r16_i00_b5008_fea27ccee,75/0/25,-0.08838793635368347,0.24904270470142365
functional_last,functional,cosine,oasst1zh,0,seed_aligned,0,/weka/scratch/jhu/cpriebe1/MO/model-taxonomy/results/shared_cache/03_adapters/allenai--OLMo-2-0425-1B-Instruct/yahoo_050g1_050g2_000g3_n1000_s00_r16_i00_b5008_fea27ccee,50/50/0,0.17614339292049408,0.07127611339092255
functional_last,functional,cosine,oasst1zh,0,seed_aligned,0,/weka/scratch/jhu/cpriebe1/MO/model-taxonomy/results/shared_cache/03_adapters/allenai--OLMo-2-0425-1B-Instruct/yahoo_050g1_025g2_025g3_n1000_s00_r16_i00_b5008_fea27ccee,50/25/25,0.016709616407752037,0.10302087664604187
functional_last,functional,cosine,oasst1zh,0,seed_aligned,0,/weka/scratch/jhu/cpriebe1/MO/model-taxonomy/results/shared_cache/03_adapters/allenai--OLMo-2-0425-1B-Instruct/yahoo_050g1_000g2_050g3_n1000_s00_r16_i00_b5008_fea27ccee,50/0/50,-0.18491537868976593,0.12957434356212616
functional_last,functional,cosine,oasst1zh,0,seed_aligned,0,/weka/scratch/jhu/cpriebe1/MO/model-taxonomy/results/shared_cache/03_adapters/allenai--OLMo-2-0425-1B-Instruct/yahoo_033g1_033g2_033g3_n1000_s00_r16_i00_b5008_fea27ccee,33/33/33,0.014257128350436687,-0.00474268663674593
functional_last,functional,cosine,oasst1zh,0,seed_aligned,0,/weka/scratch/jhu/cpriebe1/MO/model-taxonomy/results/shared_cache/03_adapters/allenai--OLMo-2-0425-1B-Instruct/yahoo_025g1_075g2_000g3_n1000_s00_r16_i00_b5008_fea27ccee,25/75/0,0.24595943093299866,-0.053659576922655106
functional_last,functional,cosine,oasst1zh,0,seed_aligned,0,/weka/scratch/jhu/cpriebe1/MO/model-taxonomy/results/shared_cache/03_adapters/allenai--OLMo-2-0425-1B-Instruct/yahoo_025g1_050g2_025g3_n1000_s00_r16_i00_b5008_fea27ccee,25/50/25,0.1088036522269249,-0.04617667198181152
functional_last,functional,cosine,oasst1zh,0,seed_aligned,0,/weka/scratch/jhu/cpriebe1/MO/model-taxonomy/results/shared_cache/03_adapters/allenai--OLMo-2-0425-1B-Instruct/yahoo_025g1_025g2_050g3_n1000_s00_r16_i00_b5008_fea27ccee,25/25/50,-0.07372907549142838,-0.03525032103061676
functional_last,functional,cosine,oasst1zh,0,seed_aligned,0,/weka/scratch/jhu/cpriebe1/MO/model-taxonomy/results/shared_cache/03_adapters/allenai--OLMo-2-0425-1B-Instruct/yahoo_025g1_000g2_075g3_n1000_s00_r16_i00_b5008_fea27ccee,25/0/75,-0.2797568142414093,-0.01931734010577202
functional_last,functional,cosine,oasst1zh,0,seed_aligned,0,/weka/scratch/jhu/cpriebe1/MO/model-taxonomy/results/shared_cache/03_adapters/allenai--OLMo-2-0425-1B-Instruct/yahoo_000g1_100g2_000g3_n1000_s00_r16_i00_b5008_fea27ccee,0/100/0,0.322151780128479,-0.20514707267284393
functional_last,functional,cosine,oasst1zh,0,seed_aligned,0,/weka/scratch/jhu/cpriebe1/MO/model-taxonomy/results/shared_cache/03_adapters/allenai--OLMo-2-0425-1B-Instruct/yahoo_000g1_075g2_025g3_n1000_s00_r16_i00_b5008_fea27ccee,0/75/25,0.17607375979423523,-0.19527095556259155
functional_last,functional,cosine,oasst1zh,0,seed_aligned,0,/weka/scratch/jhu/cpriebe1/MO/model-taxonomy/results/shared_cache/03_adapters/allenai--OLMo-2-0425-1B-Instruct/yahoo_000g1_050g2_050g3_n1000_s00_r16_i00_b5008_fea27ccee,0/50/50,0.0286969393491745,-0.20043990015983582
functional_last,functional,cosine,oasst1zh,0,seed_aligned,0,/weka/scratch/jhu/cpriebe1/MO/model-taxonomy/results/shared_cache/03_adapters/allenai--OLMo-2-0425-1B-Instruct/yahoo_000g1_025g2_075g3_n1000_s00_r16_i00_b5008_fea27ccee,0/25/75,-0.171626478433609,-0.1879524290561676
functional_last,functional,cosine,oasst1zh,0,seed_aligned,0,/weka/scratch/jhu/cpriebe1/MO/model-taxonomy/results/shared_cache/03_adapters/allenai--OLMo-2-0425-1B-Instruct/yahoo_000g1_000g2_100g3_n1000_s00_r16_i00_b5008_fea27ccee,0/0/100,-0.3838990032672882,-0.163829505443573
functional_last,functional,cosine,oasst1zh,1,pooled,-1,/weka/scratch/jhu/cpriebe1/MO/model-taxonomy/results/shared_cache/03_adapters/allenai--OLMo-2-0425-1B-Instruct/yahoo_100g1_000g2_000g3_n1000_s00_r16_i00_b5008_fea27ccee,100/0/0,-1.2706000443349388e-17,0.34794363379478455
functional_last,functional,cosine,oasst1zh,1,pooled,-1,/weka/scratch/jhu/cpriebe1/MO/model-taxonomy/results/shared_cache/03_adapters/allenai--OLMo-2-0425-1B-Instruct/yahoo_075g1_025g2_000g3_n1000_s00_r16_i00_b5008_fea27ccee,75/25/0,0.09273254871368408,0.2110140174627304
functional_last,functional,cosine,oasst1zh,1,pooled,-1,/weka/scratch/jhu/cpriebe1/MO/model-taxonomy/results/shared_cache/03_adapters/allenai--OLMo-2-0425-1B-Instruct/yahoo_075g1_000g2_025g3_n1000_s00_r16_i00_b5008_fea27ccee,75/0/25,-0.08911898732185364,0.2487717717885971
functional_last,functional,cosine,oasst1zh,1,pooled,-1,/weka/scratch/jhu/cpriebe1/MO/model-taxonomy/results/shared_cache/03_adapters/allenai--OLMo-2-0425-1B-Instruct/yahoo_050g1_050g2_000g3_n1000_s00_r16_i00_b5008_fea27ccee,50/50/0,0.1757855862379074,0.07174385339021683
functional_last,functional,cosine,oasst1zh,1,pooled,-1,/weka/scratch/jhu/cpriebe1/MO/model-taxonomy/results/shared_cache/03_adapters/allenai--OLMo-2-0425-1B-Instruct/yahoo_050g1_025g2_025g3_n1000_s00_r16_i00_b5008_fea27ccee,50/25/25,0.015906861051917076,0.10295293480157852
functional_last,functional,cosine,oasst1zh,1,pooled,-1,/weka/scratch/jhu/cpriebe1/MO/model-taxonomy/results/shared_cache/03_adapters/allenai--OLMo-2-0425-1B-Instruct/yahoo_050g1_000g2_050g3_n1000_s00_r16_i00_b5008_fea27ccee,50/0/50,-0.18538571894168854,0.1291065216064453
functional_last,functional,cosine,oasst1zh,1,pooled,-1,/weka/scratch/jhu/cpriebe1/MO/model-taxonomy/results/shared_cache/03_adapters/allenai--OLMo-2-0425-1B-Instruct/yahoo_033g1_033g2_033g3_n1000_s00_r16_i00_b5008_fea27ccee,33/33/33,0.013841869309544563,-0.004691114649176598
functional_last,functional,cosine,oasst1zh,1,pooled,-1,/weka/scratch/jhu/cpriebe1/MO/model-taxonomy/results/shared_cache/03_adapters/allenai--OLMo-2-0425-1B-Instruct/yahoo_025g1_075g2_000g3_n1000_s00_r16_i00_b5008_fea27ccee,25/75/0,0.24548350274562836,-0.05371743440628052
functional_last,functional,cosine,oasst1zh,1,pooled,-1,/weka/scratch/jhu/cpriebe1/MO/model-taxonomy/results/shared_cache/03_adapters/allenai--OLMo-2-0425-1B-Instruct/yahoo_025g1_050g2_025g3_n1000_s00_r16_i00_b5008_fea27ccee,25/50/25,0.10844413936138153,-0.04597897082567215
functional_last,functional,cosine,oasst1zh,1,pooled,-1,/weka/scratch/jhu/cpriebe1/MO/model-taxonomy/results/shared_cache/03_adapters/allenai--OLMo-2-0425-1B-Instruct/yahoo_025g1_025g2_050g3_n1000_s00_r16_i00_b5008_fea27ccee,25/25/50,-0.07378114759922028,-0.035539738833904266
functional_last,functional,cosine,oasst1zh,1,pooled,-1,/weka/scratch/jhu/cpriebe1/MO/model-taxonomy/results/shared_cache/03_adapters/allenai--OLMo-2-0425-1B-Instruct/yahoo_025g1_000g2_075g3_n1000_s00_r16_i00_b5008_fea27ccee,25/0/75,-0.2794739007949829,-0.020318223163485527
functional_last,functional,cosine,oasst1zh,1,pooled,-1,/weka/scratch/jhu/cpriebe1/MO/model-taxonomy/results/shared_cache/03_adapters/allenai--OLMo-2-0425-1B-Instruct/yahoo_000g1_100g2_000g3_n1000_s00_r16_i00_b5008_fea27ccee,0/100/0,0.32450658082962036,-0.20167164504528046
functional_last,functional,cosine,oasst1zh,1,pooled,-1,/weka/scratch/jhu/cpriebe1/MO/model-taxonomy/results/shared_cache/03_adapters/allenai--OLMo-2-0425-1B-Instruct/yahoo_000g1_075g2_025g3_n1000_s00_r16_i00_b5008_fea27ccee,0/75/25,0.1764248162508011,-0.19519391655921936
functional_last,functional,cosine,oasst1zh,1,pooled,-1,/weka/scratch/jhu/cpriebe1/MO/model-taxonomy/results/shared_cache/03_adapters/allenai--OLMo-2-0425-1B-Instruct/yahoo_000g1_050g2_050g3_n1000_s00_r16_i00_b5008_fea27ccee,0/50/50,0.029341256245970726,-0.20048974454402924
functional_last,functional,cosine,oasst1zh,1,pooled,-1,/weka/scratch/jhu/cpriebe1/MO/model-taxonomy/results/shared_cache/03_adapters/allenai--OLMo-2-0425-1B-Instruct/yahoo_000g1_025g2_075g3_n1000_s00_r16_i00_b5008_fea27ccee,0/25/75,-0.1711442470550537,-0.18875284492969513
functional_last,functional,cosine,oasst1zh,1,pooled,-1,/weka/scratch/jhu/cpriebe1/MO/model-taxonomy/results/shared_cache/03_adapters/allenai--OLMo-2-0425-1B-Instruct/yahoo_000g1_000g2_100g3_n1000_s00_r16_i00_b5008_fea27ccee,0/0/100,-0.38356316089630127,-0.16517910361289978
functional_last,functional,cosine,oasst1zh,1,mean,-1,/weka/scratch/jhu/cpriebe1/MO/model-taxonomy/results/shared_cache/03_adapters/allenai--OLMo-2-0425-1B-Instruct/yahoo_100g1_000g2_000g3_n1000_s00_r16_i00_b5008_fea27ccee,100/0/0,-1.2706000443349388e-17,0.34794363379478455
functional_last,functional,cosine,oasst1zh,1,mean,-1,/weka/scratch/jhu/cpriebe1/MO/model-taxonomy/results/shared_cache/03_adapters/allenai--OLMo-2-0425-1B-Instruct/yahoo_075g1_025g2_000g3_n1000_s00_r16_i00_b5008_fea27ccee,75/25/0,0.09273254871368408,0.2110140174627304
functional_last,functional,cosine,oasst1zh,1,mean,-1,/weka/scratch/jhu/cpriebe1/MO/model-taxonomy/results/shared_cache/03_adapters/allenai--OLMo-2-0425-1B-Instruct/yahoo_075g1_000g2_025g3_n1000_s00_r16_i00_b5008_fea27ccee,75/0/25,-0.08911898732185364,0.2487717717885971
functional_last,functional,cosine,oasst1zh,1,mean,-1,/weka/scratch/jhu/cpriebe1/MO/model-taxonomy/results/shared_cache/03_adapters/allenai--OLMo-2-0425-1B-Instruct/yahoo_050g1_050g2_000g3_n1000_s00_r16_i00_b5008_fea27ccee,50/50/0,0.1757855862379074,0.07174385339021683
functional_last,functional,cosine,oasst1zh,1,mean,-1,/weka/scratch/jhu/cpriebe1/MO/model-taxonomy/results/shared_cache/03_adapters/allenai--OLMo-2-0425-1B-Instruct/yahoo_050g1_025g2_025g3_n1000_s00_r16_i00_b5008_fea27ccee,50/25/25,0.015906861051917076,0.10295293480157852
functional_last,functional,cosine,oasst1zh,1,mean,-1,/weka/scratch/jhu/cpriebe1/MO/model-taxonomy/results/shared_cache/03_adapters/allenai--OLMo-2-0425-1B-Instruct/yahoo_050g1_000g2_050g3_n1000_s00_r16_i00_b5008_fea27ccee,50/0/50,-0.18538571894168854,0.1291065216064453
functional_last,functional,cosine,oasst1zh,1,mean,-1,/weka/scratch/jhu/cpriebe1/MO/model-taxonomy/results/shared_cache/03_adapters/allenai--OLMo-2-0425-1B-Instruct/yahoo_033g1_033g2_033g3_n1000_s00_r16_i00_b5008_fea27ccee,33/33/33,0.013841869309544563,-0.004691114649176598
functional_last,functional,cosine,oasst1zh,1,mean,-1,/weka/scratch/jhu/cpriebe1/MO/model-taxonomy/results/shared_cache/03_adapters/allenai--OLMo-2-0425-1B-Instruct/yahoo_025g1_075g2_000g3_n1000_s00_r16_i00_b5008_fea27ccee,25/75/0,0.24548350274562836,-0.05371743440628052
functional_last,functional,cosine,oasst1zh,1,mean,-1,/weka/scratch/jhu/cpriebe1/MO/model-taxonomy/results/shared_cache/03_adapters/allenai--OLMo-2-0425-1B-Instruct/yahoo_025g1_050g2_025g3_n1000_s00_r16_i00_b5008_fea27ccee,25/50/25,0.10844413936138153,-0.04597897082567215
functional_last,functional,cosine,oasst1zh,1,mean,-1,/weka/scratch/jhu/cpriebe1/MO/model-taxonomy/results/shared_cache/03_adapters/allenai--OLMo-2-0425-1B-Instruct/yahoo_025g1_025g2_050g3_n1000_s00_r16_i00_b5008_fea27ccee,25/25/50,-0.07378114759922028,-0.035539738833904266
functional_last,functional,cosine,oasst1zh,1,mean,-1,/weka/scratch/jhu/cpriebe1/MO/model-taxonomy/results/shared_cache/03_adapters/allenai--OLMo-2-0425-1B-Instruct/yahoo_025g1_000g2_075g3_n1000_s00_r16_i00_b5008_fea27ccee,25/0/75,-0.2794739007949829,-0.020318223163485527
functional_last,functional,cosine,oasst1zh,1,mean,-1,/weka/scratch/jhu/cpriebe1/MO/model-taxonomy/results/shared_cache/03_adapters/allenai--OLMo-2-0425-1B-Instruct/yahoo_000g1_100g2_000g3_n1000_s00_r16_i00_b5008_fea27ccee,0/100/0,0.32450658082962036,-0.20167164504528046
functional_last,functional,cosine,oasst1zh,1,mean,-1,/weka/scratch/jhu/cpriebe1/MO/model-taxonomy/results/shared_cache/03_adapters/allenai--OLMo-2-0425-1B-Instruct/yahoo_000g1_075g2_025g3_n1000_s00_r16_i00_b5008_fea27ccee,0/75/25,0.1764248162508011,-0.19519391655921936
functional_last,functional,cosine,oasst1zh,1,mean,-1,/weka/scratch/jhu/cpriebe1/MO/model-taxonomy/results/shared_cache/03_adapters/allenai--OLMo-2-0425-1B-Instruct/yahoo_000g1_050g2_050g3_n1000_s00_r16_i00_b5008_fea27ccee,0/50/50,0.029341256245970726,-0.20048974454402924
functional_last,functional,cosine,oasst1zh,1,mean,-1,/weka/scratch/jhu/cpriebe1/MO/model-taxonomy/results/shared_cache/03_adapters/allenai--OLMo-2-0425-1B-Instruct/yahoo_000g1_025g2_075g3_n1000_s00_r16_i00_b5008_fea27ccee,0/25/75,-0.1711442470550537,-0.18875284492969513
functional_last,functional,cosine,oasst1zh,1,mean,-1,/weka/scratch/jhu/cpriebe1/MO/model-taxonomy/results/shared_cache/03_adapters/allenai--OLMo-2-0425-1B-Instruct/yahoo_000g1_000g2_100g3_n1000_s00_r16_i00_b5008_fea27ccee,0/0/100,-0.38356316089630127,-0.16517910361289978
functional_last,functional,cosine,oasst1zh,1,seed_aligned,0,/weka/scratch/jhu/cpriebe1/MO/model-taxonomy/results/shared_cache/03_adapters/allenai--OLMo-2-0425-1B-Instruct/yahoo_100g1_000g2_000g3_n1000_s00_r16_i00_b5008_fea27ccee,100/0/0,-1.2706000443349388e-17,0.34794363379478455
functional_last,functional,cosine,oasst1zh,1,seed_aligned,0,/weka/scratch/jhu/cpriebe1/MO/model-taxonomy/results/shared_cache/03_adapters/allenai--OLMo-2-0425-1B-Instruct/yahoo_075g1_025g2_000g3_n1000_s00_r16_i00_b5008_fea27ccee,75/25/0,0.09273254871368408,0.2110140174627304
functional_last,functional,cosine,oasst1zh,1,seed_aligned,0,/weka/scratch/jhu/cpriebe1/MO/model-taxonomy/results/shared_cache/03_adapters/allenai--OLMo-2-0425-1B-Instruct/yahoo_075g1_000g2_025g3_n1000_s00_r16_i00_b5008_fea27ccee,75/0/25,-0.08911898732185364,0.2487717717885971
functional_last,functional,cosine,oasst1zh,1,seed_aligned,0,/weka/scratch/jhu/cpriebe1/MO/model-taxonomy/results/shared_cache/03_adapters/allenai--OLMo-2-0425-1B-Instruct/yahoo_050g1_050g2_000g3_n1000_s00_r16_i00_b5008_fea27ccee,50/50/0,0.1757855862379074,0.07174385339021683
functional_last,functional,cosine,oasst1zh,1,seed_aligned,0,/weka/scratch/jhu/cpriebe1/MO/model-taxonomy/results/shared_cache/03_adapters/allenai--OLMo-2-0425-1B-Instruct/yahoo_050g1_025g2_025g3_n1000_s00_r16_i00_b5008_fea27ccee,50/25/25,0.015906861051917076,0.10295293480157852
functional_last,functional,cosine,oasst1zh,1,seed_aligned,0,/weka/scratch/jhu/cpriebe1/MO/model-taxonomy/results/shared_cache/03_adapters/allenai--OLMo-2-0425-1B-Instruct/yahoo_050g1_000g2_050g3_n1000_s00_r16_i00_b5008_fea27ccee,50/0/50,-0.18538571894168854,0.1291065216064453
functional_last,functional,cosine,oasst1zh,1,seed_aligned,0,/weka/scratch/jhu/cpriebe1/MO/model-taxonomy/results/shared_cache/03_adapters/allenai--OLMo-2-0425-1B-Instruct/yahoo_033g1_033g2_033g3_n1000_s00_r16_i00_b5008_fea27ccee,33/33/33,0.013841869309544563,-0.004691114649176598
functional_last,functional,cosine,oasst1zh,1,seed_aligned,0,/weka/scratch/jhu/cpriebe1/MO/model-taxonomy/results/shared_cache/03_adapters/allenai--OLMo-2-0425-1B-Instruct/yahoo_025g1_075g2_000g3_n1000_s00_r16_i00_b5008_fea27ccee,25/75/0,0.24548350274562836,-0.05371743440628052
functional_last,functional,cosine,oasst1zh,1,seed_aligned,0,/weka/scratch/jhu/cpriebe1/MO/model-taxonomy/results/shared_cache/03_adapters/allenai--OLMo-2-0425-1B-Instruct/yahoo_025g1_050g2_025g3_n1000_s00_r16_i00_b5008_fea27ccee,25/50/25,0.10844413936138153,-0.04597897082567215
functional_last,functional,cosine,oasst1zh,1,seed_aligned,0,/weka/scratch/jhu/cpriebe1/MO/model-taxonomy/results/shared_cache/03_adapters/allenai--OLMo-2-0425-1B-Instruct/yahoo_025g1_025g2_050g3_n1000_s00_r16_i00_b5008_fea27ccee,25/25/50,-0.07378114759922028,-0.035539738833904266
functional_last,functional,cosine,oasst1zh,1,seed_aligned,0,/weka/scratch/jhu/cpriebe1/MO/model-taxonomy/results/shared_cache/03_adapters/allenai--OLMo-2-0425-1B-Instruct/yahoo_025g1_000g2_075g3_n1000_s00_r16_i00_b5008_fea27ccee,25/0/75,-0.2794739007949829,-0.020318223163485527
functional_last,functional,cosine,oasst1zh,1,seed_aligned,0,/weka/scratch/jhu/cpriebe1/MO/model-taxonomy/results/shared_cache/03_adapters/allenai--OLMo-2-0425-1B-Instruct/yahoo_000g1_100g2_000g3_n1000_s00_r16_i00_b5008_fea27ccee,0/100/0,0.32450658082962036,-0.20167164504528046
functional_last,functional,cosine,oasst1zh,1,seed_aligned,0,/weka/scratch/jhu/cpriebe1/MO/model-taxonomy/results/shared_cache/03_adapters/allenai--OLMo-2-0425-1B-Instruct/yahoo_000g1_075g2_025g3_n1000_s00_r16_i00_b5008_fea27ccee,0/75/25,0.1764248162508011,-0.19519391655921936
functional_last,functional,cosine,oasst1zh,1,seed_aligned,0,/weka/scratch/jhu/cpriebe1/MO/model-taxonomy/results/shared_cache/03_adapters/allenai--OLMo-2-0425-1B-Instruct/yahoo_000g1_050g2_050g3_n1000_s00_r16_i00_b5008_fea27ccee,0/50/50,0.029341256245970726,-0.20048974454402924
functional_last,functional,cosine,oasst1zh,1,seed_aligned,0,/weka/scratch/jhu/cpriebe1/MO/model-taxonomy/results/shared_cache/03_adapters/allenai--OLMo-2-0425-1B-Instruct/yahoo_000g1_025g2_075g3_n1000_s00_r16_i00_b5008_fea27ccee,0/25/75,-0.1711442470550537,-0.18875284492969513
functional_last,functional,cosine,oasst1zh,1,seed_aligned,0,/weka/scratch/jhu/cpriebe1/MO/model-taxonomy/results/shared_cache/03_adapters/allenai--OLMo-2-0425-1B-Instruct/yahoo_000g1_000g2_100g3_n1000_s00_r16_i00_b5008_fea27ccee,0/0/100,-0.38356316089630127,-0.16517910361289978
functional_last,functional,cosine,oasst1zh,2,pooled,-1,/weka/scratch/jhu/cpriebe1/MO/model-taxonomy/results/shared_cache/03_adapters/allenai--OLMo-2-0425-1B-Instruct/yahoo_100g1_000g2_000g3_n1000_s00_r16_i00_b5008_fea27ccee,100/0/0,8.519995381754157e-17,0.34830421209335327
functional_last,functional,cosine,oasst1zh,2,pooled,-1,/weka/scratch/jhu/cpriebe1/MO/model-taxonomy/results/shared_cache/03_adapters/allenai--OLMo-2-0425-1B-Instruct/yahoo_075g1_025g2_000g3_n1000_s00_r16_i00_b5008_fea27ccee,75/25/0,0.09278670698404312,0.2110564410686493
functional_last,functional,cosine,oasst1zh,2,pooled,-1,/weka/scratch/jhu/cpriebe1/MO/model-taxonomy/results/shared_cache/03_adapters/allenai--OLMo-2-0425-1B-Instruct/yahoo_075g1_000g2_025g3_n1000_s00_r16_i00_b5008_fea27ccee,75/0/25,-0.08911046385765076,0.24888114631175995
functional_last,functional,cosine,oasst1zh,2,pooled,-1,/weka/scratch/jhu/cpriebe1/MO/model-taxonomy/results/shared_cache/03_adapters/allenai--OLMo-2-0425-1B-Instruct/yahoo_050g1_050g2_000g3_n1000_s00_r16_i00_b5008_fea27ccee,50/50/0,0.17580656707286835,0.07157116383314133
functional_last,functional,cosine,oasst1zh,2,pooled,-1,/weka/scratch/jhu/cpriebe1/MO/model-taxonomy/results/shared_cache/03_adapters/allenai--OLMo-2-0425-1B-Instruct/yahoo_050g1_025g2_025g3_n1000_s00_r16_i00_b5008_fea27ccee,50/25/25,0.015870997682213783,0.10299260914325714
functional_last,functional,cosine,oasst1zh,2,pooled,-1,/weka/scratch/jhu/cpriebe1/MO/model-taxonomy/results/shared_cache/03_adapters/allenai--OLMo-2-0425-1B-Instruct/yahoo_050g1_000g2_050g3_n1000_s00_r16_i00_b5008_fea27ccee,50/0/50,-0.18536455929279327,0.12907704710960388
functional_last,functional,cosine,oasst1zh,2,pooled,-1,/weka/scratch/jhu/cpriebe1/MO/model-taxonomy/results/shared_cache/03_adapters/allenai--OLMo-2-0425-1B-Instruct/yahoo_033g1_033g2_033g3_n1000_s00_r16_i00_b5008_fea27ccee,33/33/33,0.013931065797805786,-0.0046625747345387936
functional_last,functional,cosine,oasst1zh,2,pooled,-1,/weka/scratch/jhu/cpriebe1/MO/model-taxonomy/results/shared_cache/03_adapters/allenai--OLMo-2-0425-1B-Instruct/yahoo_025g1_075g2_000g3_n1000_s00_r16_i00_b5008_fea27ccee,25/75/0,0.24540917575359344,-0.053950585424900055
functional_last,functional,cosine,oasst1zh,2,pooled,-1,/weka/scratch/jhu/cpriebe1/MO/model-taxonomy/results/shared_cache/03_adapters/allenai--OLMo-2-0425-1B-Instruct/yahoo_025g1_050g2_025g3_n1000_s00_r16_i00_b5008_fea27ccee,25/50/25,0.10841384530067444,-0.046037182211875916
functional_last,functional,cosine,oasst1zh,2,pooled,-1,/weka/scratch/jhu/cpriebe1/MO/model-taxonomy/results/shared_cache/03_adapters/allenai--OLMo-2-0425-1B-Instruct/yahoo_025g1_025g2_050g3_n1000_s00_r16_i00_b5008_fea27ccee,25/25/50,-0.07393000274896622,-0.03553788363933563
functional_last,functional,cosine,oasst1zh,2,pooled,-1,/weka/scratch/jhu/cpriebe1/MO/model-taxonomy/results/shared_cache/03_adapters/allenai--OLMo-2-0425-1B-Instruct/yahoo_025g1_000g2_075g3_n1000_s00_r16_i00_b5008_fea27ccee,25/0/75,-0.2795376777648926,-0.020182831212878227
functional_last,functional,cosine,oasst1zh,2,pooled,-1,/weka/scratch/jhu/cpriebe1/MO/model-taxonomy/results/shared_cache/03_adapters/allenai--OLMo-2-0425-1B-Instruct/yahoo_000g1_100g2_000g3_n1000_s00_r16_i00_b5008_fea27ccee,0/100/0,0.32436487078666687,-0.20205184817314148
functional_last,functional,cosine,oasst1zh,2,pooled,-1,/weka/scratch/jhu/cpriebe1/MO/model-taxonomy/results/shared_cache/03_adapters/allenai--OLMo-2-0425-1B-Instruct/yahoo_000g1_075g2_025g3_n1000_s00_r16_i00_b5008_fea27ccee,0/75/25,0.17623847723007202,-0.19518229365348816
functional_last,functional,cosine,oasst1zh,2,pooled,-1,/weka/scratch/jhu/cpriebe1/MO/model-taxonomy/results/shared_cache/03_adapters/allenai--OLMo-2-0425-1B-Instruct/yahoo_000g1_050g2_050g3_n1000_s00_r16_i00_b5008_fea27ccee,0/50/50,0.02939741685986519,-0.20038391649723053
functional_last,functional,cosine,oasst1zh,2,pooled,-1,/weka/scratch/jhu/cpriebe1/MO/model-taxonomy/results/shared_cache/03_adapters/allenai--OLMo-2-0425-1B-Instruct/yahoo_000g1_025g2_075g3_n1000_s00_r16_i00_b5008_fea27ccee,0/25/75,-0.17103208601474762,-0.18866066634655
functional_last,functional,cosine,oasst1zh,2,pooled,-1,/weka/scratch/jhu/cpriebe1/MO/model-taxonomy/results/shared_cache/03_adapters/allenai--OLMo-2-0425-1B-Instruct/yahoo_000g1_000g2_100g3_n1000_s00_r16_i00_b5008_fea27ccee,0/0/100,-0.3832443058490753,-0.1652328372001648
functional_last,functional,cosine,oasst1zh,2,mean,-1,/weka/scratch/jhu/cpriebe1/MO/model-taxonomy/results/shared_cache/03_adapters/allenai--OLMo-2-0425-1B-Instruct/yahoo_100g1_000g2_000g3_n1000_s00_r16_i00_b5008_fea27ccee,100/0/0,8.519995381754157e-17,0.34830421209335327
functional_last,functional,cosine,oasst1zh,2,mean,-1,/weka/scratch/jhu/cpriebe1/MO/model-taxonomy/results/shared_cache/03_adapters/allenai--OLMo-2-0425-1B-Instruct/yahoo_075g1_025g2_000g3_n1000_s00_r16_i00_b5008_fea27ccee,75/25/0,0.09278670698404312,0.2110564410686493
functional_last,functional,cosine,oasst1zh,2,mean,-1,/weka/scratch/jhu/cpriebe1/MO/model-taxonomy/results/shared_cache/03_adapters/allenai--OLMo-2-0425-1B-Instruct/yahoo_075g1_000g2_025g3_n1000_s00_r16_i00_b5008_fea27ccee,75/0/25,-0.08911046385765076,0.24888114631175995
functional_last,functional,cosine,oasst1zh,2,mean,-1,/weka/scratch/jhu/cpriebe1/MO/model-taxonomy/results/shared_cache/03_adapters/allenai--OLMo-2-0425-1B-Instruct/yahoo_050g1_050g2_000g3_n1000_s00_r16_i00_b5008_fea27ccee,50/50/0,0.17580656707286835,0.07157116383314133
functional_last,functional,cosine,oasst1zh,2,mean,-1,/weka/scratch/jhu/cpriebe1/MO/model-taxonomy/results/shared_cache/03_adapters/allenai--OLMo-2-0425-1B-Instruct/yahoo_050g1_025g2_025g3_n1000_s00_r16_i00_b5008_fea27ccee,50/25/25,0.015870997682213783,0.10299260914325714
functional_last,functional,cosine,oasst1zh,2,mean,-1,/weka/scratch/jhu/cpriebe1/MO/model-taxonomy/results/shared_cache/03_adapters/allenai--OLMo-2-0425-1B-Instruct/yahoo_050g1_000g2_050g3_n1000_s00_r16_i00_b5008_fea27ccee,50/0/50,-0.18536455929279327,0.12907704710960388
functional_last,functional,cosine,oasst1zh,2,mean,-1,/weka/scratch/jhu/cpriebe1/MO/model-taxonomy/results/shared_cache/03_adapters/allenai--OLMo-2-0425-1B-Instruct/yahoo_033g1_033g2_033g3_n1000_s00_r16_i00_b5008_fea27ccee,33/33/33,0.013931065797805786,-0.0046625747345387936
functional_last,functional,cosine,oasst1zh,2,mean,-1,/weka/scratch/jhu/cpriebe1/MO/model-taxonomy/results/shared_cache/03_adapters/allenai--OLMo-2-0425-1B-Instruct/yahoo_025g1_075g2_000g3_n1000_s00_r16_i00_b5008_fea27ccee,25/75/0,0.24540917575359344,-0.053950585424900055
functional_last,functional,cosine,oasst1zh,2,mean,-1,/weka/scratch/jhu/cpriebe1/MO/model-taxonomy/results/shared_cache/03_adapters/allenai--OLMo-2-0425-1B-Instruct/yahoo_025g1_050g2_025g3_n1000_s00_r16_i00_b5008_fea27ccee,25/50/25,0.10841384530067444,-0.046037182211875916
functional_last,functional,cosine,oasst1zh,2,mean,-1,/weka/scratch/jhu/cpriebe1/MO/model-taxonomy/results/shared_cache/03_adapters/allenai--OLMo-2-0425-1B-Instruct/yahoo_025g1_025g2_050g3_n1000_s00_r16_i00_b5008_fea27ccee,25/25/50,-0.07393000274896622,-0.03553788363933563
functional_last,functional,cosine,oasst1zh,2,mean,-1,/weka/scratch/jhu/cpriebe1/MO/model-taxonomy/results/shared_cache/03_adapters/allenai--OLMo-2-0425-1B-Instruct/yahoo_025g1_000g2_075g3_n1000_s00_r16_i00_b5008_fea27ccee,25/0/75,-0.2795376777648926,-0.020182831212878227
functional_last,functional,cosine,oasst1zh,2,mean,-1,/weka/scratch/jhu/cpriebe1/MO/model-taxonomy/results/shared_cache/03_adapters/allenai--OLMo-2-0425-1B-Instruct/yahoo_000g1_100g2_000g3_n1000_s00_r16_i00_b5008_fea27ccee,0/100/0,0.32436487078666687,-0.20205184817314148
functional_last,functional,cosine,oasst1zh,2,mean,-1,/weka/scratch/jhu/cpriebe1/MO/model-taxonomy/results/shared_cache/03_adapters/allenai--OLMo-2-0425-1B-Instruct/yahoo_000g1_075g2_025g3_n1000_s00_r16_i00_b5008_fea27ccee,0/75/25,0.17623847723007202,-0.19518229365348816
functional_last,functional,cosine,oasst1zh,2,mean,-1,/weka/scratch/jhu/cpriebe1/MO/model-taxonomy/results/shared_cache/03_adapters/allenai--OLMo-2-0425-1B-Instruct/yahoo_000g1_050g2_050g3_n1000_s00_r16_i00_b5008_fea27ccee,0/50/50,0.02939741685986519,-0.20038391649723053
functional_last,functional,cosine,oasst1zh,2,mean,-1,/weka/scratch/jhu/cpriebe1/MO/model-taxonomy/results/shared_cache/03_adapters/allenai--OLMo-2-0425-1B-Instruct/yahoo_000g1_025g2_075g3_n1000_s00_r16_i00_b5008_fea27ccee,0/25/75,-0.17103208601474762,-0.18866066634655
functional_last,functional,cosine,oasst1zh,2,mean,-1,/weka/scratch/jhu/cpriebe1/MO/model-taxonomy/results/shared_cache/03_adapters/allenai--OLMo-2-0425-1B-Instruct/yahoo_000g1_000g2_100g3_n1000_s00_r16_i00_b5008_fea27ccee,0/0/100,-0.3832443058490753,-0.1652328372001648
functional_last,functional,cosine,oasst1zh,2,seed_aligned,0,/weka/scratch/jhu/cpriebe1/MO/model-taxonomy/results/shared_cache/03_adapters/allenai--OLMo-2-0425-1B-Instruct/yahoo_100g1_000g2_000g3_n1000_s00_r16_i00_b5008_fea27ccee,100/0/0,8.519995381754157e-17,0.34830421209335327
functional_last,functional,cosine,oasst1zh,2,seed_aligned,0,/weka/scratch/jhu/cpriebe1/MO/model-taxonomy/results/shared_cache/03_adapters/allenai--OLMo-2-0425-1B-Instruct/yahoo_075g1_025g2_000g3_n1000_s00_r16_i00_b5008_fea27ccee,75/25/0,0.09278670698404312,0.2110564410686493
functional_last,functional,cosine,oasst1zh,2,seed_aligned,0,/weka/scratch/jhu/cpriebe1/MO/model-taxonomy/results/shared_cache/03_adapters/allenai--OLMo-2-0425-1B-Instruct/yahoo_075g1_000g2_025g3_n1000_s00_r16_i00_b5008_fea27ccee,75/0/25,-0.08911046385765076,0.24888114631175995
functional_last,functional,cosine,oasst1zh,2,seed_aligned,0,/weka/scratch/jhu/cpriebe1/MO/model-taxonomy/results/shared_cache/03_adapters/allenai--OLMo-2-0425-1B-Instruct/yahoo_050g1_050g2_000g3_n1000_s00_r16_i00_b5008_fea27ccee,50/50/0,0.17580656707286835,0.07157116383314133
functional_last,functional,cosine,oasst1zh,2,seed_aligned,0,/weka/scratch/jhu/cpriebe1/MO/model-taxonomy/results/shared_cache/03_adapters/allenai--OLMo-2-0425-1B-Instruct/yahoo_050g1_025g2_025g3_n1000_s00_r16_i00_b5008_fea27ccee,50/25/25,0.015870997682213783,0.10299260914325714
functional_last,functional,cosine,oasst1zh,2,seed_aligned,0,/weka/scratch/jhu/cpriebe1/MO/model-taxonomy/results/shared_cache/03_adapters/allenai--OLMo-2-0425-1B-Instruct/yahoo_050g1_000g2_050g3_n1000_s00_r16_i00_b5008_fea27ccee,50/0/50,-0.18536455929279327,0.12907704710960388
functional_last,functional,cosine,oasst1zh,2,seed_aligned,0,/weka/scratch/jhu/cpriebe1/MO/model-taxonomy/results/shared_cache/03_adapters/allenai--OLMo-2-0425-1B-Instruct/yahoo_033g1_033g2_033g3_n1000_s00_r16_i00_b5008_fea27ccee,33/33/33,0.013931065797805786,-0.0046625747345387936
functional_last,functional,cosine,oasst1zh,2,seed_aligned,0,/weka/scratch/jhu/cpriebe1/MO/model-taxonomy/results/shared_cache/03_adapters/allenai--OLMo-2-0425-1B-Instruct/yahoo_025g1_075g2_000g3_n1000_s00_r16_i00_b5008_fea27ccee,25/75/0,0.24540917575359344,-0.053950585424900055
functional_last,functional,cosine,oasst1zh,2,seed_aligned,0,/weka/scratch/jhu/cpriebe1/MO/model-taxonomy/results/shared_cache/03_adapters/allenai--OLMo-2-0425-1B-Instruct/yahoo_025g1_050g2_025g3_n1000_s00_r16_i00_b5008_fea27ccee,25/50/25,0.10841384530067444,-0.046037182211875916
functional_last,functional,cosine,oasst1zh,2,seed_aligned,0,/weka/scratch/jhu/cpriebe1/MO/model-taxonomy/results/shared_cache/03_adapters/allenai--OLMo-2-0425-1B-Instruct/yahoo_025g1_025g2_050g3_n1000_s00_r16_i00_b5008_fea27ccee,25/25/50,-0.07393000274896622,-0.03553788363933563
functional_last,functional,cosine,oasst1zh,2,seed_aligned,0,/weka/scratch/jhu/cpriebe1/MO/model-taxonomy/results/shared_cache/03_adapters/allenai--OLMo-2-0425-1B-Instruct/yahoo_025g1_000g2_075g3_n1000_s00_r16_i00_b5008_fea27ccee,25/0/75,-0.2795376777648926,-0.020182831212878227
functional_last,functional,cosine,oasst1zh,2,seed_aligned,0,/weka/scratch/jhu/cpriebe1/MO/model-taxonomy/results/shared_cache/03_adapters/allenai--OLMo-2-0425-1B-Instruct/yahoo_000g1_100g2_000g3_n1000_s00_r16_i00_b5008_fea27ccee,0/100/0,0.32436487078666687,-0.20205184817314148
functional_last,functional,cosine,oasst1zh,2,seed_aligned,0,/weka/scratch/jhu/cpriebe1/MO/model-taxonomy/results/shared_cache/03_adapters/allenai--OLMo-2-0425-1B-Instruct/yahoo_000g1_075g2_025g3_n1000_s00_r16_i00_b5008_fea27ccee,0/75/25,0.17623847723007202,-0.19518229365348816
functional_last,functional,cosine,oasst1zh,2,seed_aligned,0,/weka/scratch/jhu/cpriebe1/MO/model-taxonomy/results/shared_cache/03_adapters/allenai--OLMo-2-0425-1B-Instruct/yahoo_000g1_050g2_050g3_n1000_s00_r16_i00_b5008_fea27ccee,0/50/50,0.02939741685986519,-0.20038391649723053
functional_last,functional,cosine,oasst1zh,2,seed_aligned,0,/weka/scratch/jhu/cpriebe1/MO/model-taxonomy/results/shared_cache/03_adapters/allenai--OLMo-2-0425-1B-Instruct/yahoo_000g1_025g2_075g3_n1000_s00_r16_i00_b5008_fea27ccee,0/25/75,-0.17103208601474762,-0.18866066634655
functional_last,functional,cosine,oasst1zh,2,seed_aligned,0,/weka/scratch/jhu/cpriebe1/MO/model-taxonomy/results/shared_cache/03_adapters/allenai--OLMo-2-0425-1B-Instruct/yahoo_000g1_000g2_100g3_n1000_s00_r16_i00_b5008_fea27ccee,0/0/100,-0.3832443058490753,-0.1652328372001648
functional_last,functional,cosine,oasst1zh,5,pooled,-1,/weka/scratch/jhu/cpriebe1/MO/model-taxonomy/results/shared_cache/03_adapters/allenai--OLMo-2-0425-1B-Instruct/yahoo_100g1_000g2_000g3_n1000_s00_r16_i00_b5008_fea27ccee,100/0/0,1.5170588387173584e-17,0.3486696779727936
functional_last,functional,cosine,oasst1zh,5,pooled,-1,/weka/scratch/jhu/cpriebe1/MO/model-taxonomy/results/shared_cache/03_adapters/allenai--OLMo-2-0425-1B-Instruct/yahoo_075g1_025g2_000g3_n1000_s00_r16_i00_b5008_fea27ccee,75/25/0,0.09329517930746078,0.21121403574943542
functional_last,functional,cosine,oasst1zh,5,pooled,-1,/weka/scratch/jhu/cpriebe1/MO/model-taxonomy/results/shared_cache/03_adapters/allenai--OLMo-2-0425-1B-Instruct/yahoo_075g1_000g2_025g3_n1000_s00_r16_i00_b5008_fea27ccee,75/0/25,-0.08845731616020203,0.24913367629051208
functional_last,functional,cosine,oasst1zh,5,pooled,-1,/weka/scratch/jhu/cpriebe1/MO/model-taxonomy/results/shared_cache/03_adapters/allenai--OLMo-2-0425-1B-Instruct/yahoo_050g1_050g2_000g3_n1000_s00_r16_i00_b5008_fea27ccee,50/50/0,0.1761409193277359,0.07156440615653992
functional_last,functional,cosine,oasst1zh,5,pooled,-1,/weka/scratch/jhu/cpriebe1/MO/model-taxonomy/results/shared_cache/03_adapters/allenai--OLMo-2-0425-1B-Instruct/yahoo_050g1_025g2_025g3_n1000_s00_r16_i00_b5008_fea27ccee,50/25/25,0.016221152618527412,0.10304470360279083
functional_last,functional,cosine,oasst1zh,5,pooled,-1,/weka/scratch/jhu/cpriebe1/MO/model-taxonomy/results/shared_cache/03_adapters/allenai--OLMo-2-0425-1B-Instruct/yahoo_050g1_000g2_050g3_n1000_s00_r16_i00_b5008_fea27ccee,50/0/50,-0.18517084419727325,0.12938393652439117
functional_last,functional,cosine,oasst1zh,5,pooled,-1,/weka/scratch/jhu/cpriebe1/MO/model-taxonomy/results/shared_cache/03_adapters/allenai--OLMo-2-0425-1B-Instruct/yahoo_033g1_033g2_033g3_n1000_s00_r16_i00_b5008_fea27ccee,33/33/33,0.014163270592689514,-0.004391733091324568
functional_last,functional,cosine,oasst1zh,5,pooled,-1,/weka/scratch/jhu/cpriebe1/MO/model-taxonomy/results/shared_cache/03_adapters/allenai--OLMo-2-0425-1B-Instruct/yahoo_025g1_075g2_000g3_n1000_s00_r16_i00_b5008_fea27ccee,25/75/0,0.24548429250717163,-0.05353191867470741
functional_last,functional,cosine,oasst1zh,5,pooled,-1,/weka/scratch/jhu/cpriebe1/MO/model-taxonomy/results/shared_cache/03_adapters/allenai--OLMo-2-0425-1B-Instruct/yahoo_025g1_050g2_025g3_n1000_s00_r16_i00_b5008_fea27ccee,25/50/25,0.1084546446800232,-0.04609397426247597
functional_last,functional,cosine,oasst1zh,5,pooled,-1,/weka/scratch/jhu/cpriebe1/MO/model-taxonomy/results/shared_cache/03_adapters/allenai--OLMo-2-0425-1B-Instruct/yahoo_025g1_025g2_050g3_n1000_s00_r16_i00_b5008_fea27ccee,25/25/50,-0.0740971714258194,-0.03530045598745346
functional_last,functional,cosine,oasst1zh,5,pooled,-1,/weka/scratch/jhu/cpriebe1/MO/model-taxonomy/results/shared_cache/03_adapters/allenai--OLMo-2-0425-1B-Instruct/yahoo_025g1_000g2_075g3_n1000_s00_r16_i00_b5008_fea27ccee,25/0/75,-0.27942195534706116,-0.019876817241311073
functional_last,functional,cosine,oasst1zh,5,pooled,-1,/weka/scratch/jhu/cpriebe1/MO/model-taxonomy/results/shared_cache/03_adapters/allenai--OLMo-2-0425-1B-Instruct/yahoo_000g1_100g2_000g3_n1000_s00_r16_i00_b5008_fea27ccee,0/100/0,0.32265374064445496,-0.20494750142097473
functional_last,functional,cosine,oasst1zh,5,pooled,-1,/weka/scratch/jhu/cpriebe1/MO/model-taxonomy/results/shared_cache/03_adapters/allenai--OLMo-2-0425-1B-Instruct/yahoo_000g1_075g2_025g3_n1000_s00_r16_i00_b5008_fea27ccee,0/75/25,0.1759195774793625,-0.19481317698955536
functional_last,functional,cosine,oasst1zh,5,pooled,-1,/weka/scratch/jhu/cpriebe1/MO/model-taxonomy/results/shared_cache/03_adapters/allenai--OLMo-2-0425-1B-Instruct/yahoo_000g1_050g2_050g3_n1000_s00_r16_i00_b5008_fea27ccee,0/50/50,0.02882215939462185,-0.20023119449615479
functional_last,functional,cosine,oasst1zh,5,pooled,-1,/weka/scratch/jhu/cpriebe1/MO/model-taxonomy/results/shared_cache/03_adapters/allenai--OLMo-2-0425-1B-Instruct/yahoo_000g1_025g2_075g3_n1000_s00_r16_i00_b5008_fea27ccee,0/25/75,-0.17103353142738342,-0.18858033418655396
functional_last,functional,cosine,oasst1zh,5,pooled,-1,/weka/scratch/jhu/cpriebe1/MO/model-taxonomy/results/shared_cache/03_adapters/allenai--OLMo-2-0425-1B-Instruct/yahoo_000g1_000g2_100g3_n1000_s00_r16_i00_b5008_fea27ccee,0/0/100,-0.38297411799430847,-0.16524332761764526
functional_last,functional,cosine,oasst1zh,5,mean,-1,/weka/scratch/jhu/cpriebe1/MO/model-taxonomy/results/shared_cache/03_adapters/allenai--OLMo-2-0425-1B-Instruct/yahoo_100g1_000g2_000g3_n1000_s00_r16_i00_b5008_fea27ccee,100/0/0,1.5170588387173584e-17,0.3486696779727936
functional_last,functional,cosine,oasst1zh,5,mean,-1,/weka/scratch/jhu/cpriebe1/MO/model-taxonomy/results/shared_cache/03_adapters/allenai--OLMo-2-0425-1B-Instruct/yahoo_075g1_025g2_000g3_n1000_s00_r16_i00_b5008_fea27ccee,75/25/0,0.09329517930746078,0.21121403574943542
functional_last,functional,cosine,oasst1zh,5,mean,-1,/weka/scratch/jhu/cpriebe1/MO/model-taxonomy/results/shared_cache/03_adapters/allenai--OLMo-2-0425-1B-Instruct/yahoo_075g1_000g2_025g3_n1000_s00_r16_i00_b5008_fea27ccee,75/0/25,-0.08845731616020203,0.24913367629051208
functional_last,functional,cosine,oasst1zh,5,mean,-1,/weka/scratch/jhu/cpriebe1/MO/model-taxonomy/results/shared_cache/03_adapters/allenai--OLMo-2-0425-1B-Instruct/yahoo_050g1_050g2_000g3_n1000_s00_r16_i00_b5008_fea27ccee,50/50/0,0.1761409193277359,0.07156440615653992
functional_last,functional,cosine,oasst1zh,5,mean,-1,/weka/scratch/jhu/cpriebe1/MO/model-taxonomy/results/shared_cache/03_adapters/allenai--OLMo-2-0425-1B-Instruct/yahoo_050g1_025g2_025g3_n1000_s00_r16_i00_b5008_fea27ccee,50/25/25,0.016221152618527412,0.10304470360279083
functional_last,functional,cosine,oasst1zh,5,mean,-1,/weka/scratch/jhu/cpriebe1/MO/model-taxonomy/results/shared_cache/03_adapters/allenai--OLMo-2-0425-1B-Instruct/yahoo_050g1_000g2_050g3_n1000_s00_r16_i00_b5008_fea27ccee,50/0/50,-0.18517084419727325,0.12938393652439117
functional_last,functional,cosine,oasst1zh,5,mean,-1,/weka/scratch/jhu/cpriebe1/MO/model-taxonomy/results/shared_cache/03_adapters/allenai--OLMo-2-0425-1B-Instruct/yahoo_033g1_033g2_033g3_n1000_s00_r16_i00_b5008_fea27ccee,33/33/33,0.014163270592689514,-0.004391733091324568
functional_last,functional,cosine,oasst1zh,5,mean,-1,/weka/scratch/jhu/cpriebe1/MO/model-taxonomy/results/shared_cache/03_adapters/allenai--OLMo-2-0425-1B-Instruct/yahoo_025g1_075g2_000g3_n1000_s00_r16_i00_b5008_fea27ccee,25/75/0,0.24548429250717163,-0.05353191867470741
functional_last,functional,cosine,oasst1zh,5,mean,-1,/weka/scratch/jhu/cpriebe1/MO/model-taxonomy/results/shared_cache/03_adapters/allenai--OLMo-2-0425-1B-Instruct/yahoo_025g1_050g2_025g3_n1000_s00_r16_i00_b5008_fea27ccee,25/50/25,0.1084546446800232,-0.04609397426247597
functional_last,functional,cosine,oasst1zh,5,mean,-1,/weka/scratch/jhu/cpriebe1/MO/model-taxonomy/results/shared_cache/03_adapters/allenai--OLMo-2-0425-1B-Instruct/yahoo_025g1_025g2_050g3_n1000_s00_r16_i00_b5008_fea27ccee,25/25/50,-0.0740971714258194,-0.03530045598745346
functional_last,functional,cosine,oasst1zh,5,mean,-1,/weka/scratch/jhu/cpriebe1/MO/model-taxonomy/results/shared_cache/03_adapters/allenai--OLMo-2-0425-1B-Instruct/yahoo_025g1_000g2_075g3_n1000_s00_r16_i00_b5008_fea27ccee,25/0/75,-0.27942195534706116,-0.019876817241311073
functional_last,functional,cosine,oasst1zh,5,mean,-1,/weka/scratch/jhu/cpriebe1/MO/model-taxonomy/results/shared_cache/03_adapters/allenai--OLMo-2-0425-1B-Instruct/yahoo_000g1_100g2_000g3_n1000_s00_r16_i00_b5008_fea27ccee,0/100/0,0.32265374064445496,-0.20494750142097473
functional_last,functional,cosine,oasst1zh,5,mean,-1,/weka/scratch/jhu/cpriebe1/MO/model-taxonomy/results/shared_cache/03_adapters/allenai--OLMo-2-0425-1B-Instruct/yahoo_000g1_075g2_025g3_n1000_s00_r16_i00_b5008_fea27ccee,0/75/25,0.1759195774793625,-0.19481317698955536
functional_last,functional,cosine,oasst1zh,5,mean,-1,/weka/scratch/jhu/cpriebe1/MO/model-taxonomy/results/shared_cache/03_adapters/allenai--OLMo-2-0425-1B-Instruct/yahoo_000g1_050g2_050g3_n1000_s00_r16_i00_b5008_fea27ccee,0/50/50,0.02882215939462185,-0.20023119449615479
functional_last,functional,cosine,oasst1zh,5,mean,-1,/weka/scratch/jhu/cpriebe1/MO/model-taxonomy/results/shared_cache/03_adapters/allenai--OLMo-2-0425-1B-Instruct/yahoo_000g1_025g2_075g3_n1000_s00_r16_i00_b5008_fea27ccee,0/25/75,-0.17103353142738342,-0.18858033418655396
functional_last,functional,cosine,oasst1zh,5,mean,-1,/weka/scratch/jhu/cpriebe1/MO/model-taxonomy/results/shared_cache/03_adapters/allenai--OLMo-2-0425-1B-Instruct/yahoo_000g1_000g2_100g3_n1000_s00_r16_i00_b5008_fea27ccee,0/0/100,-0.38297411799430847,-0.16524332761764526
functional_last,functional,cosine,oasst1zh,5,seed_aligned,0,/weka/scratch/jhu/cpriebe1/MO/model-taxonomy/results/shared_cache/03_adapters/allenai--OLMo-2-0425-1B-Instruct/yahoo_100g1_000g2_000g3_n1000_s00_r16_i00_b5008_fea27ccee,100/0/0,1.5170588387173584e-17,0.3486696779727936
functional_last,functional,cosine,oasst1zh,5,seed_aligned,0,/weka/scratch/jhu/cpriebe1/MO/model-taxonomy/results/shared_cache/03_adapters/allenai--OLMo-2-0425-1B-Instruct/yahoo_075g1_025g2_000g3_n1000_s00_r16_i00_b5008_fea27ccee,75/25/0,0.09329517930746078,0.21121403574943542
functional_last,functional,cosine,oasst1zh,5,seed_aligned,0,/weka/scratch/jhu/cpriebe1/MO/model-taxonomy/results/shared_cache/03_adapters/allenai--OLMo-2-0425-1B-Instruct/yahoo_075g1_000g2_025g3_n1000_s00_r16_i00_b5008_fea27ccee,75/0/25,-0.08845731616020203,0.24913367629051208
functional_last,functional,cosine,oasst1zh,5,seed_aligned,0,/weka/scratch/jhu/cpriebe1/MO/model-taxonomy/results/shared_cache/03_adapters/allenai--OLMo-2-0425-1B-Instruct/yahoo_050g1_050g2_000g3_n1000_s00_r16_i00_b5008_fea27ccee,50/50/0,0.1761409193277359,0.07156440615653992
functional_last,functional,cosine,oasst1zh,5,seed_aligned,0,/weka/scratch/jhu/cpriebe1/MO/model-taxonomy/results/shared_cache/03_adapters/allenai--OLMo-2-0425-1B-Instruct/yahoo_050g1_025g2_025g3_n1000_s00_r16_i00_b5008_fea27ccee,50/25/25,0.016221152618527412,0.10304470360279083
functional_last,functional,cosine,oasst1zh,5,seed_aligned,0,/weka/scratch/jhu/cpriebe1/MO/model-taxonomy/results/shared_cache/03_adapters/allenai--OLMo-2-0425-1B-Instruct/yahoo_050g1_000g2_050g3_n1000_s00_r16_i00_b5008_fea27ccee,50/0/50,-0.18517084419727325,0.12938393652439117
functional_last,functional,cosine,oasst1zh,5,seed_aligned,0,/weka/scratch/jhu/cpriebe1/MO/model-taxonomy/results/shared_cache/03_adapters/allenai--OLMo-2-0425-1B-Instruct/yahoo_033g1_033g2_033g3_n1000_s00_r16_i00_b5008_fea27ccee,33/33/33,0.014163270592689514,-0.004391733091324568
functional_last,functional,cosine,oasst1zh,5,seed_aligned,0,/weka/scratch/jhu/cpriebe1/MO/model-taxonomy/results/shared_cache/03_adapters/allenai--OLMo-2-0425-1B-Instruct/yahoo_025g1_075g2_000g3_n1000_s00_r16_i00_b5008_fea27ccee,25/75/0,0.24548429250717163,-0.05353191867470741
functional_last,functional,cosine,oasst1zh,5,seed_aligned,0,/weka/scratch/jhu/cpriebe1/MO/model-taxonomy/results/shared_cache/03_adapters/allenai--OLMo-2-0425-1B-Instruct/yahoo_025g1_050g2_025g3_n1000_s00_r16_i00_b5008_fea27ccee,25/50/25,0.1084546446800232,-0.04609397426247597
functional_last,functional,cosine,oasst1zh,5,seed_aligned,0,/weka/scratch/jhu/cpriebe1/MO/model-taxonomy/results/shared_cache/03_adapters/allenai--OLMo-2-0425-1B-Instruct/yahoo_025g1_025g2_050g3_n1000_s00_r16_i00_b5008_fea27ccee,25/25/50,-0.0740971714258194,-0.03530045598745346
functional_last,functional,cosine,oasst1zh,5,seed_aligned,0,/weka/scratch/jhu/cpriebe1/MO/model-taxonomy/results/shared_cache/03_adapters/allenai--OLMo-2-0425-1B-Instruct/yahoo_025g1_000g2_075g3_n1000_s00_r16_i00_b5008_fea27ccee,25/0/75,-0.27942195534706116,-0.019876817241311073
functional_last,functional,cosine,oasst1zh,5,seed_aligned,0,/weka/scratch/jhu/cpriebe1/MO/model-taxonomy/results/shared_cache/03_adapters/allenai--OLMo-2-0425-1B-Instruct/yahoo_000g1_100g2_000g3_n1000_s00_r16_i00_b5008_fea27ccee,0/100/0,0.32265374064445496,-0.20494750142097473
functional_last,functional,cosine,oasst1zh,5,seed_aligned,0,/weka/scratch/jhu/cpriebe1/MO/model-taxonomy/results/shared_cache/03_adapters/allenai--OLMo-2-0425-1B-Instruct/yahoo_000g1_075g2_025g3_n1000_s00_r16_i00_b5008_fea27ccee,0/75/25,0.1759195774793625,-0.19481317698955536
functional_last,functional,cosine,oasst1zh,5,seed_aligned,0,/weka/scratch/jhu/cpriebe1/MO/model-taxonomy/results/shared_cache/03_adapters/allenai--OLMo-2-0425-1B-Instruct/yahoo_000g1_050g2_050g3_n1000_s00_r16_i00_b5008_fea27ccee,0/50/50,0.02882215939462185,-0.20023119449615479
functional_last,functional,cosine,oasst1zh,5,seed_aligned,0,/weka/scratch/jhu/cpriebe1/MO/model-taxonomy/results/shared_cache/03_adapters/allenai--OLMo-2-0425-1B-Instruct/yahoo_000g1_025g2_075g3_n1000_s00_r16_i00_b5008_fea27ccee,0/25/75,-0.17103353142738342,-0.18858033418655396
functional_last,functional,cosine,oasst1zh,5,seed_aligned,0,/weka/scratch/jhu/cpriebe1/MO/model-taxonomy/results/shared_cache/03_adapters/allenai--OLMo-2-0425-1B-Instruct/yahoo_000g1_000g2_100g3_n1000_s00_r16_i00_b5008_fea27ccee,0/0/100,-0.38297411799430847,-0.16524332761764526
functional_last,functional,cosine,oasst1zh,10,pooled,-1,/weka/scratch/jhu/cpriebe1/MO/model-taxonomy/results/shared_cache/03_adapters/allenai--OLMo-2-0425-1B-Instruct/yahoo_100g1_000g2_000g3_n1000_s00_r16_i00_b5008_fea27ccee,100/0/0,-3.7737875442633094e-17,0.34970560669898987
functional_last,functional,cosine,oasst1zh,10,pooled,-1,/weka/scratch/jhu/cpriebe1/MO/model-taxonomy/results/shared_cache/03_adapters/allenai--OLMo-2-0425-1B-Instruct/yahoo_075g1_025g2_000g3_n1000_s00_r16_i00_b5008_fea27ccee,75/25/0,0.09218357503414154,0.2114707976579666
functional_last,functional,cosine,oasst1zh,10,pooled,-1,/weka/scratch/jhu/cpriebe1/MO/model-taxonomy/results/shared_cache/03_adapters/allenai--OLMo-2-0425-1B-Instruct/yahoo_075g1_000g2_025g3_n1000_s00_r16_i00_b5008_fea27ccee,75/0/25,-0.08909885585308075,0.2492906004190445
functional_last,functional,cosine,oasst1zh,10,pooled,-1,/weka/scratch/jhu/cpriebe1/MO/model-taxonomy/results/shared_cache/03_adapters/allenai--OLMo-2-0425-1B-Instruct/yahoo_050g1_050g2_000g3_n1000_s00_r16_i00_b5008_fea27ccee,50/50/0,0.17570997774600983,0.07217108458280563
functional_last,functional,cosine,oasst1zh,10,pooled,-1,/weka/scratch/jhu/cpriebe1/MO/model-taxonomy/results/shared_cache/03_adapters/allenai--OLMo-2-0425-1B-Instruct/yahoo_050g1_025g2_025g3_n1000_s00_r16_i00_b5008_fea27ccee,50/25/25,0.015047634020447731,0.10271241515874863
functional_last,functional,cosine,oasst1zh,10,pooled,-1,/weka/scratch/jhu/cpriebe1/MO/model-taxonomy/results/shared_cache/03_adapters/allenai--OLMo-2-0425-1B-Instruct/yahoo_050g1_000g2_050g3_n1000_s00_r16_i00_b5008_fea27ccee,50/0/50,-0.18633991479873657,0.12899675965309143
functional_last,functional,cosine,oasst1zh,10,pooled,-1,/weka/scratch/jhu/cpriebe1/MO/model-taxonomy/results/shared_cache/03_adapters/allenai--OLMo-2-0425-1B-Instruct/yahoo_033g1_033g2_033g3_n1000_s00_r16_i00_b5008_fea27ccee,33/33/33,0.013765503652393818,-0.004348372109234333
functional_last,functional,cosine,oasst1zh,10,pooled,-1,/weka/scratch/jhu/cpriebe1/MO/model-taxonomy/results/shared_cache/03_adapters/allenai--OLMo-2-0425-1B-Instruct/yahoo_025g1_075g2_000g3_n1000_s00_r16_i00_b5008_fea27ccee,25/75/0,0.24494706094264984,-0.053654760122299194
functional_last,functional,cosine,oasst1zh,10,pooled,-1,/weka/scratch/jhu/cpriebe1/MO/model-taxonomy/results/shared_cache/03_adapters/allenai--OLMo-2-0425-1B-Instruct/yahoo_025g1_050g2_025g3_n1000_s00_r16_i00_b5008_fea27ccee,25/50/25,0.10830336064100266,-0.04628043994307518
functional_last,functional,cosine,oasst1zh,10,pooled,-1,/weka/scratch/jhu/cpriebe1/MO/model-taxonomy/results/shared_cache/03_adapters/allenai--OLMo-2-0425-1B-Instruct/yahoo_025g1_025g2_050g3_n1000_s00_r16_i00_b5008_fea27ccee,25/25/50,-0.07442139089107513,-0.03577873110771179
functional_last,functional,cosine,oasst1zh,10,pooled,-1,/weka/scratch/jhu/cpriebe1/MO/model-taxonomy/results/shared_cache/03_adapters/allenai--OLMo-2-0425-1B-Instruct/yahoo_025g1_000g2_075g3_n1000_s00_r16_i00_b5008_fea27ccee,25/0/75,-0.27864396572113037,-0.02083052322268486
functional_last,functional,cosine,oasst1zh,10,pooled,-1,/weka/scratch/jhu/cpriebe1/MO/model-taxonomy/results/shared_cache/03_adapters/allenai--OLMo-2-0425-1B-Instruct/yahoo_000g1_100g2_000g3_n1000_s00_r16_i00_b5008_fea27ccee,0/100/0,0.32473185658454895,-0.20135127007961273
functional_last,functional,cosine,oasst1zh,10,pooled,-1,/weka/scratch/jhu/cpriebe1/MO/model-taxonomy/results/shared_cache/03_adapters/allenai--OLMo-2-0425-1B-Instruct/yahoo_000g1_075g2_025g3_n1000_s00_r16_i00_b5008_fea27ccee,0/75/25,0.17604194581508636,-0.19466684758663177
functional_last,functional,cosine,oasst1zh,10,pooled,-1,/weka/scratch/jhu/cpriebe1/MO/model-taxonomy/results/shared_cache/03_adapters/allenai--OLMo-2-0425-1B-Instruct/yahoo_000g1_050g2_050g3_n1000_s00_r16_i00_b5008_fea27ccee,0/50/50,0.029286807402968407,-0.20028358697891235
functional_last,functional,cosine,oasst1zh,10,pooled,-1,/weka/scratch/jhu/cpriebe1/MO/model-taxonomy/results/shared_cache/03_adapters/allenai--OLMo-2-0425-1B-Instruct/yahoo_000g1_025g2_075g3_n1000_s00_r16_i00_b5008_fea27ccee,0/25/75,-0.16999657452106476,-0.18966513872146606
functional_last,functional,cosine,oasst1zh,10,pooled,-1,/weka/scratch/jhu/cpriebe1/MO/model-taxonomy/results/shared_cache/03_adapters/allenai--OLMo-2-0425-1B-Instruct/yahoo_000g1_000g2_100g3_n1000_s00_r16_i00_b5008_fea27ccee,0/0/100,-0.38151705265045166,-0.16748760640621185
functional_last,functional,cosine,oasst1zh,10,mean,-1,/weka/scratch/jhu/cpriebe1/MO/model-taxonomy/results/shared_cache/03_adapters/allenai--OLMo-2-0425-1B-Instruct/yahoo_100g1_000g2_000g3_n1000_s00_r16_i00_b5008_fea27ccee,100/0/0,-3.7737875442633094e-17,0.34970560669898987
functional_last,functional,cosine,oasst1zh,10,mean,-1,/weka/scratch/jhu/cpriebe1/MO/model-taxonomy/results/shared_cache/03_adapters/allenai--OLMo-2-0425-1B-Instruct/yahoo_075g1_025g2_000g3_n1000_s00_r16_i00_b5008_fea27ccee,75/25/0,0.09218357503414154,0.2114707976579666
functional_last,functional,cosine,oasst1zh,10,mean,-1,/weka/scratch/jhu/cpriebe1/MO/model-taxonomy/results/shared_cache/03_adapters/allenai--OLMo-2-0425-1B-Instruct/yahoo_075g1_000g2_025g3_n1000_s00_r16_i00_b5008_fea27ccee,75/0/25,-0.08909885585308075,0.2492906004190445
functional_last,functional,cosine,oasst1zh,10,mean,-1,/weka/scratch/jhu/cpriebe1/MO/model-taxonomy/results/shared_cache/03_adapters/allenai--OLMo-2-0425-1B-Instruct/yahoo_050g1_050g2_000g3_n1000_s00_r16_i00_b5008_fea27ccee,50/50/0,0.17570997774600983,0.07217108458280563
functional_last,functional,cosine,oasst1zh,10,mean,-1,/weka/scratch/jhu/cpriebe1/MO/model-taxonomy/results/shared_cache/03_adapters/allenai--OLMo-2-0425-1B-Instruct/yahoo_050g1_025g2_025g3_n1000_s00_r16_i00_b5008_fea27ccee,50/25/25,0.015047634020447731,0.10271241515874863
functional_last,functional,cosine,oasst1zh,10,mean,-1,/weka/scratch/jhu/cpriebe1/MO/model-taxonomy/results/shared_cache/03_adapters/allenai--OLMo-2-0425-1B-Instruct/yahoo_050g1_000g2_050g3_n1000_s00_r16_i00_b5008_fea27ccee,50/0/50,-0.18633991479873657,0.12899675965309143
functional_last,functional,cosine,oasst1zh,10,mean,-1,/weka/scratch/jhu/cpriebe1/MO/model-taxonomy/results/shared_cache/03_adapters/allenai--OLMo-2-0425-1B-Instruct/yahoo_033g1_033g2_033g3_n1000_s00_r16_i00_b5008_fea27ccee,33/33/33,0.013765503652393818,-0.004348372109234333
functional_last,functional,cosine,oasst1zh,10,mean,-1,/weka/scratch/jhu/cpriebe1/MO/model-taxonomy/results/shared_cache/03_adapters/allenai--OLMo-2-0425-1B-Instruct/yahoo_025g1_075g2_000g3_n1000_s00_r16_i00_b5008_fea27ccee,25/75/0,0.24494706094264984,-0.053654760122299194
functional_last,functional,cosine,oasst1zh,10,mean,-1,/weka/scratch/jhu/cpriebe1/MO/model-taxonomy/results/shared_cache/03_adapters/allenai--OLMo-2-0425-1B-Instruct/yahoo_025g1_050g2_025g3_n1000_s00_r16_i00_b5008_fea27ccee,25/50/25,0.10830336064100266,-0.04628043994307518
functional_last,functional,cosine,oasst1zh,10,mean,-1,/weka/scratch/jhu/cpriebe1/MO/model-taxonomy/results/shared_cache/03_adapters/allenai--OLMo-2-0425-1B-Instruct/yahoo_025g1_025g2_050g3_n1000_s00_r16_i00_b5008_fea27ccee,25/25/50,-0.07442139089107513,-0.03577873110771179
functional_last,functional,cosine,oasst1zh,10,mean,-1,/weka/scratch/jhu/cpriebe1/MO/model-taxonomy/results/shared_cache/03_adapters/allenai--OLMo-2-0425-1B-Instruct/yahoo_025g1_000g2_075g3_n1000_s00_r16_i00_b5008_fea27ccee,25/0/75,-0.27864396572113037,-0.02083052322268486
functional_last,functional,cosine,oasst1zh,10,mean,-1,/weka/scratch/jhu/cpriebe1/MO/model-taxonomy/results/shared_cache/03_adapters/allenai--OLMo-2-0425-1B-Instruct/yahoo_000g1_100g2_000g3_n1000_s00_r16_i00_b5008_fea27ccee,0/100/0,0.32473185658454895,-0.20135127007961273
functional_last,functional,cosine,oasst1zh,10,mean,-1,/weka/scratch/jhu/cpriebe1/MO/model-taxonomy/results/shared_cache/03_adapters/allenai--OLMo-2-0425-1B-Instruct/yahoo_000g1_075g2_025g3_n1000_s00_r16_i00_b5008_fea27ccee,0/75/25,0.17604194581508636,-0.19466684758663177
functional_last,functional,cosine,oasst1zh,10,mean,-1,/weka/scratch/jhu/cpriebe1/MO/model-taxonomy/results/shared_cache/03_adapters/allenai--OLMo-2-0425-1B-Instruct/yahoo_000g1_050g2_050g3_n1000_s00_r16_i00_b5008_fea27ccee,0/50/50,0.029286807402968407,-0.20028358697891235
functional_last,functional,cosine,oasst1zh,10,mean,-1,/weka/scratch/jhu/cpriebe1/MO/model-taxonomy/results/shared_cache/03_adapters/allenai--OLMo-2-0425-1B-Instruct/yahoo_000g1_025g2_075g3_n1000_s00_r16_i00_b5008_fea27ccee,0/25/75,-0.16999657452106476,-0.18966513872146606
functional_last,functional,cosine,oasst1zh,10,mean,-1,/weka/scratch/jhu/cpriebe1/MO/model-taxonomy/results/shared_cache/03_adapters/allenai--OLMo-2-0425-1B-Instruct/yahoo_000g1_000g2_100g3_n1000_s00_r16_i00_b5008_fea27ccee,0/0/100,-0.38151705265045166,-0.16748760640621185
functional_last,functional,cosine,oasst1zh,10,seed_aligned,0,/weka/scratch/jhu/cpriebe1/MO/model-taxonomy/results/shared_cache/03_adapters/allenai--OLMo-2-0425-1B-Instruct/yahoo_100g1_000g2_000g3_n1000_s00_r16_i00_b5008_fea27ccee,100/0/0,-3.7737875442633094e-17,0.34970560669898987
functional_last,functional,cosine,oasst1zh,10,seed_aligned,0,/weka/scratch/jhu/cpriebe1/MO/model-taxonomy/results/shared_cache/03_adapters/allenai--OLMo-2-0425-1B-Instruct/yahoo_075g1_025g2_000g3_n1000_s00_r16_i00_b5008_fea27ccee,75/25/0,0.09218357503414154,0.2114707976579666
functional_last,functional,cosine,oasst1zh,10,seed_aligned,0,/weka/scratch/jhu/cpriebe1/MO/model-taxonomy/results/shared_cache/03_adapters/allenai--OLMo-2-0425-1B-Instruct/yahoo_075g1_000g2_025g3_n1000_s00_r16_i00_b5008_fea27ccee,75/0/25,-0.08909885585308075,0.2492906004190445
functional_last,functional,cosine,oasst1zh,10,seed_aligned,0,/weka/scratch/jhu/cpriebe1/MO/model-taxonomy/results/shared_cache/03_adapters/allenai--OLMo-2-0425-1B-Instruct/yahoo_050g1_050g2_000g3_n1000_s00_r16_i00_b5008_fea27ccee,50/50/0,0.17570997774600983,0.07217108458280563
functional_last,functional,cosine,oasst1zh,10,seed_aligned,0,/weka/scratch/jhu/cpriebe1/MO/model-taxonomy/results/shared_cache/03_adapters/allenai--OLMo-2-0425-1B-Instruct/yahoo_050g1_025g2_025g3_n1000_s00_r16_i00_b5008_fea27ccee,50/25/25,0.015047634020447731,0.10271241515874863
functional_last,functional,cosine,oasst1zh,10,seed_aligned,0,/weka/scratch/jhu/cpriebe1/MO/model-taxonomy/results/shared_cache/03_adapters/allenai--OLMo-2-0425-1B-Instruct/yahoo_050g1_000g2_050g3_n1000_s00_r16_i00_b5008_fea27ccee,50/0/50,-0.18633991479873657,0.12899675965309143
functional_last,functional,cosine,oasst1zh,10,seed_aligned,0,/weka/scratch/jhu/cpriebe1/MO/model-taxonomy/results/shared_cache/03_adapters/allenai--OLMo-2-0425-1B-Instruct/yahoo_033g1_033g2_033g3_n1000_s00_r16_i00_b5008_fea27ccee,33/33/33,0.013765503652393818,-0.004348372109234333
functional_last,functional,cosine,oasst1zh,10,seed_aligned,0,/weka/scratch/jhu/cpriebe1/MO/model-taxonomy/results/shared_cache/03_adapters/allenai--OLMo-2-0425-1B-Instruct/yahoo_025g1_075g2_000g3_n1000_s00_r16_i00_b5008_fea27ccee,25/75/0,0.24494706094264984,-0.053654760122299194
functional_last,functional,cosine,oasst1zh,10,seed_aligned,0,/weka/scratch/jhu/cpriebe1/MO/model-taxonomy/results/shared_cache/03_adapters/allenai--OLMo-2-0425-1B-Instruct/yahoo_025g1_050g2_025g3_n1000_s00_r16_i00_b5008_fea27ccee,25/50/25,0.10830336064100266,-0.04628043994307518
functional_last,functional,cosine,oasst1zh,10,seed_aligned,0,/weka/scratch/jhu/cpriebe1/MO/model-taxonomy/results/shared_cache/03_adapters/allenai--OLMo-2-0425-1B-Instruct/yahoo_025g1_025g2_050g3_n1000_s00_r16_i00_b5008_fea27ccee,25/25/50,-0.07442139089107513,-0.03577873110771179
functional_last,functional,cosine,oasst1zh,10,seed_aligned,0,/weka/scratch/jhu/cpriebe1/MO/model-taxonomy/results/shared_cache/03_adapters/allenai--OLMo-2-0425-1B-Instruct/yahoo_025g1_000g2_075g3_n1000_s00_r16_i00_b5008_fea27ccee,25/0/75,-0.27864396572113037,-0.02083052322268486
functional_last,functional,cosine,oasst1zh,10,seed_aligned,0,/weka/scratch/jhu/cpriebe1/MO/model-taxonomy/results/shared_cache/03_adapters/allenai--OLMo-2-0425-1B-Instruct/yahoo_000g1_100g2_000g3_n1000_s00_r16_i00_b5008_fea27ccee,0/100/0,0.32473185658454895,-0.20135127007961273
functional_last,functional,cosine,oasst1zh,10,seed_aligned,0,/weka/scratch/jhu/cpriebe1/MO/model-taxonomy/results/shared_cache/03_adapters/allenai--OLMo-2-0425-1B-Instruct/yahoo_000g1_075g2_025g3_n1000_s00_r16_i00_b5008_fea27ccee,0/75/25,0.17604194581508636,-0.19466684758663177
functional_last,functional,cosine,oasst1zh,10,seed_aligned,0,/weka/scratch/jhu/cpriebe1/MO/model-taxonomy/results/shared_cache/03_adapters/allenai--OLMo-2-0425-1B-Instruct/yahoo_000g1_050g2_050g3_n1000_s00_r16_i00_b5008_fea27ccee,0/50/50,0.029286807402968407,-0.20028358697891235
functional_last,functional,cosine,oasst1zh,10,seed_aligned,0,/weka/scratch/jhu/cpriebe1/MO/model-taxonomy/results/shared_cache/03_adapters/allenai--OLMo-2-0425-1B-Instruct/yahoo_000g1_025g2_075g3_n1000_s00_r16_i00_b5008_fea27ccee,0/25/75,-0.16999657452106476,-0.18966513872146606
functional_last,functional,cosine,oasst1zh,10,seed_aligned,0,/weka/scratch/jhu/cpriebe1/MO/model-taxonomy/results/shared_cache/03_adapters/allenai--OLMo-2-0425-1B-Instruct/yahoo_000g1_000g2_100g3_n1000_s00_r16_i00_b5008_fea27ccee,0/0/100,-0.38151705265045166,-0.16748760640621185
functional_last,functional,cosine,oasst1zh,20,pooled,-1,/weka/scratch/jhu/cpriebe1/MO/model-taxonomy/results/shared_cache/03_adapters/allenai--OLMo-2-0425-1B-Instruct/yahoo_100g1_000g2_000g3_n1000_s00_r16_i00_b5008_fea27ccee,100/0/0,-1.0128532124413755e-16,0.35110679268836975
functional_last,functional,cosine,oasst1zh,20,pooled,-1,/weka/scratch/jhu/cpriebe1/MO/model-taxonomy/results/shared_cache/03_adapters/allenai--OLMo-2-0425-1B-Instruct/yahoo_075g1_025g2_000g3_n1000_s00_r16_i00_b5008_fea27ccee,75/25/0,0.0922454297542572,0.21149678528308868
functional_last,functional,cosine,oasst1zh,20,pooled,-1,/weka/scratch/jhu/cpriebe1/MO/model-taxonomy/results/shared_cache/03_adapters/allenai--OLMo-2-0425-1B-Instruct/yahoo_075g1_000g2_025g3_n1000_s00_r16_i00_b5008_fea27ccee,75/0/25,-0.08899719268083572,0.2502659857273102
functional_last,functional,cosine,oasst1zh,20,pooled,-1,/weka/scratch/jhu/cpriebe1/MO/model-taxonomy/results/shared_cache/03_adapters/allenai--OLMo-2-0425-1B-Instruct/yahoo_050g1_050g2_000g3_n1000_s00_r16_i00_b5008_fea27ccee,50/50/0,0.17583617568016052,0.07220528274774551
functional_last,functional,cosine,oasst1zh,20,pooled,-1,/weka/scratch/jhu/cpriebe1/MO/model-taxonomy/results/shared_cache/03_adapters/allenai--OLMo-2-0425-1B-Instruct/yahoo_050g1_025g2_025g3_n1000_s00_r16_i00_b5008_fea27ccee,50/25/25,0.014528200030326843,0.10222437232732773
functional_last,functional,cosine,oasst1zh,20,pooled,-1,/weka/scratch/jhu/cpriebe1/MO/model-taxonomy/results/shared_cache/03_adapters/allenai--OLMo-2-0425-1B-Instruct/yahoo_050g1_000g2_050g3_n1000_s00_r16_i00_b5008_fea27ccee,50/0/50,-0.18648065626621246,0.1291264444589615
functional_last,functional,cosine,oasst1zh,20,pooled,-1,/weka/scratch/jhu/cpriebe1/MO/model-taxonomy/results/shared_cache/03_adapters/allenai--OLMo-2-0425-1B-Instruct/yahoo_033g1_033g2_033g3_n1000_s00_r16_i00_b5008_fea27ccee,33/33/33,0.014038416557013988,-0.0038528067525476217
functional_last,functional,cosine,oasst1zh,20,pooled,-1,/weka/scratch/jhu/cpriebe1/MO/model-taxonomy/results/shared_cache/03_adapters/allenai--OLMo-2-0425-1B-Instruct/yahoo_025g1_075g2_000g3_n1000_s00_r16_i00_b5008_fea27ccee,25/75/0,0.24532242119312286,-0.054337769746780396
functional_last,functional,cosine,oasst1zh,20,pooled,-1,/weka/scratch/jhu/cpriebe1/MO/model-taxonomy/results/shared_cache/03_adapters/allenai--OLMo-2-0425-1B-Instruct/yahoo_025g1_050g2_025g3_n1000_s00_r16_i00_b5008_fea27ccee,25/50/25,0.10784635692834854,-0.04653364047408104
functional_last,functional,cosine,oasst1zh,20,pooled,-1,/weka/scratch/jhu/cpriebe1/MO/model-taxonomy/results/shared_cache/03_adapters/allenai--OLMo-2-0425-1B-Instruct/yahoo_025g1_025g2_050g3_n1000_s00_r16_i00_b5008_fea27ccee,25/25/50,-0.07464132457971573,-0.035933855921030045
functional_last,functional,cosine,oasst1zh,20,pooled,-1,/weka/scratch/jhu/cpriebe1/MO/model-taxonomy/results/shared_cache/03_adapters/allenai--OLMo-2-0425-1B-Instruct/yahoo_025g1_000g2_075g3_n1000_s00_r16_i00_b5008_fea27ccee,25/0/75,-0.278557151556015,-0.020924733951687813
functional_last,functional,cosine,oasst1zh,20,pooled,-1,/weka/scratch/jhu/cpriebe1/MO/model-taxonomy/results/shared_cache/03_adapters/allenai--OLMo-2-0425-1B-Instruct/yahoo_000g1_100g2_000g3_n1000_s00_r16_i00_b5008_fea27ccee,0/100/0,0.3242768943309784,-0.20126289129257202
functional_last,functional,cosine,oasst1zh,20,pooled,-1,/weka/scratch/jhu/cpriebe1/MO/model-taxonomy/results/shared_cache/03_adapters/allenai--OLMo-2-0425-1B-Instruct/yahoo_000g1_075g2_025g3_n1000_s00_r16_i00_b5008_fea27ccee,0/75/25,0.17506390810012817,-0.19439217448234558
functional_last,functional,cosine,oasst1zh,20,pooled,-1,/weka/scratch/jhu/cpriebe1/MO/model-taxonomy/results/shared_cache/03_adapters/allenai--OLMo-2-0425-1B-Instruct/yahoo_000g1_050g2_050g3_n1000_s00_r16_i00_b5008_fea27ccee,0/50/50,0.02880019135773182,-0.19945994019508362
functional_last,functional,cosine,oasst1zh,20,pooled,-1,/weka/scratch/jhu/cpriebe1/MO/model-taxonomy/results/shared_cache/03_adapters/allenai--OLMo-2-0425-1B-Instruct/yahoo_000g1_025g2_075g3_n1000_s00_r16_i00_b5008_fea27ccee,0/25/75,-0.16939383745193481,-0.1905348002910614
functional_last,functional,cosine,oasst1zh,20,pooled,-1,/weka/scratch/jhu/cpriebe1/MO/model-taxonomy/results/shared_cache/03_adapters/allenai--OLMo-2-0425-1B-Instruct/yahoo_000g1_000g2_100g3_n1000_s00_r16_i00_b5008_fea27ccee,0/0/100,-0.37988781929016113,-0.16919302940368652
functional_last,functional,cosine,oasst1zh,20,mean,-1,/weka/scratch/jhu/cpriebe1/MO/model-taxonomy/results/shared_cache/03_adapters/allenai--OLMo-2-0425-1B-Instruct/yahoo_100g1_000g2_000g3_n1000_s00_r16_i00_b5008_fea27ccee,100/0/0,-1.0128532124413755e-16,0.35110679268836975
functional_last,functional,cosine,oasst1zh,20,mean,-1,/weka/scratch/jhu/cpriebe1/MO/model-taxonomy/results/shared_cache/03_adapters/allenai--OLMo-2-0425-1B-Instruct/yahoo_075g1_025g2_000g3_n1000_s00_r16_i00_b5008_fea27ccee,75/25/0,0.0922454297542572,0.21149678528308868
functional_last,functional,cosine,oasst1zh,20,mean,-1,/weka/scratch/jhu/cpriebe1/MO/model-taxonomy/results/shared_cache/03_adapters/allenai--OLMo-2-0425-1B-Instruct/yahoo_075g1_000g2_025g3_n1000_s00_r16_i00_b5008_fea27ccee,75/0/25,-0.08899719268083572,0.2502659857273102
functional_last,functional,cosine,oasst1zh,20,mean,-1,/weka/scratch/jhu/cpriebe1/MO/model-taxonomy/results/shared_cache/03_adapters/allenai--OLMo-2-0425-1B-Instruct/yahoo_050g1_050g2_000g3_n1000_s00_r16_i00_b5008_fea27ccee,50/50/0,0.17583617568016052,0.07220528274774551
functional_last,functional,cosine,oasst1zh,20,mean,-1,/weka/scratch/jhu/cpriebe1/MO/model-taxonomy/results/shared_cache/03_adapters/allenai--OLMo-2-0425-1B-Instruct/yahoo_050g1_025g2_025g3_n1000_s00_r16_i00_b5008_fea27ccee,50/25/25,0.014528200030326843,0.10222437232732773
functional_last,functional,cosine,oasst1zh,20,mean,-1,/weka/scratch/jhu/cpriebe1/MO/model-taxonomy/results/shared_cache/03_adapters/allenai--OLMo-2-0425-1B-Instruct/yahoo_050g1_000g2_050g3_n1000_s00_r16_i00_b5008_fea27ccee,50/0/50,-0.18648065626621246,0.1291264444589615
functional_last,functional,cosine,oasst1zh,20,mean,-1,/weka/scratch/jhu/cpriebe1/MO/model-taxonomy/results/shared_cache/03_adapters/allenai--OLMo-2-0425-1B-Instruct/yahoo_033g1_033g2_033g3_n1000_s00_r16_i00_b5008_fea27ccee,33/33/33,0.014038416557013988,-0.0038528067525476217
functional_last,functional,cosine,oasst1zh,20,mean,-1,/weka/scratch/jhu/cpriebe1/MO/model-taxonomy/results/shared_cache/03_adapters/allenai--OLMo-2-0425-1B-Instruct/yahoo_025g1_075g2_000g3_n1000_s00_r16_i00_b5008_fea27ccee,25/75/0,0.24532242119312286,-0.054337769746780396
functional_last,functional,cosine,oasst1zh,20,mean,-1,/weka/scratch/jhu/cpriebe1/MO/model-taxonomy/results/shared_cache/03_adapters/allenai--OLMo-2-0425-1B-Instruct/yahoo_025g1_050g2_025g3_n1000_s00_r16_i00_b5008_fea27ccee,25/50/25,0.10784635692834854,-0.04653364047408104
functional_last,functional,cosine,oasst1zh,20,mean,-1,/weka/scratch/jhu/cpriebe1/MO/model-taxonomy/results/shared_cache/03_adapters/allenai--OLMo-2-0425-1B-Instruct/yahoo_025g1_025g2_050g3_n1000_s00_r16_i00_b5008_fea27ccee,25/25/50,-0.07464132457971573,-0.035933855921030045
functional_last,functional,cosine,oasst1zh,20,mean,-1,/weka/scratch/jhu/cpriebe1/MO/model-taxonomy/results/shared_cache/03_adapters/allenai--OLMo-2-0425-1B-Instruct/yahoo_025g1_000g2_075g3_n1000_s00_r16_i00_b5008_fea27ccee,25/0/75,-0.278557151556015,-0.020924733951687813
functional_last,functional,cosine,oasst1zh,20,mean,-1,/weka/scratch/jhu/cpriebe1/MO/model-taxonomy/results/shared_cache/03_adapters/allenai--OLMo-2-0425-1B-Instruct/yahoo_000g1_100g2_000g3_n1000_s00_r16_i00_b5008_fea27ccee,0/100/0,0.3242768943309784,-0.20126289129257202
functional_last,functional,cosine,oasst1zh,20,mean,-1,/weka/scratch/jhu/cpriebe1/MO/model-taxonomy/results/shared_cache/03_adapters/allenai--OLMo-2-0425-1B-Instruct/yahoo_000g1_075g2_025g3_n1000_s00_r16_i00_b5008_fea27ccee,0/75/25,0.17506390810012817,-0.19439217448234558
functional_last,functional,cosine,oasst1zh,20,mean,-1,/weka/scratch/jhu/cpriebe1/MO/model-taxonomy/results/shared_cache/03_adapters/allenai--OLMo-2-0425-1B-Instruct/yahoo_000g1_050g2_050g3_n1000_s00_r16_i00_b5008_fea27ccee,0/50/50,0.02880019135773182,-0.19945994019508362
functional_last,functional,cosine,oasst1zh,20,mean,-1,/weka/scratch/jhu/cpriebe1/MO/model-taxonomy/results/shared_cache/03_adapters/allenai--OLMo-2-0425-1B-Instruct/yahoo_000g1_025g2_075g3_n1000_s00_r16_i00_b5008_fea27ccee,0/25/75,-0.16939383745193481,-0.1905348002910614
functional_last,functional,cosine,oasst1zh,20,mean,-1,/weka/scratch/jhu/cpriebe1/MO/model-taxonomy/results/shared_cache/03_adapters/allenai--OLMo-2-0425-1B-Instruct/yahoo_000g1_000g2_100g3_n1000_s00_r16_i00_b5008_fea27ccee,0/0/100,-0.37988781929016113,-0.16919302940368652
functional_last,functional,cosine,oasst1zh,20,seed_aligned,0,/weka/scratch/jhu/cpriebe1/MO/model-taxonomy/results/shared_cache/03_adapters/allenai--OLMo-2-0425-1B-Instruct/yahoo_100g1_000g2_000g3_n1000_s00_r16_i00_b5008_fea27ccee,100/0/0,-1.0128532124413755e-16,0.35110679268836975
functional_last,functional,cosine,oasst1zh,20,seed_aligned,0,/weka/scratch/jhu/cpriebe1/MO/model-taxonomy/results/shared_cache/03_adapters/allenai--OLMo-2-0425-1B-Instruct/yahoo_075g1_025g2_000g3_n1000_s00_r16_i00_b5008_fea27ccee,75/25/0,0.0922454297542572,0.21149678528308868
functional_last,functional,cosine,oasst1zh,20,seed_aligned,0,/weka/scratch/jhu/cpriebe1/MO/model-taxonomy/results/shared_cache/03_adapters/allenai--OLMo-2-0425-1B-Instruct/yahoo_075g1_000g2_025g3_n1000_s00_r16_i00_b5008_fea27ccee,75/0/25,-0.08899719268083572,0.2502659857273102
functional_last,functional,cosine,oasst1zh,20,seed_aligned,0,/weka/scratch/jhu/cpriebe1/MO/model-taxonomy/results/shared_cache/03_adapters/allenai--OLMo-2-0425-1B-Instruct/yahoo_050g1_050g2_000g3_n1000_s00_r16_i00_b5008_fea27ccee,50/50/0,0.17583617568016052,0.07220528274774551
functional_last,functional,cosine,oasst1zh,20,seed_aligned,0,/weka/scratch/jhu/cpriebe1/MO/model-taxonomy/results/shared_cache/03_adapters/allenai--OLMo-2-0425-1B-Instruct/yahoo_050g1_025g2_025g3_n1000_s00_r16_i00_b5008_fea27ccee,50/25/25,0.014528200030326843,0.10222437232732773
functional_last,functional,cosine,oasst1zh,20,seed_aligned,0,/weka/scratch/jhu/cpriebe1/MO/model-taxonomy/results/shared_cache/03_adapters/allenai--OLMo-2-0425-1B-Instruct/yahoo_050g1_000g2_050g3_n1000_s00_r16_i00_b5008_fea27ccee,50/0/50,-0.18648065626621246,0.1291264444589615
functional_last,functional,cosine,oasst1zh,20,seed_aligned,0,/weka/scratch/jhu/cpriebe1/MO/model-taxonomy/results/shared_cache/03_adapters/allenai--OLMo-2-0425-1B-Instruct/yahoo_033g1_033g2_033g3_n1000_s00_r16_i00_b5008_fea27ccee,33/33/33,0.014038416557013988,-0.0038528067525476217
functional_last,functional,cosine,oasst1zh,20,seed_aligned,0,/weka/scratch/jhu/cpriebe1/MO/model-taxonomy/results/shared_cache/03_adapters/allenai--OLMo-2-0425-1B-Instruct/yahoo_025g1_075g2_000g3_n1000_s00_r16_i00_b5008_fea27ccee,25/75/0,0.24532242119312286,-0.054337769746780396
functional_last,functional,cosine,oasst1zh,20,seed_aligned,0,/weka/scratch/jhu/cpriebe1/MO/model-taxonomy/results/shared_cache/03_adapters/allenai--OLMo-2-0425-1B-Instruct/yahoo_025g1_050g2_025g3_n1000_s00_r16_i00_b5008_fea27ccee,25/50/25,0.10784635692834854,-0.04653364047408104
functional_last,functional,cosine,oasst1zh,20,seed_aligned,0,/weka/scratch/jhu/cpriebe1/MO/model-taxonomy/results/shared_cache/03_adapters/allenai--OLMo-2-0425-1B-Instruct/yahoo_025g1_025g2_050g3_n1000_s00_r16_i00_b5008_fea27ccee,25/25/50,-0.07464132457971573,-0.035933855921030045
functional_last,functional,cosine,oasst1zh,20,seed_aligned,0,/weka/scratch/jhu/cpriebe1/MO/model-taxonomy/results/shared_cache/03_adapters/allenai--OLMo-2-0425-1B-Instruct/yahoo_025g1_000g2_075g3_n1000_s00_r16_i00_b5008_fea27ccee,25/0/75,-0.278557151556015,-0.020924733951687813
functional_last,functional,cosine,oasst1zh,20,seed_aligned,0,/weka/scratch/jhu/cpriebe1/MO/model-taxonomy/results/shared_cache/03_adapters/allenai--OLMo-2-0425-1B-Instruct/yahoo_000g1_100g2_000g3_n1000_s00_r16_i00_b5008_fea27ccee,0/100/0,0.3242768943309784,-0.20126289129257202
functional_last,functional,cosine,oasst1zh,20,seed_aligned,0,/weka/scratch/jhu/cpriebe1/MO/model-taxonomy/results/shared_cache/03_adapters/allenai--OLMo-2-0425-1B-Instruct/yahoo_000g1_075g2_025g3_n1000_s00_r16_i00_b5008_fea27ccee,0/75/25,0.17506390810012817,-0.19439217448234558
functional_last,functional,cosine,oasst1zh,20,seed_aligned,0,/weka/scratch/jhu/cpriebe1/MO/model-taxonomy/results/shared_cache/03_adapters/allenai--OLMo-2-0425-1B-Instruct/yahoo_000g1_050g2_050g3_n1000_s00_r16_i00_b5008_fea27ccee,0/50/50,0.02880019135773182,-0.19945994019508362
functional_last,functional,cosine,oasst1zh,20,seed_aligned,0,/weka/scratch/jhu/cpriebe1/MO/model-taxonomy/results/shared_cache/03_adapters/allenai--OLMo-2-0425-1B-Instruct/yahoo_000g1_025g2_075g3_n1000_s00_r16_i00_b5008_fea27ccee,0/25/75,-0.16939383745193481,-0.1905348002910614
functional_last,functional,cosine,oasst1zh,20,seed_aligned,0,/weka/scratch/jhu/cpriebe1/MO/model-taxonomy/results/shared_cache/03_adapters/allenai--OLMo-2-0425-1B-Instruct/yahoo_000g1_000g2_100g3_n1000_s00_r16_i00_b5008_fea27ccee,0/0/100,-0.37988781929016113,-0.16919302940368652
functional_last,functional,cosine,oasst1zh,50,pooled,-1,/weka/scratch/jhu/cpriebe1/MO/model-taxonomy/results/shared_cache/03_adapters/allenai--OLMo-2-0425-1B-Instruct/yahoo_100g1_000g2_000g3_n1000_s00_r16_i00_b5008_fea27ccee,100/0/0,-4.79132425333296e-17,0.3537917733192444
functional_last,functional,cosine,oasst1zh,50,pooled,-1,/weka/scratch/jhu/cpriebe1/MO/model-taxonomy/results/shared_cache/03_adapters/allenai--OLMo-2-0425-1B-Instruct/yahoo_075g1_025g2_000g3_n1000_s00_r16_i00_b5008_fea27ccee,75/25/0,0.09122928231954575,0.211893692612648
functional_last,functional,cosine,oasst1zh,50,pooled,-1,/weka/scratch/jhu/cpriebe1/MO/model-taxonomy/results/shared_cache/03_adapters/allenai--OLMo-2-0425-1B-Instruct/yahoo_075g1_000g2_025g3_n1000_s00_r16_i00_b5008_fea27ccee,75/0/25,-0.08969288319349289,0.252817839384079
functional_last,functional,cosine,oasst1zh,50,pooled,-1,/weka/scratch/jhu/cpriebe1/MO/model-taxonomy/results/shared_cache/03_adapters/allenai--OLMo-2-0425-1B-Instruct/yahoo_050g1_050g2_000g3_n1000_s00_r16_i00_b5008_fea27ccee,50/50/0,0.17660236358642578,0.07301340997219086
functional_last,functional,cosine,oasst1zh,50,pooled,-1,/weka/scratch/jhu/cpriebe1/MO/model-taxonomy/results/shared_cache/03_adapters/allenai--OLMo-2-0425-1B-Instruct/yahoo_050g1_025g2_025g3_n1000_s00_r16_i00_b5008_fea27ccee,50/25/25,0.012790242210030556,0.10141579806804657
functional_last,functional,cosine,oasst1zh,50,pooled,-1,/weka/scratch/jhu/cpriebe1/MO/model-taxonomy/results/shared_cache/03_adapters/allenai--OLMo-2-0425-1B-Instruct/yahoo_050g1_000g2_050g3_n1000_s00_r16_i00_b5008_fea27ccee,50/0/50,-0.18810781836509705,0.12986768782138824
functional_last,functional,cosine,oasst1zh,50,pooled,-1,/weka/scratch/jhu/cpriebe1/MO/model-taxonomy/results/shared_cache/03_adapters/allenai--OLMo-2-0425-1B-Instruct/yahoo_033g1_033g2_033g3_n1000_s00_r16_i00_b5008_fea27ccee,33/33/33,0.014586678706109524,-0.002446154598146677
functional_last,functional,cosine,oasst1zh,50,pooled,-1,/weka/scratch/jhu/cpriebe1/MO/model-taxonomy/results/shared_cache/03_adapters/allenai--OLMo-2-0425-1B-Instruct/yahoo_025g1_075g2_000g3_n1000_s00_r16_i00_b5008_fea27ccee,25/75/0,0.24631087481975555,-0.054205313324928284
functional_last,functional,cosine,oasst1zh,50,pooled,-1,/weka/scratch/jhu/cpriebe1/MO/model-taxonomy/results/shared_cache/03_adapters/allenai--OLMo-2-0425-1B-Instruct/yahoo_025g1_050g2_025g3_n1000_s00_r16_i00_b5008_fea27ccee,25/50/25,0.10612497478723526,-0.04730416089296341
functional_last,functional,cosine,oasst1zh,50,pooled,-1,/weka/scratch/jhu/cpriebe1/MO/model-taxonomy/results/shared_cache/03_adapters/allenai--OLMo-2-0425-1B-Instruct/yahoo_025g1_025g2_050g3_n1000_s00_r16_i00_b5008_fea27ccee,25/25/50,-0.07542373985052109,-0.036286234855651855
functional_last,functional,cosine,oasst1zh,50,pooled,-1,/weka/scratch/jhu/cpriebe1/MO/model-taxonomy/results/shared_cache/03_adapters/allenai--OLMo-2-0425-1B-Instruct/yahoo_025g1_000g2_075g3_n1000_s00_r16_i00_b5008_fea27ccee,25/0/75,-0.2758072018623352,-0.020773394033312798
functional_last,functional,cosine,oasst1zh,50,pooled,-1,/weka/scratch/jhu/cpriebe1/MO/model-taxonomy/results/shared_cache/03_adapters/allenai--OLMo-2-0425-1B-Instruct/yahoo_000g1_100g2_000g3_n1000_s00_r16_i00_b5008_fea27ccee,0/100/0,0.3229582905769348,-0.20331209897994995
functional_last,functional,cosine,oasst1zh,50,pooled,-1,/weka/scratch/jhu/cpriebe1/MO/model-taxonomy/results/shared_cache/03_adapters/allenai--OLMo-2-0425-1B-Instruct/yahoo_000g1_075g2_025g3_n1000_s00_r16_i00_b5008_fea27ccee,0/75/25,0.17304234206676483,-0.19285549223423004
functional_last,functional,cosine,oasst1zh,50,pooled,-1,/weka/scratch/jhu/cpriebe1/MO/model-taxonomy/results/shared_cache/03_adapters/allenai--OLMo-2-0425-1B-Instruct/yahoo_000g1_050g2_050g3_n1000_s00_r16_i00_b5008_fea27ccee,0/50/50,0.027940090745687485,-0.19928279519081116
functional_last,functional,cosine,oasst1zh,50,pooled,-1,/weka/scratch/jhu/cpriebe1/MO/model-taxonomy/results/shared_cache/03_adapters/allenai--OLMo-2-0425-1B-Instruct/yahoo_000g1_025g2_075g3_n1000_s00_r16_i00_b5008_fea27ccee,0/25/75,-0.16676871478557587,-0.19320091605186462
functional_last,functional,cosine,oasst1zh,50,pooled,-1,/weka/scratch/jhu/cpriebe1/MO/model-taxonomy/results/shared_cache/03_adapters/allenai--OLMo-2-0425-1B-Instruct/yahoo_000g1_000g2_100g3_n1000_s00_r16_i00_b5008_fea27ccee,0/0/100,-0.3757847845554352,-0.17313364148139954
functional_last,functional,cosine,oasst1zh,50,mean,-1,/weka/scratch/jhu/cpriebe1/MO/model-taxonomy/results/shared_cache/03_adapters/allenai--OLMo-2-0425-1B-Instruct/yahoo_100g1_000g2_000g3_n1000_s00_r16_i00_b5008_fea27ccee,100/0/0,-4.79132425333296e-17,0.3537917733192444
functional_last,functional,cosine,oasst1zh,50,mean,-1,/weka/scratch/jhu/cpriebe1/MO/model-taxonomy/results/shared_cache/03_adapters/allenai--OLMo-2-0425-1B-Instruct/yahoo_075g1_025g2_000g3_n1000_s00_r16_i00_b5008_fea27ccee,75/25/0,0.09122928231954575,0.211893692612648
functional_last,functional,cosine,oasst1zh,50,mean,-1,/weka/scratch/jhu/cpriebe1/MO/model-taxonomy/results/shared_cache/03_adapters/allenai--OLMo-2-0425-1B-Instruct/yahoo_075g1_000g2_025g3_n1000_s00_r16_i00_b5008_fea27ccee,75/0/25,-0.08969288319349289,0.252817839384079
functional_last,functional,cosine,oasst1zh,50,mean,-1,/weka/scratch/jhu/cpriebe1/MO/model-taxonomy/results/shared_cache/03_adapters/allenai--OLMo-2-0425-1B-Instruct/yahoo_050g1_050g2_000g3_n1000_s00_r16_i00_b5008_fea27ccee,50/50/0,0.17660236358642578,0.07301340997219086
functional_last,functional,cosine,oasst1zh,50,mean,-1,/weka/scratch/jhu/cpriebe1/MO/model-taxonomy/results/shared_cache/03_adapters/allenai--OLMo-2-0425-1B-Instruct/yahoo_050g1_025g2_025g3_n1000_s00_r16_i00_b5008_fea27ccee,50/25/25,0.012790242210030556,0.10141579806804657
functional_last,functional,cosine,oasst1zh,50,mean,-1,/weka/scratch/jhu/cpriebe1/MO/model-taxonomy/results/shared_cache/03_adapters/allenai--OLMo-2-0425-1B-Instruct/yahoo_050g1_000g2_050g3_n1000_s00_r16_i00_b5008_fea27ccee,50/0/50,-0.18810781836509705,0.12986768782138824
functional_last,functional,cosine,oasst1zh,50,mean,-1,/weka/scratch/jhu/cpriebe1/MO/model-taxonomy/results/shared_cache/03_adapters/allenai--OLMo-2-0425-1B-Instruct/yahoo_033g1_033g2_033g3_n1000_s00_r16_i00_b5008_fea27ccee,33/33/33,0.014586678706109524,-0.002446154598146677
functional_last,functional,cosine,oasst1zh,50,mean,-1,/weka/scratch/jhu/cpriebe1/MO/model-taxonomy/results/shared_cache/03_adapters/allenai--OLMo-2-0425-1B-Instruct/yahoo_025g1_075g2_000g3_n1000_s00_r16_i00_b5008_fea27ccee,25/75/0,0.24631087481975555,-0.054205313324928284
functional_last,functional,cosine,oasst1zh,50,mean,-1,/weka/scratch/jhu/cpriebe1/MO/model-taxonomy/results/shared_cache/03_adapters/allenai--OLMo-2-0425-1B-Instruct/yahoo_025g1_050g2_025g3_n1000_s00_r16_i00_b5008_fea27ccee,25/50/25,0.10612497478723526,-0.04730416089296341
functional_last,functional,cosine,oasst1zh,50,mean,-1,/weka/scratch/jhu/cpriebe1/MO/model-taxonomy/results/shared_cache/03_adapters/allenai--OLMo-2-0425-1B-Instruct/yahoo_025g1_025g2_050g3_n1000_s00_r16_i00_b5008_fea27ccee,25/25/50,-0.07542373985052109,-0.036286234855651855
functional_last,functional,cosine,oasst1zh,50,mean,-1,/weka/scratch/jhu/cpriebe1/MO/model-taxonomy/results/shared_cache/03_adapters/allenai--OLMo-2-0425-1B-Instruct/yahoo_025g1_000g2_075g3_n1000_s00_r16_i00_b5008_fea27ccee,25/0/75,-0.2758072018623352,-0.020773394033312798
functional_last,functional,cosine,oasst1zh,50,mean,-1,/weka/scratch/jhu/cpriebe1/MO/model-taxonomy/results/shared_cache/03_adapters/allenai--OLMo-2-0425-1B-Instruct/yahoo_000g1_100g2_000g3_n1000_s00_r16_i00_b5008_fea27ccee,0/100/0,0.3229582905769348,-0.20331209897994995
functional_last,functional,cosine,oasst1zh,50,mean,-1,/weka/scratch/jhu/cpriebe1/MO/model-taxonomy/results/shared_cache/03_adapters/allenai--OLMo-2-0425-1B-Instruct/yahoo_000g1_075g2_025g3_n1000_s00_r16_i00_b5008_fea27ccee,0/75/25,0.17304234206676483,-0.19285549223423004
functional_last,functional,cosine,oasst1zh,50,mean,-1,/weka/scratch/jhu/cpriebe1/MO/model-taxonomy/results/shared_cache/03_adapters/allenai--OLMo-2-0425-1B-Instruct/yahoo_000g1_050g2_050g3_n1000_s00_r16_i00_b5008_fea27ccee,0/50/50,0.027940090745687485,-0.19928279519081116
functional_last,functional,cosine,oasst1zh,50,mean,-1,/weka/scratch/jhu/cpriebe1/MO/model-taxonomy/results/shared_cache/03_adapters/allenai--OLMo-2-0425-1B-Instruct/yahoo_000g1_025g2_075g3_n1000_s00_r16_i00_b5008_fea27ccee,0/25/75,-0.16676871478557587,-0.19320091605186462
functional_last,functional,cosine,oasst1zh,50,mean,-1,/weka/scratch/jhu/cpriebe1/MO/model-taxonomy/results/shared_cache/03_adapters/allenai--OLMo-2-0425-1B-Instruct/yahoo_000g1_000g2_100g3_n1000_s00_r16_i00_b5008_fea27ccee,0/0/100,-0.3757847845554352,-0.17313364148139954
functional_last,functional,cosine,oasst1zh,50,seed_aligned,0,/weka/scratch/jhu/cpriebe1/MO/model-taxonomy/results/shared_cache/03_adapters/allenai--OLMo-2-0425-1B-Instruct/yahoo_100g1_000g2_000g3_n1000_s00_r16_i00_b5008_fea27ccee,100/0/0,-4.79132425333296e-17,0.3537917733192444
functional_last,functional,cosine,oasst1zh,50,seed_aligned,0,/weka/scratch/jhu/cpriebe1/MO/model-taxonomy/results/shared_cache/03_adapters/allenai--OLMo-2-0425-1B-Instruct/yahoo_075g1_025g2_000g3_n1000_s00_r16_i00_b5008_fea27ccee,75/25/0,0.09122928231954575,0.211893692612648
functional_last,functional,cosine,oasst1zh,50,seed_aligned,0,/weka/scratch/jhu/cpriebe1/MO/model-taxonomy/results/shared_cache/03_adapters/allenai--OLMo-2-0425-1B-Instruct/yahoo_075g1_000g2_025g3_n1000_s00_r16_i00_b5008_fea27ccee,75/0/25,-0.08969288319349289,0.252817839384079
functional_last,functional,cosine,oasst1zh,50,seed_aligned,0,/weka/scratch/jhu/cpriebe1/MO/model-taxonomy/results/shared_cache/03_adapters/allenai--OLMo-2-0425-1B-Instruct/yahoo_050g1_050g2_000g3_n1000_s00_r16_i00_b5008_fea27ccee,50/50/0,0.17660236358642578,0.07301340997219086
functional_last,functional,cosine,oasst1zh,50,seed_aligned,0,/weka/scratch/jhu/cpriebe1/MO/model-taxonomy/results/shared_cache/03_adapters/allenai--OLMo-2-0425-1B-Instruct/yahoo_050g1_025g2_025g3_n1000_s00_r16_i00_b5008_fea27ccee,50/25/25,0.012790242210030556,0.10141579806804657
functional_last,functional,cosine,oasst1zh,50,seed_aligned,0,/weka/scratch/jhu/cpriebe1/MO/model-taxonomy/results/shared_cache/03_adapters/allenai--OLMo-2-0425-1B-Instruct/yahoo_050g1_000g2_050g3_n1000_s00_r16_i00_b5008_fea27ccee,50/0/50,-0.18810781836509705,0.12986768782138824
functional_last,functional,cosine,oasst1zh,50,seed_aligned,0,/weka/scratch/jhu/cpriebe1/MO/model-taxonomy/results/shared_cache/03_adapters/allenai--OLMo-2-0425-1B-Instruct/yahoo_033g1_033g2_033g3_n1000_s00_r16_i00_b5008_fea27ccee,33/33/33,0.014586678706109524,-0.002446154598146677
functional_last,functional,cosine,oasst1zh,50,seed_aligned,0,/weka/scratch/jhu/cpriebe1/MO/model-taxonomy/results/shared_cache/03_adapters/allenai--OLMo-2-0425-1B-Instruct/yahoo_025g1_075g2_000g3_n1000_s00_r16_i00_b5008_fea27ccee,25/75/0,0.24631087481975555,-0.054205313324928284
functional_last,functional,cosine,oasst1zh,50,seed_aligned,0,/weka/scratch/jhu/cpriebe1/MO/model-taxonomy/results/shared_cache/03_adapters/allenai--OLMo-2-0425-1B-Instruct/yahoo_025g1_050g2_025g3_n1000_s00_r16_i00_b5008_fea27ccee,25/50/25,0.10612497478723526,-0.04730416089296341
functional_last,functional,cosine,oasst1zh,50,seed_aligned,0,/weka/scratch/jhu/cpriebe1/MO/model-taxonomy/results/shared_cache/03_adapters/allenai--OLMo-2-0425-1B-Instruct/yahoo_025g1_025g2_050g3_n1000_s00_r16_i00_b5008_fea27ccee,25/25/50,-0.07542373985052109,-0.036286234855651855
functional_last,functional,cosine,oasst1zh,50,seed_aligned,0,/weka/scratch/jhu/cpriebe1/MO/model-taxonomy/results/shared_cache/03_adapters/allenai--OLMo-2-0425-1B-Instruct/yahoo_025g1_000g2_075g3_n1000_s00_r16_i00_b5008_fea27ccee,25/0/75,-0.2758072018623352,-0.020773394033312798
functional_last,functional,cosine,oasst1zh,50,seed_aligned,0,/weka/scratch/jhu/cpriebe1/MO/model-taxonomy/results/shared_cache/03_adapters/allenai--OLMo-2-0425-1B-Instruct/yahoo_000g1_100g2_000g3_n1000_s00_r16_i00_b5008_fea27ccee,0/100/0,0.3229582905769348,-0.20331209897994995
functional_last,functional,cosine,oasst1zh,50,seed_aligned,0,/weka/scratch/jhu/cpriebe1/MO/model-taxonomy/results/shared_cache/03_adapters/allenai--OLMo-2-0425-1B-Instruct/yahoo_000g1_075g2_025g3_n1000_s00_r16_i00_b5008_fea27ccee,0/75/25,0.17304234206676483,-0.19285549223423004
functional_last,functional,cosine,oasst1zh,50,seed_aligned,0,/weka/scratch/jhu/cpriebe1/MO/model-taxonomy/results/shared_cache/03_adapters/allenai--OLMo-2-0425-1B-Instruct/yahoo_000g1_050g2_050g3_n1000_s00_r16_i00_b5008_fea27ccee,0/50/50,0.027940090745687485,-0.19928279519081116
functional_last,functional,cosine,oasst1zh,50,seed_aligned,0,/weka/scratch/jhu/cpriebe1/MO/model-taxonomy/results/shared_cache/03_adapters/allenai--OLMo-2-0425-1B-Instruct/yahoo_000g1_025g2_075g3_n1000_s00_r16_i00_b5008_fea27ccee,0/25/75,-0.16676871478557587,-0.19320091605186462
functional_last,functional,cosine,oasst1zh,50,seed_aligned,0,/weka/scratch/jhu/cpriebe1/MO/model-taxonomy/results/shared_cache/03_adapters/allenai--OLMo-2-0425-1B-Instruct/yahoo_000g1_000g2_100g3_n1000_s00_r16_i00_b5008_fea27ccee,0/0/100,-0.3757847845554352,-0.17313364148139954
