perspective,taxonomy,n,replicate,shuffle_id,n_disjoint,n_refs,dcor_A,dcor_B,disparity_A,disparity_B,hull_area
behavioral,behavioral,5,0,0,199,4,0.3914416279254797,0.8166530237906422,0.3616071590044759,0.4450294538701551,0.06521171078909369
behavioral,behavioral,5,1,0,199,4,0.42824776758821315,0.9398369600873959,0.26683858510616615,0.11860279771100674,0.16636348030975623
behavioral,behavioral,5,2,0,199,4,0.42526991137738945,0.6945072259988881,0.04020048372418948,0.14187878574533452,0.08920061292196439
behavioral,behavioral,5,3,0,199,4,0.5584970936885868,0.9941707687384606,0.0594426118164561,0.28505249655879406,0.05360697093271962
behavioral,behavioral,5,4,0,199,4,0.026107369490090637,0.9088679691703471,0.5254757747333572,0.5175192887646228,0.04624575649087116
behavioral,behavioral,5,5,0,199,4,0.3573689795106436,0.9817122467939434,0.0601518359113719,0.31909144759202585,0.14518916135380774
behavioral,behavioral,5,6,0,199,4,-0.07764303309838351,0.851186985239752,0.4580114224923245,0.32959732518131984,0.08235901474382079
behavioral,behavioral,5,7,0,199,4,0.3186079467174484,0.9812680633564921,0.4058803094259522,0.1502687390181223,0.16978427333994073
behavioral,behavioral,5,8,0,199,4,0.35156268892242387,0.27599151954553697,0.24983998350260453,0.27541201203600546,0.15796302805028617
behavioral,behavioral,5,9,0,199,4,-0.030733844065594592,-0.11915122107759737,0.9480597436347786,0.435336606841694,0.03611325938943514
behavioral,behavioral,5,10,0,199,4,-0.022019997616712715,0.6530814515115124,0.4057200022364145,0.3225416841461003,0.11072134706842486
behavioral,behavioral,5,11,0,199,4,-0.285724883312895,0.8143243337569878,0.5113200703509058,0.4364764466754396,0.1053952906176277
behavioral,behavioral,5,12,0,199,4,0.2769681781339096,0.8409966394851103,0.06780367758264072,0.24949021111090852,0.09171208915790033
behavioral,behavioral,5,13,0,199,4,0.26022583294423174,0.7702799218653835,0.3165369511482351,0.31854148015256945,0.13661550864784094
behavioral,behavioral,5,14,0,199,4,-0.28692689098863555,0.8481871923202274,0.6373541730097021,0.47511489593376643,0.1571836086469075
behavioral,behavioral,5,15,0,199,4,0.05587971537408674,0.16037681960055777,0.49792096451325346,0.5731874038199374,0.026543677508971276
behavioral,behavioral,5,16,0,199,4,0.059568124876663076,0.5061133726351261,0.3326449479515411,0.3489443036537072,0.18177872842585027
behavioral,behavioral,5,17,0,199,4,-0.07042476197307174,0.9782123856458207,0.23749071101304883,0.22530483877933768,0.2808087310664014
behavioral,behavioral,5,18,0,199,4,0.17177053431884015,0.9550196826742567,0.06326568839330263,0.2919504014809704,0.079890838392095
behavioral,behavioral,5,19,0,199,4,0.024473467783677087,0.6900912530659238,0.3024608994410402,0.35591614385392784,0.053000754206495804
behavioral,behavioral,5,20,0,199,4,0.35510694032868356,0.9770935504852026,0.6024891505312325,0.21609344397160865,0.14865325242987337
behavioral,behavioral,5,21,0,199,4,0.22567963172707237,-0.016418369043864206,0.16309308205121562,0.2526923044198638,0.04654886263427471
behavioral,behavioral,5,22,0,199,4,-0.1387507561761504,0.8347061015097343,0.4972872010001953,0.41254238983784797,0.02143412818720649
behavioral,behavioral,5,23,0,199,4,-0.17991478105015116,0.7032137846088714,0.4869532137511766,0.5264426815075713,0.03615655985649689
behavioral,behavioral,5,24,0,199,4,-0.24980984407422618,0.5001627627683455,0.584456657751464,0.4663410090573157,0.10812327043634695
behavioral,behavioral,5,25,0,199,4,0.2418838485232947,0.8669008464603423,0.43978631813429836,0.378266334700388,0.04754479300380167
behavioral,behavioral,5,26,0,199,4,0.3852879442381591,0.9755165545495577,0.2457102147853406,0.12921596167199262,0.12799855536525262
behavioral,behavioral,5,27,0,199,4,0.5571839115080249,0.7468601403719397,0.19953330990693013,0.30699086986918106,0.1279985572368527
behavioral,behavioral,5,28,0,199,4,0.06031229882969537,0.26114952235951594,0.4838259122353972,0.6455340009475312,0.10041564097643399
behavioral,behavioral,5,29,0,199,4,0.29500784913858175,0.9668831737711742,0.2804170368251998,0.26661134863673885,0.12730572878009017
behavioral,behavioral,5,30,0,199,4,0.37659362800636886,0.8493057869560661,0.20344004068428168,0.16497289402401544,0.13943008902564774
behavioral,behavioral,5,31,0,199,4,-0.012811768983599583,0.9596591101428691,0.41054357118032375,0.3407436696177077,0.04511992247083232
behavioral,behavioral,5,32,0,199,4,0.33493045375196046,0.9891160904446307,0.0969625402740441,0.302091456023304,0.037672104100682335
behavioral,behavioral,5,33,0,199,4,0.2722037420785201,0.9912151221782513,0.06049248403503549,0.13119493224469783,0.1115440727155946
behavioral,behavioral,5,34,0,199,4,0.02009972797106032,0.8178714659496904,0.3441540362273607,0.21458281727467404,0.08989343681426917
behavioral,behavioral,5,35,0,199,4,-0.14248294571776143,0.40932712066735816,0.5589768849524388,0.38519816461434525,0.11487826829767034
behavioral,behavioral,5,36,0,199,4,0.2073188508322609,0.8443924178421438,0.4627660641279531,0.5950855730756378,0.08383125942226412
behavioral,behavioral,5,37,0,199,4,0.6223830596804037,0.9962331332148608,0.16726872471585447,0.38420915532423083,0.010175798967712296
behavioral,behavioral,5,38,0,199,4,0.4750214789874472,0.8341141044670839,0.3618126567034819,0.45022137997662964,0.1704771014993295
behavioral,behavioral,5,39,0,199,4,0.34013382022520916,0.9711559225461438,0.41426987808746535,0.22985314942603963,0.09560920235844178
behavioral,behavioral,5,40,0,199,4,0.3722462899353277,0.9669507225286714,0.23160586406276845,0.2797936716994249,0.1425044780324497
behavioral,behavioral,5,41,0,199,4,-0.12909243902610962,0.6588338717974189,0.792714585133981,0.5981692580452248,0.157313521388631
behavioral,behavioral,5,42,0,199,4,0.6724056209539384,0.9988606090538367,0.10806011435397113,0.21885852942291265,0.10998522777747377
behavioral,behavioral,5,43,0,199,4,0.6088711639294554,0.9679099082667606,0.06330822470010913,0.08086621207708172,0.0948297808898254
behavioral,behavioral,5,44,0,199,4,0.634923122233357,0.6219758144358407,0.09887851248915294,0.568364329247119,0.17052039683135892
behavioral,behavioral,5,45,0,199,4,0.1435495963367081,-0.1833055886937583,0.35616561966762206,0.4854065361608606,0.1255303841810984
behavioral,behavioral,5,46,0,199,4,0.16337929153059152,0.9727190047255589,0.32302784359063247,0.3045097050597657,0.01619467399126759
behavioral,behavioral,5,47,0,199,4,0.30043632497611666,0.9524830635246465,0.4234628042630978,0.16155721486672292,0.04377758282846718
behavioral,behavioral,5,48,0,199,4,0.15913062763758704,0.13031926707568897,0.5179273297358725,0.514515479733371,0.03754220223205356
behavioral,behavioral,5,49,0,199,4,0.22405540713879435,0.8265702645561078,0.4024697300094541,0.2116709236466411,0.16203334975281297
behavioral,behavioral,5,50,0,199,4,-0.044176823755097405,0.7656461544737305,0.5054715032197054,0.5433705551861312,0.09621542516248796
behavioral,behavioral,5,51,0,199,4,-0.07058520933785133,0.9425059398699747,0.44233943174734175,0.26760029605298186,0.21347525933838812
behavioral,behavioral,5,52,0,199,4,0.22936290609827212,0.9049431137957795,0.22888748758030145,0.6654212952881908,0.10305702047531434
behavioral,behavioral,5,53,0,199,4,0.3949611991775099,0.8741609977014528,0.22334880368086235,0.5603004914551519,0.09366064602961327
behavioral,behavioral,5,54,0,199,4,0.8122262178411359,0.7725188287196093,0.5432367776414722,0.6049678544267738,0.11344932482545424
behavioral,behavioral,5,55,0,199,4,0.04603215897697683,0.9934425536084208,0.42376813613447634,0.08263201231605617,0.07569061743512406
behavioral,behavioral,5,56,0,199,4,0.017200120469695053,0.9677251250082433,0.4549613669380758,0.38823965904000945,0.14588197191985172
behavioral,behavioral,5,57,0,199,4,-0.3022345730285919,0.47128554046382076,0.7993330533173948,0.30177203530494295,0.1151380796307002
behavioral,behavioral,5,58,0,199,4,0.20044886608077117,0.9040746198706086,0.27273246023043785,0.42899701152936753,0.11180387793873095
behavioral,behavioral,5,59,0,199,4,0.08724578611646283,0.7144415000371094,0.32739001166243914,0.3695484183756671,0.08885420561489758
behavioral,behavioral,5,60,0,199,4,0.015910189651364783,0.9130647671989844,0.2942212994684041,0.17839803962504955,0.11375243968371898
behavioral,behavioral,5,61,0,199,4,0.16688141176618465,0.021161467591879438,0.5124184017367479,0.48786324857649804,0.07395856695554848
behavioral,behavioral,5,62,0,199,4,0.18466788318413227,0.07084778790379273,0.7179148630100227,0.3239830076478359,0.08729536682847878
behavioral,behavioral,5,63,0,199,4,0.3340023897668827,0.8642372888202784,0.08301061064899323,0.18910174233084115,0.024378615347187774
behavioral,behavioral,5,64,0,199,4,0.5935854998762065,0.9451993128016121,0.23461645604819975,0.20538289964235942,0.045033322914671416
behavioral,behavioral,5,65,0,199,4,0.08540885510962005,0.7531186142908823,0.41162565389189515,0.16233324308643227,0.13700522089305608
behavioral,behavioral,5,66,0,199,4,0.15950000948559032,0.8785185994801804,0.2917571612953061,0.41078171425326854,0.04815101310103594
behavioral,behavioral,5,67,0,199,4,-0.2046155480940712,0.673297684822423,0.24198676375317923,0.19650610265355,0.15696709698279046
behavioral,behavioral,5,68,0,199,4,-0.016643797659907877,0.8363877934885968,0.4903034634188852,0.5072307290364862,0.016887495857046617
behavioral,behavioral,5,69,0,199,4,0.25797407203350486,0.9410271759164192,0.12261686855438639,0.22916526297514692,0.11323282501246035
behavioral,behavioral,5,70,0,199,4,-0.21396114873251373,0.5677762485799435,0.7518449295535721,0.658142464137151,0.07595043297094939
behavioral,behavioral,5,71,0,199,4,0.2752450588513074,0.9217448409878759,0.08460093709454994,0.1210210864984113,0.09097596856160613
behavioral,behavioral,5,72,0,199,4,0.6496423019660252,0.8756879977804805,0.08596170709505466,0.1576931110138436,0.03247595175307938
behavioral,behavioral,5,73,0,199,4,0.438956270687935,0.9458471977247684,0.2931447945336728,0.32120346191623417,0.0992465110715261
behavioral,behavioral,5,74,0,199,4,0.13086677525776308,0.8941784523913869,0.5012786503116408,0.10848119649142139,0.10799337038700292
behavioral,behavioral,5,75,0,199,4,0.3032856837406641,0.8818887084732114,0.1163581710651417,0.15838327294023927,0.14181165862097767
behavioral,behavioral,5,76,0,199,4,0.4466397688947349,0.9331308100778101,0.16992670781561298,0.11098884250550253,0.19446600527434665
behavioral,behavioral,5,77,0,199,4,0.35372273010636957,0.9296975384342507,0.16190880174644026,0.25668553177562137,0.09543599574800077
behavioral,behavioral,5,78,0,199,4,-0.352350993971161,-0.2252630666870619,0.8130481562444577,0.7104946435926959,0.1691780600454913
behavioral,behavioral,5,79,0,199,4,0.5656494159073501,0.9566796164566825,0.4517512658059678,0.3764007293245417,0.043994091733705505
behavioral,behavioral,5,80,0,199,4,0.40752646615328963,0.9591688218880312,0.21164727315428955,0.3595659237147023,0.1400363042923351
behavioral,behavioral,5,81,0,199,4,0.8276723823681928,0.5617103570457657,0.5605386340516799,0.4853018117521257,0.045033319126690466
behavioral,behavioral,5,82,0,199,4,0.31686057258800177,0.9909959208381666,0.5806310057047361,0.43900134754109,0.06070837736490238
behavioral,behavioral,5,83,0,199,4,0.2976398254291732,0.9771878560164814,0.1611835104156648,0.29775129782973253,0.05629165006333167
behavioral,behavioral,5,84,0,199,4,0.15153947124918146,-0.060631236228107004,0.4745657398145901,0.5190830371736657,0.10444266125489654
behavioral,behavioral,5,85,0,199,4,0.27799288403060696,0.9410966998889342,0.18247823043385183,0.14513278900858206,0.16584386809558158
behavioral,behavioral,5,86,0,199,4,0.5624855237370654,0.8900055908753275,0.13919714264114783,0.23925605314569698,0.09560920116259461
behavioral,behavioral,5,87,0,199,4,-0.14017313577510518,0.4124259721914576,0.6521750213895376,0.17779996315895802,0.07963103496482905
behavioral,behavioral,5,88,0,199,4,-0.08170026413092772,0.9366591260711459,0.422356497964121,0.44042834333560643,0.05789380017664733
behavioral,behavioral,5,89,0,199,4,-0.18524711481932735,-0.4060219525886669,0.6858179908415026,0.4302545763913238,0.13215547133723096
behavioral,behavioral,5,90,0,199,4,0.15259848338509105,0.3898667610267219,0.3392678670949793,0.3610315984382783,0.07192340501741618
behavioral,behavioral,5,91,0,199,4,0.34832562685332813,0.9793916916805909,0.38814432548215255,0.3389293264252354,0.08794487665821327
behavioral,behavioral,5,92,0,199,4,0.11509259568985794,0.4996357461652868,0.48038762957895176,0.302829475045252,0.09993932881950772
behavioral,behavioral,5,93,0,199,4,-0.40092237185916507,-0.33937101310175266,0.677653946269021,0.6343689721129752,0.2055944307925908
behavioral,behavioral,5,94,0,199,4,0.36005733091453235,0.9263656312828341,0.3018604346644964,0.4994524622108753,0.030743901818063454
behavioral,behavioral,5,95,0,199,4,0.01860213411990803,0.9487339703196748,0.5174017590080049,0.3818095142478075,0.10076205597639804
behavioral,behavioral,5,96,0,199,4,0.029554337324064296,0.8746020614330374,0.18150587503512472,0.4118362511332593,0.10491897498955483
behavioral,behavioral,5,97,0,199,4,0.3211174747760629,0.9800289929419506,0.06933581501197841,0.36423868503704776,0.061747609853953396
behavioral,behavioral,5,98,0,199,4,-0.0885585285527266,0.45391691992304906,0.7289626611240061,0.9114006821951384,0.10024244327174017
behavioral,behavioral,5,99,0,199,4,-0.07377236387106649,0.8488951226099455,0.2585576423298235,0.13541446522786935,0.08963362981692818
behavioral,behavioral,10,0,0,99,4,0.6190954879345444,0.7677620846393695,0.1563070131057963,0.20965282883611364,0.22295823792949226
behavioral,behavioral,10,1,0,99,4,0.7025468050268991,0.914777794462565,0.2753167388506595,0.1421635074198825,0.1989693339687249
behavioral,behavioral,10,2,0,99,4,0.5764639034301255,0.9124226934700926,0.5227519351388576,0.5227736410640703,0.21854151193203708
behavioral,behavioral,10,3,0,99,4,0.38663864661362163,0.586378004972808,0.6060271752996607,0.32234058535890225,0.25552078585575055
behavioral,behavioral,10,4,0,99,4,0.2844902903784108,0.31297507004386116,0.48673421152306,0.7606015230460276,0.17614956410704324
behavioral,behavioral,10,5,0,99,4,0.3144769106227727,0.47056129986196293,0.42260334339459826,0.35883175988050053,0.17372469181419647
behavioral,behavioral,10,6,0,99,4,0.423398891170165,0.7788251119882859,0.38478086485672935,0.5995239071824179,0.30743900713551453
behavioral,behavioral,10,7,0,99,4,0.1345404241841644,0.2274677406282814,0.6990056829051069,0.6172321485681872,0.17147302580083926
behavioral,behavioral,10,8,0,99,4,0.5986880107554556,0.8976753802548904,0.27570374424956917,0.2846960354751385,0.3193035587183002
behavioral,behavioral,10,9,0,99,4,0.678903257741591,0.9029100510706641,0.1616228831696188,0.4521288671219902,0.15319988797738468
behavioral,behavioral,10,10,0,99,4,0.5257303472140957,0.88972401356467,0.4989870417809341,0.5752947428524879,0.19827650870456612
behavioral,behavioral,10,11,0,99,4,0.2257391640683633,0.42731433602862184,0.5371463371816861,0.5337398046007609,0.06209402399501402
behavioral,behavioral,10,12,0,99,4,0.28088355185018904,0.4065966150723134,0.6344472420787326,0.4988669786893094,0.1736380886504333
behavioral,behavioral,10,13,0,99,4,0.23458278180154207,0.2579770452263225,0.7594555083239739,0.7778328884651416,0.25274951718049965
behavioral,behavioral,10,14,0,99,4,0.3690868161515564,0.5349105887796921,0.614575705023813,0.6496170348214536,0.1859356443661875
behavioral,behavioral,10,15,0,99,4,0.35619419494843807,0.45911076703885656,0.4276218459424728,0.3576655888489941,0.20594084121132283
behavioral,behavioral,10,16,0,99,4,0.7998436576942193,0.9649566415889754,0.0924917929275354,0.47006316233575784,0.1505152144400359
behavioral,behavioral,10,17,0,99,4,0.2537330783113622,0.3745257515495043,0.6075042939530325,0.24412734708811396,0.18615215896930337
behavioral,behavioral,10,18,0,99,4,0.7213128221645434,0.9370532542835771,0.3995456097184203,0.47210388155810273,0.161427133882577
behavioral,behavioral,10,19,0,99,4,0.665149708940741,0.9366853040766921,0.07527816610491847,0.19071688532986392,0.22317473967498516
behavioral,behavioral,10,20,0,99,4,0.6656169953470111,0.9461179934143406,0.38029765749443045,0.21389950089612111,0.22542641411158196
behavioral,behavioral,10,21,0,99,4,0.7675878921302063,0.9732091946060732,0.1451269166366351,0.212559096241689,0.21282574481437724
behavioral,behavioral,10,22,0,99,4,0.4306317720255499,0.4189689263645377,0.31615880222497617,0.38062219532760405,0.2579889616440838
behavioral,behavioral,10,23,0,99,4,0.42072241789043485,0.8887962524488563,0.34642219466430135,0.27604445057132243,0.10063214681596792
behavioral,behavioral,10,24,0,99,4,0.31705258115116763,0.37517156119688283,0.34375781357942403,0.3917932777279594,0.18641196257898246
behavioral,behavioral,10,25,0,99,4,0.35191329752834416,0.5548444016165043,0.42410354256977445,0.401767307404941,0.2692905973242032
behavioral,behavioral,10,26,0,99,4,0.8166680826046249,0.9475217043929574,0.4479664105514883,0.2111663465730001,0.1585259472459197
behavioral,behavioral,10,27,0,99,4,0.2115314096166309,0.2430667301728287,0.5120571294052801,0.5475708576794557,0.15605777229370843
behavioral,behavioral,10,28,0,99,4,0.3496184155342225,0.5204150105864052,0.6843022070467654,0.3608884370648297,0.2285440981535244
behavioral,behavioral,10,29,0,99,4,0.49070654638590205,0.8949892337932451,0.45598391538961913,0.4916986938745551,0.19082869581010248
behavioral,behavioral,10,30,0,99,4,0.2284015871847583,0.27112875582896373,0.3634609081119281,0.2986918197248266,0.16047450944707994
behavioral,behavioral,10,31,0,99,4,0.4048998708216403,0.3372869919197541,0.42757663968425436,0.2527775156336842,0.15198746150871026
behavioral,behavioral,10,32,0,99,4,0.47933093937439963,0.5587542756213736,0.6507157567814957,0.5933557191012948,0.1804796964877917
behavioral,behavioral,10,33,0,99,4,0.5066088464452311,0.8969919136460449,0.43709087189656204,0.29928694400340383,0.20303964964743687
behavioral,behavioral,10,34,0,99,4,0.34226042217919245,0.820330374154148,0.5252016437728088,0.5242401815725825,0.22546971800735915
behavioral,behavioral,10,35,0,99,4,0.3085164169661525,0.37993780036198116,0.6312494921915253,0.43733139811424115,0.19234424602479686
behavioral,behavioral,10,36,0,99,4,0.4591322007399439,0.5721031531779124,0.4478770208053369,0.37354182791112606,0.21693936325154034
behavioral,behavioral,10,37,0,99,4,0.6842645485166399,0.8762229475302116,0.35559775346556804,0.11889110657215182,0.1797435735152395
behavioral,behavioral,10,38,0,99,4,0.7176275656906052,0.9556897753710509,0.2171109600630649,0.2466450439328515,0.2582920738503251
behavioral,behavioral,10,39,0,99,4,0.2719707580809459,0.3332622044772062,0.7326257870584798,0.8102077418824669,0.2048150047566659
behavioral,behavioral,10,40,0,99,4,0.40089342148358376,0.5731616853655713,0.5407719637094818,0.7830365434540685,0.26924728552194255
behavioral,behavioral,10,41,0,99,4,0.563116695693632,0.9178073233959189,0.4990025049774062,0.40821099887628054,0.2186714078154971
behavioral,behavioral,10,42,0,99,4,0.40247172341999266,0.5031199528440903,0.21658127248940015,0.46355649106763125,0.23434647136022718
behavioral,behavioral,10,43,0,99,4,0.4808457942385456,0.6216966812680602,0.5460627578324844,0.36253815707235737,0.13535976895827817
behavioral,behavioral,10,44,0,99,4,0.13515350055584704,0.17886223997015033,0.5171560053588322,0.4121310364902537,0.17493712886257767
behavioral,behavioral,10,45,0,99,4,0.3905082144674366,0.4292263003053156,0.5657081644999258,0.6266288657531849,0.16233645770391514
behavioral,behavioral,10,46,0,99,4,0.23683425381538276,0.3104654483068133,0.7259836000584152,0.6345663908077983,0.29250007852273
behavioral,behavioral,10,47,0,99,4,0.22653402024895697,0.3088017257732054,0.4883361325953766,0.6743872134747926,0.20503151119364743
behavioral,behavioral,10,48,0,99,4,0.46760824443783816,0.8366622977613781,0.4125805155476678,0.632573934285546,0.14484274614371695
behavioral,behavioral,10,49,0,99,4,0.38208849397850525,0.7292872981055591,0.7964908523094093,0.31696546652315083,0.1480470429866748
behavioral,behavioral,10,50,0,99,4,0.4255269732509832,0.5218014689527803,0.25421415674420306,0.20689643913128936,0.2537887397241777
behavioral,behavioral,10,51,0,99,4,0.4273186673654808,0.5810541808615994,0.587305892991149,0.35864173533541277,0.1443664342418086
behavioral,behavioral,10,52,0,99,4,0.8569775928845975,0.9598663838274653,0.04505579436828792,0.09873036389863646,0.2617128652069168
behavioral,behavioral,10,53,0,99,4,0.4799062483164017,0.8476812381754074,0.3894581283586373,0.14501469928087354,0.15068841868094796
behavioral,behavioral,10,54,0,99,4,0.41591231335505546,0.565840788100171,0.2754340408200786,0.32086801652198693,0.26327171536307237
behavioral,behavioral,10,55,0,99,4,0.4996194135447394,0.8361845579187427,0.5984491222492079,0.5685964734340009,0.19364327582687949
behavioral,behavioral,10,56,0,99,4,0.47643264968954996,0.8437855651291074,0.46437331272018995,0.6070789268044952,0.2731444141545642
behavioral,behavioral,10,57,0,99,4,0.5825035021164754,0.9102373826770495,0.22184215614081373,0.2421890721805357,0.20403558116469778
behavioral,behavioral,10,58,0,99,4,0.43828542322107716,0.5905600757927886,0.45718704248572034,0.3409684415324999,0.24092827268282888
behavioral,behavioral,10,59,0,99,4,0.24138578414190376,0.33154845135352196,0.5428510359680637,0.7059179764935992,0.18983277286036818
behavioral,behavioral,10,60,0,99,4,0.1478206728276622,0.28052122995160306,0.7953593864514846,0.38472611166154375,0.3285267227851788
behavioral,behavioral,10,61,0,99,4,0.3614362944150187,0.861827806495322,0.5775361648315286,0.47374567483382146,0.23988903726075536
behavioral,behavioral,10,62,0,99,4,0.29420982117749683,0.35181023472849854,0.460356952234957,0.46548141539503646,0.22074986505280594
behavioral,behavioral,10,63,0,99,4,0.17524152742401666,0.2737827252700333,0.6453851337553891,0.7144473470880914,0.13878056486300516
behavioral,behavioral,10,64,0,99,4,0.18743360996507516,0.19434303026911975,0.6092103499893513,0.5346246314613775,0.22157259113142896
behavioral,behavioral,10,65,0,99,4,0.1621476192590822,0.21724469260826076,0.710808107999194,0.4431386040781061,0.30800193469306036
behavioral,behavioral,10,66,0,99,4,0.22206031864337336,0.35851891265104563,0.5943951359250352,0.3664625866627781,0.1808261103077404
behavioral,behavioral,10,67,0,99,4,0.5082701827072738,0.8814910145071384,0.5712599565872453,0.6495977734117644,0.16839863800964472
behavioral,behavioral,10,68,0,99,4,0.615358153759148,0.7007237807038388,0.3394237423616401,0.46300776150488476,0.06477869758645456
behavioral,behavioral,10,69,0,99,4,0.22079796306618973,0.3820114490336953,0.7310307691933899,0.5316265439447214,0.24006224390038391
behavioral,behavioral,10,70,0,99,4,0.4754796011661986,0.6750719521569741,0.44434888363009295,0.5280116064818824,0.17775170804783755
behavioral,behavioral,10,71,0,99,4,0.3355146666458339,0.5486886014151311,0.4360758152362466,0.3488528450995517,0.19178132473383924
behavioral,behavioral,10,72,0,99,4,0.15890012739115558,0.20939240185266017,0.8310194174935609,0.45309201511174274,0.2999912058745473
behavioral,behavioral,10,73,0,99,4,0.6577215030214523,0.7848234509423756,0.44085388254401625,0.15851417681852215,0.3086947428177156
behavioral,behavioral,10,74,0,99,4,0.30730780101243055,0.4632193028986633,0.6332393698411722,0.6767864025047821,0.18970286505906578
behavioral,behavioral,10,75,0,99,4,0.21254612785539356,0.3125116343142673,0.3867646701455106,0.5291768182244784,0.23949932252950742
behavioral,behavioral,10,76,0,99,4,0.6489187798896731,0.9168166889924596,0.39036223933087993,0.2771676635943709,0.3505670686536262
behavioral,behavioral,10,77,0,99,4,0.13743018527843537,0.19853680947863941,0.8417464004139948,0.8062445300551578,0.1996188494418328
behavioral,behavioral,10,78,0,99,4,0.8357173739981761,0.9447835346420803,0.2223604564219693,0.1282382216593147,0.22962663529181443
behavioral,behavioral,10,79,0,99,4,0.3614728005509497,0.8770390362045937,0.5072093594079707,0.5275766821443163,0.17502373145411454
behavioral,behavioral,10,80,0,99,4,0.794041926536692,0.9498870373060636,0.2042367150255809,0.08340533567021464,0.17017398935512448
behavioral,behavioral,10,81,0,99,4,0.7996100937436411,0.9501407260617171,0.13858282253295875,0.1425105133593855,0.13921357949382152
behavioral,behavioral,10,82,0,99,4,0.26169077108986566,0.39707253569755624,0.6103447437097415,0.642462258921304,0.3212521174728358
behavioral,behavioral,10,83,0,99,4,0.3022177108979479,0.39402858793373996,0.6511435085954291,0.45822850277424343,0.2107039904483011
behavioral,behavioral,10,84,0,99,4,0.6338126708525581,0.7192855388139135,0.38774255581643546,0.3352597203131945,0.3175282121854782
behavioral,behavioral,10,85,0,99,4,0.22441283216367336,0.3135739583071019,0.7109640049350043,0.40614554428799365,0.276392005942934
behavioral,behavioral,10,86,0,99,4,0.4907455379359503,0.8365743232431347,0.4202212620653953,0.2595243618956965,0.21633314170762702
behavioral,behavioral,10,87,0,99,4,0.9047609671451041,0.9877623860460483,0.1166745774617202,0.16332725419483193,0.10344673763364358
behavioral,behavioral,10,88,0,99,4,0.4403676925505392,0.9242999391192235,0.6780509497237509,0.48146261055783246,0.2683379679425612
behavioral,behavioral,10,89,0,99,4,0.28503471079706705,0.35739730968264,0.4660598033460894,0.49999658001357594,0.25950451545376557
behavioral,behavioral,10,90,0,99,4,0.7738383843574836,0.9319123051985422,0.1188681384203108,0.2402196650683032,0.1406425225808392
behavioral,behavioral,10,91,0,99,4,0.7013976329313788,0.9289211130219792,0.07823067221428834,0.05528135881852631,0.3636007594807221
behavioral,behavioral,10,92,0,99,4,0.42374846202293354,0.6253182901372366,0.5674886787247267,0.32608598565713476,0.14765732356517303
behavioral,behavioral,10,93,0,99,4,0.25208045465725176,0.2693556779580314,0.6442473347391374,0.7045442347075608,0.24118807281879573
behavioral,behavioral,10,94,0,99,4,0.2682307732147923,0.3042380927238396,0.4605728467470181,0.40453128344491907,0.12929759108208144
behavioral,behavioral,10,95,0,99,4,0.6684612667088905,0.8879448268710994,0.5757987903188037,0.3379523471098105,0.17485052074509597
behavioral,behavioral,10,96,0,99,4,0.4334267718173891,0.4429530013890827,0.5256069886623237,0.6516699251391712,0.20615734505002187
behavioral,behavioral,10,97,0,99,4,0.6176216473713553,0.8656067391907386,0.3144134790678544,0.19509377126084387,0.18740789588102935
behavioral,behavioral,10,98,0,99,4,0.6408371986432081,0.9419564170763572,0.3675018048246266,0.3814745550768061,0.1913916124110917
behavioral,behavioral,10,99,1,99,4,0.48786372789860705,0.6401667123360634,0.5756371145758902,0.29792398162138983,0.2540918533368539
behavioral,behavioral,20,0,0,49,4,0.6353674505248837,0.6917071877264903,0.4948665627220645,0.7395324692155314,0.2744867478274815
behavioral,behavioral,20,1,0,49,4,0.5714225531379744,0.6340420141365319,0.34183780599930463,0.6289713363187877,0.3132846845378849
behavioral,behavioral,20,2,0,49,4,0.3286086025655574,0.34409367292196624,0.5241207664691376,0.8336091870539681,0.2464708250001702
behavioral,behavioral,20,3,0,49,4,0.44970756322886957,0.5016986638386945,0.445877975525784,0.4486244026981794,0.3359312332686788
behavioral,behavioral,20,4,0,49,4,0.820075572556095,0.8987202059638182,0.6162462862665845,0.24683492165679446,0.3193035587183002
behavioral,behavioral,20,5,0,49,4,0.48028264138008425,0.5425882761536468,0.5937937557025659,0.5896663419774111,0.21698265600638966
behavioral,behavioral,20,6,0,49,4,0.34593504012403226,0.3597655217440103,0.5547713061278882,0.41747896297932086,0.3023294706293026
behavioral,behavioral,20,7,0,49,4,0.4266622530233217,0.46946706311160946,0.5029688888863881,0.3638509419873056,0.2555207906395856
behavioral,behavioral,20,8,0,49,4,0.6458957683873272,0.727736136938699,0.6070051941842434,0.1402895694849773,0.25565069703158055
behavioral,behavioral,20,9,0,49,4,0.8044493166625338,0.8690378779620798,0.20919585552423686,0.3437855503149682,0.30518734121610086
behavioral,behavioral,20,10,0,49,4,0.8266829933931858,0.8845259757108405,0.5495618493645136,0.3325409549596345,0.256863132090642
behavioral,behavioral,20,11,0,49,4,0.2820285418240423,0.28637498452694,0.5795861011449547,0.6675232907147701,0.26301190664354934
behavioral,behavioral,20,12,0,49,4,0.4167308005040679,0.4523956265367725,0.4949355835190528,0.42187373560424246,0.3283102205347343
behavioral,behavioral,20,13,0,49,4,0.41533311448473176,0.45743682217354853,0.5563475882453777,0.6547436553419936,0.25058444647364725
behavioral,behavioral,20,14,0,49,4,0.5987256942914492,0.6588055888845495,0.539285932638691,0.49339386609067204,0.31129282872752756
behavioral,behavioral,20,15,0,49,4,0.4759801644566931,0.5000600821303373,0.308382069886118,0.2692509912451235,0.22538311654008347
behavioral,behavioral,20,16,0,49,4,0.5711176664651219,0.6274682827063078,0.3767579957312623,0.4097082490721833,0.27258149404590815
behavioral,behavioral,20,17,0,49,4,0.4740364891547492,0.5320207878704093,0.4389030669747829,0.6360826976881738,0.2735774303315889
behavioral,behavioral,20,18,0,49,4,0.708352499892172,0.7851249118812574,0.3938629914995565,0.17600216082105097,0.27929319436826655
behavioral,behavioral,20,19,0,49,4,0.5253404198928019,0.5735865163931889,0.5436884878262901,0.4727746363298109,0.31285167633446087
behavioral,behavioral,20,20,0,49,4,0.6562416245787237,0.717133576496006,0.6088844597603857,0.5224450604638899,0.3160992596998821
behavioral,behavioral,20,21,0,49,4,0.4186597297302381,0.4480327151141308,0.6779120839306395,0.6612568858266931,0.2976962280988166
behavioral,behavioral,20,22,0,49,4,0.3765717801708055,0.39618627806566403,0.5410651819338101,0.5145046428580953,0.24317993093089918
behavioral,behavioral,20,23,0,49,4,0.3935971371387944,0.421680747663727,0.5293713137596645,0.4190550113572946,0.32549564219983124
behavioral,behavioral,20,24,0,49,4,0.6369464031136789,0.714222080006301,0.233055168268479,0.3214230202709857,0.2079759953353743
behavioral,behavioral,20,25,0,49,4,0.37792153667952744,0.4094493760734776,0.42638938441103685,0.4244750040132721,0.2844893448242578
behavioral,behavioral,20,26,0,49,4,0.846347038879029,0.9216964461296312,0.47881146665768176,0.5416463946456456,0.2722783748979676
behavioral,behavioral,20,27,0,49,4,0.5333341094706789,0.5896096539984705,0.6714346745599423,0.6599265447562759,0.3211222095647962
behavioral,behavioral,20,28,0,49,4,0.7273426257212884,0.8008774380264948,0.19043463628922772,0.19887314868509753,0.31458372029059517
behavioral,behavioral,20,29,0,49,4,0.4490355111543542,0.492303071519448,0.5349271108797206,0.49014283961056965,0.25720955346924107
behavioral,behavioral,20,30,0,49,4,0.4532698728025434,0.5145434232701384,0.5401037843902681,0.548984907557992,0.353338358169664
behavioral,behavioral,20,31,0,49,4,0.34564126322001354,0.3679659499650149,0.7340875885232911,0.8627475796642637,0.3485752063439583
behavioral,behavioral,20,32,0,49,4,0.3094021718731049,0.3217846631150735,0.6389802660566317,0.5493046513591672,0.3626914314149276
behavioral,behavioral,20,33,0,49,4,0.5349479185911323,0.599193980784399,0.7012809917588769,0.5246525634842079,0.2607602547949414
behavioral,behavioral,20,34,0,49,4,0.44971771576236924,0.48149158675683174,0.684527272236084,0.644017326468917,0.26244899599077803
behavioral,behavioral,20,35,0,49,4,0.5895643389326019,0.6424225174034047,0.5275939449685098,0.391294384605855,0.23880650035395878
behavioral,behavioral,20,36,0,49,4,0.5094105262770532,0.5333597295634186,0.5763743501989421,0.4310245522536183,0.37130839139079747
behavioral,behavioral,20,37,0,49,4,0.4176542159837432,0.455264407406195,0.5200717107863708,0.3620864914347665,0.2777776464893642
behavioral,behavioral,20,38,0,49,4,0.49410717835901585,0.538889123633829,0.6282926343881753,0.5699970484524189,0.3541177751284301
behavioral,behavioral,20,39,0,49,4,0.8434903179687526,0.9403637122897597,0.2673624968053967,0.21531069272745312,0.2415777881062108
behavioral,behavioral,20,40,0,49,4,0.9275391239555492,0.9441005986233328,0.09148955828592245,0.15217277450599936,0.23768066671872964
behavioral,behavioral,20,41,0,49,4,0.40455899418243263,0.4390360260889963,0.3915785454943154,0.44240054304370435,0.36589573237985773
behavioral,behavioral,20,42,0,49,4,0.4786608993030305,0.5084202637789849,0.5005508145565827,0.42108885453701606,0.3857710192256495
behavioral,behavioral,20,43,0,49,4,0.819755312892778,0.8883179216729505,0.10323221817762124,0.13057052608648656,0.2740970391897054
behavioral,behavioral,20,44,0,49,4,0.42064972270340517,0.46462820628977247,0.8204576842512867,0.3585124323547564,0.3459338429524856
behavioral,behavioral,20,45,0,49,4,0.8593224004299024,0.9176587564622866,0.4714150023623719,0.0827575757583423,0.37879950589000616
behavioral,behavioral,20,46,0,49,4,0.5110536492558627,0.5502387265089121,0.49122708575074336,0.342559544585191,0.2789900740828998
behavioral,behavioral,20,47,0,49,4,0.5124150606679176,0.5387697756749742,0.5030215586866702,0.5326749333534178,0.21265252800882728
behavioral,behavioral,20,48,0,49,4,0.4736852721946868,0.5105162288905342,0.4390454486328005,0.46373966347245743,0.2744001463767595
behavioral,behavioral,20,49,1,49,4,0.3710201967267869,0.3870064324012089,0.5716981102973202,0.5918265089729577,0.27950969377003954
behavioral,behavioral,20,50,1,49,4,0.3676510533798433,0.3973012312652962,0.4435754772948043,0.7517924106598555,0.22824099847782006
behavioral,behavioral,20,51,1,49,4,0.525543690900511,0.5867400503953688,0.7373583530769406,0.45053554144464425,0.28994530260250995
behavioral,behavioral,20,52,1,49,4,0.47767366649703547,0.5178545868459212,0.6188246784902431,0.5463417720728166,0.28912257846713235
behavioral,behavioral,20,53,1,49,4,0.7156555888942634,0.7918275003102595,0.46669838173624867,0.6923697351252414,0.3185241483271977
behavioral,behavioral,20,54,1,49,4,0.6228427771581639,0.6857526941029857,0.34210716775240163,0.24106231326846858,0.22252522158083518
behavioral,behavioral,20,55,1,49,4,0.32688574848179514,0.34720347041748906,0.7128710605035281,0.6022444220674997,0.22707186664378523
behavioral,behavioral,20,56,1,49,4,0.9333489565749246,0.9495366224466001,0.19892252532637505,0.47261375566216934,0.3238501886146323
behavioral,behavioral,20,57,1,49,4,0.5120866057408031,0.547546973339331,0.6503461742356873,0.3822803987055725,0.29479503910269333
behavioral,behavioral,20,58,1,49,4,0.28688426495117303,0.30137036156901714,0.6171642718151646,0.6496764420270524,0.22529650904764012
behavioral,behavioral,20,59,1,49,4,0.7307982210563895,0.8119293919452175,0.5942363315259679,0.3241591025594107,0.28505224754207104
behavioral,behavioral,20,60,1,49,4,0.7919615184421576,0.8717830884434193,0.3546947390250783,0.36673894647856675,0.29081132422081885
behavioral,behavioral,20,61,1,49,4,0.4067227964899865,0.43779515742728503,0.6963406226593225,0.556191852144353,0.2792931950616107
behavioral,behavioral,20,62,1,49,4,0.6055106706950718,0.6663343114204184,0.5339910706717981,0.5921452355484242,0.35359817404363214
behavioral,behavioral,20,63,1,49,4,0.47351544764365155,0.5309147053019837,0.532654629340864,0.69819513240026,0.3138476082829364
behavioral,behavioral,20,64,1,49,4,0.37038676472143484,0.3903478850209497,0.5515420121898978,0.5834869513363775,0.19385978073410534
behavioral,behavioral,20,65,1,49,4,0.2837807960657146,0.28866508668262253,0.7529769634574537,0.6083570115628146,0.2766085129376023
behavioral,behavioral,20,66,1,49,4,0.5013491335049244,0.5661971681447519,0.692056162015126,0.6149180622663869,0.2808520342992089
behavioral,behavioral,20,67,1,49,4,0.6307142299509659,0.686827161996562,0.49355355465671363,0.3900883396013504,0.36186871291462414
behavioral,behavioral,20,68,1,49,4,0.6251462495286059,0.6794076934336774,0.5136107120286635,0.5195666292875702,0.26162627290647056
behavioral,behavioral,20,69,1,49,4,0.383550948556784,0.41412380317478326,0.7535558006838285,0.40864551943852634,0.36394716176677216
behavioral,behavioral,20,70,1,49,4,0.2955635112573031,0.31566643194078087,0.6905016219584543,0.6394873736309307,0.28873287002576675
behavioral,behavioral,20,71,1,49,4,0.6989473921669405,0.7312207210838574,0.27436955970357485,0.4091899452884027,0.2989086699530231
behavioral,behavioral,20,72,1,49,4,0.6036325107619925,0.6814299589870176,0.6287268546896155,0.5723216923610601,0.27054633179088605
behavioral,behavioral,20,73,1,49,4,0.3864734153535864,0.4073340048776875,0.5717664085939204,0.6343097971937428,0.2713690612848235
behavioral,behavioral,20,74,1,49,4,0.8156686758647672,0.8854313490446091,0.4922755469868944,0.15466636866352373,0.3101236920321637
behavioral,behavioral,20,75,1,49,4,0.4971370704014895,0.5604392808690035,0.47820169581685207,0.33250003507662035,0.3198664769129109
behavioral,behavioral,20,76,1,49,4,0.4497898493523425,0.4926128947344844,0.5380135303825913,0.6088811556226862,0.3064863848323397
behavioral,behavioral,20,77,1,49,4,0.39470190076934075,0.4372379897948397,0.4621911721294652,0.5350829272179646,0.25617031325681056
behavioral,behavioral,20,78,1,49,4,0.6137957121976938,0.7100140122299378,0.23420887365293375,0.32433184239020274,0.2358620163138972
behavioral,behavioral,20,79,1,49,4,0.8630335990347578,0.9356404808533502,0.157346053693022,0.142205767168065,0.29596417782213247
behavioral,behavioral,20,80,1,49,4,0.9229823438866909,0.938250384376586,0.12233822766605268,0.1913242309211311,0.28561517314985485
behavioral,behavioral,20,81,1,49,4,0.6205260492996856,0.717069868340813,0.399803056109449,0.5367608691636176,0.28461923959293917
behavioral,behavioral,20,82,1,49,4,0.6272943339593399,0.6825766920328403,0.3450970830806791,0.5670690044866187,0.3117691385111928
behavioral,behavioral,20,83,1,49,4,0.4965046710091543,0.5570569966870241,0.6682680963131161,0.4764797125293027,0.29488163991395744
behavioral,behavioral,20,84,1,49,4,0.5419616302418974,0.607903230785328,0.5029208787896015,0.5476378818962464,0.31371769934258426
behavioral,behavioral,20,85,1,49,4,0.7825450482366012,0.8513285152450277,0.20144261430929025,0.22672582136044028,0.259721015736199
behavioral,behavioral,20,86,1,49,4,0.7044805850709103,0.7851566429018654,0.627975918218456,0.2642698900699098,0.34753599366279836
behavioral,behavioral,20,87,1,49,4,0.5209731607385052,0.5476844115423433,0.7182502348832747,0.6013910712787377,0.27652190796726284
behavioral,behavioral,20,88,1,49,4,0.3189205647294279,0.33912335698946516,0.734805105232885,0.7588717496917312,0.2885596541740661
behavioral,behavioral,20,89,1,49,4,0.6422836451100196,0.6953115137010127,0.5105390675097063,0.23844443712754487,0.24989162476845247
behavioral,behavioral,20,90,1,49,4,0.3084989641635346,0.32367297637926623,0.8432128971941684,0.7330072446593342,0.25902819816571265
behavioral,behavioral,20,91,1,49,4,0.4698927243608115,0.5119078512337836,0.5278804571789143,0.4271647935922456,0.36754119214956055
behavioral,behavioral,20,92,1,49,4,0.42711708647516844,0.46477771375464716,0.4833760631498749,0.6109804634502161,0.3092576717014762
behavioral,behavioral,20,93,1,49,4,0.3878050089324788,0.3999234338910584,0.529588209763153,0.47771006613218553,0.3584912024173283
behavioral,behavioral,20,94,1,49,4,0.3161366063276225,0.3356475035152116,0.6474665270963307,0.6240494302920765,0.2623623949080144
behavioral,behavioral,20,95,1,49,4,0.3442848398773165,0.3620557254400213,0.633465955184016,0.6257400110804522,0.3484020128648579
behavioral,behavioral,20,96,1,49,4,0.808598354812595,0.9114479932996462,0.410199330461388,0.2567563459957911,0.3280937139115245
behavioral,behavioral,20,97,1,49,4,0.2658805453705277,0.28762447137776925,0.7112937578208441,0.530331305303137,0.28215106871437773
behavioral,behavioral,20,98,2,49,4,0.703032761747727,0.7819816487580169,0.26529771617892894,0.5058069731310956,0.22014366466157698
behavioral,behavioral,20,99,2,49,4,0.3001341348770376,0.32559881819377207,0.5559604643901069,0.7800918925238943,0.30943086811587733
behavioral,behavioral,50,0,0,19,4,0.5306306458789448,0.5374743771816959,0.457899062217531,0.38638438977475825,0.3620419105554278
behavioral,behavioral,50,1,0,19,4,0.6004429516748946,0.6112377594951367,0.4731502272399988,0.42708459745375615,0.38113776319429926
behavioral,behavioral,50,2,0,19,4,0.4398689960411106,0.444930818228438,0.47534793917411144,0.36321357555418154,0.34017478099179504
behavioral,behavioral,50,3,0,19,4,0.6807740005294399,0.6919189342829859,0.3434386231372018,0.27469039139177215,0.34350897162765837
behavioral,behavioral,50,4,0,19,4,0.5030893318058437,0.5089685971716108,0.6009663746842372,0.633591679598998,0.36459668340747425
behavioral,behavioral,50,5,0,19,4,0.5530333942077256,0.5613392885579875,0.6884423941798413,0.5641962655957699,0.3671514707987269
behavioral,behavioral,50,6,0,19,4,0.5079712638371915,0.5161550874250662,0.44635048583999914,0.4120324296642864,0.3490515385523585
behavioral,behavioral,50,7,0,19,4,0.5823611772217713,0.5914714624671121,0.47493780620265896,0.409846284571321,0.36043976718257364
behavioral,behavioral,50,8,0,19,4,0.49393981500981027,0.5004847262336409,0.6077309456530309,0.5090479640393171,0.36767107877999916
behavioral,behavioral,50,9,0,19,4,0.4777374992056485,0.4840946639693115,0.5856829527970426,0.5449113267189588,0.3787129017294968
behavioral,behavioral,50,10,0,19,4,0.6115922769127544,0.6207411827753229,0.3181776147301658,0.24355669344865313,0.36377396281280905
behavioral,behavioral,50,11,0,19,4,0.6354173921895092,0.6458672107806686,0.32106483575041256,0.5331395072256456,0.3390922413641141
behavioral,behavioral,50,12,0,19,4,0.4095737173828722,0.41441517810715656,0.6194654503386643,0.5722808592567801,0.393868335756627
behavioral,behavioral,50,13,0,19,4,0.4656136231856848,0.4719044660902389,0.4309266308499411,0.39035805775906257,0.3573653848732927
behavioral,behavioral,50,14,0,19,4,0.5047929794627111,0.5103356854889768,0.6188396991875296,0.48999749910257917,0.3877628696126806
behavioral,behavioral,50,15,0,19,4,0.615505630854696,0.6261530611877547,0.5092400644740958,0.36435827892187594,0.4001903252701858
behavioral,behavioral,50,16,0,19,4,0.6020713098733138,0.6128142404403931,0.6023963532991953,0.45119410876265903,0.40378433650728374
behavioral,behavioral,50,17,0,19,4,0.5465699957893001,0.5565119938286487,0.5293620967519143,0.5230307267342698,0.3771973633196607
behavioral,behavioral,50,18,0,19,4,0.5493361463224358,0.5583454238726957,0.618073055593982,0.5729951236943724,0.3904908479789304
behavioral,behavioral,50,19,1,19,4,0.46253275359029883,0.46827462614818544,0.7019038647833821,0.51578404020645,0.3464967575343044
behavioral,behavioral,50,20,1,19,4,0.592896435059958,0.601832002321764,0.6011279113386699,0.6620798128182526,0.36303784996423194
behavioral,behavioral,50,21,1,19,4,0.5428795938214294,0.5523005496446357,0.4345382992054769,0.41490959196228144,0.34762258695128656
behavioral,behavioral,50,22,1,19,4,0.5150140806623705,0.5222536635736424,0.5000890449908352,0.3169674339540315,0.33727358193373425
behavioral,behavioral,50,23,1,19,4,0.6694930236498366,0.6808805125759847,0.36617035643559,0.5413097653751573,0.34316256067910095
behavioral,behavioral,50,24,1,19,4,0.6220170933245173,0.6328004719483133,0.48745142251027507,0.46855726366378847,0.39456117746061314
behavioral,behavioral,50,25,1,19,4,0.3808444416227765,0.3840947316576997,0.7620119084544863,0.5333136069697972,0.29388571992328316
behavioral,behavioral,50,26,1,19,4,0.6257262824723968,0.634848143077829,0.5164948294350598,0.4730036391170424,0.3891485106396535
behavioral,behavioral,50,27,1,19,4,0.41537018431378325,0.4204244072060267,0.5764577144829548,0.6067793835578533,0.38373584775223973
behavioral,behavioral,50,28,1,19,4,0.5151486416831489,0.5216545191911552,0.4843603294986042,0.7005835528021164,0.3626914295611894
behavioral,behavioral,50,29,1,19,4,0.5922056088606263,0.6030269973679996,0.527918259931363,0.3845406522892493,0.3878061631921104
behavioral,behavioral,50,30,1,19,4,0.5805208593945612,0.5917916194613634,0.4161066743571994,0.40258845703958945,0.35849121543012497
behavioral,behavioral,50,31,1,19,4,0.9008814151180087,0.9117631139109622,0.1454787280239936,0.1343313949350403,0.358707716632981
behavioral,behavioral,50,32,1,19,4,0.6119779171700881,0.6225907900558924,0.3639482802627914,0.36304026634709474,0.37944901416859583
behavioral,behavioral,50,33,1,19,4,0.7643964867618621,0.7752794911651967,0.391176710518626,0.32200966323895,0.37338684517273085
behavioral,behavioral,50,34,1,19,4,0.43471227728019946,0.43943000050725284,0.6874782714854686,0.5901718292240752,0.3774571648452262
behavioral,behavioral,50,35,1,19,4,0.4440863486023128,0.44939429392378655,0.6553217984562624,0.49042425793273176,0.38434207953722055
behavioral,behavioral,50,36,1,19,4,0.44088397420197806,0.4460982206572056,0.7453222438425701,0.33383714669833986,0.38525138877224235
behavioral,behavioral,50,37,1,19,4,0.42988593213730186,0.4347132437149926,0.6668448840259069,0.74406505707358,0.39702935434227316
behavioral,behavioral,50,38,2,19,4,0.5094072034248496,0.5173507871339994,0.6318557754866145,0.6130041938273438,0.369922744825362
behavioral,behavioral,50,39,2,19,4,0.5861868471319924,0.5950990647396492,0.3684894884163395,0.549583155067637,0.3728672268962334
behavioral,behavioral,50,40,2,19,4,0.5989439864082898,0.6080047257175866,0.5414996298009028,0.290897419304745,0.3978520585586556
behavioral,behavioral,50,41,2,19,4,0.4655138185251554,0.47097035021521766,0.5012459105574377,0.482152616533824,0.35268883929495803
behavioral,behavioral,50,42,2,19,4,0.4045532575852442,0.4098962478529411,0.5435234707575787,0.48490282119909006,0.3722177120784126
behavioral,behavioral,50,43,2,19,4,0.5173584212793392,0.5245407419197301,0.44406566855698465,0.4026841564814326,0.3794490289877743
behavioral,behavioral,50,44,2,19,4,0.40631963021271883,0.4115950386264236,0.6187478877518593,0.5978470310049181,0.3655926051226539
behavioral,behavioral,50,45,2,19,4,0.4900911222168666,0.4974380756284697,0.504348261218295,0.5653344803531626,0.39291573509156585
behavioral,behavioral,50,46,2,19,4,0.5018867813063465,0.5096513135273223,0.4954122062216921,0.6039499558707392,0.36749787221947006
behavioral,behavioral,50,47,2,19,4,0.646579426654181,0.6582884904492086,0.45105892902883404,0.33613134224591157,0.35000416725891154
behavioral,behavioral,50,48,2,19,4,0.5488928269145505,0.5565032084982665,0.43446007792521696,0.44098988625141494,0.3976788504528709
behavioral,behavioral,50,49,2,19,4,0.5321224226003511,0.5392740378377854,0.5134480300506298,0.5079448221461581,0.37213110704766533
behavioral,behavioral,50,50,2,19,4,0.5926413452672192,0.6013719086085533,0.27661946007786425,0.2579213680657939,0.3597469481521054
behavioral,behavioral,50,51,2,19,4,0.48722460162716186,0.4934221815656275,0.46919251592052197,0.5096778035096582,0.35892422428345244
behavioral,behavioral,50,52,2,19,4,0.7239720332214765,0.7368954625855969,0.37620098421072173,0.46096319676563047,0.35342496429182163
behavioral,behavioral,50,53,2,19,4,0.5208043330219886,0.5276316800616924,0.5074465715492326,0.5217751971727054,0.3541610817593746
behavioral,behavioral,50,54,2,19,4,0.573116568127371,0.5816573877292052,0.523008344917982,0.5028988106804246,0.40006042844883705
behavioral,behavioral,50,55,2,19,4,0.7337812325983788,0.7464898141011653,0.33242537068855904,0.3258551765703225,0.37381985263473405
behavioral,behavioral,50,56,2,19,4,0.591463489302978,0.6011731891556342,0.590070577981069,0.45838333569920137,0.3860308141906987
behavioral,behavioral,50,57,3,19,4,0.4764161683018835,0.48299550699304755,0.5652369653130644,0.5711002300361312,0.37524880671402006
behavioral,behavioral,50,58,3,19,4,0.5122745305446285,0.5212531006962295,0.5674457854986021,0.4404840781624146,0.3951673801662816
behavioral,behavioral,50,59,3,19,4,0.4593860639134964,0.4644495451699724,0.8038536756393715,0.8447102999419829,0.3793624272202005
behavioral,behavioral,50,60,3,19,4,0.45430239044456894,0.46059534296366567,0.6848668112600502,0.44181530420925447,0.356412749428072
behavioral,behavioral,50,61,3,19,4,0.6975788518478555,0.7074203287286717,0.27485955747214236,0.26774858754138303,0.36104598004419647
behavioral,behavioral,50,62,3,19,4,0.5083266308275926,0.5143308941518229,0.4072292581178814,0.5388188973510092,0.3673679764708368
behavioral,behavioral,50,63,3,19,4,0.6671901992061741,0.6769589799749942,0.495788878874542,0.22227405843491307,0.39650972455147904
behavioral,behavioral,50,64,3,19,4,0.6093947486545384,0.6198853333477095,0.4484188537466696,0.48860946573540054,0.343205866643358
behavioral,behavioral,50,65,3,19,4,0.5286912116140817,0.5359279377406784,0.5365488011290189,0.4918261151982805,0.3952972964044116
behavioral,behavioral,50,66,3,19,4,0.4537468810169647,0.4575743433694304,0.620289491119849,0.6034345923375927,0.370918667597829
behavioral,behavioral,50,67,3,19,4,0.658442774418559,0.6680117889516597,0.3249402792556742,0.32241049791476234,0.3685804013285282
behavioral,behavioral,50,68,3,19,4,0.6859368065791537,0.6984087935324906,0.4982858159046224,0.48737564469115824,0.3820471111541996
behavioral,behavioral,50,69,3,19,4,0.6745978424620006,0.6862061213220646,0.4721462369604517,0.4659823593804253,0.37247751035262233
behavioral,behavioral,50,70,3,19,4,0.36836896800839397,0.37249358908644403,0.5412436389543932,0.7727701148795959,0.3048409310313847
behavioral,behavioral,50,71,3,19,4,0.5562958013023301,0.5646119813199487,0.3981188082766803,0.37435353825109846,0.37009595462923006
behavioral,behavioral,50,72,3,19,4,0.4614065836496866,0.46766082798637393,0.5601307698680901,0.4625776709748859,0.36412038111558476
behavioral,behavioral,50,73,3,19,4,0.5901753435850743,0.5997594423600366,0.3514564687864527,0.3694095178872432,0.4035245297558332
behavioral,behavioral,50,74,3,19,4,0.4699193773378754,0.47702761817905803,0.6952702122651803,0.49724245972760245,0.39014443675120986
behavioral,behavioral,50,75,3,19,4,0.5235163158721637,0.5312162224021642,0.44214064859234475,0.400624945581629,0.36948973400454216
behavioral,behavioral,50,76,4,19,4,0.47983708823593063,0.48600580547906413,0.5975385135328478,0.6463165505347808,0.35221252797778496
behavioral,behavioral,50,77,4,19,4,0.5288793644626003,0.5355164205963554,0.37677310725235746,0.4107492909402692,0.34926803819535635
behavioral,behavioral,50,78,4,19,4,0.44550304421891623,0.4520862755690974,0.5216837317159281,0.5181260062753466,0.3983716834047892
behavioral,behavioral,50,79,4,19,4,0.46161454058690815,0.46610436363673896,0.6347146909687233,0.6306463575640592,0.3433357639139955
behavioral,behavioral,50,80,4,19,4,0.7303905196308256,0.743558874141615,0.40814261015691344,0.3239463972988897,0.3665885543242826
behavioral,behavioral,50,81,4,19,4,0.7169558975221625,0.7270029514085226,0.3663939930313718,0.30421029798186744,0.37953562608901237
behavioral,behavioral,50,82,4,19,4,0.600930793346755,0.6107412041913568,0.259456501842397,0.27602585354554615,0.3466699551972352
behavioral,behavioral,50,83,4,19,4,0.7297551403899014,0.7413829556533612,0.6088973784975503,0.27217892213780104,0.39321881940073855
behavioral,behavioral,50,84,4,19,4,0.46438746034067396,0.4700928776922523,0.5777523418733606,0.5147695965479345,0.368190692707924
behavioral,behavioral,50,85,4,19,4,0.5829166978626654,0.5927331592860707,0.32702178517756386,0.34178467580471933,0.36247491523737435
behavioral,behavioral,50,86,4,19,4,0.5965343008045579,0.6067734954107574,0.3807980253489256,0.48871464730160524,0.36412036947924054
behavioral,behavioral,50,87,4,19,4,0.40755332916407666,0.41140641324271876,0.6613670846936108,0.8048171025543178,0.34692978676457736
behavioral,behavioral,50,88,4,19,4,0.5836816340742986,0.5919387017578017,0.43667292428635285,0.3703425476306181,0.3711351862868659
behavioral,behavioral,50,89,4,19,4,0.47858631383638456,0.48409005498070407,0.6772830134842452,0.5736322722851804,0.33532502902334194
behavioral,behavioral,50,90,4,19,4,0.53550947421487,0.5437262485441517,0.5073979971369091,0.4619356542603827,0.318350938188871
behavioral,behavioral,50,91,4,19,4,0.43688208551861046,0.4424873899707013,0.7599306777063244,0.6646202563607835,0.35112999340283907
behavioral,behavioral,50,92,4,19,4,0.9013613965587899,0.911670850342285,0.49924513027401257,0.23932225683514666,0.3597902551840339
behavioral,behavioral,50,93,4,19,4,0.4403643826160777,0.4451038253716905,0.6162638989615752,0.6052034934176149,0.34225323362520343
behavioral,behavioral,50,94,4,19,4,0.5867573459698829,0.5962866546373993,0.506773841812734,0.3770760900575992,0.40339462237307555
behavioral,behavioral,50,95,5,19,4,0.5276343174682802,0.536804095531493,0.6711276805385238,0.41880557831117327,0.3522125340144637
behavioral,behavioral,50,96,5,19,4,0.5701653799322514,0.5796281542361165,0.5664939126062196,0.4574418224534272,0.3785830000867017
behavioral,behavioral,50,97,5,19,4,0.6513790627152626,0.6617463676137336,0.44345850909805,0.4066951686854811,0.37832319783987994
behavioral,behavioral,50,98,5,19,4,0.6032423293050576,0.612307265126616,0.4953434913799726,0.5048593289197632,0.3843420720516072
behavioral,behavioral,50,99,5,19,4,0.5058223642186747,0.5127577665494165,0.4140656819382123,0.3272279166428159,0.3171817998165648
behavioral,behavioral,100,0,0,9,4,0.5674918844433758,0.569684321452937,0.39528545952443944,0.38260460930479334,0.39819846426505107
behavioral,behavioral,100,1,0,9,4,0.5279382041714981,0.5300157231642022,0.48776818181725257,0.41398954634568325,0.3773705690524434
behavioral,behavioral,100,2,0,9,4,0.5319385743425974,0.5337180509702165,0.588302468196805,0.4356473038859689,0.4023553931962334
behavioral,behavioral,100,3,0,9,4,0.5597715460618785,0.561961321638308,0.42712772338143584,0.42157421434785547,0.38555450429263266
behavioral,behavioral,100,4,0,9,4,0.5110242306956195,0.5127450436029775,0.5189494198417071,0.5428100375477428,0.3961200194707692
behavioral,behavioral,100,5,0,9,4,0.6260048743906639,0.6284280950932511,0.44051602707209553,0.37433702198450525,0.3833461358287479
behavioral,behavioral,100,6,0,9,4,0.4489393134243484,0.4503099116032365,0.6015853280033642,0.5022501311377875,0.4053864815759225
behavioral,behavioral,100,7,0,9,4,0.5709903474215212,0.5729715044927339,0.5267580165573037,0.4273550289584178,0.4160818960498652
behavioral,behavioral,100,8,0,9,4,0.5856226396657555,0.5881984268488825,0.518713178618669,0.38594139385340076,0.4141766503472713
behavioral,behavioral,100,9,1,9,4,0.5347879366321873,0.5366430972710227,0.5249884337507462,0.4633204519691889,0.3779767856180021
behavioral,behavioral,100,10,1,9,4,0.5285104618374425,0.5305630990652704,0.419240671234794,0.4154856102256198,0.3864205232791639
behavioral,behavioral,100,11,1,9,4,0.6556842428046064,0.6584636900512251,0.46230583321185653,0.47860585483956614,0.414306559727034
behavioral,behavioral,100,12,1,9,4,0.49122577805380047,0.4927414186778629,0.6225689475660215,0.4551230648397693,0.3891485106396535
behavioral,behavioral,100,13,1,9,4,0.4834108856107173,0.484916233905922,0.46907522651189004,0.4748398959173127,0.4121847802045804
behavioral,behavioral,100,14,1,9,4,0.5935244676295123,0.5962466631518816,0.46108430857253374,0.44750511526059444,0.40131616187562225
behavioral,behavioral,100,15,1,9,4,0.7651726440239163,0.7684668711636008,0.31546140911766213,0.44237310021802434,0.40213888263771647
behavioral,behavioral,100,16,1,9,4,0.5800677727083576,0.5821290541868366,0.4802985508266616,0.6454555032402278,0.3910104564471595
behavioral,behavioral,100,17,1,9,4,0.43983326446016696,0.4411262890487914,0.5282745543062977,0.5018687152314321,0.4073783396145215
behavioral,behavioral,100,18,2,9,4,0.557382479700547,0.5595450273242888,0.45662629180195297,0.4669627558666999,0.39525398726469807
behavioral,behavioral,100,19,2,9,4,0.5287562759884761,0.5305439942777156,0.5119847875651602,0.4748017666576079,0.40811445659554413
behavioral,behavioral,100,20,2,9,4,0.4648926741620052,0.46647747304940534,0.5465898124581289,0.4624850345481396,0.4041307562815414
behavioral,behavioral,100,21,2,9,4,0.4564958833518351,0.45808955134062385,0.5270229167581943,0.6114353792298675,0.41586539777262255
behavioral,behavioral,100,22,2,9,4,0.5698409580993364,0.5722806303607054,0.44891474888373023,0.4412317377575333,0.38213370479475994
behavioral,behavioral,100,23,2,9,4,0.544160310895767,0.5460599266069002,0.4711325759874212,0.4697033362350781,0.42015221834556893
behavioral,behavioral,100,24,2,9,4,0.5486690705244779,0.5505301382365204,0.39926972187484755,0.35670403830372405,0.3887154940697474
behavioral,behavioral,100,25,2,9,4,0.6077950856145934,0.6102470308835819,0.33204875043888504,0.31356409533227453,0.3872432581615395
behavioral,behavioral,100,26,2,9,4,0.6466069970564515,0.6492202168107724,0.5030452569049786,0.4937329359328219,0.40906709224606336
behavioral,behavioral,100,27,3,9,4,0.5083848621807576,0.5102993134082943,0.5903498756326538,0.4370986228552203,0.41569218346759496
behavioral,behavioral,100,28,3,9,4,0.4448812474215084,0.44627935871190233,0.717961985816709,0.5206808379319223,0.3976355678692443
behavioral,behavioral,100,29,3,9,4,0.5746986115989634,0.5767910634170126,0.4416299281239265,0.6475899535519857,0.4014460722547139
behavioral,behavioral,100,30,3,9,4,0.6394337911176246,0.6419994638078446,0.4408602277885767,0.3141311998295916,0.39815517262692796
behavioral,behavioral,100,31,3,9,4,0.4924140346833263,0.493767437483114,0.5584334762166694,0.5807033815340665,0.40651232291759454
behavioral,behavioral,100,32,3,9,4,0.6826259883277965,0.6853163824577484,0.3315373821835308,0.33939800008242516,0.4090237992578574
behavioral,behavioral,100,33,3,9,4,0.5148890647419041,0.5167515143871189,0.5381678221947174,0.5240752455847888,0.37927580964986024
behavioral,behavioral,100,34,3,9,4,0.5101636936050996,0.5119996821896334,0.45893815698983087,0.45195560893150977,0.3902310483079208
behavioral,behavioral,100,35,3,9,4,0.5417738549852729,0.5438594927866788,0.47728182692853705,0.45688034133239674,0.41248788374942436
behavioral,behavioral,100,36,4,9,4,0.4993359364801558,0.5009829240763368,0.5159077596987719,0.4640568777293637,0.38122437167196055
behavioral,behavioral,100,37,4,9,4,0.4628561760064413,0.464261635161804,0.557493999622086,0.5393684926249434,0.4073350428428646
behavioral,behavioral,100,38,4,9,4,0.7279100494575836,0.7307362541964227,0.31900640251932577,0.30832328491784433,0.398674789253081
behavioral,behavioral,100,39,4,9,4,0.6566210458938435,0.6595097519350344,0.35247709240273706,0.3202796978162168,0.4048668614340091
behavioral,behavioral,100,40,4,9,4,0.5279318377415303,0.5298453848257401,0.43820852026043017,0.4285464310342808,0.3926559107745332
behavioral,behavioral,100,41,4,9,4,0.4809250743346179,0.4825066078527225,0.5624419463161283,0.5495547869573523,0.3858143091399207
behavioral,behavioral,100,42,4,9,4,0.5373903930643786,0.5391128126735751,0.46807214759775606,0.5107756581892704,0.39014444057129277
behavioral,behavioral,100,43,4,9,4,0.4882080275324946,0.48997410557724713,0.493211311972131,0.5734144448097158,0.4038276360591755
behavioral,behavioral,100,44,4,9,4,0.6265558041487623,0.6289055525079422,0.517081016957607,0.2596047483422888,0.396856135083907
behavioral,behavioral,100,45,5,9,4,0.563983643592361,0.5662984173657568,0.42643150997755475,0.4673743199071627,0.3901444437277659
behavioral,behavioral,100,46,5,9,4,0.6375802079023872,0.6399788350725941,0.42956694400537765,0.41967493276435996,0.40278841061768084
behavioral,behavioral,100,47,5,9,4,0.4415592033397105,0.4430453093463674,0.5608451789229116,0.5627415250954109,0.41482616071416334
behavioral,behavioral,100,48,5,9,4,0.4912463440874613,0.49293230193842746,0.7575634005953882,0.6156721521971493,0.4072484370590366
behavioral,behavioral,100,49,5,9,4,0.6618852195620222,0.664407918537114,0.4955364523165948,0.5045276041463065,0.41162186726516614
behavioral,behavioral,100,50,5,9,4,0.6284300791388925,0.6308847554935042,0.32675697269760606,0.3121167157611264,0.40594941267947826
behavioral,behavioral,100,51,5,9,4,0.5226879894772103,0.5245417017034844,0.5490001737669833,0.5513323428887928,0.4101063166734389
behavioral,behavioral,100,52,5,9,4,0.5296534694703504,0.5313323082965118,0.31384922208606675,0.43854912726723283,0.3964231129529716
behavioral,behavioral,100,53,5,9,4,0.536777562057351,0.5388201051770549,0.4712364949573684,0.4494327857310053,0.3913568766204931
behavioral,behavioral,100,54,6,9,4,0.6329207525716231,0.6355105813385264,0.460629915903511,0.44668586497454366,0.37637463390959025
behavioral,behavioral,100,55,6,9,4,0.6277050825326579,0.6301865400204328,0.35230125587703603,0.35511977743574596,0.4118383700773641
behavioral,behavioral,100,56,6,9,4,0.5847721220872609,0.5869245170606592,0.38145068837448026,0.47475053309502835,0.3931322247708583
behavioral,behavioral,100,57,6,9,4,0.5272788787940647,0.5292568658999841,0.4214828834738517,0.3880032787101461,0.40144606402546024
behavioral,behavioral,100,58,6,9,4,0.48046783535450377,0.48192052919986433,0.5129549939546906,0.5236238279986689,0.4056462917601719
behavioral,behavioral,100,59,6,9,4,0.5685895137466882,0.5707446285690904,0.6660938009001603,0.4772345614031942,0.3988046933034104
behavioral,behavioral,100,60,6,9,4,0.5356655019303594,0.5374897294956968,0.49284538105459413,0.4879939829495395,0.40408744194081764
behavioral,behavioral,100,61,6,9,4,0.561318788151472,0.5635466522302082,0.41500607634419845,0.35208295982834314,0.3941714553570542
behavioral,behavioral,100,62,6,9,4,0.5788293752456753,0.5810290227930526,0.4450826516675316,0.4206897458837828,0.40313483077194134
behavioral,behavioral,100,63,7,9,4,0.5283059742370279,0.5299872658457824,0.5120271336046784,0.45880265782703555,0.3833028369068191
behavioral,behavioral,100,64,7,9,4,0.5094849235332861,0.5112858561421795,0.554536625438514,0.5501336783280408,0.3892351068854828
behavioral,behavioral,100,65,7,9,4,0.46968977431701303,0.47117659343403195,0.5243440866176983,0.5295284634777868,0.39313223190916047
behavioral,behavioral,100,66,7,9,4,0.6950270025104783,0.6981121590247282,0.39410224268624655,0.3052059387336402,0.4131807261374879
behavioral,behavioral,100,67,7,9,4,0.5713301021433436,0.573617641910073,0.41986927348797143,0.40453021208430967,0.40287500143480803
behavioral,behavioral,100,68,7,9,4,0.47009427291792255,0.4716103400343866,0.510793134061877,0.4680084866048617,0.39239610453651264
behavioral,behavioral,100,69,7,9,4,0.5323228125512098,0.534406950837213,0.4604554136757275,0.4435172542322421,0.4027884047058973
behavioral,behavioral,100,70,7,9,4,0.6701660709757861,0.672945744124304,0.4750159296005575,0.3602469571151241,0.3988047017236158
behavioral,behavioral,100,71,7,9,4,0.573806388017181,0.5759490566461055,0.5408813656625238,0.3917364904120426,0.4168613198588894
behavioral,behavioral,100,72,8,9,4,0.5246595591586868,0.5265275708695266,0.43792381094084604,0.4606488891888164,0.38577101996083457
behavioral,behavioral,100,73,8,9,4,0.6023473778051631,0.6048498750501284,0.39017304529312247,0.42786958399466657,0.389494924613488
behavioral,behavioral,100,74,8,9,4,0.5280864326347348,0.5300606553026096,0.5408325071544178,0.4949132238717116,0.383259533973772
behavioral,behavioral,100,75,8,9,4,0.5816945118932889,0.5840774517539622,0.3497572214109801,0.33728573033119214,0.41365702524080067
behavioral,behavioral,100,76,8,9,4,0.5350394516981736,0.5370275876622609,0.548121600271744,0.4327872970670497,0.4046070530598402
behavioral,behavioral,100,77,8,9,4,0.6267600297343427,0.6290837394784129,0.3418765983957571,0.32837250437245763,0.40776805915280434
behavioral,behavioral,100,78,8,9,4,0.52181562352943,0.5235830543131065,0.6223687881321329,0.4314521164517573,0.37633134107828364
behavioral,behavioral,100,79,8,9,4,0.6260048509304781,0.6287609815993419,0.40734902833044656,0.4159878684641122,0.39534058179589715
behavioral,behavioral,100,80,8,9,4,0.5190748819425004,0.520744550956911,0.439730693701698,0.5397418780240788,0.40906709626563875
behavioral,behavioral,100,81,9,9,4,0.5643941317507805,0.5665202879758056,0.529610890006343,0.5148359113595035,0.40369774057438973
behavioral,behavioral,100,82,9,9,4,0.5669845241781327,0.5690678614229132,0.4444867172081238,0.4231335444295909,0.39923771127926466
behavioral,behavioral,100,83,9,9,4,0.45689247217493106,0.458152379360041,0.5145470648445362,0.5224576152902586,0.4180737611731671
behavioral,behavioral,100,84,9,9,4,0.5459848224277049,0.5479673545778178,0.41638171900480725,0.3978726027100967,0.41183837344495405
behavioral,behavioral,100,85,9,9,4,0.43387795199405577,0.43535228654460917,0.460579069111286,0.43741350094970277,0.3702258469523241
behavioral,behavioral,100,86,9,9,4,0.5556065220546019,0.557812265593628,0.5344803483504332,0.3905757897462998,0.4093702054153556
behavioral,behavioral,100,87,9,9,4,0.5879696789444538,0.5902157030614548,0.3622394676115,0.49849176466741474,0.3752488077621753
behavioral,behavioral,100,88,9,9,4,0.6325520933865475,0.6349348014957994,0.4560571500009394,0.4504096224696671,0.40560299074749545
behavioral,behavioral,100,89,9,9,4,0.5650230597931071,0.5670809123137893,0.49675123745258376,0.5081113968540429,0.39694272901329924
behavioral,behavioral,100,90,10,9,4,0.5388017653777042,0.540726671135762,0.45050137521057776,0.5022916426721544,0.4154756765924103
behavioral,behavioral,100,91,10,9,4,0.477329936310948,0.4789493603274999,0.4982489592794563,0.48780084629610765,0.39191978990150517
behavioral,behavioral,100,92,10,9,4,0.386434190364525,0.38760639157077525,0.5923210845910956,0.5538375194079046,0.3947343682883057
behavioral,behavioral,100,93,10,9,4,0.46737965050720587,0.468967611712722,0.5906946594787772,0.6590310576364029,0.40599271015649546
behavioral,behavioral,100,94,10,9,4,0.6578329126059075,0.6604168148624369,0.4785788563789856,0.5750539699255077,0.4166881174611601
behavioral,behavioral,100,95,10,9,4,0.6020518195025238,0.6043543575928083,0.41145472236880476,0.4082064460917906,0.378669604737709
behavioral,behavioral,100,96,10,9,4,0.5910686284507103,0.593291877034436,0.6700679745258387,0.38827440203133834,0.3897114297985163
behavioral,behavioral,100,97,10,9,4,0.6453172236725443,0.6478837631024349,0.3788079469764002,0.4444363727129936,0.4118816812165145
behavioral,behavioral,100,98,10,9,4,0.6211523979442642,0.6236776770455003,0.46586862551925656,0.4157655365107086,0.39668292097895885
behavioral,behavioral,100,99,11,9,4,0.5824672937532777,0.5848870125698983,0.38221511101920125,0.37657954292820767,0.39495087827161224
behavioral,behavioral,200,0,0,4,4,0.5529478956232138,0.5534823632915904,0.4368995049699802,0.44338637938384484,0.4082010610522941
behavioral,behavioral,200,1,0,4,4,0.5499879805536456,0.5504860277223229,0.4190467359865271,0.41063315503460746,0.41629840180731736
behavioral,behavioral,200,2,0,4,4,0.5667477858625226,0.5672609688390002,0.46399070537014925,0.46343140657044296,0.40551639277707235
behavioral,behavioral,200,3,0,4,4,0.509989594789294,0.5104078308395024,0.5233663780468687,0.5099775423472226,0.42534837473118314
behavioral,behavioral,200,4,1,4,4,0.5411138377988107,0.5415988417629957,0.43520961775131817,0.45114074336870946,0.40096975542261565
behavioral,behavioral,200,5,1,4,4,0.564398865585931,0.5649243168824476,0.47428155731019156,0.5426298830296895,0.42352972777594833
behavioral,behavioral,200,6,1,4,4,0.5355734877358058,0.5360837683225778,0.45882358447988003,0.46059902993611085,0.42214407342691807
behavioral,behavioral,200,7,1,4,4,0.6570840763973361,0.657755047949912,0.38166212265966765,0.3747436765202957,0.4144797457617765
behavioral,behavioral,200,8,2,4,4,0.5465029695300702,0.5469923660808892,0.4500730604742312,0.4463325351528288,0.42184096605052535
behavioral,behavioral,200,9,2,4,4,0.46934885849419117,0.46975386665327695,0.5191955685174792,0.5211891885870901,0.4217976794452806
behavioral,behavioral,200,10,2,4,4,0.5548291933397426,0.5553619654260228,0.44838428361403904,0.44148806147351255,0.42409262995260005
behavioral,behavioral,200,11,2,4,4,0.5767143869676743,0.5772456948116712,0.392655762203705,0.4259563106787057,0.4118383716075452
behavioral,behavioral,200,12,3,4,4,0.476098633019669,0.4765124307820053,0.5411967314376543,0.5143486852427315,0.4221873825100257
behavioral,behavioral,200,13,3,4,4,0.6096239432339193,0.6102043869314813,0.4866302436781813,0.38773103619605737,0.41629840676489016
behavioral,behavioral,200,14,3,4,4,0.5730086799559523,0.5735075361889643,0.45291442366258183,0.5165903270731883,0.42487207614934347
behavioral,behavioral,200,15,3,4,4,0.5117043107525632,0.5121702299525239,0.45871737892216136,0.45127562454720327,0.4114053691696613
behavioral,behavioral,200,16,4,4,4,0.4870852642179503,0.48747322085126665,0.4919196221392569,0.48861618425850023,0.4240060323071123
behavioral,behavioral,200,17,4,4,4,0.6932338709946165,0.6939444574170673,0.394179881660168,0.3904172187022113,0.41880987678540144
behavioral,behavioral,200,18,4,4,4,0.5006751245858643,0.5011233090279315,0.48918721202844817,0.4832932922303575,0.4126177940880081
behavioral,behavioral,200,19,4,4,4,0.5219857175104194,0.522425361102391,0.5115349635030587,0.4866130439807742,0.4151725688423654
behavioral,behavioral,200,20,5,4,4,0.6023636128330205,0.6029595720847709,0.4241858848093656,0.4084949009758134,0.4172077392917459
behavioral,behavioral,200,21,5,4,4,0.47349219544654,0.47389657124112006,0.4462030852702751,0.548755306615667,0.42101824283102696
behavioral,behavioral,200,22,5,4,4,0.6428472325535082,0.6434716943648169,0.39928429294602585,0.40866683172456425,0.42391944279873817
behavioral,behavioral,200,23,5,4,4,0.513525300825295,0.5139715350855194,0.4269841774676801,0.516542871481948,0.41915628769162366
behavioral,behavioral,200,24,6,4,4,0.6305735334984112,0.6312038434902996,0.398615050320296,0.472338757898586,0.4224038867813322
behavioral,behavioral,200,25,6,4,4,0.5525704019078963,0.5530961230739424,0.429091583761511,0.4195356724979024,0.4218409648553574
behavioral,behavioral,200,26,6,4,4,0.5158209040081294,0.5162692359044815,0.5153211494023976,0.5322781213047127,0.413397218980059
behavioral,behavioral,200,27,6,4,4,0.5399360589529979,0.5404254078947839,0.43789711029325284,0.5146327483193044,0.41777064577738005
behavioral,behavioral,200,28,7,4,4,0.5210549617729489,0.5214996931736108,0.5288230314538098,0.4773178498307799,0.40997642162504083
behavioral,behavioral,200,29,7,4,4,0.559055597900833,0.5595995357545308,0.512393937538035,0.42560711748908947,0.4191129994770666
behavioral,behavioral,200,30,7,4,4,0.5221735284892909,0.5226453242305317,0.43171990495605295,0.4301369135228018,0.4135271136564592
behavioral,behavioral,200,31,7,4,4,0.6024692340042721,0.6030741412545608,0.41020526576215816,0.40295227550208546,0.41720773003685174
behavioral,behavioral,200,32,8,4,4,0.5592436899798476,0.5597833089614339,0.4909881975686429,0.487127728274543,0.41560559413269105
behavioral,behavioral,200,33,8,4,4,0.5593397352456215,0.55988348052397,0.43350519980938496,0.4310919521673361,0.41859337641631716
behavioral,behavioral,200,34,8,4,4,0.5810038224132784,0.5815473596714943,0.376942091734306,0.40433809125780995,0.4221007722139874
behavioral,behavioral,200,35,8,4,4,0.5686193142057371,0.5691674709471957,0.43545168500946896,0.3960526536819754,0.40166257420964724
behavioral,behavioral,200,36,9,4,4,0.569486098230972,0.5700111463361879,0.4738061210203056,0.46726469951124044,0.4144797616428867
behavioral,behavioral,200,37,9,4,4,0.5002338588117564,0.5006269587610221,0.5430207614873941,0.5350255368686843,0.42435244688966234
behavioral,behavioral,200,38,9,4,4,0.49779359795066835,0.4982491395042519,0.4228386603536224,0.40855859369067593,0.41989241278455236
behavioral,behavioral,200,39,9,4,4,0.6093028517960234,0.6098820430984474,0.4838692438223008,0.4781687120050665,0.41023623971843265
behavioral,behavioral,200,40,10,4,4,0.509625052190502,0.5100662803666417,0.5313652516626585,0.5261855355700397,0.41954599947838556
behavioral,behavioral,200,41,10,4,4,0.43099830338830997,0.4313460363129216,0.5809646606564804,0.5199265579789583,0.4177706548312731
behavioral,behavioral,200,42,10,4,4,0.6317633084283086,0.632377264105599,0.4287323100474981,0.41824772234292285,0.4269505230921411
behavioral,behavioral,200,43,10,4,4,0.6189904807460593,0.6195836068468935,0.42522572429586575,0.5367891150439608,0.4153890833835807
behavioral,behavioral,200,44,11,4,4,0.5348441263376932,0.535339312154886,0.42060022190674906,0.41672026408938356,0.41473956425593606
behavioral,behavioral,200,45,11,4,4,0.5472414174487535,0.5477472826989047,0.4341780333266408,0.42895575860523233,0.4216677600978549
behavioral,behavioral,200,46,11,4,4,0.5927134965256369,0.5932415042906519,0.3572779114117966,0.40363375007223845,0.41370032906874576
behavioral,behavioral,200,47,11,4,4,0.5935922142985903,0.5941919824599753,0.5103956177454201,0.3728550808274319,0.41772733610322604
behavioral,behavioral,200,48,12,4,4,0.5855004152088104,0.5860815386761844,0.45136137589279635,0.4234351310687947,0.4187665848834324
behavioral,behavioral,200,49,12,4,4,0.4948159863539268,0.49523097594717963,0.4836486065787655,0.4760057912604892,0.41807375691059084
behavioral,behavioral,200,50,12,4,4,0.5269488790979628,0.5273910079029156,0.4256570164046539,0.4129399336071607,0.4252184694965987
behavioral,behavioral,200,51,12,4,4,0.5857000236996427,0.5862984998786636,0.4778688123940195,0.3879542959298503,0.41863668113437436
behavioral,behavioral,200,52,13,4,4,0.6587778789837674,0.6595145091844944,0.42724462623913073,0.38914057669364926,0.4266474039662194
behavioral,behavioral,200,53,13,4,4,0.4836719739995861,0.48406292849422,0.49868028933781783,0.5670866351745163,0.418030466260198
behavioral,behavioral,200,54,13,4,4,0.5647014157246628,0.5652226127977144,0.38627885779619575,0.37316288307749373,0.4097166154034203
behavioral,behavioral,200,55,13,4,4,0.5000062443458356,0.5004061668560229,0.5546926452073813,0.5514330963981414,0.4088938889605672
behavioral,behavioral,200,56,14,4,4,0.5503974109078703,0.550868364902277,0.5369333744661104,0.47112211992123926,0.4185933827532268
behavioral,behavioral,200,57,14,4,4,0.5405931137970417,0.5410708269523482,0.5530774718429949,0.5143726495678194,0.42028212801666687
behavioral,behavioral,200,58,14,4,4,0.5719635237604697,0.572524288166122,0.3825561347756674,0.4173260244886032,0.429072278997464
behavioral,behavioral,200,59,14,4,4,0.5902870555203876,0.5908817866801187,0.4296402428970043,0.3890802996125678,0.41383023208121206
behavioral,behavioral,200,60,15,4,4,0.5123842888298173,0.5128098032466268,0.5015348755980034,0.4989428424505264,0.42192756882022875
behavioral,behavioral,200,61,15,4,4,0.5516227695658312,0.5521758934428427,0.4948639058988811,0.3891597905779814,0.4223605875950064
behavioral,behavioral,200,62,15,4,4,0.6311954037364552,0.6318149220322501,0.4079578836494836,0.4248587345643907,0.4127477056112815
behavioral,behavioral,200,63,15,4,4,0.5264556035307032,0.526935064999261,0.47711691498747144,0.4729537179213483,0.4036544407020064
behavioral,behavioral,200,64,16,4,4,0.5912054243438858,0.5917615280211291,0.4768858339541422,0.5050202746871604,0.4250019644421401
behavioral,behavioral,200,65,16,4,4,0.5667218798984464,0.5672600753202807,0.489841647789913,0.3442254655788616,0.4246988566008388
behavioral,behavioral,200,66,16,4,4,0.47406806350950237,0.47447094945031293,0.5397112860201523,0.5303697046235394,0.4102795305782656
behavioral,behavioral,200,67,16,4,4,0.4938606895812587,0.494264869602006,0.4987548302243934,0.4913588746953804,0.42469885659968043
behavioral,behavioral,200,68,17,4,4,0.5734165243206231,0.5739620757438575,0.4380917020740999,0.45690541997443096,0.42162445599753196
behavioral,behavioral,200,69,17,4,4,0.5538496607947191,0.5543581588262826,0.43636673763159745,0.43593135496165253,0.4253916724207397
behavioral,behavioral,200,70,17,4,4,0.5756589896296379,0.5762242370869431,0.457865288354638,0.4553881959079583,0.40889389124393616
behavioral,behavioral,200,71,17,4,4,0.5187010691873448,0.5191304741204239,0.6031312363480911,0.5652780485148166,0.4138735346237451
behavioral,behavioral,200,72,18,4,4,0.5137393467370237,0.5141827231535923,0.462189500504797,0.42398864796007923,0.42101825239933127
behavioral,behavioral,200,73,18,4,4,0.47675914528048274,0.47716914537963007,0.5046530198918191,0.4997511675019365,0.4226203922509637
behavioral,behavioral,200,74,18,4,4,0.6282139207493994,0.628856962165654,0.4953817520290753,0.4132318901817025,0.4113620590668125
behavioral,behavioral,200,75,18,4,4,0.532260627848409,0.5327410397849894,0.4802456385086711,0.45568532791759464,0.42695052081890134
behavioral,behavioral,200,76,19,4,4,0.6359309066807215,0.6365510160055905,0.4496982615293353,0.4241457487578563,0.4229235026002065
behavioral,behavioral,200,77,19,4,4,0.5380935960665988,0.5385844538383082,0.4931495035584225,0.4828312895122381,0.42314001125063244
behavioral,behavioral,200,78,19,4,4,0.48303709178008575,0.48341460668760816,0.4607892072241721,0.4701137179721234,0.42270700943158995
behavioral,behavioral,200,79,19,4,4,0.5820171537022327,0.5825620786532585,0.4061863247949671,0.39927734094544876,0.42517516590527565
behavioral,behavioral,200,80,20,4,4,0.5557264042956418,0.5562393458541494,0.4438884221971974,0.436057945649253,0.4156055921028
behavioral,behavioral,200,81,20,4,4,0.5369952422966683,0.5374866823506959,0.49374923296444456,0.44701252369748845,0.42314000827030934
behavioral,behavioral,200,82,20,4,4,0.5976541038529462,0.5982165533965355,0.4919407486653722,0.48382464421961013,0.41079914014591545
behavioral,behavioral,200,83,20,4,4,0.5422020863346688,0.5427128121098438,0.4342875840600976,0.4253557994740421,0.4205419428923521
behavioral,behavioral,200,84,21,4,4,0.5739390364223794,0.5744661457348882,0.49082263473423116,0.48000691243752236,0.42811966848074856
behavioral,behavioral,200,85,21,4,4,0.5941073554936736,0.5947220383917623,0.45087916807388384,0.44137249090979325,0.4151292658534918
behavioral,behavioral,200,86,21,4,4,0.47205513337419464,0.4724330933944001,0.5303952459973059,0.5428997487840959,0.4167314198740803
behavioral,behavioral,200,87,21,4,4,0.5395628556668701,0.540038243382424,0.4220662539867254,0.44523422794507816,0.417467550025947
behavioral,behavioral,200,88,22,4,4,0.5386846125025796,0.5391651540702393,0.4195159900400225,0.41042551917899844,0.4138735294622107
behavioral,behavioral,200,89,22,4,4,0.5264639527763345,0.5269449298479796,0.4649655682952047,0.45422031456746476,0.4282495673854812
behavioral,behavioral,200,90,22,4,4,0.5355063345569385,0.535953522884593,0.45276432927330157,0.5016627953965744,0.413830234246884
behavioral,behavioral,200,91,22,4,4,0.5495058794583969,0.5500163406765908,0.439090741200935,0.42881402091705473,0.4182902656553051
behavioral,behavioral,200,92,23,4,4,0.503490531938545,0.5039016452557379,0.5282967758045696,0.5440557820328034,0.4243957454624735
behavioral,behavioral,200,93,23,4,4,0.5598226350241196,0.5603506499888676,0.5250072475722825,0.5165073661572682,0.4264742123943517
behavioral,behavioral,200,94,23,4,4,0.5988970675247177,0.5995298862218628,0.33933915346208954,0.3524963187085298,0.4117517612667095
behavioral,behavioral,200,95,23,4,4,0.5351449714575323,0.5356264725962473,0.47080871074885766,0.47109335261415397,0.4179438534712596
behavioral,behavioral,200,96,24,4,4,0.5020020517291776,0.5024330221817207,0.44773226430886603,0.43821594731094443,0.40218219387320775
behavioral,behavioral,200,97,24,4,4,0.556397845357523,0.5569164461469002,0.45174282600903437,0.4441349363221202,0.4277299545670443
behavioral,behavioral,200,98,24,4,4,0.4932789372003796,0.49367613308189434,0.6153324436942096,0.4761999894448816,0.42513186438294914
behavioral,behavioral,200,99,24,4,4,0.5881600654800083,0.5887296287977203,0.42277144863542365,0.4019418373276658,0.422403884298265
behavioral,behavioral,500,0,0,1,4,0.5458474120728739,0.5459271414602507,0.44670368437120583,0.4445672044865339,0.4280330581223725
behavioral,behavioral,500,1,1,1,4,0.5414168463625316,0.5414935801856791,0.4768379906206833,0.4745344669495348,0.4269072286146359
behavioral,behavioral,500,2,2,1,4,0.5198119925665821,0.5198883077462694,0.4855406893002985,0.4888924281235545,0.4272969434128513
behavioral,behavioral,500,3,3,1,4,0.5281991496487853,0.528273137046481,0.5073032817823924,0.5017658525785311,0.4268206257617371
behavioral,behavioral,500,4,4,1,4,0.5677239315978081,0.5678101819513937,0.4462801120593313,0.4570081016416243,0.4296785059081899
behavioral,behavioral,500,5,5,1,4,0.5601229356878901,0.5602068717687274,0.4833913448159827,0.4821045585233668,0.4280330587961046
behavioral,behavioral,500,6,6,1,4,0.565779521591873,0.5658643853894186,0.42611180907321033,0.4597949340992882,0.4285526765188347
behavioral,behavioral,500,7,7,1,4,0.5472383868133371,0.5473199246238725,0.46736766917508926,0.4627716425380334,0.4301548269682274
behavioral,behavioral,500,8,8,1,4,0.5553537516010252,0.5554389475913175,0.47239466735517605,0.4728183261974176,0.42803306222086335
behavioral,behavioral,500,9,9,1,4,0.511728854630891,0.5117995716861988,0.5407085097822025,0.4864197139138097,0.4263443127642595
behavioral,behavioral,500,10,10,1,4,0.5010275224611196,0.5010978481135097,0.512171975670044,0.5036045711551164,0.42946200200098844
behavioral,behavioral,500,11,11,1,4,0.5458959760823759,0.5459746888026812,0.43910183959595617,0.45856319389529043,0.430198129140496
behavioral,behavioral,500,12,12,1,4,0.5422926471308812,0.542370697505334,0.4283232733966762,0.4642169037758619,0.42885578711397154
behavioral,behavioral,500,13,13,1,4,0.5618837078671826,0.5619713110674256,0.4660926671982787,0.4629594117544865,0.42859597818394796
behavioral,behavioral,500,14,14,1,4,0.5417670397856412,0.5418427508807213,0.49449520824271004,0.5078379565271629,0.4298950204196282
behavioral,behavioral,500,15,15,1,4,0.5493911931412667,0.5494716530450505,0.46739177710235724,0.44041957821938404,0.4291588931436202
behavioral,behavioral,500,16,16,1,4,0.5458412075028662,0.54592205548731,0.45879772675782704,0.4629854312924121,0.42985171597294114
behavioral,behavioral,500,17,17,1,4,0.5570005000768236,0.5570830960181494,0.4308056869287136,0.42781798102290813,0.429851715282157
behavioral,behavioral,500,18,18,1,4,0.53290920837543,0.5329880516866575,0.4840053802948107,0.484504188671213,0.42911559576914177
behavioral,behavioral,500,19,19,1,4,0.5465691688804168,0.5466480061412259,0.4838206935803643,0.4854419684395225,0.4287258815111867
behavioral,behavioral,500,20,20,1,4,0.5619133728364373,0.5619963917309825,0.44449884955721036,0.454097994119532,0.42928879627939753
behavioral,behavioral,500,21,21,1,4,0.5748135551386722,0.5749014726258265,0.48160836722218403,0.47499086275156743,0.42941870662702697
behavioral,behavioral,500,22,22,1,4,0.5348822726957679,0.5349581259898852,0.46762556264147137,0.446992057701313,0.428682580343433
behavioral,behavioral,500,23,23,1,4,0.5518919710138224,0.5519759442109237,0.565199906545682,0.484180430937188,0.4296785145961686
behavioral,behavioral,500,24,24,1,4,0.5367491893822847,0.5368265867943451,0.4712125326444249,0.4685063941420643,0.42898569207525816
behavioral,behavioral,500,25,25,1,4,0.5266325846913763,0.5267081017687726,0.4993268823055884,0.49695698890568324,0.4300682205087823
behavioral,behavioral,500,26,26,1,4,0.5594614566263659,0.5595450188672418,0.41830926294759985,0.41394591830426686,0.4285526663168345
behavioral,behavioral,500,27,27,1,4,0.5642236026291786,0.5643098456086868,0.458150900689294,0.4540274330501592,0.42954861421652657
behavioral,behavioral,500,28,28,1,4,0.5025325329852117,0.5026036241682086,0.48938932306236715,0.5188393439908896,0.4276000455704753
behavioral,behavioral,500,29,29,1,4,0.5245514086710684,0.524624379815784,0.4591732635581738,0.45772008108361617,0.42876918688445237
behavioral,behavioral,500,30,30,1,4,0.5664632335518124,0.5665488723392098,0.4660438853895652,0.4684741513868453,0.42695052719032545
behavioral,behavioral,500,31,31,1,4,0.5757562244973886,0.5758438506351429,0.45946691324273975,0.4282492505578342,0.42660411794532216
behavioral,behavioral,500,32,32,1,4,0.5614988428399145,0.5615832760556521,0.47862795739679004,0.5295459054301215,0.4296785137724552
behavioral,behavioral,500,33,33,1,4,0.5805578301463917,0.5806489710845747,0.41180294007973206,0.4046487027226584,0.4299816209221319
behavioral,behavioral,500,34,34,1,4,0.5370621908818302,0.5371391280787202,0.44970734485540975,0.4394030951385165,0.42487207080993167
behavioral,behavioral,500,35,35,1,4,0.5687437880010109,0.5688288853885299,0.4287367402847564,0.43099057811846836,0.4296352114919469
behavioral,behavioral,500,36,36,1,4,0.5328678658091403,0.5329457008396153,0.4527567594266867,0.45582804436003943,0.4292888002299711
behavioral,behavioral,500,37,37,1,4,0.5365176921174747,0.5365949359746413,0.4234993398389457,0.4197178454259942,0.42911558838284847
behavioral,behavioral,500,38,38,1,4,0.504003210931194,0.5040746699443465,0.48027743624072833,0.4784369166650313,0.42954860956471996
behavioral,behavioral,500,39,39,1,4,0.5379240779430182,0.5380013590081859,0.4653498960177352,0.46393325602025104,0.4296785092415119
behavioral,behavioral,500,40,40,1,4,0.520814305668148,0.5208885512195071,0.527490066397329,0.4864054970609321,0.42837947471587223
behavioral,behavioral,500,41,41,1,4,0.5528104755531985,0.5528961808669969,0.4414454610131584,0.437115346500776,0.42660411401142617
behavioral,behavioral,500,42,42,1,4,0.5425733610103431,0.5426513003172948,0.46506610258249126,0.4594856747080071,0.429375402804966
behavioral,behavioral,500,43,43,1,4,0.5960290393934574,0.5961246523696344,0.4405048898665116,0.43984565442208146,0.42881248723982485
behavioral,behavioral,500,44,44,1,4,0.566146308984465,0.5662302086390388,0.4378517149252804,0.4348641061156039,0.42660412066401104
behavioral,behavioral,500,45,45,1,4,0.5520277311672573,0.5521097880033209,0.49445093424001474,0.4880371453742569,0.4288557883831069
behavioral,behavioral,500,46,46,1,4,0.5248153889168766,0.5248922697828904,0.5239742657735937,0.521230703393796,0.42794645841907764
behavioral,behavioral,500,47,47,1,4,0.5511341246866656,0.551215705496682,0.47844859777352805,0.45706567473367316,0.4268639240270661
behavioral,behavioral,500,48,48,1,4,0.536892453091003,0.5369722690726048,0.4825922061043339,0.4815652049849969,0.42820626492693215
behavioral,behavioral,500,49,49,1,4,0.5581012787922353,0.5581844158753978,0.4413417694564804,0.4486926078798043,0.4230534091189956
behavioral,behavioral,500,50,50,1,4,0.5088864484714977,0.5089592113807275,0.4867635502282731,0.49078487651471614,0.4294187036877143
behavioral,behavioral,500,51,51,1,4,0.5292790741083696,0.5293554092606901,0.4793888623975483,0.47422807118562527,0.42829286991211163
behavioral,behavioral,500,52,52,1,4,0.5390406516484463,0.5391189683124664,0.5024597095517161,0.4220420525956263,0.42798975163170844
behavioral,behavioral,500,53,53,1,4,0.5081977794721795,0.5082704898864258,0.5082389210702452,0.5044605322680282,0.424915372138231
behavioral,behavioral,500,54,54,1,4,0.5456426204291945,0.5457211043653346,0.43959199819212535,0.49785387342868925,0.4290289894862597
behavioral,behavioral,500,55,55,1,4,0.5333938677930709,0.5334735580254979,0.4696876513503362,0.4816263684070978,0.42747013794716887
behavioral,behavioral,500,56,56,1,4,0.5541197560794539,0.5542011257267158,0.4607353185283305,0.4563468235044871,0.4266474318489948
behavioral,behavioral,500,57,57,1,4,0.5938112516629022,0.5939057861159036,0.4058072906384792,0.40326034881393147,0.4285093763907293
behavioral,behavioral,500,58,58,1,4,0.5515682742625025,0.5516486862786558,0.4734950766609792,0.45470530792392094,0.4294620063844369
behavioral,behavioral,500,59,59,1,4,0.5272473245939373,0.527319907333498,0.502192627040423,0.5112807606225174,0.4296785170414458
behavioral,behavioral,500,60,60,1,4,0.5043371534324199,0.5044073131736585,0.47464250913909334,0.4790018798832785,0.42846608147332244
behavioral,behavioral,500,61,61,1,4,0.5354618914435361,0.5355397458090962,0.4346054314516404,0.5323134925394137,0.4295919019169403
behavioral,behavioral,500,62,62,1,4,0.5117626654217752,0.5118336296550199,0.5587223436486228,0.5093922584402067,0.4299383211469163
behavioral,behavioral,500,63,63,1,4,0.5503808777138728,0.5504607763572497,0.45864019319635896,0.4557745567307434,0.4259978986023384
behavioral,behavioral,500,64,64,1,4,0.5504188490104807,0.5505032591494103,0.45219572890663284,0.4612033289199069,0.42712373790446234
behavioral,behavioral,500,65,65,1,4,0.5459608832162217,0.5460420597506906,0.42078330928312413,0.42634483552119873,0.4295919081332129
behavioral,behavioral,500,66,66,1,4,0.563852971439696,0.5639394335248038,0.4218174580138771,0.42133822469972676,0.427253627493812
behavioral,behavioral,500,67,67,1,4,0.5021461929595669,0.5022149572475668,0.4881455764574936,0.4826826114002234,0.4249153685428934
behavioral,behavioral,500,68,68,1,4,0.5541204062778968,0.5542033392432252,0.46542856103843544,0.47368935965529607,0.4293754034049312
behavioral,behavioral,500,69,69,1,4,0.5529950082400777,0.5530779093329758,0.45476868433165574,0.45365333659719304,0.4299383207431381
behavioral,behavioral,500,70,70,1,4,0.5711163794206431,0.5712028881907328,0.45294743189454467,0.44191134075994853,0.42803306329758556
behavioral,behavioral,500,71,71,1,4,0.581042179209129,0.581131726426024,0.42354308285925557,0.4231434254426731,0.4265175172234383
behavioral,behavioral,500,72,72,1,4,0.5382225414343084,0.5383010145779933,0.5086550220518119,0.5008413328441856,0.4292021991821427
behavioral,behavioral,500,73,73,1,4,0.5405359329425642,0.5406176248477594,0.45690158846051326,0.4556293344393882,0.4291588963709946
behavioral,behavioral,500,74,74,1,4,0.5414193259912111,0.5414977179682041,0.4762737674051708,0.4720015714783401,0.427600040028975
behavioral,behavioral,500,75,75,1,4,0.5356710556746528,0.5357498604962398,0.506992757824124,0.4643330061562373,0.4245689500571148
behavioral,behavioral,500,76,76,1,4,0.5750845682554381,0.5751707870522196,0.47585809432045184,0.43177773297339483,0.42963521620370176
behavioral,behavioral,500,77,77,1,4,0.5631842636807101,0.5632686585272008,0.44022150683686123,0.4412253621214002,0.42742684541551357
behavioral,behavioral,500,78,78,1,4,0.53191645484857,0.5319930036536299,0.4893723615388906,0.47899554225008384,0.42980840998359726
behavioral,behavioral,500,79,79,1,4,0.5372787155442478,0.5373561476988324,0.4717406559337683,0.4794518983925381,0.42924549575724125
behavioral,behavioral,500,80,80,1,4,0.5204531154311817,0.520525902373292,0.4717202007884044,0.4694289435001442,0.42837946882372285
behavioral,behavioral,500,81,81,1,4,0.5209157312947477,0.5209936677528616,0.4859902150291172,0.4881897916529637,0.4250019680808606
behavioral,behavioral,500,82,82,1,4,0.599732436021406,0.5998271743006431,0.4168985002970468,0.4145839741623688,0.42972181832799017
behavioral,behavioral,500,83,83,1,4,0.5220233588197895,0.5220973078278588,0.46777806139768174,0.4650730155288981,0.4295053128805556
behavioral,behavioral,500,84,84,1,4,0.5206668068011715,0.5207402167927576,0.48592774899857083,0.48190843902227765,0.42920220075603766
behavioral,behavioral,500,85,85,1,4,0.5660602164859242,0.5661482863805583,0.4487720634654271,0.44562509997089633,0.4298517201341828
behavioral,behavioral,500,86,86,1,4,0.49195866509012337,0.4920246668429734,0.5188885019916321,0.5285087317299347,0.42941870398263293
behavioral,behavioral,500,87,87,1,4,0.5247661103656849,0.5248417145550887,0.4740003863779277,0.47546916728344957,0.42664741612256174
behavioral,behavioral,500,88,88,1,4,0.5714616790194961,0.5715476861800444,0.4335070170061702,0.4684969939707983,0.4291589003943083
behavioral,behavioral,500,89,89,1,4,0.5468606570456056,0.5469418832336648,0.48711000325652176,0.4758417097494028,0.4287691819301668
behavioral,behavioral,500,90,90,1,4,0.5504835903999727,0.5505633809120146,0.4609915903583423,0.4746110028609569,0.42946200224835696
behavioral,behavioral,500,91,91,1,4,0.529166440698244,0.5292434155881525,0.4587761290777861,0.5103625151928964,0.4285093739708069
behavioral,behavioral,500,92,92,1,4,0.5365775838731567,0.5366554799948173,0.48065156197725156,0.5009108397760733,0.4270804301943361
behavioral,behavioral,500,93,93,1,4,0.5268457975445435,0.5269217023130732,0.5188540505308843,0.5214004402848462,0.42725363543547673
behavioral,behavioral,500,94,94,1,4,0.5214317198668672,0.5215069677408312,0.49621087943196074,0.4934635192469854,0.4292887979580607
behavioral,behavioral,500,95,95,1,4,0.5185806298082768,0.5186558151555215,0.4914349952126179,0.47651082350790563,0.42933210101246816
behavioral,behavioral,500,96,96,1,4,0.5150915049322847,0.5151672971188942,0.5176261030462728,0.5148298456195035,0.4301548249017482
behavioral,behavioral,500,97,97,1,4,0.5889640511867258,0.5890529891179506,0.4359091011395282,0.4864878567459066,0.4292454953341614
behavioral,behavioral,500,98,98,1,4,0.597775979884097,0.5978717482039522,0.40068207536419204,0.3893274301733143,0.4291155966672827
behavioral,behavioral,500,99,99,1,4,0.5316766893052615,0.5317504990206419,0.5127515597365666,0.4944860015911209,0.428942384672112
dataset_embedding,dataset_embedding,5,0,0,199,4,0.9724369194508663,0.9827764586808923,0.01080063472690499,0.010114432849406385,0.06521171078909369
dataset_embedding,dataset_embedding,5,1,0,199,4,0.992060896802464,0.9921316511109475,0.005993541053355474,0.005755232208067435,0.16636348030975623
dataset_embedding,dataset_embedding,5,2,0,199,4,0.9879153776184312,0.9900572413747264,0.005521286824643545,0.005076497036572806,0.08920061292196439
dataset_embedding,dataset_embedding,5,3,0,199,4,0.9916041781936865,0.99274995590352,0.005118274055554907,0.007966207220564313,0.05360697093271962
dataset_embedding,dataset_embedding,5,4,0,199,4,0.9982158887384092,0.9999457715298874,0.0022097776988328657,0.005512465733800943,0.04624575649087116
dataset_embedding,dataset_embedding,5,5,0,199,4,0.9861043408540994,0.9878576680147776,0.017223083254386082,0.01802751552398633,0.14518916135380774
dataset_embedding,dataset_embedding,5,6,0,199,4,0.9955527399524456,0.998676106166535,0.008099009640331426,0.010816057459564748,0.08235901474382079
dataset_embedding,dataset_embedding,5,7,0,199,4,0.9763985310081152,0.9740831101400497,0.014123877951974558,0.01410179716860803,0.16978427333994073
dataset_embedding,dataset_embedding,5,8,0,199,4,0.9836049735946796,0.993691930514736,0.018741374115559956,0.0194263422474369,0.15796302805028617
dataset_embedding,dataset_embedding,5,9,0,199,4,0.9978502234954273,0.998601059604961,0.00548712263639825,0.010539990412482611,0.03611325938943514
dataset_embedding,dataset_embedding,5,10,0,199,4,0.9855257632056068,0.9947630537081844,0.010159478649522952,0.009457079468639497,0.11072134706842486
dataset_embedding,dataset_embedding,5,11,0,199,4,0.9545516785486274,0.9319079537231941,0.010408598968240477,0.0112699505316603,0.1053952906176277
dataset_embedding,dataset_embedding,5,12,0,199,4,0.9954006478072718,0.9970712804105589,0.007927149095931917,0.010556128559351608,0.09171208915790033
dataset_embedding,dataset_embedding,5,13,0,199,4,0.9958010559998289,0.9641037545824869,0.0064937749372518125,0.00725322667253347,0.13661550864784094
dataset_embedding,dataset_embedding,5,14,0,199,4,0.9852663892460035,0.9922589567748283,0.0153126238725352,0.01430094531810857,0.1571836086469075
dataset_embedding,dataset_embedding,5,15,0,199,4,0.9941007381212202,0.9970418706731784,0.004194699320531516,0.002998105292437435,0.026543677508971276
dataset_embedding,dataset_embedding,5,16,0,199,4,0.9843069910071977,0.9900467697310614,0.015619328467883437,0.01757629897368425,0.18177872842585027
dataset_embedding,dataset_embedding,5,17,0,199,4,0.970028900743973,0.9501465400684452,0.013923892063864102,0.015415066529721915,0.2808087310664014
dataset_embedding,dataset_embedding,5,18,0,199,4,0.9948732336924364,0.9995965355485622,0.011352570595974859,0.012006283150492916,0.079890838392095
dataset_embedding,dataset_embedding,5,19,0,199,4,0.9540251914079491,0.9633613085226536,0.010308171163979526,0.011649624530570455,0.053000754206495804
dataset_embedding,dataset_embedding,5,20,0,199,4,0.9915934011950979,0.9910744219441466,0.005834745912507821,0.0056375650203245725,0.14865325242987337
dataset_embedding,dataset_embedding,5,21,0,199,4,0.997767308441339,0.9890851860244835,0.0013713012684836224,0.0026676327958158664,0.04654886263427471
dataset_embedding,dataset_embedding,5,22,0,199,4,0.9941836711014373,0.9967516516063758,0.0077656031893661385,0.010606724843771557,0.02143412818720649
dataset_embedding,dataset_embedding,5,23,0,199,4,0.9965837762540187,0.9982424588559987,0.001336592960643033,0.0029899220279776422,0.03615655985649689
dataset_embedding,dataset_embedding,5,24,0,199,4,0.9806112639686271,0.986919980732213,0.011606280379980082,0.010640265655831878,0.10812327043634695
dataset_embedding,dataset_embedding,5,25,0,199,4,0.996298495184996,0.9989504228056849,0.009346967297471507,0.012314710219895043,0.04754479300380167
dataset_embedding,dataset_embedding,5,26,0,199,4,0.9976451290681239,0.9977282860705158,0.0038868517490162928,0.0029990230953340874,0.12799855536525262
dataset_embedding,dataset_embedding,5,27,0,199,4,0.9893363808389497,0.9891718844227783,0.010310801318184168,0.01328263277602316,0.1279985572368527
dataset_embedding,dataset_embedding,5,28,0,199,4,0.9878671567901898,0.9902700332687143,0.014375368206118806,0.014927560605826767,0.10041564097643399
dataset_embedding,dataset_embedding,5,29,0,199,4,0.9881753623458929,0.9893798450055584,0.016861644159460593,0.017485970353141988,0.12730572878009017
dataset_embedding,dataset_embedding,5,30,0,199,4,0.9841673430401666,0.9842437883207247,0.018192254664315108,0.020457744684835515,0.13943008902564774
dataset_embedding,dataset_embedding,5,31,0,199,4,0.9845481267505591,0.9815724175236552,0.008797372045837125,0.005945736300371847,0.04511992247083232
dataset_embedding,dataset_embedding,5,32,0,199,4,0.9980725268533883,0.9994392063301939,0.0012504629479781774,0.004056672100444492,0.037672104100682335
dataset_embedding,dataset_embedding,5,33,0,199,4,0.9807791407517604,0.9694904317088376,0.006051176821350227,0.006834881176341801,0.1115440727155946
dataset_embedding,dataset_embedding,5,34,0,199,4,0.9713041790785167,0.969493636620852,0.009348690892613181,0.009491666621934737,0.08989343681426917
dataset_embedding,dataset_embedding,5,35,0,199,4,0.9933115676369141,0.9986106019431856,0.009909906115853514,0.010084506706315027,0.11487826829767034
dataset_embedding,dataset_embedding,5,36,0,199,4,0.9968596067289575,0.9984822694134654,0.009498187772387158,0.010454715803604428,0.08383125942226412
dataset_embedding,dataset_embedding,5,37,0,199,4,0.9981397662050125,0.9992339869750747,0.001332508436577142,0.0240044566618194,0.010175798967712296
dataset_embedding,dataset_embedding,5,38,0,199,4,0.987984084189246,0.9881070098302595,0.013579062008088987,0.013484879166552928,0.1704771014993295
dataset_embedding,dataset_embedding,5,39,0,199,4,0.993571052207914,0.9977001856909103,0.009464254732747866,0.010565527707144263,0.09560920235844178
dataset_embedding,dataset_embedding,5,40,0,199,4,0.9894888007866327,0.9894028855124847,0.014137807029839492,0.015460097069849521,0.1425044780324497
dataset_embedding,dataset_embedding,5,41,0,199,4,0.9720673506172821,0.9458160678275805,0.014431045995339519,0.013829976427302092,0.157313521388631
dataset_embedding,dataset_embedding,5,42,0,199,4,0.9978100736311776,0.9999142173190607,0.0036164040280606004,0.004725226030838639,0.10998522777747377
dataset_embedding,dataset_embedding,5,43,0,199,4,0.9951178484094615,0.9954903369680684,0.010037720737920457,0.009058447305047727,0.0948297808898254
dataset_embedding,dataset_embedding,5,44,0,199,4,0.988477631450577,0.9971672158243821,0.011117328382782697,0.01157967971988706,0.17052039683135892
dataset_embedding,dataset_embedding,5,45,0,199,4,0.9922470794919374,0.9954199542491319,0.008990394158120436,0.008967257285878999,0.1255303841810984
dataset_embedding,dataset_embedding,5,46,0,199,4,0.9976708839547279,0.9993489801069377,0.004487140520913333,0.009596117127754825,0.01619467399126759
dataset_embedding,dataset_embedding,5,47,0,199,4,0.9929010649826321,0.9945119620443106,0.008234605597828015,0.0062216689749864905,0.04377758282846718
dataset_embedding,dataset_embedding,5,48,0,199,4,0.9978438796347887,0.9997062853669308,0.0016332286755925548,0.0027730771591781248,0.03754220223205356
dataset_embedding,dataset_embedding,5,49,0,199,4,0.9734798294131262,0.9702564994198566,0.016299296211470023,0.015268901025906428,0.16203334975281297
dataset_embedding,dataset_embedding,5,50,0,199,4,0.9940550547893674,0.9972799098319698,0.008439468386232682,0.0121885755685954,0.09621542516248796
dataset_embedding,dataset_embedding,5,51,0,199,4,0.9769631527549849,0.9728397114769753,0.01461133463592332,0.015205822227583902,0.21347525933838812
dataset_embedding,dataset_embedding,5,52,0,199,4,0.9930854580088319,0.9944688915511816,0.00490793775890444,0.003949137438795791,0.10305702047531434
dataset_embedding,dataset_embedding,5,53,0,199,4,0.9937427603954927,0.9942237529959927,0.005835767794085485,0.004745277759959461,0.09366064602961327
dataset_embedding,dataset_embedding,5,54,0,199,4,0.9965967186497545,0.9994172678011725,0.004409016559179175,0.004492340938199405,0.11344932482545424
dataset_embedding,dataset_embedding,5,55,0,199,4,0.9683715551235691,0.9636346923800605,0.010581821421456751,0.012103799950518393,0.07569061743512406
dataset_embedding,dataset_embedding,5,56,0,199,4,0.9967460891648987,0.9977295043617785,0.003535832723169708,0.003315628244253621,0.14588197191985172
dataset_embedding,dataset_embedding,5,57,0,199,4,0.9816378017602613,0.9618611646053877,0.014438216127739469,0.012374525507976623,0.1151380796307002
dataset_embedding,dataset_embedding,5,58,0,199,4,0.9956168804299906,0.9969224012387511,0.00949902552858997,0.007050252325276357,0.11180387793873095
dataset_embedding,dataset_embedding,5,59,0,199,4,0.987400435091155,0.9996866947879225,0.006505796821808471,0.005866717467878068,0.08885420561489758
dataset_embedding,dataset_embedding,5,60,0,199,4,0.969438011528131,0.9639518243808174,0.012135054939783167,0.01219189725944977,0.11375243968371898
dataset_embedding,dataset_embedding,5,61,0,199,4,0.998893360732967,0.9995138951527127,0.0028197624221018773,0.002327290064091609,0.07395856695554848
dataset_embedding,dataset_embedding,5,62,0,199,4,0.9981548086297553,0.9984348834149408,0.004423420344738307,0.005414320073618777,0.08729536682847878
dataset_embedding,dataset_embedding,5,63,0,199,4,0.9914828484860106,0.998468230110334,0.0015885909528546883,0.0043211610811326575,0.024378615347187774
dataset_embedding,dataset_embedding,5,64,0,199,4,0.9941894852970111,0.9971892898105179,0.0047017472781249485,0.007920039067648123,0.045033322914671416
dataset_embedding,dataset_embedding,5,65,0,199,4,0.984211074688684,0.9911919058712726,0.01444668577155588,0.013814075780434571,0.13700522089305608
dataset_embedding,dataset_embedding,5,66,0,199,4,0.9891139519255334,0.997895642084274,0.005514284898744951,0.00911708026106866,0.04815101310103594
dataset_embedding,dataset_embedding,5,67,0,199,4,0.978297883929693,0.9723772037402103,0.015363253968946083,0.01340836583930026,0.15696709698279046
dataset_embedding,dataset_embedding,5,68,0,199,4,0.9985840786526126,0.9997485638613811,0.0014650244174420396,0.010165048814835986,0.016887495857046617
dataset_embedding,dataset_embedding,5,69,0,199,4,0.9975602671475478,0.995519979504283,0.0032444719277016695,0.0026117236283476728,0.11323282501246035
dataset_embedding,dataset_embedding,5,70,0,199,4,0.9940939795067602,0.9798336535901058,0.003641470783709718,0.003716592818834791,0.07595043297094939
dataset_embedding,dataset_embedding,5,71,0,199,4,0.9893942956067151,0.9887013836928423,0.007257036926251547,0.005569998485390339,0.09097596856160613
dataset_embedding,dataset_embedding,5,72,0,199,4,0.9718067640714397,0.987482116294017,0.006206765650749787,0.009847651138909057,0.03247595175307938
dataset_embedding,dataset_embedding,5,73,0,199,4,0.9977216566581476,0.999169683910336,0.012176447472044176,0.015071651336376213,0.0992465110715261
dataset_embedding,dataset_embedding,5,74,0,199,4,0.9754825697733337,0.9795453815859335,0.017443517788684387,0.016380601911222634,0.10799337038700292
dataset_embedding,dataset_embedding,5,75,0,199,4,0.9839867231942644,0.9697112214694069,0.009122856905402398,0.010903598503209534,0.14181165862097767
dataset_embedding,dataset_embedding,5,76,0,199,4,0.9953533686839421,0.9956189944731084,0.007981043710196839,0.00712465872191026,0.19446600527434665
dataset_embedding,dataset_embedding,5,77,0,199,4,0.9958366802000135,0.9992111935924503,0.004060764985605529,0.003939671227991426,0.09543599574800077
dataset_embedding,dataset_embedding,5,78,0,199,4,0.9805045618831589,0.9854308659372657,0.014601083258865213,0.01567182660959752,0.1691780600454913
dataset_embedding,dataset_embedding,5,79,0,199,4,0.991534220466051,0.9911807444303352,0.01083810194230787,0.011323711560456863,0.043994091733705505
dataset_embedding,dataset_embedding,5,80,0,199,4,0.9879317468032442,0.9927698000241653,0.014358921115499985,0.014932853022078049,0.1400363042923351
dataset_embedding,dataset_embedding,5,81,0,199,4,0.9787763222127029,0.96215012363609,0.008602127857802426,0.012237017930642434,0.045033319126690466
dataset_embedding,dataset_embedding,5,82,0,199,4,0.9995905604192589,0.9998259791124402,0.0015443121885001534,0.0017892381932066272,0.06070837736490238
dataset_embedding,dataset_embedding,5,83,0,199,4,0.9911240160887824,0.9900029072762944,0.011212670342148692,0.01491311378276835,0.05629165006333167
dataset_embedding,dataset_embedding,5,84,0,199,4,0.9949632405531631,0.9954767309959717,0.0032188542946155283,0.002486412180558276,0.10444266125489654
dataset_embedding,dataset_embedding,5,85,0,199,4,0.9933104756072906,0.9945161079991783,0.013734537425029888,0.01097433272583422,0.16584386809558158
dataset_embedding,dataset_embedding,5,86,0,199,4,0.9871628207727057,0.9887584724149135,0.017917688638494134,0.019245927454264376,0.09560920116259461
dataset_embedding,dataset_embedding,5,87,0,199,4,0.9621498692158184,0.911935424248934,0.01704326623686677,0.01663143991313905,0.07963103496482905
dataset_embedding,dataset_embedding,5,88,0,199,4,0.9874950938638122,0.9843096927015368,0.0031496710881829576,0.0039223003925460825,0.05789380017664733
dataset_embedding,dataset_embedding,5,89,0,199,4,0.9880617640086524,0.9935079580498493,0.014577694581638243,0.014671329600336042,0.13215547133723096
dataset_embedding,dataset_embedding,5,90,0,199,4,0.9948466607474017,0.9848251428764263,0.004787438267133523,0.00425712068937277,0.07192340501741618
dataset_embedding,dataset_embedding,5,91,0,199,4,0.9995145631565432,0.9997563013923556,0.002055667888082511,0.0006182645189701279,0.08794487665821327
dataset_embedding,dataset_embedding,5,92,0,199,4,0.993814062689328,0.9590584386647955,0.007626438639181824,0.0075751116681958995,0.09993932881950772
dataset_embedding,dataset_embedding,5,93,0,199,4,0.9823662943850339,0.9820279630542395,0.0135835430812857,0.01199267398720363,0.2055944307925908
dataset_embedding,dataset_embedding,5,94,0,199,4,0.9956649560864622,0.9995725165412207,0.002550386962903921,0.008127890925084669,0.030743901818063454
dataset_embedding,dataset_embedding,5,95,0,199,4,0.9976944663429372,0.9997607785747673,0.0033412130293117397,0.002802907817524135,0.10076205597639804
dataset_embedding,dataset_embedding,5,96,0,199,4,0.9931530789871621,0.9949646710243457,0.009119292180482694,0.010884748867157753,0.10491897498955483
dataset_embedding,dataset_embedding,5,97,0,199,4,0.9901088145700607,0.994942402288433,0.0055468919818042455,0.009061838534527678,0.061747609853953396
dataset_embedding,dataset_embedding,5,98,0,199,4,0.9943663287385534,0.9983449499972876,0.01148565201347964,0.012144134961422255,0.10024244327174017
dataset_embedding,dataset_embedding,5,99,0,199,4,0.9515121965437165,0.9333029023567613,0.017191101279790812,0.019558148248653644,0.08963362981692818
dataset_embedding,dataset_embedding,10,0,0,99,4,0.9832661736835344,0.9831703611144265,0.010246075104989205,0.009659353780323055,0.22295823792949226
dataset_embedding,dataset_embedding,10,1,0,99,4,0.9781667746590856,0.9769297457596574,0.015350820153114947,0.014972111343485368,0.1989693339687249
dataset_embedding,dataset_embedding,10,2,0,99,4,0.9832729127404805,0.9830519442857545,0.01698404573756503,0.017126704770672616,0.21854151193203708
dataset_embedding,dataset_embedding,10,3,0,99,4,0.9812976924527046,0.9813701640628119,0.016061950698876087,0.01612688164271283,0.25552078585575055
dataset_embedding,dataset_embedding,10,4,0,99,4,0.9852054752187558,0.9852026563541799,0.01722605298704208,0.018021361269197164,0.17614956410704324
dataset_embedding,dataset_embedding,10,5,0,99,4,0.981064485683597,0.9801761374107814,0.01053674884169354,0.010691859077342254,0.17372469181419647
dataset_embedding,dataset_embedding,10,6,0,99,4,0.980324702496923,0.9793689132478149,0.016959686780906362,0.017895621842459297,0.30743900713551453
dataset_embedding,dataset_embedding,10,7,0,99,4,0.9873995367016861,0.9891586765395911,0.014013701756244373,0.011753710521921324,0.17147302580083926
dataset_embedding,dataset_embedding,10,8,0,99,4,0.9847157235875554,0.9847515295758166,0.01618825357298193,0.017140291308292095,0.3193035587183002
dataset_embedding,dataset_embedding,10,9,0,99,4,0.9874404742628782,0.9892472512169408,0.014712910274340714,0.015264788326886903,0.15319988797738468
dataset_embedding,dataset_embedding,10,10,0,99,4,0.9961584713729932,0.99660732024221,0.005463517684556663,0.004765022141044182,0.19827650870456612
dataset_embedding,dataset_embedding,10,11,0,99,4,0.9935646392586068,0.9932523690839666,0.003729076595607248,0.00528934583946674,0.06209402399501402
dataset_embedding,dataset_embedding,10,12,0,99,4,0.976741602914399,0.9761713202602477,0.012976437112253084,0.01303029015630432,0.1736380886504333
dataset_embedding,dataset_embedding,10,13,0,99,4,0.9876408476190541,0.9878431168389405,0.013420400413914003,0.013508197063347237,0.25274951718049965
dataset_embedding,dataset_embedding,10,14,0,99,4,0.9793333864833026,0.9795228336957481,0.018932076944151957,0.01886734825428802,0.1859356443661875
dataset_embedding,dataset_embedding,10,15,0,99,4,0.9774736764830574,0.9773681769806916,0.015914718132527497,0.015497485696412875,0.20594084121132283
dataset_embedding,dataset_embedding,10,16,0,99,4,0.9911866104099536,0.9911802464466496,0.006218294515839107,0.0062596440342126995,0.1505152144400359
dataset_embedding,dataset_embedding,10,17,0,99,4,0.9848949121948518,0.9851197554761679,0.012817992806932776,0.012544908923635387,0.18615215896930337
dataset_embedding,dataset_embedding,10,18,0,99,4,0.9974535047017259,0.9976627260343561,0.012720713590601174,0.013355178953326068,0.161427133882577
dataset_embedding,dataset_embedding,10,19,0,99,4,0.9821038459218857,0.9816641951658676,0.014908235831787449,0.015028925357042231,0.22317473967498516
dataset_embedding,dataset_embedding,10,20,0,99,4,0.9835336488015619,0.9832909987438515,0.015828512147502388,0.01607334550082813,0.22542641411158196
dataset_embedding,dataset_embedding,10,21,0,99,4,0.9925667439843363,0.9924640877682762,0.009831794141374407,0.009741807290337561,0.21282574481437724
dataset_embedding,dataset_embedding,10,22,0,99,4,0.9878174887813786,0.9880043053143023,0.011998374785443059,0.01147965423161541,0.2579889616440838
dataset_embedding,dataset_embedding,10,23,0,99,4,0.9879237832301541,0.9889948698962803,0.010935142047340874,0.010310974696860764,0.10063214681596792
dataset_embedding,dataset_embedding,10,24,0,99,4,0.9902600016283777,0.9907869489649468,0.010845103920528119,0.0101721825773314,0.18641196257898246
dataset_embedding,dataset_embedding,10,25,0,99,4,0.9819903433385728,0.9816693908137373,0.01715508849759098,0.017919102929620047,0.2692905973242032
dataset_embedding,dataset_embedding,10,26,0,99,4,0.9936245430582351,0.9939513872315969,0.005139015881101217,0.004350093620420086,0.1585259472459197
dataset_embedding,dataset_embedding,10,27,0,99,4,0.990153734648852,0.9903394830844194,0.009899602792561309,0.010323322781517518,0.15605777229370843
dataset_embedding,dataset_embedding,10,28,0,99,4,0.9896380903644502,0.9897623283067842,0.011815124589736813,0.011011692580465356,0.2285440981535244
dataset_embedding,dataset_embedding,10,29,0,99,4,0.9899161544516051,0.9901365583698152,0.00726542836417341,0.007073693114166656,0.19082869581010248
dataset_embedding,dataset_embedding,10,30,0,99,4,0.9892308146503737,0.9889287148131471,0.007070556333859993,0.007299438907389917,0.16047450944707994
dataset_embedding,dataset_embedding,10,31,0,99,4,0.9885522236495884,0.9878189378926803,0.010030400069327993,0.010071339717170589,0.15198746150871026
dataset_embedding,dataset_embedding,10,32,0,99,4,0.9863855473101619,0.9863921702201041,0.013989391618450517,0.013914163362209114,0.1804796964877917
dataset_embedding,dataset_embedding,10,33,0,99,4,0.9813487948900079,0.9807269848942309,0.01624651613725664,0.015762538120617994,0.20303964964743687
dataset_embedding,dataset_embedding,10,34,0,99,4,0.9820994233660835,0.9806300524619829,0.013252955024037508,0.012528644882068245,0.22546971800735915
dataset_embedding,dataset_embedding,10,35,0,99,4,0.99232637479119,0.9924175848854156,0.007406248752404787,0.00699807923789758,0.19234424602479686
dataset_embedding,dataset_embedding,10,36,0,99,4,0.9842422730189978,0.9845116834534289,0.01565173797623169,0.015683875217390893,0.21693936325154034
dataset_embedding,dataset_embedding,10,37,0,99,4,0.9807127479179532,0.98018243024966,0.013007416086314902,0.01390390477162009,0.1797435735152395
dataset_embedding,dataset_embedding,10,38,0,99,4,0.9938114013891395,0.9940608320007988,0.00779922735296395,0.04657762971437777,0.2582920738503251
dataset_embedding,dataset_embedding,10,39,0,99,4,0.9820278902935299,0.9814846407732651,0.018206850882192902,0.0183427636031009,0.2048150047566659
dataset_embedding,dataset_embedding,10,40,0,99,4,0.9888324255522007,0.9895116424990602,0.015205894936212295,0.015553831495986025,0.26924728552194255
dataset_embedding,dataset_embedding,10,41,0,99,4,0.9950375193859425,0.9953564151518077,0.010378698687961766,0.009763755349247411,0.2186714078154971
dataset_embedding,dataset_embedding,10,42,0,99,4,0.9939884136972389,0.9940973902198212,0.011357775103383334,0.010085158551565979,0.23434647136022718
dataset_embedding,dataset_embedding,10,43,0,99,4,0.983196998506328,0.9830344482157606,0.016944259855662957,0.017557036679490785,0.13535976895827817
dataset_embedding,dataset_embedding,10,44,0,99,4,0.9871366928952336,0.987007174819404,0.012195835563628077,0.011844517748543254,0.17493712886257767
dataset_embedding,dataset_embedding,10,45,0,99,4,0.9981892118089991,0.9982114555423129,0.0031030991952419582,0.002240683414120795,0.16233645770391514
dataset_embedding,dataset_embedding,10,46,0,99,4,0.981022625945264,0.9794552519169506,0.014733860639890793,0.014467069987377604,0.29250007852273
dataset_embedding,dataset_embedding,10,47,0,99,4,0.98882396229325,0.9884681816516525,0.01058583134937615,0.009921545515055688,0.20503151119364743
dataset_embedding,dataset_embedding,10,48,0,99,4,0.9917147295678953,0.9924609820484559,0.008095502392100185,0.009396426819327168,0.14484274614371695
dataset_embedding,dataset_embedding,10,49,0,99,4,0.9831144789257856,0.9830708176302615,0.015010215687557685,0.015123579044993148,0.1480470429866748
dataset_embedding,dataset_embedding,10,50,0,99,4,0.9815522132358828,0.981408696096158,0.015379302556545354,0.015843353288086316,0.2537887397241777
dataset_embedding,dataset_embedding,10,51,0,99,4,0.9934365029726773,0.9936664700193,0.009660911624779178,0.010549721612662728,0.1443664342418086
dataset_embedding,dataset_embedding,10,52,0,99,4,0.9892296712265926,0.9894210121950702,0.012289850790152436,0.011744789397787772,0.2617128652069168
dataset_embedding,dataset_embedding,10,53,0,99,4,0.99078152961117,0.9909207768661515,0.006666698454744008,0.005830289661351513,0.15068841868094796
dataset_embedding,dataset_embedding,10,54,0,99,4,0.9881021529699531,0.988175837008604,0.014069124799948917,0.01351111058053076,0.26327171536307237
dataset_embedding,dataset_embedding,10,55,0,99,4,0.9894991093421218,0.9907087699162016,0.015249224498720642,0.015846437172291075,0.19364327582687949
dataset_embedding,dataset_embedding,10,56,0,99,4,0.9845089198180823,0.9843307744220472,0.014355828784690324,0.014589538962963246,0.2731444141545642
dataset_embedding,dataset_embedding,10,57,0,99,4,0.9935763842616258,0.9945131800627222,0.010493649987316485,0.010811911147539323,0.20403558116469778
dataset_embedding,dataset_embedding,10,58,0,99,4,0.9937735429975763,0.9947623237826692,0.014407674360255196,0.014974799817410555,0.24092827268282888
dataset_embedding,dataset_embedding,10,59,0,99,4,0.9890833857342494,0.9891847034068673,0.014037976545024387,0.013913538261420205,0.18983277286036818
dataset_embedding,dataset_embedding,10,60,0,99,4,0.9856164183613095,0.9853315436046755,0.015787712865568147,0.015196766028050552,0.3285267227851788
dataset_embedding,dataset_embedding,10,61,0,99,4,0.9799707096647522,0.9800389956942224,0.015176735027551918,0.01482120588384953,0.23988903726075536
dataset_embedding,dataset_embedding,10,62,0,99,4,0.9864951560798999,0.9863033650645576,0.0096191309217738,0.009630657685979944,0.22074986505280594
dataset_embedding,dataset_embedding,10,63,0,99,4,0.9876960948055501,0.9885435149729407,0.009621199502009148,0.008393941129041564,0.13878056486300516
dataset_embedding,dataset_embedding,10,64,0,99,4,0.9848119633868998,0.984696983595429,0.01777108143337047,0.015497696238821804,0.22157259113142896
dataset_embedding,dataset_embedding,10,65,0,99,4,0.9845530715573242,0.9843720041203233,0.013212753854797322,0.013303701617288534,0.30800193469306036
dataset_embedding,dataset_embedding,10,66,0,99,4,0.9795623112228837,0.9794335764568551,0.013345567438222872,0.013417283970858885,0.1808261103077404
dataset_embedding,dataset_embedding,10,67,0,99,4,0.9888949423180442,0.987333359929886,0.005610519402107191,0.005397491085205886,0.16839863800964472
dataset_embedding,dataset_embedding,10,68,0,99,4,0.9987058455913229,0.9987091897313809,0.0015450259164686145,0.07262287873204831,0.06477869758645456
dataset_embedding,dataset_embedding,10,69,0,99,4,0.9812633317995451,0.9811994816466408,0.014312596312818468,0.0133063100921398,0.24006224390038391
dataset_embedding,dataset_embedding,10,70,0,99,4,0.9974778205642022,0.9973834009743915,0.004067061982074691,0.003325518810161414,0.17775170804783755
dataset_embedding,dataset_embedding,10,71,0,99,4,0.9916646161144392,0.9918899506934901,0.006081364466806233,0.0054039380968374665,0.19178132473383924
dataset_embedding,dataset_embedding,10,72,0,99,4,0.9812039875459291,0.9804925229570614,0.01446547634272028,0.014505792669614664,0.2999912058745473
dataset_embedding,dataset_embedding,10,73,0,99,4,0.9848225240562981,0.9833043872367946,0.010313369486126586,0.01046451395537781,0.3086947428177156
dataset_embedding,dataset_embedding,10,74,0,99,4,0.9845295151969637,0.9845403343774773,0.012219662293226142,0.012103864994081809,0.18970286505906578
dataset_embedding,dataset_embedding,10,75,0,99,4,0.9884721988981067,0.9884192082064972,0.009826563501590242,0.0092978105047154,0.23949932252950742
dataset_embedding,dataset_embedding,10,76,0,99,4,0.9867967561761344,0.9866252066433026,0.017178233595049136,0.014913684535803074,0.3505670686536262
dataset_embedding,dataset_embedding,10,77,0,99,4,0.9832743391028416,0.9821586905313888,0.017241992627380888,0.017284223887186034,0.1996188494418328
dataset_embedding,dataset_embedding,10,78,0,99,4,0.9880258696276317,0.9881819519146541,0.011466461305896881,0.011587587782808028,0.22962663529181443
dataset_embedding,dataset_embedding,10,79,0,99,4,0.9805062336473183,0.9798698144095185,0.010970772357052995,0.010452803221986186,0.17502373145411454
dataset_embedding,dataset_embedding,10,80,0,99,4,0.9860710358015458,0.9861830730542132,0.011721523811763704,0.011280727419248062,0.17017398935512448
dataset_embedding,dataset_embedding,10,81,0,99,4,0.9929102792545456,0.9928908673542903,0.005304113703906253,0.004023832827340747,0.13921357949382152
dataset_embedding,dataset_embedding,10,82,0,99,4,0.9824611336408928,0.981736672527952,0.012811876015211934,0.012673751942393355,0.3212521174728358
dataset_embedding,dataset_embedding,10,83,0,99,4,0.9901093596073783,0.990603127931,0.01360698102146301,0.01452313994320841,0.2107039904483011
dataset_embedding,dataset_embedding,10,84,0,99,4,0.9829984868440566,0.9818416443095276,0.016549544957432803,0.017275774864608007,0.3175282121854782
dataset_embedding,dataset_embedding,10,85,0,99,4,0.980462286119992,0.9801171239211847,0.015574111235396189,0.015031509989798861,0.276392005942934
dataset_embedding,dataset_embedding,10,86,0,99,4,0.9878705312784475,0.98863270542609,0.01840661727263463,0.018821299963607648,0.21633314170762702
dataset_embedding,dataset_embedding,10,87,0,99,4,0.9963447664744809,0.9967113872796661,0.005008851154195453,0.005076462162687204,0.10344673763364358
dataset_embedding,dataset_embedding,10,88,0,99,4,0.9781488431012144,0.9772284044112345,0.014026560261177556,0.014081449477434487,0.2683379679425612
dataset_embedding,dataset_embedding,10,89,0,99,4,0.9762083978619974,0.9750348405077343,0.015034629182554741,0.015392231673950738,0.25950451545376557
dataset_embedding,dataset_embedding,10,90,0,99,4,0.9824078590870873,0.9819046781898252,0.008947696161039543,0.00908732993386305,0.1406425225808392
dataset_embedding,dataset_embedding,10,91,0,99,4,0.9829824774488911,0.9829591739666707,0.017454442621006813,0.016842147521995626,0.3636007594807221
dataset_embedding,dataset_embedding,10,92,0,99,4,0.9860956901233647,0.9862625296536528,0.011536281645963839,0.012641328334596484,0.14765732356517303
dataset_embedding,dataset_embedding,10,93,0,99,4,0.9868246162953139,0.9864787833207856,0.014443538767805962,0.0155978710925301,0.24118807281879573
dataset_embedding,dataset_embedding,10,94,0,99,4,0.9894593674391954,0.9895379277841804,0.008172578662838456,0.007684277236849571,0.12929759108208144
dataset_embedding,dataset_embedding,10,95,0,99,4,0.9950369088843196,0.9947510287474676,0.006114523728216372,0.005804820788880449,0.17485052074509597
dataset_embedding,dataset_embedding,10,96,0,99,4,0.995702560749658,0.9960875639799276,0.010998201071140946,0.011267229078589283,0.20615734505002187
dataset_embedding,dataset_embedding,10,97,0,99,4,0.981996746650517,0.9819753086547951,0.013463588959182492,0.013794061142180587,0.18740789588102935
dataset_embedding,dataset_embedding,10,98,0,99,4,0.9922601797530889,0.9923204967656777,0.010083861437041023,0.010210102607329056,0.1913916124110917
dataset_embedding,dataset_embedding,10,99,1,99,4,0.9900064605564437,0.99008679810022,0.010798142047317997,0.00985948632174446,0.2540918533368539
dataset_embedding,dataset_embedding,20,0,0,49,4,0.9819919288554069,0.9819809407066646,0.013164986874025121,0.012929997831360791,0.2744867478274815
dataset_embedding,dataset_embedding,20,1,0,49,4,0.9829828267958091,0.9829963617030196,0.01651426077013083,0.016407613139969877,0.3132846845378849
dataset_embedding,dataset_embedding,20,2,0,49,4,0.9792172404032693,0.9791328973126275,0.0171626511527303,0.01738619220706225,0.2464708250001702
dataset_embedding,dataset_embedding,20,3,0,49,4,0.9813058829467222,0.9812446470991094,0.016094633632825903,0.016615158357835957,0.3359312332686788
dataset_embedding,dataset_embedding,20,4,0,49,4,0.9845020676662138,0.9845496306137833,0.01591491831670234,0.016699848534579974,0.3193035587183002
dataset_embedding,dataset_embedding,20,5,0,49,4,0.9946484662046855,0.9947530809513306,0.005497270926696715,0.005585858236869556,0.21698265600638966
dataset_embedding,dataset_embedding,20,6,0,49,4,0.9854990085643374,0.9855037814390258,0.01354356981400841,0.013261941109712695,0.3023294706293026
dataset_embedding,dataset_embedding,20,7,0,49,4,0.98071321501219,0.9807797834821584,0.01716141773869436,0.016768482786345715,0.2555207906395856
dataset_embedding,dataset_embedding,20,8,0,49,4,0.9860013437732703,0.9860488925291654,0.01203084093557004,0.012187763854612267,0.25565069703158055
dataset_embedding,dataset_embedding,20,9,0,49,4,0.9902457716489531,0.9902934669466744,0.01593871302540231,0.01623300258163888,0.30518734121610086
dataset_embedding,dataset_embedding,20,10,0,49,4,0.9880184254494917,0.9880697108518158,0.013022580558372533,0.013187432863769062,0.256863132090642
dataset_embedding,dataset_embedding,20,11,0,49,4,0.9825850816234685,0.9825164534794757,0.012143036379205094,0.011870774497963702,0.26301190664354934
dataset_embedding,dataset_embedding,20,12,0,49,4,0.9829816246605405,0.982945430398169,0.015722796444543875,0.016104980397368455,0.3283102205347343
dataset_embedding,dataset_embedding,20,13,0,49,4,0.9924025523591736,0.9925025148178777,0.007383884916074737,0.007825808893547396,0.25058444647364725
dataset_embedding,dataset_embedding,20,14,0,49,4,0.9913082478436122,0.9913620087122619,0.009973068464462312,0.00900402294120262,0.31129282872752756
dataset_embedding,dataset_embedding,20,15,0,49,4,0.9916353526489782,0.9916414617359471,0.007555724732697744,0.007633159927445591,0.22538311654008347
dataset_embedding,dataset_embedding,20,16,0,49,4,0.9841927138620019,0.9841990909076112,0.015058455238635589,0.014706289132801371,0.27258149404590815
dataset_embedding,dataset_embedding,20,17,0,49,4,0.9883564489703702,0.9883448237362623,0.01018946832073794,0.009452288246752167,0.2735774303315889
dataset_embedding,dataset_embedding,20,18,0,49,4,0.9860495988153986,0.9862320310794467,0.013800994072197004,0.013712244839020091,0.27929319436826655
dataset_embedding,dataset_embedding,20,19,0,49,4,0.9840971673571618,0.9841013544600711,0.015262495733905932,0.015211636169784272,0.31285167633446087
dataset_embedding,dataset_embedding,20,20,0,49,4,0.9902277532888906,0.9902982772128008,0.013303493541825057,0.013479873418159545,0.3160992596998821
dataset_embedding,dataset_embedding,20,21,0,49,4,0.9841883142819287,0.9841224094985506,0.015121144056072799,0.014878772001007673,0.2976962280988166
dataset_embedding,dataset_embedding,20,22,0,49,4,0.9947017577941072,0.994728888440598,0.007657541295631014,0.0072020012649361646,0.24317993093089918
dataset_embedding,dataset_embedding,20,23,0,49,4,0.9829392785953498,0.9829103440709454,0.014175928590038647,0.014069515031010546,0.32549564219983124
dataset_embedding,dataset_embedding,20,24,0,49,4,0.9890618734898543,0.9892220296724392,0.012242616474829512,0.012748845720288643,0.2079759953353743
dataset_embedding,dataset_embedding,20,25,0,49,4,0.9866318324251784,0.9866559642395275,0.01520835876776871,0.01541546947779185,0.2844893448242578
dataset_embedding,dataset_embedding,20,26,0,49,4,0.9901748488301264,0.9902136473170406,0.010374897648753358,0.010116813653535,0.2722783748979676
dataset_embedding,dataset_embedding,20,27,0,49,4,0.982310098368157,0.9822818754462447,0.0163450035330156,0.016004069940234088,0.3211222095647962
dataset_embedding,dataset_embedding,20,28,0,49,4,0.9870690119514489,0.9870792046926699,0.013537375374776015,0.013472887077529734,0.31458372029059517
dataset_embedding,dataset_embedding,20,29,0,49,4,0.9896629188639157,0.9896607662007881,0.014505778444339628,0.01465137595632486,0.25720955346924107
dataset_embedding,dataset_embedding,20,30,0,49,4,0.9829445243873799,0.9828547100563199,0.015301807919316159,0.014995670578255387,0.353338358169664
dataset_embedding,dataset_embedding,20,31,0,49,4,0.9850110160904174,0.9849445295664997,0.013429051075116414,0.012668775950126141,0.3485752063439583
dataset_embedding,dataset_embedding,20,32,0,49,4,0.9824286787711529,0.9824260475962133,0.015213764565306436,0.014964476326111175,0.3626914314149276
dataset_embedding,dataset_embedding,20,33,0,49,4,0.9869838902882679,0.9869404892424946,0.009647428676066744,0.00935808390708846,0.2607602547949414
dataset_embedding,dataset_embedding,20,34,0,49,4,0.9904238364936919,0.9904470261926077,0.010726510780413225,0.010265886525526133,0.26244899599077803
dataset_embedding,dataset_embedding,20,35,0,49,4,0.9956475479904533,0.9956437654555504,0.005421575789663343,0.005040512293519144,0.23880650035395878
dataset_embedding,dataset_embedding,20,36,0,49,4,0.98639637264585,0.9863690709329899,0.01320675366800568,0.013225567489989832,0.37130839139079747
dataset_embedding,dataset_embedding,20,37,0,49,4,0.9877154599444201,0.987718827877467,0.010854816850580729,0.010361464893441542,0.2777776464893642
dataset_embedding,dataset_embedding,20,38,0,49,4,0.9849763805005252,0.9849187630548034,0.01765238472064121,0.0163573200456263,0.3541177751284301
dataset_embedding,dataset_embedding,20,39,0,49,4,0.98653434367791,0.9865550858463689,0.011660081246706356,0.011602862008167528,0.2415777881062108
dataset_embedding,dataset_embedding,20,40,0,49,4,0.9905175204220055,0.9905495783071119,0.00838691801301293,0.00808805770424911,0.23768066671872964
dataset_embedding,dataset_embedding,20,41,0,49,4,0.9822410441772419,0.9821991829708204,0.014852430715916569,0.01501318363253319,0.36589573237985773
dataset_embedding,dataset_embedding,20,42,0,49,4,0.9839210259277167,0.9838977378767465,0.016578654502790682,0.016241330953318842,0.3857710192256495
dataset_embedding,dataset_embedding,20,43,0,49,4,0.9825968157641221,0.9825669526441588,0.01580023217616576,0.015088077762026435,0.2740970391897054
dataset_embedding,dataset_embedding,20,44,0,49,4,0.9806324880251279,0.9806111424133805,0.014976242898194155,0.015360029267500372,0.3459338429524856
dataset_embedding,dataset_embedding,20,45,0,49,4,0.9836847698703135,0.9836266670439888,0.015631479302248976,0.015193258269664545,0.37879950589000616
dataset_embedding,dataset_embedding,20,46,0,49,4,0.9884702371760596,0.9885179702259601,0.012247819913745333,0.012518398512171156,0.2789900740828998
dataset_embedding,dataset_embedding,20,47,0,49,4,0.9921272253426096,0.992069879195124,0.006856299623754177,0.006376163693056684,0.21265252800882728
dataset_embedding,dataset_embedding,20,48,0,49,4,0.9820908655549521,0.9820430811364789,0.014540479987796538,0.014473927405520934,0.2744001463767595
dataset_embedding,dataset_embedding,20,49,1,49,4,0.9896923198905558,0.9897225809190201,0.011517663342744941,0.010716685435415523,0.27950969377003954
dataset_embedding,dataset_embedding,20,50,1,49,4,0.9852710247394754,0.9851234906934403,0.011926542740932567,0.011472539824166138,0.22824099847782006
dataset_embedding,dataset_embedding,20,51,1,49,4,0.9854311226022816,0.9854276460338671,0.014618853187282312,0.014320411867897762,0.28994530260250995
dataset_embedding,dataset_embedding,20,52,1,49,4,0.9849295620414218,0.984944779900611,0.013103836335321029,0.012805520917433144,0.28912257846713235
dataset_embedding,dataset_embedding,20,53,1,49,4,0.9874125501211534,0.9874517929466876,0.012300814968015661,0.012426844423304472,0.3185241483271977
dataset_embedding,dataset_embedding,20,54,1,49,4,0.9857149635055591,0.9857793494412866,0.013612066262396423,0.013365297646041897,0.22252522158083518
dataset_embedding,dataset_embedding,20,55,1,49,4,0.9854371209889563,0.9854421470974587,0.01569377226254062,0.01523166059649709,0.22707186664378523
dataset_embedding,dataset_embedding,20,56,1,49,4,0.9888738610354205,0.9888919295784613,0.013352777941214068,0.012998803993479125,0.3238501886146323
dataset_embedding,dataset_embedding,20,57,1,49,4,0.9863853956577358,0.9864103119975195,0.013807332084154987,0.01337562473040426,0.29479503910269333
dataset_embedding,dataset_embedding,20,58,1,49,4,0.9801400868752191,0.9800864786815799,0.012694780062147467,0.012426057677060343,0.22529650904764012
dataset_embedding,dataset_embedding,20,59,1,49,4,0.9857186256264677,0.9857091025078469,0.014579076941013094,0.015211527639115431,0.28505224754207104
dataset_embedding,dataset_embedding,20,60,1,49,4,0.9833938273748701,0.9833256889425372,0.015467755950873775,0.015312873649308681,0.29081132422081885
dataset_embedding,dataset_embedding,20,61,1,49,4,0.9858263016580566,0.9858274906371255,0.012445464020191399,0.012094699400703575,0.2792931950616107
dataset_embedding,dataset_embedding,20,62,1,49,4,0.9860952654190731,0.9860780563921516,0.01691423563811554,0.015879321645734717,0.35359817404363214
dataset_embedding,dataset_embedding,20,63,1,49,4,0.9869258107018609,0.986877618314499,0.012728400311004633,0.01335996257079878,0.3138476082829364
dataset_embedding,dataset_embedding,20,64,1,49,4,0.9794256108669748,0.9793431125258396,0.015708380676310793,0.015795732446322062,0.19385978073410534
dataset_embedding,dataset_embedding,20,65,1,49,4,0.9867272308033236,0.9867099346996485,0.01320564719396157,0.013019979451468277,0.2766085129376023
dataset_embedding,dataset_embedding,20,66,1,49,4,0.9829986962711752,0.9829183255289446,0.0169557305915282,0.017065171010453503,0.2808520342992089
dataset_embedding,dataset_embedding,20,67,1,49,4,0.9897726023192946,0.9898601441936746,0.015852846052284927,0.015696297032673397,0.36186871291462414
dataset_embedding,dataset_embedding,20,68,1,49,4,0.9880923666532648,0.988067235447222,0.011816102430856155,0.011606934056961914,0.26162627290647056
dataset_embedding,dataset_embedding,20,69,1,49,4,0.98303457739077,0.9829679766944506,0.015553949130677978,0.015935238872966502,0.36394716176677216
dataset_embedding,dataset_embedding,20,70,1,49,4,0.9762805590539905,0.9763017586802568,0.014891603925741249,0.014893661053943588,0.28873287002576675
dataset_embedding,dataset_embedding,20,71,1,49,4,0.9892888753581035,0.9892405184660698,0.01316324032945174,0.01316942895664909,0.2989086699530231
dataset_embedding,dataset_embedding,20,72,1,49,4,0.9837837531037563,0.9837262561047464,0.015583618227263254,0.015886751801898413,0.27054633179088605
dataset_embedding,dataset_embedding,20,73,1,49,4,0.9943734178343354,0.9943879512342066,0.008507374108753553,0.008140386527702693,0.2713690612848235
dataset_embedding,dataset_embedding,20,74,1,49,4,0.9825086935252887,0.9825147001800287,0.016050918027779897,0.016187531300728517,0.3101236920321637
dataset_embedding,dataset_embedding,20,75,1,49,4,0.9841984859504475,0.98413860084665,0.014483596566906724,0.014144357554274518,0.3198664769129109
dataset_embedding,dataset_embedding,20,76,1,49,4,0.9861770702190349,0.9862444228537476,0.013859067272730112,0.013507118645202619,0.3064863848323397
dataset_embedding,dataset_embedding,20,77,1,49,4,0.9874153948830217,0.9876062902278357,0.015298299447198727,0.015272033891607951,0.25617031325681056
dataset_embedding,dataset_embedding,20,78,1,49,4,0.9849864569479817,0.9848363809869608,0.010932479466503857,0.01053892813024333,0.2358620163138972
dataset_embedding,dataset_embedding,20,79,1,49,4,0.989655387897915,0.9896647019830102,0.010430484332274993,0.009939891849494738,0.29596417782213247
dataset_embedding,dataset_embedding,20,80,1,49,4,0.9934128077050084,0.9935965818548562,0.011726713307458732,0.011367377304979494,0.28561517314985485
dataset_embedding,dataset_embedding,20,81,1,49,4,0.9842236770485692,0.9842340785817267,0.010866675148951904,0.010525008822399406,0.28461923959293917
dataset_embedding,dataset_embedding,20,82,1,49,4,0.9887245397520654,0.9887341428617419,0.01465800328488266,0.013938521356050537,0.3117691385111928
dataset_embedding,dataset_embedding,20,83,1,49,4,0.9865102754100756,0.9865709691524502,0.012274061779001158,0.011977648517244841,0.29488163991395744
dataset_embedding,dataset_embedding,20,84,1,49,4,0.986905580670276,0.9869185171438674,0.015506245777877823,0.015307113809140023,0.31371769934258426
dataset_embedding,dataset_embedding,20,85,1,49,4,0.987062665769399,0.9870572227120963,0.015128299533638506,0.015422245046199677,0.259721015736199
dataset_embedding,dataset_embedding,20,86,1,49,4,0.9828517300209111,0.9828339300535821,0.01698505383349394,0.01749396428694148,0.34753599366279836
dataset_embedding,dataset_embedding,20,87,1,49,4,0.9884280965894886,0.9884124744157571,0.015598731734461371,0.015439735303180581,0.27652190796726284
dataset_embedding,dataset_embedding,20,88,1,49,4,0.9817552041874507,0.9817537621722523,0.016155326347156926,0.01578258018730629,0.2885596541740661
dataset_embedding,dataset_embedding,20,89,1,49,4,0.99352547860157,0.9935495756618961,0.00886637371051546,0.009044097911855054,0.24989162476845247
dataset_embedding,dataset_embedding,20,90,1,49,4,0.9827633260389695,0.9828404756066182,0.016169142309525937,0.01636409677523016,0.25902819816571265
dataset_embedding,dataset_embedding,20,91,1,49,4,0.985720313163895,0.9857140187996024,0.012732073757854,0.012308475467042373,0.36754119214956055
dataset_embedding,dataset_embedding,20,92,1,49,4,0.9838890969430641,0.9839093792377852,0.014081496557953774,0.014402142976502432,0.3092576717014762
dataset_embedding,dataset_embedding,20,93,1,49,4,0.9812403818906014,0.9811606366865334,0.015688077294029434,0.016159598510298544,0.3584912024173283
dataset_embedding,dataset_embedding,20,94,1,49,4,0.9866726349580893,0.9866661013116783,0.012096624749464387,0.012258217060102905,0.2623623949080144
dataset_embedding,dataset_embedding,20,95,1,49,4,0.9871054683741451,0.9870782343848594,0.01481194496751191,0.014420395235157722,0.3484020128648579
dataset_embedding,dataset_embedding,20,96,1,49,4,0.9873163046782856,0.9873348425871641,0.010535514854757712,0.010265996019148259,0.3280937139115245
dataset_embedding,dataset_embedding,20,97,1,49,4,0.979879599935263,0.9795543563607705,0.01743279058071065,0.01731217760186339,0.28215106871437773
dataset_embedding,dataset_embedding,20,98,2,49,4,0.9866642798599043,0.9867866330229459,0.018136284921049656,0.018269543302194755,0.22014366466157698
dataset_embedding,dataset_embedding,20,99,2,49,4,0.982733455845371,0.982670359382623,0.012464866965849433,0.012356442063402608,0.30943086811587733
dataset_embedding,dataset_embedding,50,0,0,19,4,0.982412614796203,0.9824101335369277,0.01622737158450518,0.01618945227819184,0.3620419105554278
dataset_embedding,dataset_embedding,50,1,0,19,4,0.9824234664438102,0.9824191539829346,0.016010096780516122,0.0161017399295309,0.38113776319429926
dataset_embedding,dataset_embedding,50,2,0,19,4,0.9856416045290959,0.9856401457279432,0.013623033146399989,0.013477877828749292,0.34017478099179504
dataset_embedding,dataset_embedding,50,3,0,19,4,0.9834472348266243,0.9834510923398714,0.016122996202629535,0.015816383434760235,0.34350897162765837
dataset_embedding,dataset_embedding,50,4,0,19,4,0.9859680075813404,0.9859733444188873,0.014469687580217109,0.014039007811562618,0.36459668340747425
dataset_embedding,dataset_embedding,50,5,0,19,4,0.986585280483226,0.9865844670661161,0.012833346994265487,0.01281867674205847,0.3671514707987269
dataset_embedding,dataset_embedding,50,6,0,19,4,0.9851273085273214,0.9851279214826244,0.01463886449635591,0.014627850376108385,0.3490515385523585
dataset_embedding,dataset_embedding,50,7,0,19,4,0.9830952267229137,0.9830972443944878,0.015785854579491772,0.015586297350969546,0.36043976718257364
dataset_embedding,dataset_embedding,50,8,0,19,4,0.9877418125696465,0.9877407019549936,0.01395595666620716,0.013859521266890646,0.36767107877999916
dataset_embedding,dataset_embedding,50,9,0,19,4,0.9852608299194955,0.9852574899886479,0.014524753219980284,0.01404550673273753,0.3787129017294968
dataset_embedding,dataset_embedding,50,10,0,19,4,0.9835652998502765,0.9835655287869275,0.01578302005282196,0.015558374197522736,0.36377396281280905
dataset_embedding,dataset_embedding,50,11,0,19,4,0.9864207121419171,0.9864213630225254,0.015010800916533862,0.014869122351989061,0.3390922413641141
dataset_embedding,dataset_embedding,50,12,0,19,4,0.985221995582643,0.9852244519887468,0.01484092381463581,0.014967479488284058,0.393868335756627
dataset_embedding,dataset_embedding,50,13,0,19,4,0.9873525794157312,0.9873526212910401,0.011700509833942566,0.011507173190176544,0.3573653848732927
dataset_embedding,dataset_embedding,50,14,0,19,4,0.9902564623541351,0.9902532628722827,0.011265843877834435,0.010912555806847505,0.3877628696126806
dataset_embedding,dataset_embedding,50,15,0,19,4,0.9861848076405512,0.9861871031099417,0.014651770757863935,0.01465705907943662,0.4001903252701858
dataset_embedding,dataset_embedding,50,16,0,19,4,0.9844948840581398,0.984492444715005,0.014728454558593215,0.014488240477555866,0.40378433650728374
dataset_embedding,dataset_embedding,50,17,0,19,4,0.9828308744776922,0.9828283394449128,0.015544422264360954,0.01535375150091829,0.3771973633196607
dataset_embedding,dataset_embedding,50,18,0,19,4,0.9843806041920948,0.9843757332493838,0.013792448409424694,0.01356061341178249,0.3904908479789304
dataset_embedding,dataset_embedding,50,19,1,19,4,0.9861934933328032,0.9861922655982468,0.013225778962542858,0.14009231854151633,0.3464967575343044
dataset_embedding,dataset_embedding,50,20,1,19,4,0.9869234058830243,0.9869260189522534,0.012970217073172951,0.012907178310371779,0.36303784996423194
dataset_embedding,dataset_embedding,50,21,1,19,4,0.9842245013675214,0.9842170429519874,0.01526183287193216,0.015559596331803456,0.34762258695128656
dataset_embedding,dataset_embedding,50,22,1,19,4,0.9861334812510582,0.9861388156181812,0.012201081102747589,0.012355591990251595,0.33727358193373425
dataset_embedding,dataset_embedding,50,23,1,19,4,0.9841114828137394,0.9841074496291902,0.01445868907077141,0.01440741030476469,0.34316256067910095
dataset_embedding,dataset_embedding,50,24,1,19,4,0.9862302285261472,0.986225952974784,0.014985691866527658,0.014849828889989926,0.39456117746061314
dataset_embedding,dataset_embedding,50,25,1,19,4,0.9814941312912373,0.981492206782501,0.01499953406923745,0.015264557983572017,0.29388571992328316
dataset_embedding,dataset_embedding,50,26,1,19,4,0.9866278737251453,0.9866351191677422,0.014536831727591125,0.0149783477680037,0.3891485106396535
dataset_embedding,dataset_embedding,50,27,1,19,4,0.9826668546000701,0.9826604133891846,0.015337646718090707,0.015512206666250741,0.38373584775223973
dataset_embedding,dataset_embedding,50,28,1,19,4,0.9880002206409436,0.9880017768995009,0.012795188607566484,0.012672244981953955,0.3626914295611894
dataset_embedding,dataset_embedding,50,29,1,19,4,0.9832401045971312,0.9832347973857213,0.015010219481679113,0.015099192022215976,0.3878061631921104
dataset_embedding,dataset_embedding,50,30,1,19,4,0.9845823110133765,0.9845828934617107,0.015520246200616764,0.015707423469252083,0.35849121543012497
dataset_embedding,dataset_embedding,50,31,1,19,4,0.9900341796506757,0.9900368109145172,0.011300835216411237,0.010908381231292306,0.358707716632981
dataset_embedding,dataset_embedding,50,32,1,19,4,0.9869008646397786,0.9869106758431626,0.013519945991757069,0.013111761616035843,0.37944901416859583
dataset_embedding,dataset_embedding,50,33,1,19,4,0.9847928150704044,0.9847934020876487,0.016793237089949332,0.016773781310783196,0.37338684517273085
dataset_embedding,dataset_embedding,50,34,1,19,4,0.9831976808184298,0.9831961118516872,0.01604908997648312,0.016313066712469255,0.3774571648452262
dataset_embedding,dataset_embedding,50,35,1,19,4,0.9867292247659488,0.9867264416544796,0.014393592814875079,0.014275853950492454,0.38434207953722055
dataset_embedding,dataset_embedding,50,36,1,19,4,0.9827256951229547,0.982721974877614,0.015015039784843396,0.015722486793217975,0.38525138877224235
dataset_embedding,dataset_embedding,50,37,1,19,4,0.9863112123388343,0.9863079903959826,0.012987150758318472,0.01263791036506055,0.39702935434227316
dataset_embedding,dataset_embedding,50,38,2,19,4,0.9820918534425938,0.9820928280937791,0.01567954994383006,0.01573786023424509,0.369922744825362
dataset_embedding,dataset_embedding,50,39,2,19,4,0.9859508426793987,0.9859482333595293,0.014113640272116914,0.014225927449300025,0.3728672268962334
dataset_embedding,dataset_embedding,50,40,2,19,4,0.9846637469945286,0.9846611887993446,0.014956535381108057,0.014461941267010392,0.3978520585586556
dataset_embedding,dataset_embedding,50,41,2,19,4,0.9866014351721882,0.9866023353306052,0.133221740653242,0.013572970098716467,0.35268883929495803
dataset_embedding,dataset_embedding,50,42,2,19,4,0.9852849672348338,0.9852805311584509,0.01430659093617143,0.01397996007433754,0.3722177120784126
dataset_embedding,dataset_embedding,50,43,2,19,4,0.9868247823454516,0.9868234515275852,0.013666614388274986,0.013098376077839173,0.3794490289877743
dataset_embedding,dataset_embedding,50,44,2,19,4,0.9847913807717961,0.984789988035464,0.015874041594082133,0.015857498383522465,0.3655926051226539
dataset_embedding,dataset_embedding,50,45,2,19,4,0.9837634685320613,0.9837572614921988,0.015988082034236493,0.016035203946718393,0.39291573509156585
dataset_embedding,dataset_embedding,50,46,2,19,4,0.9870892104658502,0.9870911101125032,0.013198912531753315,0.33140093358907874,0.36749787221947006
dataset_embedding,dataset_embedding,50,47,2,19,4,0.984662099291809,0.9846631232016049,0.014054663997097835,0.013944002592458189,0.35000416725891154
dataset_embedding,dataset_embedding,50,48,2,19,4,0.9848913672245403,0.9848903230469659,0.015436408463441294,0.014870832477510266,0.3976788504528709
dataset_embedding,dataset_embedding,50,49,2,19,4,0.9875636466951727,0.9875629710533322,0.013385637750675167,0.013262698518545094,0.37213110704766533
dataset_embedding,dataset_embedding,50,50,2,19,4,0.9844626999176561,0.9844654706345979,0.014118101318213444,0.013567317908425679,0.3597469481521054
dataset_embedding,dataset_embedding,50,51,2,19,4,0.9844949024028753,0.9844919557145413,0.015199813273887697,0.014909402808026445,0.35892422428345244
dataset_embedding,dataset_embedding,50,52,2,19,4,0.9844280802352224,0.9844265714069304,0.013790366404806482,0.01411689644689066,0.35342496429182163
dataset_embedding,dataset_embedding,50,53,2,19,4,0.9869218604356876,0.9869194273895383,0.012313039543365744,0.012244877179878039,0.3541610817593746
dataset_embedding,dataset_embedding,50,54,2,19,4,0.9856793399899949,0.9856791727850283,0.014420743231168301,0.014630355705082055,0.40006042844883705
dataset_embedding,dataset_embedding,50,55,2,19,4,0.9834287589281093,0.9834293362765514,0.016598504847214344,0.01660555152669564,0.37381985263473405
dataset_embedding,dataset_embedding,50,56,2,19,4,0.9840062017522296,0.9840026916830247,0.01605678879042353,0.015868718079439584,0.3860308141906987
dataset_embedding,dataset_embedding,50,57,3,19,4,0.9854491114563322,0.9854444325478384,0.014176916510666798,0.013456082258977455,0.37524880671402006
dataset_embedding,dataset_embedding,50,58,3,19,4,0.9843286969505398,0.9843209451412062,0.014850966000020607,0.014987250009400672,0.3951673801662816
dataset_embedding,dataset_embedding,50,59,3,19,4,0.9854480140019639,0.9854470046948198,0.015012100799655866,0.014825582543587443,0.3793624272202005
dataset_embedding,dataset_embedding,50,60,3,19,4,0.9867375802169963,0.9867285733265676,0.013166068965822241,0.013211116816087802,0.356412749428072
dataset_embedding,dataset_embedding,50,61,3,19,4,0.984244782247045,0.9842508015683223,0.017208304090153666,0.01716210546907531,0.36104598004419647
dataset_embedding,dataset_embedding,50,62,3,19,4,0.9902250993150542,0.9902273046839417,0.010674317933550956,0.010803450512479875,0.3673679764708368
dataset_embedding,dataset_embedding,50,63,3,19,4,0.9859957121379388,0.9859946569910903,0.013993220801555208,0.014130090966823043,0.39650972455147904
dataset_embedding,dataset_embedding,50,64,3,19,4,0.9905423126445888,0.9905476855537153,0.01253585429107354,0.012283432257976644,0.343205866643358
dataset_embedding,dataset_embedding,50,65,3,19,4,0.9859281854491198,0.985925982875291,0.015041149543766886,0.015177913965054187,0.3952972964044116
dataset_embedding,dataset_embedding,50,66,3,19,4,0.9869125205862418,0.9869112702035442,0.013491706816514668,0.013582864808098217,0.370918667597829
dataset_embedding,dataset_embedding,50,67,3,19,4,0.9827996739687469,0.9827994807750988,0.015614843063294583,0.015765949734235216,0.3685804013285282
dataset_embedding,dataset_embedding,50,68,3,19,4,0.9843486925326229,0.9843448786788639,0.016121632427155353,0.015895317988577434,0.3820471111541996
dataset_embedding,dataset_embedding,50,69,3,19,4,0.9846764891431848,0.9846757070629898,0.014466658617928375,0.01439030952390633,0.37247751035262233
dataset_embedding,dataset_embedding,50,70,3,19,4,0.9838105365084499,0.9838055332743783,0.014860962688431234,0.014649238826810585,0.3048409310313847
dataset_embedding,dataset_embedding,50,71,3,19,4,0.983774010849712,0.9837748526343585,0.01390194463097014,0.013795930707699376,0.37009595462923006
dataset_embedding,dataset_embedding,50,72,3,19,4,0.9849236106432612,0.9849211699792492,0.01391923295232799,0.013868269906064675,0.36412038111558476
dataset_embedding,dataset_embedding,50,73,3,19,4,0.9841222948504705,0.9841187476378811,0.01519564931525868,0.015514337705653782,0.4035245297558332
dataset_embedding,dataset_embedding,50,74,3,19,4,0.9835032239439594,0.9835043695818936,0.015301369658351847,0.015512433479727982,0.39014443675120986
dataset_embedding,dataset_embedding,50,75,3,19,4,0.985129144697908,0.9851270326963539,0.014207089011835095,0.013717354886830966,0.36948973400454216
dataset_embedding,dataset_embedding,50,76,4,19,4,0.9829709935236035,0.9829715969958975,0.01572638233793101,0.015776895359074557,0.35221252797778496
dataset_embedding,dataset_embedding,50,77,4,19,4,0.9869898113127066,0.9869862463712166,0.013410618331090857,0.013465846982791204,0.34926803819535635
dataset_embedding,dataset_embedding,50,78,4,19,4,0.9847142417340475,0.9847033167621179,0.013997995668263354,0.014305221068371048,0.3983716834047892
dataset_embedding,dataset_embedding,50,79,4,19,4,0.9883470560388379,0.9883532956450191,0.011098885632620464,0.010932133766600108,0.3433357639139955
dataset_embedding,dataset_embedding,50,80,4,19,4,0.9882844168193435,0.9882854876614329,0.012051373215682896,0.011769526908854567,0.3665885543242826
dataset_embedding,dataset_embedding,50,81,4,19,4,0.9875377971857837,0.9875398389423411,0.014050741048967292,0.013697183643238827,0.37953562608901237
dataset_embedding,dataset_embedding,50,82,4,19,4,0.9852395904497615,0.9852411308912677,0.014441101987258922,0.014408819658780355,0.3466699551972352
dataset_embedding,dataset_embedding,50,83,4,19,4,0.9855455486231075,0.9855408139766806,0.015306465946394473,0.014907909419698405,0.39321881940073855
dataset_embedding,dataset_embedding,50,84,4,19,4,0.9842534203698854,0.9842512956422687,0.015660025854406196,0.015470292598081971,0.368190692707924
dataset_embedding,dataset_embedding,50,85,4,19,4,0.9844740820498772,0.9844699718584852,0.015760626903097593,0.015745983147488266,0.36247491523737435
dataset_embedding,dataset_embedding,50,86,4,19,4,0.9835994763791847,0.9835932669389544,0.014956800544792426,0.014846768964991697,0.36412036947924054
dataset_embedding,dataset_embedding,50,87,4,19,4,0.9829706800972972,0.9829725358533963,0.015736098079907942,0.015364446230880572,0.34692978676457736
dataset_embedding,dataset_embedding,50,88,4,19,4,0.9868074270640605,0.9867974632734272,0.014122249848467522,0.014159845621740878,0.3711351862868659
dataset_embedding,dataset_embedding,50,89,4,19,4,0.9866320195194737,0.9866408424369645,0.01353295419128783,0.013711746276644206,0.33532502902334194
dataset_embedding,dataset_embedding,50,90,4,19,4,0.9860899551159685,0.9860888525413631,0.012846385926905965,0.013047732081159983,0.318350938188871
dataset_embedding,dataset_embedding,50,91,4,19,4,0.982451056092851,0.9824499430298399,0.016290451325097693,0.01621839346262392,0.35112999340283907
dataset_embedding,dataset_embedding,50,92,4,19,4,0.9866114980217424,0.9866037646792752,0.01323731555904304,0.013022506551274599,0.3597902551840339
dataset_embedding,dataset_embedding,50,93,4,19,4,0.9908447697344397,0.9908456210028072,0.009134209011943815,0.00957737700558298,0.34225323362520343
dataset_embedding,dataset_embedding,50,94,4,19,4,0.9852653075073982,0.9852636137464374,0.015012682558833096,0.015178012247561636,0.40339462237307555
dataset_embedding,dataset_embedding,50,95,5,19,4,0.9820598515604461,0.9820638966887337,0.015858720984818022,0.016044432033225243,0.3522125340144637
dataset_embedding,dataset_embedding,50,96,5,19,4,0.9855371220119273,0.9855368214058725,0.014251549951500216,0.014127634576480476,0.3785830000867017
dataset_embedding,dataset_embedding,50,97,5,19,4,0.9847937759199998,0.9847877834097941,0.0162456576318072,0.015857880293939933,0.37832319783987994
dataset_embedding,dataset_embedding,50,98,5,19,4,0.9844393430098465,0.9844386833407291,0.01530142996946739,0.01508127541372866,0.3843420720516072
dataset_embedding,dataset_embedding,50,99,5,19,4,0.9926873603696502,0.9926890257629665,0.0076660568259699,0.007761031641126911,0.3171817998165648
dataset_embedding,dataset_embedding,100,0,0,9,4,0.9825883332667769,0.982587837931075,0.01628618928232097,0.016308498097597247,0.39819846426505107
dataset_embedding,dataset_embedding,100,1,0,9,4,0.9836277136398891,0.9836269232985984,0.015470404055831917,0.015481870916343178,0.3773705690524434
dataset_embedding,dataset_embedding,100,2,0,9,4,0.9858052796703454,0.985805186653489,0.014313201060525364,0.014062130641237063,0.4023553931962334
dataset_embedding,dataset_embedding,100,3,0,9,4,0.9840398889652661,0.9840400539076788,0.015327668440948461,0.015392900137260496,0.38555450429263266
dataset_embedding,dataset_embedding,100,4,0,9,4,0.9864916203868652,0.9864912074655464,0.014267233334719293,0.013817464438234655,0.3961200194707692
dataset_embedding,dataset_embedding,100,5,0,9,4,0.9844551490654077,0.9844550505189599,0.015448284764620297,0.015535270797180492,0.3833461358287479
dataset_embedding,dataset_embedding,100,6,0,9,4,0.9860148391518021,0.9860150532268172,0.013681869271501225,0.01355190595472753,0.4053864815759225
dataset_embedding,dataset_embedding,100,7,0,9,4,0.988078422188212,0.9880787584586715,0.012978721615940807,0.013172871785224935,0.4160818960498652
dataset_embedding,dataset_embedding,100,8,0,9,4,0.9838543968788189,0.9838539396221716,0.02147427847721645,0.01533365370368319,0.4141766503472713
dataset_embedding,dataset_embedding,100,9,1,9,4,0.986236480953344,0.9862364118269151,0.013285884253646765,0.01316036260170515,0.3779767856180021
dataset_embedding,dataset_embedding,100,10,1,9,4,0.9849628464065746,0.9849627311777669,0.014200447773521684,0.013978489679081907,0.3864205232791639
dataset_embedding,dataset_embedding,100,11,1,9,4,0.9854877533068481,0.9854867359268424,0.014752321809695289,0.01468841428813766,0.414306559727034
dataset_embedding,dataset_embedding,100,12,1,9,4,0.9845554931850047,0.9845560550847966,0.015117783212253127,0.014944693353188276,0.3891485106396535
dataset_embedding,dataset_embedding,100,13,1,9,4,0.9851976033797708,0.9851971524947498,0.01439698214840078,0.014314910355342363,0.4121847802045804
dataset_embedding,dataset_embedding,100,14,1,9,4,0.9833627916846838,0.9833619633501802,0.015910708414456912,0.015278903469056781,0.40131616187562225
dataset_embedding,dataset_embedding,100,15,1,9,4,0.987708666417833,0.9877092052337911,0.012468034050591912,0.01270043585119641,0.40213888263771647
dataset_embedding,dataset_embedding,100,16,1,9,4,0.9843079626693486,0.9843080782952573,0.016566051540832988,0.016761768876404078,0.3910104564471595
dataset_embedding,dataset_embedding,100,17,1,9,4,0.9840436071365776,0.984043011999897,0.09053633024809184,0.015387937087292934,0.4073783396145215
dataset_embedding,dataset_embedding,100,18,2,9,4,0.9842168796677038,0.9842169923111925,0.014994580459671229,0.014952733918486874,0.39525398726469807
dataset_embedding,dataset_embedding,100,19,2,9,4,0.9857478233433361,0.9857476222954219,0.014179831389993174,0.014098593467826711,0.40811445659554413
dataset_embedding,dataset_embedding,100,20,2,9,4,0.9857757414697663,0.9857748192537961,0.01427852726162107,0.08095720983028434,0.4041307562815414
dataset_embedding,dataset_embedding,100,21,2,9,4,0.9842760975414109,0.9842752880714787,0.0161738683633324,0.016029232297210167,0.41586539777262255
dataset_embedding,dataset_embedding,100,22,2,9,4,0.9846620384667993,0.984661487713121,0.014152605031202296,0.014243198473928898,0.38213370479475994
dataset_embedding,dataset_embedding,100,23,2,9,4,0.9857326623014735,0.9857323133066838,0.01449984284243464,0.01461807630752566,0.42015221834556893
dataset_embedding,dataset_embedding,100,24,2,9,4,0.9847891503599215,0.984789310908526,0.014481002918351657,0.014504895755377159,0.3887154940697474
dataset_embedding,dataset_embedding,100,25,2,9,4,0.9857365661531173,0.9857361008065364,0.013424325894018135,0.013535330809960607,0.3872432581615395
dataset_embedding,dataset_embedding,100,26,2,9,4,0.9841874763931446,0.9841871852903672,0.015662887495592036,0.01586443419344079,0.40906709224606336
dataset_embedding,dataset_embedding,100,27,3,9,4,0.9849067489150297,0.9849055081254613,0.014981751239479115,0.015002554604810075,0.41569218346759496
dataset_embedding,dataset_embedding,100,28,3,9,4,0.9852433259837551,0.9852431492378028,0.01448656657679136,0.014475185346606802,0.3976355678692443
dataset_embedding,dataset_embedding,100,29,3,9,4,0.9849137867933047,0.9849138943897211,0.015193031546314944,0.015323307081564878,0.4014460722547139
dataset_embedding,dataset_embedding,100,30,3,9,4,0.9874262771712256,0.9874262334752785,0.013897354845799976,0.013669499940919193,0.39815517262692796
dataset_embedding,dataset_embedding,100,31,3,9,4,0.9864470253618235,0.9864467011321407,0.01413254159172922,0.014254025529286035,0.40651232291759454
dataset_embedding,dataset_embedding,100,32,3,9,4,0.983863176473438,0.9838628910121056,0.01569312953742051,0.015529003984947751,0.4090237992578574
dataset_embedding,dataset_embedding,100,33,3,9,4,0.9846086553089223,0.9846088390030282,0.014386149923100295,0.01439028587406739,0.37927580964986024
dataset_embedding,dataset_embedding,100,34,3,9,4,0.9844019969487194,0.9844018544287415,0.014024586335091238,0.014094373261537146,0.3902310483079208
dataset_embedding,dataset_embedding,100,35,3,9,4,0.9834665507284595,0.9834660803473444,0.015384523550595892,0.015506022460841,0.41248788374942436
dataset_embedding,dataset_embedding,100,36,4,9,4,0.9843481850711848,0.9843475105952584,0.01511836956018902,0.015133460200161167,0.38122437167196055
dataset_embedding,dataset_embedding,100,37,4,9,4,0.9859979958484737,0.9859973669432437,0.013448340922514262,0.01305272665805093,0.4073350428428646
dataset_embedding,dataset_embedding,100,38,4,9,4,0.9879853267399558,0.9879856025821984,0.012982092495390618,0.01290565682980519,0.398674789253081
dataset_embedding,dataset_embedding,100,39,4,9,4,0.9846975558179994,0.9846970404990915,0.015021410919389475,0.014887498400539774,0.4048668614340091
dataset_embedding,dataset_embedding,100,40,4,9,4,0.9845330982123978,0.984532450801781,0.01569543513965263,0.015428623316417242,0.3926559107745332
dataset_embedding,dataset_embedding,100,41,4,9,4,0.9831999644993423,0.9831993305278214,0.015370016606159092,0.015172565109186813,0.3858143091399207
dataset_embedding,dataset_embedding,100,42,4,9,4,0.9867269229765308,0.9867267542016156,0.013904411489948185,0.013889010003506033,0.39014444057129277
dataset_embedding,dataset_embedding,100,43,4,9,4,0.9841729921608044,0.9841722429674046,0.014900189000942681,0.015020600127156421,0.4038276360591755
dataset_embedding,dataset_embedding,100,44,4,9,4,0.9887943734291594,0.9887943174353301,0.011781966607351552,0.011730629419130768,0.396856135083907
dataset_embedding,dataset_embedding,100,45,5,9,4,0.9834345395551946,0.9834347530143459,0.015383943447996686,0.015221422227019596,0.3901444437277659
dataset_embedding,dataset_embedding,100,46,5,9,4,0.9847706639213769,0.9847700065663967,0.01586164103398509,0.015894231605554525,0.40278841061768084
dataset_embedding,dataset_embedding,100,47,5,9,4,0.987111070958305,0.9871107471401869,0.012786065587147802,0.012708459179461331,0.41482616071416334
dataset_embedding,dataset_embedding,100,48,5,9,4,0.9841117215658396,0.9841111145757699,0.015241142346754817,0.015051502481304333,0.4072484370590366
dataset_embedding,dataset_embedding,100,49,5,9,4,0.9852151524108572,0.9852153543390125,0.015075360485581602,0.014911684575065458,0.41162186726516614
dataset_embedding,dataset_embedding,100,50,5,9,4,0.9850655125270099,0.9850651650659545,0.09008859141649839,0.013364547605684016,0.40594941267947826
dataset_embedding,dataset_embedding,100,51,5,9,4,0.9848544116941729,0.9848540922480447,0.015074045949492177,0.015324971138080836,0.4101063166734389
dataset_embedding,dataset_embedding,100,52,5,9,4,0.986202063671009,0.9862013917243282,0.14704952036090413,0.01383326090563535,0.3964231129529716
dataset_embedding,dataset_embedding,100,53,5,9,4,0.9852735648116959,0.9852734431159997,0.014180065604472044,0.014027649041997036,0.3913568766204931
dataset_embedding,dataset_embedding,100,54,6,9,4,0.9894012664816927,0.9894012458168673,0.010867316575747462,0.01090238625082294,0.37637463390959025
dataset_embedding,dataset_embedding,100,55,6,9,4,0.9868512368236334,0.9868510182916075,0.01327423878673182,0.013488991529346336,0.4118383700773641
dataset_embedding,dataset_embedding,100,56,6,9,4,0.986434710296467,0.9864344271695333,0.013945495704068257,0.013729617408407932,0.3931322247708583
dataset_embedding,dataset_embedding,100,57,6,9,4,0.987084580151689,0.9870841617002619,0.012644753120486614,0.01299610375657019,0.40144606402546024
dataset_embedding,dataset_embedding,100,58,6,9,4,0.9835265244630129,0.9835265273600895,0.01598179322015418,0.016624488508808145,0.4056462917601719
dataset_embedding,dataset_embedding,100,59,6,9,4,0.9831588909509881,0.9831583342704383,0.016609194336139752,0.016639856146260342,0.3988046933034104
dataset_embedding,dataset_embedding,100,60,6,9,4,0.9850127016020389,0.9850125503513532,0.015106664457280834,0.015291006353972774,0.40408744194081764
dataset_embedding,dataset_embedding,100,61,6,9,4,0.9853649665196079,0.9853662153027356,0.013863623482026657,0.013758150914935818,0.3941714553570542
dataset_embedding,dataset_embedding,100,62,6,9,4,0.9861260806664824,0.9861262656822468,0.013569787732749132,0.013847555043220772,0.40313483077194134
dataset_embedding,dataset_embedding,100,63,7,9,4,0.9871800058684147,0.9871790914853428,0.013274608394786662,0.01317481395948178,0.3833028369068191
dataset_embedding,dataset_embedding,100,64,7,9,4,0.9838668571650339,0.9838671077621115,0.01565000140076249,0.015311031252399243,0.3892351068854828
dataset_embedding,dataset_embedding,100,65,7,9,4,0.9843034549350059,0.984303528653171,0.01497179531795766,0.015070161531963822,0.39313223190916047
dataset_embedding,dataset_embedding,100,66,7,9,4,0.9849475119100555,0.9849463494206111,0.015590459985114515,0.015552164795601864,0.4131807261374879
dataset_embedding,dataset_embedding,100,67,7,9,4,0.9876720080136892,0.987671608873434,0.016887516529161335,0.012317743848692747,0.40287500143480803
dataset_embedding,dataset_embedding,100,68,7,9,4,0.9850854361589633,0.9850854887552837,0.012932140457517033,0.013124510479527231,0.39239610453651264
dataset_embedding,dataset_embedding,100,69,7,9,4,0.9847414655405983,0.9847408964955916,0.015723351527372156,0.015723177364874788,0.4027884047058973
dataset_embedding,dataset_embedding,100,70,7,9,4,0.9847185027231754,0.9847178702966799,0.01563539301683853,0.015583277221677756,0.3988047017236158
dataset_embedding,dataset_embedding,100,71,7,9,4,0.9847460636031211,0.9847458255520873,0.015131569374854138,0.015114413251914777,0.4168613198588894
dataset_embedding,dataset_embedding,100,72,8,9,4,0.9834261775191585,0.9834267476743496,0.015490924458830988,0.015008122680080442,0.38577101996083457
dataset_embedding,dataset_embedding,100,73,8,9,4,0.9834797256707919,0.9834797929837819,0.016109285053313886,0.016223032040705004,0.389494924613488
dataset_embedding,dataset_embedding,100,74,8,9,4,0.9859691027251187,0.9859687481539899,0.01394179128018524,0.014362279136302683,0.383259533973772
dataset_embedding,dataset_embedding,100,75,8,9,4,0.98582330639491,0.9858226995263769,0.014510165818317902,0.014444018030675625,0.41365702524080067
dataset_embedding,dataset_embedding,100,76,8,9,4,0.9821902920435629,0.982190163882377,0.015468445654630923,0.015988758847977083,0.4046070530598402
dataset_embedding,dataset_embedding,100,77,8,9,4,0.9878206871737047,0.9878208772372222,0.013326812176536352,0.01284622153853388,0.40776805915280434
dataset_embedding,dataset_embedding,100,78,8,9,4,0.9871906643014444,0.98719086183236,0.01395856683151199,0.014065259481358533,0.37633134107828364
dataset_embedding,dataset_embedding,100,79,8,9,4,0.9855268254442788,0.9855269029451708,0.014722610418825026,0.015182202688811656,0.39534058179589715
dataset_embedding,dataset_embedding,100,80,8,9,4,0.9847041321721232,0.9847035051423068,0.015007779343522527,0.015108000445830895,0.40906709626563875
dataset_embedding,dataset_embedding,100,81,9,9,4,0.985521781566631,0.9855209949361554,0.014563982093338132,0.014867037927152374,0.40369774057438973
dataset_embedding,dataset_embedding,100,82,9,9,4,0.9848702731322291,0.984870246111568,0.015577428119723362,0.015623748193688444,0.39923771127926466
dataset_embedding,dataset_embedding,100,83,9,9,4,0.9859577845180808,0.9859575416035976,0.013994585052722292,0.014096820476183549,0.4180737611731671
dataset_embedding,dataset_embedding,100,84,9,9,4,0.9884985796118206,0.9884988575118994,0.012703739677978505,0.012649014545691107,0.41183837344495405
dataset_embedding,dataset_embedding,100,85,9,9,4,0.9827116043414327,0.9827109180408176,0.01618905780251788,0.016408546022469377,0.3702258469523241
dataset_embedding,dataset_embedding,100,86,9,9,4,0.9835045226207866,0.9835040689263004,0.01498756551056808,0.01575290915180004,0.4093702054153556
dataset_embedding,dataset_embedding,100,87,9,9,4,0.9868545628987403,0.9868547207126338,0.012718499277415665,0.012866671635019,0.3752488077621753
dataset_embedding,dataset_embedding,100,88,9,9,4,0.9841207486266149,0.9841205605882672,0.01480998757173914,0.014674389388247562,0.40560299074749545
dataset_embedding,dataset_embedding,100,89,9,9,4,0.9841468149413372,0.9841468620844432,0.01499753411565969,0.014903559364205315,0.39694272901329924
dataset_embedding,dataset_embedding,100,90,10,9,4,0.9860318893828063,0.9860315408817102,0.01398171069919531,0.07847607754535069,0.4154756765924103
dataset_embedding,dataset_embedding,100,91,10,9,4,0.9842541954376769,0.9842541714104112,0.014922053303681515,0.014941254860798201,0.39191978990150517
dataset_embedding,dataset_embedding,100,92,10,9,4,0.9841560414670283,0.9841554796176176,0.015100000292479553,0.015038577736347201,0.3947343682883057
dataset_embedding,dataset_embedding,100,93,10,9,4,0.9836119755182011,0.9836115804720349,0.015206951680208167,0.015074109801715519,0.40599271015649546
dataset_embedding,dataset_embedding,100,94,10,9,4,0.9855841860638934,0.9855852020351162,0.014637194343245098,0.014554233223762963,0.4166881174611601
dataset_embedding,dataset_embedding,100,95,10,9,4,0.9862023681458713,0.98620214777747,0.01348865576220907,0.013560539152235613,0.378669604737709
dataset_embedding,dataset_embedding,100,96,10,9,4,0.9864223677557744,0.9864221705054447,0.014689225458084754,0.014642979082324783,0.3897114297985163
dataset_embedding,dataset_embedding,100,97,10,9,4,0.9856837782514265,0.9856835500973721,0.014237932379165694,0.014141056620856253,0.4118816812165145
dataset_embedding,dataset_embedding,100,98,10,9,4,0.984419434567688,0.9844178691921776,0.015143529268332272,0.015397138242716654,0.39668292097895885
dataset_embedding,dataset_embedding,100,99,11,9,4,0.9839563179866099,0.9839553767459386,0.014856559708084208,0.015048574410753475,0.39495087827161224
dataset_embedding,dataset_embedding,200,0,0,4,4,0.9832816283137634,0.9832815253708812,0.015734898826413254,0.01574383712858113,0.4082010610522941
dataset_embedding,dataset_embedding,200,1,0,4,4,0.9850956898244386,0.9850957228515248,0.014653350142788932,0.01459162459975188,0.41629840180731736
dataset_embedding,dataset_embedding,200,2,0,4,4,0.9855731851993981,0.9855731305352682,0.014640213789184287,0.014581212934174515,0.40551639277707235
dataset_embedding,dataset_embedding,200,3,0,4,4,0.9871618389842244,0.9871619071922738,0.013585044029829723,0.013344604420973658,0.42534837473118314
dataset_embedding,dataset_embedding,200,4,1,4,4,0.9858683053469611,0.9858683597413221,0.01358239898130847,0.013606271304590524,0.40096975542261565
dataset_embedding,dataset_embedding,200,5,1,4,4,0.9845289564155866,0.984528783834818,0.015202493652029511,0.015271148017717118,0.42352972777594833
dataset_embedding,dataset_embedding,200,6,1,4,4,0.9843595261142433,0.984359373429517,0.014830449281908449,0.048364372354482314,0.42214407342691807
dataset_embedding,dataset_embedding,200,7,1,4,4,0.9856034739966876,0.9856034955273152,0.014918703439197952,0.01487818437263824,0.4144797457617765
dataset_embedding,dataset_embedding,200,8,2,4,4,0.9850422996528277,0.9850422876577956,0.014357616593347364,0.014502609119245826,0.42184096605052535
dataset_embedding,dataset_embedding,200,9,2,4,4,0.984986652148285,0.9849864188809951,0.05394798928640653,0.014913607244979659,0.4217976794452806
dataset_embedding,dataset_embedding,200,10,2,4,4,0.985117039345581,0.9851169333126105,0.014620859964358301,0.01440109684794177,0.42409262995260005
dataset_embedding,dataset_embedding,200,11,2,4,4,0.9852466233778396,0.9852465900663745,0.013978850298298665,0.01398315176452948,0.4118383716075452
dataset_embedding,dataset_embedding,200,12,3,4,4,0.9851173807932432,0.9851172070681438,0.01445207231565125,0.014997409155544966,0.4221873825100257
dataset_embedding,dataset_embedding,200,13,3,4,4,0.9861132912189619,0.9861132661488605,0.014382897795118452,0.014557311087519943,0.41629840676489016
dataset_embedding,dataset_embedding,200,14,3,4,4,0.9849721805238971,0.9849720736605991,0.01491791224736972,0.014932041111501378,0.42487207614934347
dataset_embedding,dataset_embedding,200,15,3,4,4,0.984489560096508,0.984489561673047,0.014408881843383717,0.014419085868362325,0.4114053691696613
dataset_embedding,dataset_embedding,200,16,4,4,4,0.9850950685560851,0.9850948812987509,0.014046230887903015,0.014234237824382668,0.4240060323071123
dataset_embedding,dataset_embedding,200,17,4,4,4,0.9864234730014177,0.9864234820646487,0.013946212420800751,0.051766615889042904,0.41880987678540144
dataset_embedding,dataset_embedding,200,18,4,4,4,0.9836188943832863,0.9836187451609579,0.015719312668415912,0.015617056890826682,0.4126177940880081
dataset_embedding,dataset_embedding,200,19,4,4,4,0.9853042498948293,0.9853040946638831,0.014756319027930023,0.014680669140850013,0.4151725688423654
dataset_embedding,dataset_embedding,200,20,5,4,4,0.9843065173838604,0.9843065100608669,0.015689044227902217,0.01570920432081188,0.4172077392917459
dataset_embedding,dataset_embedding,200,21,5,4,4,0.9853721441281189,0.9853719885383759,0.05051204051133401,0.01420043645684243,0.42101824283102696
dataset_embedding,dataset_embedding,200,22,5,4,4,0.9851482792283057,0.9851482609395709,0.014362213627021867,0.014508879375054214,0.42391944279873817
dataset_embedding,dataset_embedding,200,23,5,4,4,0.9856198025459999,0.9856197088783696,0.014672228436507659,0.014839171288063568,0.41915628769162366
dataset_embedding,dataset_embedding,200,24,6,4,4,0.9879237445871296,0.9879237082227668,0.07365076953805814,0.07518453132446468,0.4224038867813322
dataset_embedding,dataset_embedding,200,25,6,4,4,0.9864479313135002,0.9864478112283616,0.0137027562229473,0.013546834475251863,0.4218409648553574
dataset_embedding,dataset_embedding,200,26,6,4,4,0.9833469776853793,0.9833469058932581,0.016605356893032303,0.016530424436243304,0.413397218980059
dataset_embedding,dataset_embedding,200,27,6,4,4,0.984682852689195,0.9846829078487831,0.014935234303778674,0.014986395023438176,0.41777064577738005
dataset_embedding,dataset_embedding,200,28,7,4,4,0.9845104462237266,0.9845102940174296,0.014816167389030847,0.015030698330545395,0.40997642162504083
dataset_embedding,dataset_embedding,200,29,7,4,4,0.9846008632169154,0.9846006966111965,0.015222802054545938,0.01497405255318451,0.4191129994770666
dataset_embedding,dataset_embedding,200,30,7,4,4,0.9863848206606987,0.9863847390022107,0.012750393517436266,0.012787741384740505,0.4135271136564592
dataset_embedding,dataset_embedding,200,31,7,4,4,0.9848233333927218,0.9848231976492078,0.015576785383484842,0.015600703115828604,0.41720773003685174
dataset_embedding,dataset_embedding,200,32,8,4,4,0.9835042921208841,0.9835043826853136,0.015660310501451467,0.015450610694357212,0.41560559413269105
dataset_embedding,dataset_embedding,200,33,8,4,4,0.985903902006154,0.9859037865397053,0.014509368240397067,0.01433612358341026,0.41859337641631716
dataset_embedding,dataset_embedding,200,34,8,4,4,0.9848648684170002,0.9848648285790784,0.05290389486589431,0.014414379672485687,0.4221007722139874
dataset_embedding,dataset_embedding,200,35,8,4,4,0.9863087360212229,0.9863087835635173,0.014468127342872252,0.014511460679323612,0.40166257420964724
dataset_embedding,dataset_embedding,200,36,9,4,4,0.9850799382306282,0.9850798464549139,0.015412969153378798,0.015122505222203719,0.4144797616428867
dataset_embedding,dataset_embedding,200,37,9,4,4,0.9871883782299603,0.9871883497005222,0.013433781555367024,0.0469949833304265,0.42435244688966234
dataset_embedding,dataset_embedding,200,38,9,4,4,0.9832464071772313,0.9832462835836576,0.016051240541249748,0.016019003293157745,0.41989241278455236
dataset_embedding,dataset_embedding,200,39,9,4,4,0.9850197382630719,0.9850197057741992,0.01386626652752377,0.013894590558832567,0.41023623971843265
dataset_embedding,dataset_embedding,200,40,10,4,4,0.9849299938249291,0.9849299017935317,0.014570846564625702,0.07027178907249815,0.41954599947838556
dataset_embedding,dataset_embedding,200,41,10,4,4,0.9840059484403,0.984005857475235,0.015071949375403109,0.0152314542282396,0.4177706548312731
dataset_embedding,dataset_embedding,200,42,10,4,4,0.9852258047554838,0.985225862084564,0.014477485979133821,0.014506007621656977,0.4269505230921411
dataset_embedding,dataset_embedding,200,43,10,4,4,0.9862055797794165,0.9862055321362165,0.014475195395948205,0.0145061727190343,0.4153890833835807
dataset_embedding,dataset_embedding,200,44,11,4,4,0.985053686244086,0.9850536716493957,0.048603489900819655,0.013763280892720539,0.41473956425593606
dataset_embedding,dataset_embedding,200,45,11,4,4,0.9845081499678375,0.9845080448165496,0.014729724286557343,0.015067081718052726,0.4216677600978549
dataset_embedding,dataset_embedding,200,46,11,4,4,0.9848760089556085,0.9848759327046334,0.015550970975836242,0.015850393730244473,0.41370032906874576
dataset_embedding,dataset_embedding,200,47,11,4,4,0.9871974017819956,0.9871973438275665,0.013267239509442844,0.04469619575172371,0.41772733610322604
dataset_embedding,dataset_embedding,200,48,12,4,4,0.9853190015422728,0.9853188628841275,0.014472581243707174,0.01438406523781326,0.4187665848834324
dataset_embedding,dataset_embedding,200,49,12,4,4,0.984727171478051,0.9847271419641371,0.014451006321272853,0.014411107169339476,0.41807375691059084
dataset_embedding,dataset_embedding,200,50,12,4,4,0.9851994785412824,0.9851994211070702,0.014925521663132262,0.014792320780081102,0.4252184694965987
dataset_embedding,dataset_embedding,200,51,12,4,4,0.9848020896769505,0.9848019247240295,0.04915114313829498,0.014965213692979786,0.41863668113437436
dataset_embedding,dataset_embedding,200,52,13,4,4,0.9833729199366461,0.9833726816862282,0.015964850054767284,0.016069355227673776,0.4266474039662194
dataset_embedding,dataset_embedding,200,53,13,4,4,0.9864284238080396,0.9864283704491906,0.015936050360820478,0.0808707932263988,0.418030466260198
dataset_embedding,dataset_embedding,200,54,13,4,4,0.9853772703759444,0.9853772832800332,0.014238232579499587,0.014217218939733057,0.4097166154034203
dataset_embedding,dataset_embedding,200,55,13,4,4,0.9854663485463401,0.9854663752547916,0.05405160488844368,0.014696500249470296,0.4088938889605672
dataset_embedding,dataset_embedding,200,56,14,4,4,0.9859841443429032,0.9859841368788567,0.01472307639688408,0.014688374083912327,0.4185933827532268
dataset_embedding,dataset_embedding,200,57,14,4,4,0.9862314634413032,0.9862313640239854,0.013189014961285224,0.05186741876959649,0.42028212801666687
dataset_embedding,dataset_embedding,200,58,14,4,4,0.984774162482357,0.9847740011110477,0.07023868329993341,0.0709662731073753,0.429072278997464
dataset_embedding,dataset_embedding,200,59,14,4,4,0.9840511797971304,0.9840513135075617,0.014895035574667904,0.014899300695572175,0.41383023208121206
dataset_embedding,dataset_embedding,200,60,15,4,4,0.9846327629280935,0.9846327021274809,0.015083080740326417,0.015066882513610741,0.42192756882022875
dataset_embedding,dataset_embedding,200,61,15,4,4,0.9836020134536012,0.9836019688136128,0.01540486895826407,0.015466109654765178,0.4223605875950064
dataset_embedding,dataset_embedding,200,62,15,4,4,0.9880371005596972,0.9880371458032422,0.012537361163380847,0.012742854867163686,0.4127477056112815
dataset_embedding,dataset_embedding,200,63,15,4,4,0.9859280245960848,0.9859280680922162,0.01358187393730874,0.01370120903265203,0.4036544407020064
dataset_embedding,dataset_embedding,200,64,16,4,4,0.9844913745164462,0.9844912589724307,0.014853580575952768,0.014843550095312217,0.4250019644421401
dataset_embedding,dataset_embedding,200,65,16,4,4,0.9851741083269393,0.9851740946025552,0.015280680980737617,0.01535634671796251,0.4246988566008388
dataset_embedding,dataset_embedding,200,66,16,4,4,0.9854040200507733,0.9854038927502999,0.013572297756559371,0.013453495915886734,0.4102795305782656
dataset_embedding,dataset_embedding,200,67,16,4,4,0.985723096413284,0.985723029491821,0.0143620646501395,0.05182604219987289,0.42469885659968043
dataset_embedding,dataset_embedding,200,68,17,4,4,0.9868385723803057,0.9868384525975891,0.013433114559095525,0.013618441014462673,0.42162445599753196
dataset_embedding,dataset_embedding,200,69,17,4,4,0.9846933215493199,0.9846931756630829,0.015027312272065732,0.01508283545814802,0.4253916724207397
dataset_embedding,dataset_embedding,200,70,17,4,4,0.9841299223057861,0.9841299342549565,0.014946187334021237,0.014657918390745489,0.40889389124393616
dataset_embedding,dataset_embedding,200,71,17,4,4,0.9841272210606481,0.9841270906368645,0.01599382261892331,0.016023607800752238,0.4138735346237451
dataset_embedding,dataset_embedding,200,72,18,4,4,0.9851988960234469,0.9851988132749109,0.01415570632350899,0.014302950134471422,0.42101825239933127
dataset_embedding,dataset_embedding,200,73,18,4,4,0.9842122015703665,0.9842120798047225,0.015291801791092137,0.015579745134085473,0.4226203922509637
dataset_embedding,dataset_embedding,200,74,18,4,4,0.9846631877685127,0.9846631347177266,0.0148052662068386,0.014978474242206259,0.4113620590668125
dataset_embedding,dataset_embedding,200,75,18,4,4,0.9857446490107112,0.9857445497389287,0.01497552670663062,0.014908022220166576,0.42695052081890134
dataset_embedding,dataset_embedding,200,76,19,4,4,0.9853477321004986,0.9853477794452518,0.01519752092602485,0.015240451555707205,0.4229235026002065
dataset_embedding,dataset_embedding,200,77,19,4,4,0.9861361780094039,0.9861361613311236,0.013420141489761563,0.01336450826583144,0.42314001125063244
dataset_embedding,dataset_embedding,200,78,19,4,4,0.9848713772839478,0.9848713268188674,0.014764355259827491,0.014585701845652495,0.42270700943158995
dataset_embedding,dataset_embedding,200,79,19,4,4,0.9856982664080246,0.9856982040173662,0.09358536095529535,0.050220771089681836,0.42517516590527565
dataset_embedding,dataset_embedding,200,80,20,4,4,0.9856217182333877,0.9856216474605168,0.01398395347376101,0.061509423184715875,0.4156055921028
dataset_embedding,dataset_embedding,200,81,20,4,4,0.9846205781591133,0.9846204849602626,0.015044225278020153,0.015014661507186743,0.42314000827030934
dataset_embedding,dataset_embedding,200,82,20,4,4,0.9845065122562139,0.9845063839418497,0.015518792705609255,0.01575660102042159,0.41079914014591545
dataset_embedding,dataset_embedding,200,83,20,4,4,0.9849506751843623,0.9849506201702849,0.014623138554515675,0.014831545842004985,0.4205419428923521
dataset_embedding,dataset_embedding,200,84,21,4,4,0.9854080881071436,0.9854080187478643,0.01442187281872335,0.014299311311267812,0.42811966848074856
dataset_embedding,dataset_embedding,200,85,21,4,4,0.9835453779911467,0.9835453167722894,0.016161113593195744,0.016164997911866402,0.4151292658534918
dataset_embedding,dataset_embedding,200,86,21,4,4,0.9845161739427454,0.9845161041037953,0.014944331683353969,0.01484736282405191,0.4167314198740803
dataset_embedding,dataset_embedding,200,87,21,4,4,0.9885386625096336,0.988538646691377,0.013147816001552947,0.012937856256750053,0.417467550025947
dataset_embedding,dataset_embedding,200,88,22,4,4,0.9872627548532609,0.9872627118054811,0.07043384003517175,0.013495721823304583,0.4138735294622107
dataset_embedding,dataset_embedding,200,89,22,4,4,0.9851788843494983,0.9851788435163769,0.014538360994609097,0.01419290673062765,0.4282495673854812
dataset_embedding,dataset_embedding,200,90,22,4,4,0.9851354641833397,0.9851357150474298,0.014390315666538544,0.014439985717035947,0.413830234246884
dataset_embedding,dataset_embedding,200,91,22,4,4,0.9847665148511204,0.9847664410556075,0.01461247128815239,0.014735668706188556,0.4182902656553051
dataset_embedding,dataset_embedding,200,92,23,4,4,0.986274449584872,0.9862745371177176,0.06431420115747873,0.014045320857669729,0.4243957454624735
dataset_embedding,dataset_embedding,200,93,23,4,4,0.9850903603412635,0.985090155238118,0.015373450763139757,0.015357376628616167,0.4264742123943517
dataset_embedding,dataset_embedding,200,94,23,4,4,0.9836616555037508,0.9836614834822843,0.014877265014061078,0.015144844492192385,0.4117517612667095
dataset_embedding,dataset_embedding,200,95,23,4,4,0.9847949001395566,0.9847948648874071,0.014874455635408013,0.014840610341638028,0.4179438534712596
dataset_embedding,dataset_embedding,200,96,24,4,4,0.9878839837088691,0.9878839746573483,0.011979796843400517,0.012072646509554691,0.40218219387320775
dataset_embedding,dataset_embedding,200,97,24,4,4,0.9856315732262144,0.9856314466984032,0.014342026189443975,0.08021274042266782,0.4277299545670443
dataset_embedding,dataset_embedding,200,98,24,4,4,0.9850248826593448,0.9850248410542078,0.015332505004993313,0.015123104246423536,0.42513186438294914
dataset_embedding,dataset_embedding,200,99,24,4,4,0.9842251757500216,0.9842251598153278,0.014845159887020409,0.014903108608683182,0.422403884298265
dataset_embedding,dataset_embedding,500,0,0,1,4,0.9844113935600699,0.984411379967513,0.03157776891442006,0.014895977211548301,0.4280330581223725
dataset_embedding,dataset_embedding,500,1,1,1,4,0.9851267832670428,0.9851267694306526,0.014334573245277642,0.014451528134797213,0.4269072286146359
dataset_embedding,dataset_embedding,500,2,2,1,4,0.9849740885706528,0.9849740707610504,0.014691517840635547,0.014610559901163733,0.4272969434128513
dataset_embedding,dataset_embedding,500,3,3,1,4,0.9856238317958378,0.9856238192808227,0.014726508315617177,0.01460253103608345,0.4268206257617371
dataset_embedding,dataset_embedding,500,4,4,1,4,0.985022311954277,0.9850222918338084,0.014524917961763964,0.03781607019971697,0.4296785059081899
dataset_embedding,dataset_embedding,500,5,5,1,4,0.984823182676958,0.9848231727301133,0.014924343155039516,0.014939558878092882,0.4280330587961046
dataset_embedding,dataset_embedding,500,6,6,1,4,0.9858987572795674,0.9858987386621947,0.013890101943999601,0.014083329551831416,0.4285526765188347
dataset_embedding,dataset_embedding,500,7,7,1,4,0.9849001468616807,0.9849001258268922,0.014818163370531318,0.014326367336102108,0.4301548269682274
dataset_embedding,dataset_embedding,500,8,8,1,4,0.9840083235516751,0.9840083139105484,0.015268012010983255,0.015300951149770502,0.42803306222086335
dataset_embedding,dataset_embedding,500,9,9,1,4,0.9852696020328764,0.9852695855490355,0.11361784808202288,0.07462116528481084,0.4263443127642595
dataset_embedding,dataset_embedding,500,10,10,1,4,0.9845367768842499,0.9845367712778366,0.015052520708514133,0.027940442745127025,0.42946200200098844
dataset_embedding,dataset_embedding,500,11,11,1,4,0.9847046185337119,0.9847046040658828,0.047894317570288565,0.03064162890615285,0.430198129140496
dataset_embedding,dataset_embedding,500,12,12,1,4,0.9852190297727786,0.9852190177033651,0.014087757048914957,0.014248738684019104,0.42885578711397154
dataset_embedding,dataset_embedding,500,13,13,1,4,0.984599299927238,0.9845992814208123,0.014884806140402341,0.02787079577168791,0.42859597818394796
dataset_embedding,dataset_embedding,500,14,14,1,4,0.9858255222421362,0.9858255092825536,0.03027183049121999,0.04290161650444439,0.4298950204196282
dataset_embedding,dataset_embedding,500,15,15,1,4,0.9849579290400029,0.9849579168504555,0.014797371182080138,0.01488031913024385,0.4291588931436202
dataset_embedding,dataset_embedding,500,16,16,1,4,0.9843015338113908,0.9843015198022683,0.015266674550641783,0.03168473679779876,0.42985171597294114
dataset_embedding,dataset_embedding,500,17,17,1,4,0.9853145633337453,0.98531454423148,0.0293551660619102,0.014633374160029564,0.429851715282157
dataset_embedding,dataset_embedding,500,18,18,1,4,0.984699931023125,0.9846999167983539,0.014863400007476003,0.01506364016481495,0.42911559576914177
dataset_embedding,dataset_embedding,500,19,19,1,4,0.9854506663001277,0.9854506640216939,0.03478218400861619,0.02824167406214799,0.4287258815111867
dataset_embedding,dataset_embedding,500,20,20,1,4,0.9850845888198517,0.9850845687323524,0.05534333640946394,0.02926877433763129,0.42928879627939753
dataset_embedding,dataset_embedding,500,21,21,1,4,0.984465223281578,0.9844652106992147,0.015313595531576546,0.031404888042002796,0.42941870662702697
dataset_embedding,dataset_embedding,500,22,22,1,4,0.9858863620704774,0.985886351161066,0.06412479427073896,0.042917024838287604,0.428682580343433
dataset_embedding,dataset_embedding,500,23,23,1,4,0.9851116079366509,0.9851115892000863,0.10557031373356088,0.042489761395928194,0.4296785145961686
dataset_embedding,dataset_embedding,500,24,24,1,4,0.9866363264957623,0.9866363168235717,0.013677945442220807,0.05065970777943039,0.42898569207525816
dataset_embedding,dataset_embedding,500,25,25,1,4,0.9850144513241903,0.9850144402973348,0.03013217477292416,0.014693678267897761,0.4300682205087823
dataset_embedding,dataset_embedding,500,26,26,1,4,0.9848591000870711,0.9848590814891509,0.029173889210190224,0.038717228399290544,0.4285526663168345
dataset_embedding,dataset_embedding,500,27,27,1,4,0.984983049233123,0.9849830365921352,0.015793577221617425,0.014720940318082541,0.42954861421652657
dataset_embedding,dataset_embedding,500,28,28,1,4,0.9854850067658587,0.9854850065281978,0.032981842835475596,0.02743036275248873,0.4276000455704753
dataset_embedding,dataset_embedding,500,29,29,1,4,0.9856839103371925,0.985683908932635,0.08126604411012867,0.013840060318059472,0.42876918688445237
dataset_embedding,dataset_embedding,500,30,30,1,4,0.9845469875890539,0.9845469800893775,0.015033986001120825,0.030107855908588273,0.42695052719032545
dataset_embedding,dataset_embedding,500,31,31,1,4,0.9847459953663675,0.9847459909801065,0.027419158925248724,0.014685543016889582,0.42660411794532216
dataset_embedding,dataset_embedding,500,32,32,1,4,0.984863286272736,0.9848632573664191,0.029683648383398344,0.061991983374814374,0.4296785137724552
dataset_embedding,dataset_embedding,500,33,33,1,4,0.9851815136048483,0.9851815034958015,0.052853246938540585,0.01449820496310958,0.4299816209221319
dataset_embedding,dataset_embedding,500,34,34,1,4,0.9851226581194239,0.985122653848619,0.014612951863048812,0.01469076911051527,0.42487207080993167
dataset_embedding,dataset_embedding,500,35,35,1,4,0.9848161537732146,0.9848161380248748,0.01487774874687422,0.014845505481853302,0.4296352114919469
dataset_embedding,dataset_embedding,500,36,36,1,4,0.9849808560728165,0.9849808374133704,0.0664306342602039,0.015041566865870016,0.4292888002299711
dataset_embedding,dataset_embedding,500,37,37,1,4,0.9849815371721647,0.9849815177696241,0.014974685122809505,0.014898947232288557,0.42911558838284847
dataset_embedding,dataset_embedding,500,38,38,1,4,0.9849829200741553,0.9849829058973429,0.01458651958452483,0.014596050723229736,0.42954860956471996
dataset_embedding,dataset_embedding,500,39,39,1,4,0.9857363869064835,0.9857363788343261,0.04370613352587266,0.014631182271274044,0.4296785092415119
dataset_embedding,dataset_embedding,500,40,40,1,4,0.984693883521004,0.9846938834680311,0.03064442382163294,0.05189279401780433,0.42837947471587223
dataset_embedding,dataset_embedding,500,41,41,1,4,0.9845183309806512,0.9845183264362758,0.014798670848863061,0.030104835075992376,0.42660411401142617
dataset_embedding,dataset_embedding,500,42,42,1,4,0.9856397513767198,0.9856397435600207,0.02865775748133036,0.02872748086967493,0.429375402804966
dataset_embedding,dataset_embedding,500,43,43,1,4,0.9844918984793322,0.9844918837032824,0.05425975618611599,0.07938679499602767,0.42881248723982485
dataset_embedding,dataset_embedding,500,44,44,1,4,0.9845966194043277,0.9845966129297863,0.015057488985513044,0.030935369535484817,0.42660412066401104
dataset_embedding,dataset_embedding,500,45,45,1,4,0.9853701833900981,0.98537016158732,0.014437014021626634,0.01450358624162312,0.4288557883831069
dataset_embedding,dataset_embedding,500,46,46,1,4,0.9854037069769864,0.9854036870827312,0.015433504439639496,0.014197796200987257,0.42794645841907764
dataset_embedding,dataset_embedding,500,47,47,1,4,0.9859828763054536,0.9859828620818946,0.037894532489216634,0.045297276599102515,0.4268639240270661
dataset_embedding,dataset_embedding,500,48,48,1,4,0.9849625330562838,0.9849625161785115,0.08866287453360669,0.030836603430324336,0.42820626492693215
dataset_embedding,dataset_embedding,500,49,49,1,4,0.9852474634113395,0.9852474508340033,0.044625896678462576,0.014770562752153691,0.4230534091189956
dataset_embedding,dataset_embedding,500,50,50,1,4,0.9843595394330896,0.9843595266471953,0.030480549113447143,0.015365946727790162,0.4294187036877143
dataset_embedding,dataset_embedding,500,51,51,1,4,0.985457998033033,0.9854579869707318,0.014101127982651753,0.0635050696721243,0.42829286991211163
dataset_embedding,dataset_embedding,500,52,52,1,4,0.9845811640653994,0.9845811581922314,0.01509554280318132,0.015036072881789916,0.42798975163170844
dataset_embedding,dataset_embedding,500,53,53,1,4,0.9845962479885474,0.9845962450678201,0.036116677380247535,0.014469795202121485,0.424915372138231
dataset_embedding,dataset_embedding,500,54,54,1,4,0.9856458287782108,0.9856458169466591,0.014019386701750871,0.014010743517622756,0.4290289894862597
dataset_embedding,dataset_embedding,500,55,55,1,4,0.984257738632766,0.9842577268227101,0.03175443962968024,0.015018669059185747,0.42747013794716887
dataset_embedding,dataset_embedding,500,56,56,1,4,0.9847348661225594,0.9847348514551044,0.01494174087966159,0.01472756574067261,0.4266474318489948
dataset_embedding,dataset_embedding,500,57,57,1,4,0.9851898467232704,0.9851898218460969,0.014567375580915563,0.031280797919136995,0.4285093763907293
dataset_embedding,dataset_embedding,500,58,58,1,4,0.9850799080310554,0.9850799044206489,0.014672452831077282,0.014580165228379658,0.4294620063844369
dataset_embedding,dataset_embedding,500,59,59,1,4,0.9853560669557212,0.9853560644799448,0.014457805336923455,0.014465332039312502,0.4296785170414458
dataset_embedding,dataset_embedding,500,60,60,1,4,0.9847154974315389,0.9847154957491225,0.014345215790116751,0.01432056275264389,0.42846608147332244
dataset_embedding,dataset_embedding,500,61,61,1,4,0.9848015744593266,0.9848015683257055,0.014791065216614597,0.014778498868782167,0.4295919019169403
dataset_embedding,dataset_embedding,500,62,62,1,4,0.9860412127273271,0.9860412058584499,0.014160572562255985,0.031026106954869855,0.4299383211469163
dataset_embedding,dataset_embedding,500,63,63,1,4,0.9855970694595669,0.9855970572961974,0.02550045315498417,0.03615690968684002,0.4259978986023384
dataset_embedding,dataset_embedding,500,64,64,1,4,0.9848267973467992,0.9848267980653752,0.07094307702055495,0.014325998703045418,0.42712373790446234
dataset_embedding,dataset_embedding,500,65,65,1,4,0.9854386166092152,0.9854386004723235,0.04107113200095234,0.05297608279635551,0.4295919081332129
dataset_embedding,dataset_embedding,500,66,66,1,4,0.9850568610955126,0.9850568467470937,0.014585946001410867,0.014578384211639189,0.427253627493812
dataset_embedding,dataset_embedding,500,67,67,1,4,0.985203551374338,0.9852035346474342,0.08152034072635483,0.014741105368680703,0.4249153685428934
dataset_embedding,dataset_embedding,500,68,68,1,4,0.985038585420115,0.9850385697536153,0.01467591152247398,0.014667926436990884,0.4293754034049312
dataset_embedding,dataset_embedding,500,69,69,1,4,0.9853657686545668,0.9853657608238423,0.014252626733007014,0.014243935750876208,0.4299383207431381
dataset_embedding,dataset_embedding,500,70,70,1,4,0.9853594785560565,0.9853594616845015,0.029194688803394375,0.06160678881336447,0.42803306329758556
dataset_embedding,dataset_embedding,500,71,71,1,4,0.985142041665814,0.985142035410419,0.014584722217764644,0.014509233510329112,0.4265175172234383
dataset_embedding,dataset_embedding,500,72,72,1,4,0.9852041251866878,0.9852041054241982,0.05316469509350859,0.05488090435660582,0.4292021991821427
dataset_embedding,dataset_embedding,500,73,73,1,4,0.984542581318033,0.9845425577251243,0.015216712846423425,0.015101051857948501,0.4291588963709946
dataset_embedding,dataset_embedding,500,74,74,1,4,0.9850198458038819,0.9850198333053636,0.014923228100629671,0.01480310344917642,0.427600040028975
dataset_embedding,dataset_embedding,500,75,75,1,4,0.9842760908681311,0.9842760849914661,0.015088398594412862,0.015245158718392458,0.4245689500571148
dataset_embedding,dataset_embedding,500,76,76,1,4,0.9854302743006269,0.9854302549617987,0.014622619873931895,0.04600369297901701,0.42963521620370176
dataset_embedding,dataset_embedding,500,77,77,1,4,0.9848150977714005,0.9848150883943685,0.02990923328491709,0.03015995175350904,0.42742684541551357
dataset_embedding,dataset_embedding,500,78,78,1,4,0.985087161342029,0.9850871501449097,0.014395076555137935,0.01446805289512815,0.42980840998359726
dataset_embedding,dataset_embedding,500,79,79,1,4,0.985245585389878,0.9852455764429927,0.036882790207470914,0.036503154276256056,0.42924549575724125
dataset_embedding,dataset_embedding,500,80,80,1,4,0.985072081674956,0.9850720851865044,0.05233899145334284,0.036560708774210034,0.42837946882372285
dataset_embedding,dataset_embedding,500,81,81,1,4,0.9838440343553271,0.9838440216382055,0.01553138632741435,0.015417042864036237,0.4250019680808606
dataset_embedding,dataset_embedding,500,82,82,1,4,0.9846679537630942,0.9846679399838913,0.02970679263969595,0.03648464110421783,0.42972181832799017
dataset_embedding,dataset_embedding,500,83,83,1,4,0.9846829197638206,0.9846829056481211,0.054772342222149724,0.02776366957123751,0.4295053128805556
dataset_embedding,dataset_embedding,500,84,84,1,4,0.9849561268275768,0.9849561192799642,0.014848682111585503,0.01460006228585204,0.42920220075603766
dataset_embedding,dataset_embedding,500,85,85,1,4,0.9839543151650706,0.9839542958960869,0.015615668468510693,0.015635301898966825,0.4298517201341828
dataset_embedding,dataset_embedding,500,86,86,1,4,0.9846981918186151,0.9846981700907766,0.07605610720676094,0.014900090808912098,0.42941870398263293
dataset_embedding,dataset_embedding,500,87,87,1,4,0.9851451244847247,0.9851451025035716,0.0450666547172566,0.01446672198189482,0.42664741612256174
dataset_embedding,dataset_embedding,500,88,88,1,4,0.9850668466430973,0.9850668398723152,0.01452291534137651,0.01461071114666865,0.4291589003943083
dataset_embedding,dataset_embedding,500,89,89,1,4,0.9848412417562035,0.984841232871306,0.06571316248442242,0.014868640094727298,0.4287691819301668
dataset_embedding,dataset_embedding,500,90,90,1,4,0.9852076278094671,0.9852076260577963,0.014474628969502907,0.014527219564567012,0.42946200224835696
dataset_embedding,dataset_embedding,500,91,91,1,4,0.9851194616043708,0.9851194465072834,0.014482748776665324,0.014423261040675163,0.4285093739708069
dataset_embedding,dataset_embedding,500,92,92,1,4,0.9848234210864495,0.9848234100679988,0.014667458379179767,0.014659322537517455,0.4270804301943361
dataset_embedding,dataset_embedding,500,93,93,1,4,0.9845430464033188,0.9845430367867711,0.014817915525209158,0.015048337616183209,0.42725363543547673
dataset_embedding,dataset_embedding,500,94,94,1,4,0.9847945253214567,0.9847945121643229,0.014837893101046183,0.014870208322754229,0.4292887979580607
dataset_embedding,dataset_embedding,500,95,95,1,4,0.98500432747493,0.9850043063367074,0.07218947067790862,0.05388153084890459,0.42933210101246816
dataset_embedding,dataset_embedding,500,96,96,1,4,0.9841217460370856,0.9841217164721143,0.01545686272760531,0.015572887747554373,0.4301548249017482
dataset_embedding,dataset_embedding,500,97,97,1,4,0.9849176576077651,0.984917646741782,0.015016963753176541,0.01490971372526877,0.4292454953341614
dataset_embedding,dataset_embedding,500,98,98,1,4,0.9853593317242874,0.9853593174113746,0.014196814065283572,0.014396991270185825,0.4291155966672827
dataset_embedding,dataset_embedding,500,99,99,1,4,0.9851526039055053,0.9851525905157873,0.01482266988920547,0.014894142455148161,0.428942384672112
functional_last,functional,5,0,0,199,4,0.7052794435886044,0.9875849602602569,0.017618206918985066,0.00935970895932707,0.06521171078909369
functional_last,functional,5,1,0,199,4,0.9652704801233336,0.9922447077095315,0.0369194039858516,0.027639867518806836,0.16636348030975623
functional_last,functional,5,2,0,199,4,0.7891130389337921,0.7237204107019105,0.09770384891360487,0.19087800871412863,0.08920061292196439
functional_last,functional,5,3,0,199,4,0.9966417579491912,0.997214003172029,0.027423552247116664,0.05754857069325682,0.05360697093271962
functional_last,functional,5,4,0,199,4,0.7563240103419214,0.9188943659518528,0.17684833414647874,0.15568375359350584,0.04624575649087116
functional_last,functional,5,5,0,199,4,0.8173416579334426,0.9033294983560155,0.09643353576113829,0.07163345306602423,0.14518916135380774
functional_last,functional,5,6,0,199,4,0.847144759274308,0.851311225118441,0.0189156101458105,0.16859243630698578,0.08235901474382079
functional_last,functional,5,7,0,199,4,0.952227177631795,0.98621219403628,0.07464588719177707,0.029237028104505167,0.16978427333994073
functional_last,functional,5,8,0,199,4,0.9573443805947317,0.9918635044990073,0.02495588609885488,0.020103382163425984,0.15796302805028617
functional_last,functional,5,9,0,199,4,0.9954210151968256,0.9977191430261665,0.014707205661559081,0.031233632950273742,0.03611325938943514
functional_last,functional,5,10,0,199,4,0.7936727057290048,0.8900879182681721,0.04088862722903774,0.04786520587719891,0.11072134706842486
functional_last,functional,5,11,0,199,4,0.7927996423021749,0.7913327949693326,0.16613076560814236,0.12063140519423816,0.1053952906176277
functional_last,functional,5,12,0,199,4,0.8049347629526536,0.8650675286354556,0.10892352798532098,0.10663216848075599,0.09171208915790033
functional_last,functional,5,13,0,199,4,0.9507855042615373,0.6555425844286815,0.02157313753753407,0.037993236029949654,0.13661550864784094
functional_last,functional,5,14,0,199,4,0.5034027376840076,0.6117091462166271,0.16354556868547868,0.04989734368357005,0.1571836086469075
functional_last,functional,5,15,0,199,4,0.594376721721074,0.6840092332262045,0.10795830089840937,0.16906014985267517,0.026543677508971276
functional_last,functional,5,16,0,199,4,0.6854822669516135,0.9137556312800252,0.05170408058669195,0.04167883499780719,0.18177872842585027
functional_last,functional,5,17,0,199,4,0.5294784907361035,0.5937800752484758,0.0625411420196177,0.17104622218557983,0.2808087310664014
functional_last,functional,5,18,0,199,4,0.8075437205614397,0.9218537569942703,0.06485359842537573,0.054606737915867655,0.079890838392095
functional_last,functional,5,19,0,199,4,0.08141552259587076,0.747801219561542,0.26470956023240516,0.2368541202705457,0.053000754206495804
functional_last,functional,5,20,0,199,4,0.8354525356824376,0.9876973517958901,0.10843828284080981,0.05534948461601292,0.14865325242987337
functional_last,functional,5,21,0,199,4,0.7640596475731131,0.6502061098946913,0.0696322674756447,0.0849724437157989,0.04654886263427471
functional_last,functional,5,22,0,199,4,0.384497286446354,0.9920847755212348,0.616406011462176,0.6122173494941944,0.02143412818720649
functional_last,functional,5,23,0,199,4,0.6430408206999482,0.8543082884224654,0.16190604511383075,0.2393561485350635,0.03615655985649689
functional_last,functional,5,24,0,199,4,0.6689746706368008,0.9719863730892458,0.06732205286073849,0.014725100585846447,0.10812327043634695
functional_last,functional,5,25,0,199,4,0.7039710458342668,0.7023078670094749,0.09103980895177871,0.23840633294208893,0.04754479300380167
functional_last,functional,5,26,0,199,4,0.9953887572643565,0.9957620679849323,0.0842324603868976,0.08732191306806025,0.12799855536525262
functional_last,functional,5,27,0,199,4,0.8400730149124855,0.9536043070671762,0.05691924595592479,0.033378232430358805,0.1279985572368527
functional_last,functional,5,28,0,199,4,0.9917240374256459,0.9937683489673401,0.0697795606530813,0.0479558601047347,0.10041564097643399
functional_last,functional,5,29,0,199,4,0.9667820870830165,0.9784921594524829,0.05668067022408658,0.028340656441178842,0.12730572878009017
functional_last,functional,5,30,0,199,4,0.9872191140693541,0.98361965991266,0.018499243354558936,0.03327004836783713,0.13943008902564774
functional_last,functional,5,31,0,199,4,0.7872813625933925,0.9473917071975597,0.07677226700449671,0.0840799641558137,0.04511992247083232
functional_last,functional,5,32,0,199,4,0.6965252353979193,0.8214699507224896,0.12406798474751261,0.15248291652173934,0.037672104100682335
functional_last,functional,5,33,0,199,4,0.9124648709892709,0.8612304315330115,0.009135221779340496,0.0302761015015848,0.1115440727155946
functional_last,functional,5,34,0,199,4,0.9695321710839824,0.983825604732579,0.1854232454531022,0.09328194550519565,0.08989343681426917
functional_last,functional,5,35,0,199,4,0.5838965952193773,0.9893753116484328,0.06784032099705448,0.0838396970879472,0.11487826829767034
functional_last,functional,5,36,0,199,4,0.7840987703500012,0.7931327199257515,0.0790826817845516,0.2750965984585324,0.08383125942226412
functional_last,functional,5,37,0,199,4,0.7502784007926481,0.9966608863591581,0.25449142312077655,0.36657505766939613,0.010175798967712296
functional_last,functional,5,38,0,199,4,0.8172838146434991,0.9731018970249389,0.010272670094970005,0.03316181638778904,0.1704771014993295
functional_last,functional,5,39,0,199,4,0.7801160882670091,0.8757503056601603,0.060334067467444866,0.3363133594493349,0.09560920235844178
functional_last,functional,5,40,0,199,4,0.9124834655853534,0.9175449873322575,0.04530818038831111,0.07160848410953026,0.1425044780324497
functional_last,functional,5,41,0,199,4,0.6484071852243739,0.38500346142754516,0.14449290606110532,0.1834921367446739,0.157313521388631
functional_last,functional,5,42,0,199,4,0.912273413785566,0.9326198829647072,0.09770467473390532,0.1314911869126383,0.10998522777747377
functional_last,functional,5,43,0,199,4,0.8162741458651844,0.9691125675852208,0.06308129675492301,0.13552831965378284,0.0948297808898254
functional_last,functional,5,44,0,199,4,0.7192284610894443,0.7159628201805375,0.05766634617289787,0.11973370657876994,0.17052039683135892
functional_last,functional,5,45,0,199,4,0.5416279675280076,0.6796438182053757,0.06546905311508981,0.1349034555180662,0.1255303841810984
functional_last,functional,5,46,0,199,4,0.627130441814229,0.9454012873269513,0.18531948192142603,0.18897924213306921,0.01619467399126759
functional_last,functional,5,47,0,199,4,0.42146179975322573,0.4501952896261994,0.49623295681544416,0.5125659213754347,0.04377758282846718
functional_last,functional,5,48,0,199,4,0.99739538674071,0.9979527833858216,0.06346716792578457,0.08267710359075696,0.03754220223205356
functional_last,functional,5,49,0,199,4,0.8721573567584824,0.9958550395869445,0.021498314953655555,0.006177747934263541,0.16203334975281297
functional_last,functional,5,50,0,199,4,0.8007732038801565,0.9840855862386679,0.053413385526245236,0.0459451099667137,0.09621542516248796
functional_last,functional,5,51,0,199,4,0.8941132847025705,0.9938810637796442,0.02173778954927117,0.021664938722317787,0.21347525933838812
functional_last,functional,5,52,0,199,4,0.7677015725495592,0.7094502442362901,0.124895109655105,0.2336303015314016,0.10305702047531434
functional_last,functional,5,53,0,199,4,0.7085030595010836,0.7886299927041825,0.20372961293866443,0.17367097842800122,0.09366064602961327
functional_last,functional,5,54,0,199,4,0.824022753598917,0.9845631958556158,0.09656556870612426,0.12117949521016247,0.11344932482545424
functional_last,functional,5,55,0,199,4,0.9427459159618269,0.9499668606912169,0.01523601988920694,0.020839995760078715,0.07569061743512406
functional_last,functional,5,56,0,199,4,0.7745601855425187,0.8770220056477868,0.30640821616558483,0.3370945258068884,0.14588197191985172
functional_last,functional,5,57,0,199,4,0.8508122439935967,0.6248429056293954,0.17692658110834905,0.25617661853175355,0.1151380796307002
functional_last,functional,5,58,0,199,4,0.7284573411827909,0.9487412084141028,0.0412661602514096,0.13852525869562263,0.11180387793873095
functional_last,functional,5,59,0,199,4,0.6627421773936543,0.7697442842713155,0.20847672165925202,0.14469249752563382,0.08885420561489758
functional_last,functional,5,60,0,199,4,0.5735651387897281,0.6734810667342989,0.15829323275857543,0.13670924048841546,0.11375243968371898
functional_last,functional,5,61,0,199,4,0.9949495387189302,0.9990332203655607,0.07350697789086441,0.06763345840920505,0.07395856695554848
functional_last,functional,5,62,0,199,4,0.8733731802232378,0.9298644628797128,0.0666375871673622,0.1533179600526235,0.08729536682847878
functional_last,functional,5,63,0,199,4,0.6687814879782907,0.991748101276721,0.06917415751692992,0.035733224504514875,0.024378615347187774
functional_last,functional,5,64,0,199,4,0.7169537606369137,0.6910094267958502,0.21744864043256126,0.3808910284146848,0.045033322914671416
functional_last,functional,5,65,0,199,4,0.820905703951791,0.836669447819137,0.0772717110804724,0.4223977710407286,0.13700522089305608
functional_last,functional,5,66,0,199,4,0.6320379874472125,0.9946066791169191,0.1401562581892302,0.19848327332639096,0.04815101310103594
functional_last,functional,5,67,0,199,4,0.4682867686429827,0.9766718445669749,0.0662459361066341,0.05533999903240852,0.15696709698279046
functional_last,functional,5,68,0,199,4,0.7135966274377525,0.8855800882357886,0.15574512530960705,0.17062527884895756,0.016887495857046617
functional_last,functional,5,69,0,199,4,0.8362753962967556,0.7860109550903858,0.06426467820658605,0.16790153600724642,0.11323282501246035
functional_last,functional,5,70,0,199,4,0.8232587193699414,0.9260820218283068,0.13212603013322105,0.03965402656660952,0.07595043297094939
functional_last,functional,5,71,0,199,4,0.7417455326332641,0.8134838754560626,0.09054966750362214,0.09699458007696884,0.09097596856160613
functional_last,functional,5,72,0,199,4,0.43014183125185373,0.9826744563457398,0.36463636449590964,0.19963045228348736,0.03247595175307938
functional_last,functional,5,73,0,199,4,0.8805881649768024,0.9991608926671206,0.0243156497437662,0.00535105226002236,0.0992465110715261
functional_last,functional,5,74,0,199,4,0.40032927876483093,0.6122948663908012,0.25322896123787886,0.35327275041527784,0.10799337038700292
functional_last,functional,5,75,0,199,4,0.7220956053737763,0.7765890522984662,0.08032693943101865,0.3744375634742906,0.14181165862097767
functional_last,functional,5,76,0,199,4,0.9623222048406602,0.9797503376454066,0.014615016649183755,0.022047487180307697,0.19446600527434665
functional_last,functional,5,77,0,199,4,0.6591160445169101,0.754812057363745,0.23531231108764383,0.2132874523376408,0.09543599574800077
functional_last,functional,5,78,0,199,4,0.7254829868534401,0.7423855970661357,0.09331291346438117,0.08044708144935665,0.1691780600454913
functional_last,functional,5,79,0,199,4,0.8589503907400862,0.9989253326899844,0.029320714735948845,0.03595920234460849,0.043994091733705505
functional_last,functional,5,80,0,199,4,0.8905861816027538,0.8257461423939434,0.04159199540927397,0.03986162445425688,0.1400363042923351
functional_last,functional,5,81,0,199,4,0.8024078329628068,0.9629390155533547,0.0696312258881438,0.02333570203975866,0.045033319126690466
functional_last,functional,5,82,0,199,4,0.960803539462725,0.9843986673999702,0.00855891284650796,0.02082918168332535,0.06070837736490238
functional_last,functional,5,83,0,199,4,0.831748593773046,0.745957037168984,0.05216100789077581,0.1270848867203306,0.05629165006333167
functional_last,functional,5,84,0,199,4,0.8983236600617563,0.9355420087024098,0.07141088629872154,0.060503402944108144,0.10444266125489654
functional_last,functional,5,85,0,199,4,0.7782396616779698,0.9858448710368652,0.01855031348473446,0.0032340506670764974,0.16584386809558158
functional_last,functional,5,86,0,199,4,0.8848919534618129,0.939281749391328,0.053613873567771794,0.05155155331596839,0.09560920116259461
functional_last,functional,5,87,0,199,4,0.42745260879919544,0.4125585553308442,0.16582577415436403,0.12280248052132968,0.07963103496482905
functional_last,functional,5,88,0,199,4,0.8950579920179588,0.9936964780326506,0.004782201613539681,0.0032856011388631796,0.05789380017664733
functional_last,functional,5,89,0,199,4,0.7155878400949701,0.7888667191154676,0.12113918455678678,0.1450319821444358,0.13215547133723096
functional_last,functional,5,90,0,199,4,0.6924226571763702,0.4222894568542946,0.1141591979115687,0.32584921533803146,0.07192340501741618
functional_last,functional,5,91,0,199,4,0.9763191466583275,0.9949919494088073,0.028607600019077865,0.009264454862882514,0.08794487665821327
functional_last,functional,5,92,0,199,4,0.6381655241562313,0.24815584165016075,0.06154364248841715,0.21365277300504393,0.09993932881950772
functional_last,functional,5,93,0,199,4,0.7474114447139019,0.8322507688738716,0.085688668538744,0.07690014001962908,0.2055944307925908
functional_last,functional,5,94,0,199,4,0.8459214253091218,0.9074593817592299,0.15685238362886392,0.14790878937710378,0.030743901818063454
functional_last,functional,5,95,0,199,4,0.8264333044367891,0.9734153329220805,0.06498644748953213,0.06651376229220413,0.10076205597639804
functional_last,functional,5,96,0,199,4,0.9003287979865995,0.9887715369499864,0.08517035690994415,0.021538279237247143,0.10491897498955483
functional_last,functional,5,97,0,199,4,0.775023326705626,0.9623218594918644,0.2384452721267351,0.23762687934793578,0.061747609853953396
functional_last,functional,5,98,0,199,4,0.9348441802788204,0.935717065343112,0.04671268697727928,0.08700356455718644,0.10024244327174017
functional_last,functional,5,99,0,199,4,0.6968463215853369,0.8257289507760103,0.07141239360788701,0.04895090730405089,0.08963362981692818
functional_last,functional,10,0,0,99,4,0.9228178285663705,0.9474688897138899,0.05562363277420327,0.05231804428217859,0.22295823792949226
functional_last,functional,10,1,0,99,4,0.9092246100876187,0.9062399909446586,0.05889723752379943,0.06480253163362902,0.1989693339687249
functional_last,functional,10,2,0,99,4,0.8305854383460509,0.8765380423647632,0.07540776665723951,0.27767003927686434,0.21854151193203708
functional_last,functional,10,3,0,99,4,0.8945381161129714,0.9048583048188059,0.03809235591376792,0.04965759053400941,0.25552078585575055
functional_last,functional,10,4,0,99,4,0.9744625835429439,0.9781247892286393,0.047950573415188685,0.04729689765953157,0.17614956410704324
functional_last,functional,10,5,0,99,4,0.8096313995613591,0.8333025217532536,0.09072493175784913,0.08417676574187388,0.17372469181419647
functional_last,functional,10,6,0,99,4,0.8514435599976224,0.8547905293003346,0.07806698382730509,0.09004730206991227,0.30743900713551453
functional_last,functional,10,7,0,99,4,0.7081794810691628,0.76630869970312,0.3372834924113357,0.5510348696466009,0.17147302580083926
functional_last,functional,10,8,0,99,4,0.8810695324141363,0.9203718279869024,0.04112810946598732,0.05265174285424205,0.3193035587183002
functional_last,functional,10,9,0,99,4,0.7004153213916658,0.7546748976267322,0.46692664199342443,0.21519238258112172,0.15319988797738468
functional_last,functional,10,10,0,99,4,0.8635939502754412,0.8922220962620895,0.24038464641008658,0.30636669388958476,0.19827650870456612
functional_last,functional,10,11,0,99,4,0.6957463613045821,0.7760341063734324,0.3346787686377784,0.37604029233665687,0.06209402399501402
functional_last,functional,10,12,0,99,4,0.7922637410061057,0.8359672795542166,0.10745440010481351,0.09956119698414406,0.1736380886504333
functional_last,functional,10,13,0,99,4,0.9070224118225638,0.9153593250643974,0.026996284368259123,0.4531197153534113,0.25274951718049965
functional_last,functional,10,14,0,99,4,0.87873747647251,0.8867325431555114,0.12195607970051497,0.15118854491493486,0.1859356443661875
functional_last,functional,10,15,0,99,4,0.8365466276028883,0.8390319950482521,0.12584857253996878,0.12830205920886836,0.20594084121132283
functional_last,functional,10,16,0,99,4,0.8129755529494528,0.8281726733384835,0.09285550132723283,0.14284366463877415,0.1505152144400359
functional_last,functional,10,17,0,99,4,0.6709545790203598,0.6917942378537743,0.1356129408912429,0.3334931133117867,0.18615215896930337
functional_last,functional,10,18,0,99,4,0.8539044855189349,0.8692213589665626,0.19347988618379278,0.26784159508348815,0.161427133882577
functional_last,functional,10,19,0,99,4,0.8765198995320841,0.9280270574080564,0.023360138476037382,0.044645439254330635,0.22317473967498516
functional_last,functional,10,20,0,99,4,0.8877232077859049,0.8961552099432514,0.1140497650840007,0.14352109858676967,0.22542641411158196
functional_last,functional,10,21,0,99,4,0.9024449086945251,0.916443420522856,0.12642693327058163,0.12684390676131155,0.21282574481437724
functional_last,functional,10,22,0,99,4,0.7962299722309385,0.826692991999311,0.09733538966716501,0.11437568785557205,0.2579889616440838
functional_last,functional,10,23,0,99,4,0.6830708845847903,0.7537948426825978,0.5011876219272005,0.5061777594338785,0.10063214681596792
functional_last,functional,10,24,0,99,4,0.8777606730058595,0.8985757102847974,0.11074866425145195,0.11468670259654717,0.18641196257898246
functional_last,functional,10,25,0,99,4,0.9227692788393338,0.9768156222004772,0.03188517566561726,0.03373193932281131,0.2692905973242032
functional_last,functional,10,26,0,99,4,0.8714657034368298,0.8910274485183848,0.3789024529301701,0.3891561811359591,0.1585259472459197
functional_last,functional,10,27,0,99,4,0.8040547974098001,0.8155506209619199,0.23099774772468543,0.2496749206102337,0.15605777229370843
functional_last,functional,10,28,0,99,4,0.83362804234423,0.8479457274074516,0.08738920000521479,0.11235627153264043,0.2285440981535244
functional_last,functional,10,29,0,99,4,0.8313112184200209,0.8912155525862471,0.17830595897653764,0.15027585634444268,0.19082869581010248
functional_last,functional,10,30,0,99,4,0.8215133910569041,0.8333638285496006,0.37894135145893126,0.3533829929654304,0.16047450944707994
functional_last,functional,10,31,0,99,4,0.8087778581365107,0.8566303916113925,0.4843989612879352,0.13191430014089026,0.15198746150871026
functional_last,functional,10,32,0,99,4,0.8501122691605622,0.858291589764056,0.03479632875426211,0.18166593178950713,0.1804796964877917
functional_last,functional,10,33,0,99,4,0.844559664717749,0.9234873203718126,0.08361205579861974,0.11422315915904993,0.20303964964743687
functional_last,functional,10,34,0,99,4,0.739074669656886,0.7511442605755649,0.2448988470071261,0.09779669238116162,0.22546971800735915
functional_last,functional,10,35,0,99,4,0.9019534573221694,0.9305462879974424,0.058841169832616946,0.0265540368441588,0.19234424602479686
functional_last,functional,10,36,0,99,4,0.9154380514435191,0.9794740259397565,0.02601127830985242,0.06172383973630656,0.21693936325154034
functional_last,functional,10,37,0,99,4,0.7422728248481633,0.7807205382559176,0.3269861212452423,0.3724311119095166,0.1797435735152395
functional_last,functional,10,38,0,99,4,0.9137260916931496,0.9299916614935608,0.06756278976966215,0.07157754643472308,0.2582920738503251
functional_last,functional,10,39,0,99,4,0.8898161200771793,0.9384073888976658,0.07622472448251326,0.06468958083256642,0.2048150047566659
functional_last,functional,10,40,0,99,4,0.9234531595973354,0.9473133799660464,0.04016696882589034,0.04147527804342997,0.26924728552194255
functional_last,functional,10,41,0,99,4,0.9452061641775746,0.9498269533499732,0.0493051850702941,0.0776488016634489,0.2186714078154971
functional_last,functional,10,42,0,99,4,0.8692176690367348,0.9169944978030762,0.2824209210273836,0.10620248640888283,0.23434647136022718
functional_last,functional,10,43,0,99,4,0.8612972763895606,0.8916834929567701,0.07471637482356736,0.09946271911844153,0.13535976895827817
functional_last,functional,10,44,0,99,4,0.8594526743085626,0.8890757164804769,0.12029648862027255,0.13090083841221137,0.17493712886257767
functional_last,functional,10,45,0,99,4,0.956912268776005,0.9724482836792991,0.1895302581482648,0.17396363041846338,0.16233645770391514
functional_last,functional,10,46,0,99,4,0.7861572452424661,0.8182720836291999,0.11947120987770209,0.20018627918725151,0.29250007852273
functional_last,functional,10,47,0,99,4,0.8783367023647507,0.9053262633717398,0.06955971643649095,0.10010784530798394,0.20503151119364743
functional_last,functional,10,48,0,99,4,0.9289921510432657,0.9650438960851749,0.12414492120242204,0.12361955860846435,0.14484274614371695
functional_last,functional,10,49,0,99,4,0.8778469454360472,0.8928124345700351,0.12875761417542447,0.1070499702588087,0.1480470429866748
functional_last,functional,10,50,0,99,4,0.8779920646738207,0.9153641488921116,0.028068073618592447,0.03655908076976557,0.2537887397241777
functional_last,functional,10,51,0,99,4,0.903548934392033,0.935291205378653,0.3036648970144674,0.2930922608777017,0.1443664342418086
functional_last,functional,10,52,0,99,4,0.9176564501694016,0.9527801558124497,0.020717703829281314,0.04075653844066056,0.2617128652069168
functional_last,functional,10,53,0,99,4,0.8020208566630397,0.8303635868799427,0.1479641792996603,0.13265590250404047,0.15068841868094796
functional_last,functional,10,54,0,99,4,0.8952949781686746,0.9087676538791992,0.11928357629542398,0.1716255917044785,0.26327171536307237
functional_last,functional,10,55,0,99,4,0.8431357298345324,0.8887237168992651,0.13303211013056762,0.15880276621581085,0.19364327582687949
functional_last,functional,10,56,0,99,4,0.8902417870608035,0.9248838806504271,0.03229477098009113,0.10848566257582244,0.2731444141545642
functional_last,functional,10,57,0,99,4,0.8543372058415266,0.8615804997050842,0.1181445372957306,0.14645680217943197,0.20403558116469778
functional_last,functional,10,58,0,99,4,0.9102201566117331,0.9124296861763908,0.060726723511576985,0.21551092218627038,0.24092827268282888
functional_last,functional,10,59,0,99,4,0.829183198700225,0.8818635959738097,0.1222145464962883,0.17409905965076677,0.18983277286036818
functional_last,functional,10,60,0,99,4,0.9593597773447544,0.9750056002184303,0.02922797083286685,0.016770184442804262,0.3285267227851788
functional_last,functional,10,61,0,99,4,0.8752814899098409,0.8755306590676162,0.03995929098840531,0.07200197297036381,0.23988903726075536
functional_last,functional,10,62,0,99,4,0.9125892160233575,0.930159259412658,0.07091388341431872,0.12848239621270388,0.22074986505280594
functional_last,functional,10,63,0,99,4,0.8272449730927656,0.8703995044248393,0.06132959252059109,0.06907165289915043,0.13878056486300516
functional_last,functional,10,64,0,99,4,0.9056214461678823,0.9356989486655183,0.07290899915575469,0.1009752713825697,0.22157259113142896
functional_last,functional,10,65,0,99,4,0.8392940962671418,0.8753720536388059,0.04000907467582724,0.09884169233836555,0.30800193469306036
functional_last,functional,10,66,0,99,4,0.8785490063892064,0.898027658931847,0.1252544896457599,0.10066225162024045,0.1808261103077404
functional_last,functional,10,67,0,99,4,0.8970681324735249,0.8940459238897693,0.048237135404678215,0.04632111824887674,0.16839863800964472
functional_last,functional,10,68,0,99,4,0.9604086395766479,0.9642775853955124,0.06240889487513433,0.09338876291596124,0.06477869758645456
functional_last,functional,10,69,0,99,4,0.8577698774250223,0.8850300821413278,0.08210199055598075,0.08135020744629486,0.24006224390038391
functional_last,functional,10,70,0,99,4,0.9675788050098408,0.9865009850371832,0.042625964193748485,0.14324258598606163,0.17775170804783755
functional_last,functional,10,71,0,99,4,0.9173037143567987,0.9489187349302783,0.05777245640544219,0.04876728846984989,0.19178132473383924
functional_last,functional,10,72,0,99,4,0.8024856318150468,0.8154184533143839,0.18672421663200944,0.19778156376203662,0.2999912058745473
functional_last,functional,10,73,0,99,4,0.8365824559373719,0.8395725053914455,0.07388099877582181,0.10026922082941292,0.3086947428177156
functional_last,functional,10,74,0,99,4,0.939111849403548,0.976835282913173,0.026735045185010225,0.026507210324963223,0.18970286505906578
functional_last,functional,10,75,0,99,4,0.8950253639307475,0.9466538172447909,0.09176330736009862,0.09716851133936429,0.23949932252950742
functional_last,functional,10,76,0,99,4,0.8882283896485738,0.9183773488998446,0.10603717296353703,0.1167706172802414,0.3505670686536262
functional_last,functional,10,77,0,99,4,0.8637893440946551,0.9282434108696986,0.10283405035627496,0.10992992073575747,0.1996188494418328
functional_last,functional,10,78,0,99,4,0.9193335103888245,0.9332629919988639,0.058406105663672506,0.059123630503548706,0.22962663529181443
functional_last,functional,10,79,0,99,4,0.8100715562081491,0.803849639196323,0.22973350824157998,0.25414444246796086,0.17502373145411454
functional_last,functional,10,80,0,99,4,0.8955397981382948,0.9669255130125872,0.11524010129902426,0.17868627427001077,0.17017398935512448
functional_last,functional,10,81,0,99,4,0.9498291522872778,0.9670844145428072,0.029632486158393607,0.02816541275258097,0.13921357949382152
functional_last,functional,10,82,0,99,4,0.9247050762980058,0.9430143766298725,0.019162952255013552,0.06908499939197237,0.3212521174728358
functional_last,functional,10,83,0,99,4,0.7901265210461837,0.8416593931342761,0.06010404838901641,0.16437459286052708,0.2107039904483011
functional_last,functional,10,84,0,99,4,0.8672810601554898,0.8800614305113071,0.0698319859376436,0.07064713856999046,0.3175282121854782
functional_last,functional,10,85,0,99,4,0.8180784790852581,0.8752330233744346,0.05586463400094736,0.1031584100146732,0.276392005942934
functional_last,functional,10,86,0,99,4,0.871415502255276,0.9260549726620141,0.10240016123237837,0.05365428269182715,0.21633314170762702
functional_last,functional,10,87,0,99,4,0.9094357075930107,0.9382672104335821,0.254964007003432,0.10936234707700633,0.10344673763364358
functional_last,functional,10,88,0,99,4,0.9061632084121486,0.9271637283561021,0.012496749703363704,0.03515913267832747,0.2683379679425612
functional_last,functional,10,89,0,99,4,0.805708488285636,0.8182486900380274,0.03865400474156722,0.07633506673892453,0.25950451545376557
functional_last,functional,10,90,0,99,4,0.7831749569506008,0.8290652493996852,0.5020145468566952,0.4668449211670492,0.1406425225808392
functional_last,functional,10,91,0,99,4,0.9288556380516471,0.9345958368368115,0.01453104576322887,0.0625481794407069,0.3636007594807221
functional_last,functional,10,92,0,99,4,0.8972403798368666,0.9359257859805169,0.07113754178741453,0.05637550904533531,0.14765732356517303
functional_last,functional,10,93,0,99,4,0.9314344372897346,0.9519095592897665,0.06097034851772154,0.039234829774109074,0.24118807281879573
functional_last,functional,10,94,0,99,4,0.7749685705408462,0.7980336900933293,0.2446483782471647,0.22200344511896464,0.12929759108208144
functional_last,functional,10,95,0,99,4,0.8735541645183003,0.9195003781478563,0.288596728672671,0.2696951427018599,0.17485052074509597
functional_last,functional,10,96,0,99,4,0.9015062387150649,0.9542303284873864,0.11504004184004411,0.12462833564454025,0.20615734505002187
functional_last,functional,10,97,0,99,4,0.8692098016190336,0.9282774620831438,0.22614019433312954,0.21059311974417189,0.18740789588102935
functional_last,functional,10,98,0,99,4,0.8682492026126793,0.8991281020590095,0.19184910587458603,0.2524853317458876,0.1913916124110917
functional_last,functional,10,99,1,99,4,0.9176938884867674,0.9364070245488264,0.043788212556901865,0.06895269178640741,0.2540918533368539
functional_last,functional,20,0,0,49,4,0.897174216021121,0.9016703937430512,0.07694739368028669,0.0835044936027374,0.2744867478274815
functional_last,functional,20,1,0,49,4,0.8621174841635562,0.8690034190720248,0.039933679889734744,0.04097739175913191,0.3132846845378849
functional_last,functional,20,2,0,49,4,0.8922111631324261,0.8961339208414781,0.05407970451003474,0.06738026175555592,0.2464708250001702
functional_last,functional,20,3,0,49,4,0.8489496278392993,0.8559265423901606,0.16605897555634186,0.18573659866556202,0.3359312332686788
functional_last,functional,20,4,0,49,4,0.8649968514872345,0.8777231630041306,0.07961753842300748,0.08067387863749163,0.3193035587183002
functional_last,functional,20,5,0,49,4,0.8256607592455601,0.8396926271630427,0.4685472916044668,0.4306747832031944,0.21698265600638966
functional_last,functional,20,6,0,49,4,0.8655378945198773,0.8719951220886109,0.04383848236016613,0.03979851319130833,0.3023294706293026
functional_last,functional,20,7,0,49,4,0.8405164521614518,0.8437589542493031,0.029955869247054998,0.036729587233510184,0.2555207906395856
functional_last,functional,20,8,0,49,4,0.7804449668286373,0.7862290749908267,0.13168771747572847,0.22705252443131455,0.25565069703158055
functional_last,functional,20,9,0,49,4,0.9034389728826526,0.9117903091114574,0.26412330430887215,0.32220578840893965,0.30518734121610086
functional_last,functional,20,10,0,49,4,0.9178804409018652,0.9215676553615404,0.07400415323489899,0.15157333001892528,0.256863132090642
functional_last,functional,20,11,0,49,4,0.8027116340623988,0.8136598730299927,0.24671440504721878,0.2160990736859396,0.26301190664354934
functional_last,functional,20,12,0,49,4,0.9070795721406303,0.9173345074156247,0.11686147753027526,0.06626518557566007,0.3283102205347343
functional_last,functional,20,13,0,49,4,0.8578753502864969,0.8631408081760842,0.2907125408348088,0.4350355774646033,0.25058444647364725
functional_last,functional,20,14,0,49,4,0.8737275401048096,0.8823106278617573,0.2568760023452531,0.24870577494993482,0.31129282872752756
functional_last,functional,20,15,0,49,4,0.870545168388793,0.8772927752184471,0.45342570644985347,0.44898930453611685,0.22538311654008347
functional_last,functional,20,16,0,49,4,0.8499013401566623,0.8593772637282452,0.08742269065698755,0.1234064556200098,0.27258149404590815
functional_last,functional,20,17,0,49,4,0.8879029788514599,0.8986300291793078,0.15248134354843085,0.1453900386125201,0.2735774303315889
functional_last,functional,20,18,0,49,4,0.8862913642984532,0.9012815981320711,0.060590811228486856,0.07766864661529707,0.27929319436826655
functional_last,functional,20,19,0,49,4,0.9144807029611021,0.9233642947193486,0.06300342046424362,0.06290289600933979,0.31285167633446087
functional_last,functional,20,20,0,49,4,0.936783484126398,0.940478831632679,0.09567237999467504,0.09712021709392019,0.3160992596998821
functional_last,functional,20,21,0,49,4,0.8819853161200019,0.8931884925909617,0.09785642356545499,0.10624517003383067,0.2976962280988166
functional_last,functional,20,22,0,49,4,0.9258620231857106,0.9325909852252019,0.0994229094394198,0.09206859561465672,0.24317993093089918
functional_last,functional,20,23,0,49,4,0.8792533276247926,0.8883716107891753,0.08522770634296922,0.10813873455892205,0.32549564219983124
functional_last,functional,20,24,0,49,4,0.9017525769235891,0.912419587239904,0.1046601284607126,0.20623721648210266,0.2079759953353743
functional_last,functional,20,25,0,49,4,0.9147330218034976,0.9238217459936708,0.052970310129817365,0.05287078517246071,0.2844893448242578
functional_last,functional,20,26,0,49,4,0.9055164325353234,0.9147823744691727,0.13572537620058706,0.12978631071671745,0.2722783748979676
functional_last,functional,20,27,0,49,4,0.8767834701799831,0.8850271361157799,0.06928135071650167,0.10742123599551413,0.3211222095647962
functional_last,functional,20,28,0,49,4,0.8829356742545731,0.8896836979170467,0.03853454875803676,0.04638610561976077,0.31458372029059517
functional_last,functional,20,29,0,49,4,0.8866286722648854,0.8926111791561532,0.05225232910396414,0.06023772713282145,0.25720955346924107
functional_last,functional,20,30,0,49,4,0.9123219198931463,0.9185614685443767,0.03737265839442776,0.04237012685030453,0.353338358169664
functional_last,functional,20,31,0,49,4,0.9111972748103196,0.918096456850699,0.06410390307934206,0.11284339010750807,0.3485752063439583
functional_last,functional,20,32,0,49,4,0.911251845463938,0.9192217566781483,0.053880102945565875,0.03989734181254871,0.3626914314149276
functional_last,functional,20,33,0,49,4,0.9084723013415945,0.9125684304520563,0.04567869795071813,0.059598079344836505,0.2607602547949414
functional_last,functional,20,34,0,49,4,0.9124390826556118,0.9161070272863812,0.1199135979929312,0.12517143190968624,0.26244899599077803
functional_last,functional,20,35,0,49,4,0.9552933348608951,0.9618554208526521,0.08885785750181648,0.03712125805679532,0.23880650035395878
functional_last,functional,20,36,0,49,4,0.873559655214664,0.8791308483637348,0.07076021173880834,0.0779180316596639,0.37130839139079747
functional_last,functional,20,37,0,49,4,0.9454407092065753,0.9563019483591457,0.06311261064319554,0.0605598938274386,0.2777776464893642
functional_last,functional,20,38,0,49,4,0.91534226619602,0.9266909467000967,0.03849180683656078,0.09258864261508713,0.3541177751284301
functional_last,functional,20,39,0,49,4,0.8885279506579159,0.8911218196953222,0.06350143552533913,0.06121790672812548,0.2415777881062108
functional_last,functional,20,40,0,49,4,0.896123211075452,0.9094122275036846,0.17966622502560103,0.17921474960633255,0.23768066671872964
functional_last,functional,20,41,0,49,4,0.9042101759667692,0.9133732911041628,0.028607387277628453,0.03977356870441371,0.36589573237985773
functional_last,functional,20,42,0,49,4,0.8910729478788509,0.8986830325884462,0.06070717189120227,0.06897263505728923,0.3857710192256495
functional_last,functional,20,43,0,49,4,0.896254657776593,0.9085554527352258,0.03729649688389493,0.03470745270179232,0.2740970391897054
functional_last,functional,20,44,0,49,4,0.8926756785446219,0.8976050674633583,0.02341967571917855,0.032696333909357354,0.3459338429524856
functional_last,functional,20,45,0,49,4,0.8795972044336119,0.8851357740296967,0.16545870144569236,0.13563565034988667,0.37879950589000616
functional_last,functional,20,46,0,49,4,0.9241438766551501,0.9329977235332617,0.1280683512354162,0.13283179059317896,0.2789900740828998
functional_last,functional,20,47,0,49,4,0.8603958980503509,0.8711881018546621,0.2690865259621032,0.26575985640542166,0.21265252800882728
functional_last,functional,20,48,0,49,4,0.9079208733910439,0.9244107227976134,0.15398507292740582,0.16134980189857712,0.2744001463767595
functional_last,functional,20,49,1,49,4,0.926694895240068,0.9328392265363867,0.0402018285888337,0.05056757662895593,0.27950969377003954
functional_last,functional,20,50,1,49,4,0.8283767033531095,0.8323067862206814,0.06385514668568514,0.45261463107552613,0.22824099847782006
functional_last,functional,20,51,1,49,4,0.9230887207498331,0.9347484773353211,0.08738702913539526,0.05991811041908889,0.28994530260250995
functional_last,functional,20,52,1,49,4,0.9505995077706265,0.9604061242956886,0.03600259314708479,0.05169195807318988,0.28912257846713235
functional_last,functional,20,53,1,49,4,0.9203876532164597,0.9261932942492912,0.06990652714607365,0.07774346555655871,0.3185241483271977
functional_last,functional,20,54,1,49,4,0.8610367647572038,0.8683832722189375,0.09965559810507353,0.1432854450833412,0.22252522158083518
functional_last,functional,20,55,1,49,4,0.858415538830444,0.8665052778799106,0.056654081994077614,0.06545427280088943,0.22707186664378523
functional_last,functional,20,56,1,49,4,0.8971763181691993,0.9011138377212756,0.06236461453022574,0.24800816321596944,0.3238501886146323
functional_last,functional,20,57,1,49,4,0.8989832316957921,0.9117086524303334,0.06771377242272433,0.07390921835511129,0.29479503910269333
functional_last,functional,20,58,1,49,4,0.7735367514634479,0.7785931491685498,0.3104788434156979,0.19247089887175609,0.22529650904764012
functional_last,functional,20,59,1,49,4,0.8512805964131714,0.8608267682812888,0.10159644865364502,0.13252046330533102,0.28505224754207104
functional_last,functional,20,60,1,49,4,0.8693987190955457,0.8787207244086643,0.04739096719681017,0.04637647203557607,0.29081132422081885
functional_last,functional,20,61,1,49,4,0.9018923573373062,0.908043655513469,0.071330113082192,0.06631411008223922,0.2792931950616107
functional_last,functional,20,62,1,49,4,0.9275435140362887,0.9334858663130665,0.06407998417725976,0.05573862280367664,0.35359817404363214
functional_last,functional,20,63,1,49,4,0.8943007378526456,0.9090224281081635,0.12646597244871605,0.06727819242443422,0.3138476082829364
functional_last,functional,20,64,1,49,4,0.8385921988828292,0.8483229576137595,0.11163832960830575,0.14099960764946312,0.19385978073410534
functional_last,functional,20,65,1,49,4,0.8781543692529364,0.8881446882563143,0.037776904138635006,0.031169798925370352,0.2766085129376023
functional_last,functional,20,66,1,49,4,0.8513000127888957,0.8635815820620074,0.04466010797687339,0.11537321307635769,0.2808520342992089
functional_last,functional,20,67,1,49,4,0.9135833701348676,0.9178123726726364,0.13136516103440238,0.15023339270246705,0.36186871291462414
functional_last,functional,20,68,1,49,4,0.8998899194820009,0.9035602875712756,0.028731633012835392,0.026997365933755547,0.26162627290647056
functional_last,functional,20,69,1,49,4,0.8885257954474647,0.8908741987018861,0.0399398782761123,0.04153764435810827,0.36394716176677216
functional_last,functional,20,70,1,49,4,0.8705028897993097,0.8842628048698118,0.042956317492152174,0.0503471950170017,0.28873287002576675
functional_last,functional,20,71,1,49,4,0.9378002079778814,0.9454233924688585,0.04024978433250051,0.049343397878772025,0.2989086699530231
functional_last,functional,20,72,1,49,4,0.8978849548400336,0.910479780758737,0.06563591531964125,0.09399009746036242,0.27054633179088605
functional_last,functional,20,73,1,49,4,0.9232848908911302,0.930181313988692,0.044593973153866553,0.17017856472685106,0.2713690612848235
functional_last,functional,20,74,1,49,4,0.9046644815952085,0.9157528112617246,0.04290917440861762,0.0440050165580579,0.3101236920321637
functional_last,functional,20,75,1,49,4,0.8915399372517813,0.9026381956134252,0.05683930144873714,0.06538963761603356,0.3198664769129109
functional_last,functional,20,76,1,49,4,0.8711375713731099,0.8751846127462225,0.184126253852693,0.1861097939395246,0.3064863848323397
functional_last,functional,20,77,1,49,4,0.8593022465484399,0.8673637338059934,0.13219921946567545,0.14883043618759684,0.25617031325681056
functional_last,functional,20,78,1,49,4,0.8887282763336101,0.8951217458644035,0.04566119044596406,0.03256657723950587,0.2358620163138972
functional_last,functional,20,79,1,49,4,0.8788707126498414,0.8840929542638679,0.09105763765711086,0.10052579336247754,0.29596417782213247
functional_last,functional,20,80,1,49,4,0.8904816247254534,0.9026048847944006,0.14740819523280177,0.17222247258148957,0.28561517314985485
functional_last,functional,20,81,1,49,4,0.8798345614510992,0.8952521166915706,0.17187731312639742,0.22367951018976226,0.28461923959293917
functional_last,functional,20,82,1,49,4,0.9386692292469128,0.9464241544165918,0.07911294727206189,0.09339050019368705,0.3117691385111928
functional_last,functional,20,83,1,49,4,0.8260618680161658,0.838081666704685,0.17106601101091926,0.19737808851037777,0.29488163991395744
functional_last,functional,20,84,1,49,4,0.8924349381641964,0.8987103943613738,0.028328728866755932,0.03432730222702668,0.31371769934258426
functional_last,functional,20,85,1,49,4,0.8928733144274237,0.8966078652499971,0.057520321972069695,0.06413851508064285,0.259721015736199
functional_last,functional,20,86,1,49,4,0.8611662032639791,0.8663258353787336,0.0608716317019762,0.059237600449517716,0.34753599366279836
functional_last,functional,20,87,1,49,4,0.8847514313781121,0.8909254937348573,0.03712228748379916,0.18072716545770373,0.27652190796726284
functional_last,functional,20,88,1,49,4,0.8603024275769051,0.8683555653623539,0.0725327694860311,0.12545475639976839,0.2885596541740661
functional_last,functional,20,89,1,49,4,0.9088040256871617,0.9182553685262111,0.08290448300276092,0.09574892426059659,0.24989162476845247
functional_last,functional,20,90,1,49,4,0.8264700064965079,0.8352801302995239,0.05698794572598081,0.22288593703407497,0.25902819816571265
functional_last,functional,20,91,1,49,4,0.9010769339604883,0.9055622707502397,0.11685107887265883,0.13705460631526464,0.36754119214956055
functional_last,functional,20,92,1,49,4,0.9293616899772782,0.9431449203868668,0.031381075297652536,0.0379652616020515,0.3092576717014762
functional_last,functional,20,93,1,49,4,0.8894256241280223,0.8959512167782114,0.05205486898869085,0.15823799233282443,0.3584912024173283
functional_last,functional,20,94,1,49,4,0.9109812815401008,0.9223165066319934,0.0699908874435984,0.061841576933671066,0.2623623949080144
functional_last,functional,20,95,1,49,4,0.9257259279718804,0.9298507634936858,0.04998788023000196,0.05299727293508895,0.3484020128648579
functional_last,functional,20,96,1,49,4,0.884067789016274,0.888502775997392,0.09980478403459149,0.3140339436440432,0.3280937139115245
functional_last,functional,20,97,1,49,4,0.7750879538205027,0.7825704368814658,0.11611054356435176,0.1515007719952507,0.28215106871437773
functional_last,functional,20,98,2,49,4,0.8987876275792139,0.9064965175214836,0.08782448717041912,0.19286439398947414,0.22014366466157698
functional_last,functional,20,99,2,49,4,0.8658420186766487,0.871231603767378,0.02446604010472933,0.02174965420292759,0.30943086811587733
functional_last,functional,50,0,0,19,4,0.8950272911378965,0.8958765255223033,0.07694909617185175,0.08314026068419422,0.3620419105554278
functional_last,functional,50,1,0,19,4,0.873896433929166,0.8755519259652381,0.049296671791577866,0.04911139252535137,0.38113776319429926
functional_last,functional,50,2,0,19,4,0.8581822064715984,0.8593615768479861,0.16839944094702983,0.16758858146771952,0.34017478099179504
functional_last,functional,50,3,0,19,4,0.8379103764757936,0.8391486818281617,0.20140845475685676,0.1469342910759902,0.34350897162765837
functional_last,functional,50,4,0,19,4,0.8914143665860841,0.8924869904496793,0.07297040488812408,0.3316370702222752,0.36459668340747425
functional_last,functional,50,5,0,19,4,0.8882107517556167,0.8896448074589248,0.030769869666044645,0.03755522662584254,0.3671514707987269
functional_last,functional,50,6,0,19,4,0.8606597144601924,0.8621880386672376,0.06882009053596272,0.07437572898418225,0.3490515385523585
functional_last,functional,50,7,0,19,4,0.9047180318586913,0.9065438633469018,0.04380510960536082,0.04549124080275228,0.36043976718257364
functional_last,functional,50,8,0,19,4,0.9189132489466674,0.920058538433374,0.0915950912722819,0.09027626487774369,0.36767107877999916
functional_last,functional,50,9,0,19,4,0.9108514363036526,0.9123957242874102,0.045725403937602875,0.04494352939550594,0.3787129017294968
functional_last,functional,50,10,0,19,4,0.9032175702385334,0.9046908244270963,0.026964635706722015,0.03279934633945166,0.36377396281280905
functional_last,functional,50,11,0,19,4,0.890325589905004,0.8916970905811589,0.04379838227042961,0.04711529714302019,0.3390922413641141
functional_last,functional,50,12,0,19,4,0.9249427260947722,0.9260582633185801,0.03842109225912092,0.04027111435416592,0.393868335756627
functional_last,functional,50,13,0,19,4,0.9019593659053032,0.9028088878001699,0.030264634584639565,0.027256764296678688,0.3573653848732927
functional_last,functional,50,14,0,19,4,0.9279798217270449,0.9292420820992052,0.04278469079552605,0.0386656531140166,0.3877628696126806
functional_last,functional,50,15,0,19,4,0.8936519801172518,0.8951715118486347,0.054885632716919,0.07698462051179644,0.4001903252701858
functional_last,functional,50,16,0,19,4,0.9044712469642482,0.9061412185380541,0.02111117558307715,0.02449766029841899,0.40378433650728374
functional_last,functional,50,17,0,19,4,0.9005992713068132,0.9021408265468392,0.02674037291138657,0.03203245769229187,0.3771973633196607
functional_last,functional,50,18,0,19,4,0.8755736073630859,0.8770254066622641,0.042943416991925824,0.04183396371310354,0.3904908479789304
functional_last,functional,50,19,1,19,4,0.9156626403181034,0.9169040358357547,0.03683116767227201,0.04222872629356945,0.3464967575343044
functional_last,functional,50,20,1,19,4,0.9330817733023721,0.9347098242179852,0.04789140232269887,0.05537277057136198,0.36303784996423194
functional_last,functional,50,21,1,19,4,0.8786420318615125,0.8799119748652058,0.08690025656347432,0.11034786525847996,0.34762258695128656
functional_last,functional,50,22,1,19,4,0.8533209689147117,0.8547392358283806,0.07753569778000738,0.0680906015286312,0.33727358193373425
functional_last,functional,50,23,1,19,4,0.8853523710159515,0.8868739123271233,0.05291752575857895,0.05366069030062141,0.34316256067910095
functional_last,functional,50,24,1,19,4,0.9168539381717289,0.9183203298870733,0.05594419215995854,0.05936885297589999,0.39456117746061314
functional_last,functional,50,25,1,19,4,0.8812226003452361,0.8831209540796737,0.031203798149528717,0.03348243890204089,0.29388571992328316
functional_last,functional,50,26,1,19,4,0.9095001727936496,0.9103608465061975,0.10080758252145405,0.11663556649396897,0.3891485106396535
functional_last,functional,50,27,1,19,4,0.8983032421107774,0.8995379531759837,0.039156742892444335,0.04372082003110252,0.38373584775223973
functional_last,functional,50,28,1,19,4,0.9170839635228007,0.9186924498556046,0.02743443042909348,0.031579796081272656,0.3626914295611894
functional_last,functional,50,29,1,19,4,0.8921634755325712,0.8937551174049339,0.07327867394677258,0.07571720068731719,0.3878061631921104
functional_last,functional,50,30,1,19,4,0.8861548459816072,0.8874645678617221,0.044773782541390424,0.04442597908199745,0.35849121543012497
functional_last,functional,50,31,1,19,4,0.8881570666328558,0.8895689739544197,0.5263516446705916,0.0662493440979109,0.358707716632981
functional_last,functional,50,32,1,19,4,0.9094386294690616,0.9114704892857778,0.09682619937251148,0.09924424516883876,0.37944901416859583
functional_last,functional,50,33,1,19,4,0.8932529739441993,0.8941130610467619,0.040392142742400675,0.015707859587469716,0.37338684517273085
functional_last,functional,50,34,1,19,4,0.8770021421448567,0.8782408166816124,0.04108895552684281,0.03873287594428184,0.3774571648452262
functional_last,functional,50,35,1,19,4,0.8923742247876207,0.8937534596452743,0.043925901743535556,0.05378456357695291,0.38434207953722055
functional_last,functional,50,36,1,19,4,0.9113092678097838,0.9127584265556858,0.04970435346908818,0.05252412704924861,0.38525138877224235
functional_last,functional,50,37,1,19,4,0.9114638412528326,0.9126775361087623,0.04527426595669008,0.04394667313535054,0.39702935434227316
functional_last,functional,50,38,2,19,4,0.8779724741126741,0.879052876706397,0.030590786719614238,0.029597327117497498,0.369922744825362
functional_last,functional,50,39,2,19,4,0.8920226872838874,0.8928667346396334,0.05079262116563823,0.05217692723834799,0.3728672268962334
functional_last,functional,50,40,2,19,4,0.9009221509248465,0.9019534503335973,0.04449177888935316,0.04581930858543843,0.3978520585586556
functional_last,functional,50,41,2,19,4,0.9149909024826351,0.9161935552560263,0.045803510765980576,0.04137361117120997,0.35268883929495803
functional_last,functional,50,42,2,19,4,0.8899934879026085,0.8917280865438457,0.043109799191027656,0.044409496559285326,0.3722177120784126
functional_last,functional,50,43,2,19,4,0.9145446843097003,0.9167830115590871,0.07509390908242136,0.08881217734763827,0.3794490289877743
functional_last,functional,50,44,2,19,4,0.8896172871757831,0.8908333712216749,0.03768442470435833,0.29648002799278017,0.3655926051226539
functional_last,functional,50,45,2,19,4,0.8929483618737194,0.8940492204604187,0.03427412117498788,0.0305284814398378,0.39291573509156585
functional_last,functional,50,46,2,19,4,0.9101782159700816,0.9121230140833683,0.4479388205143352,0.22274850633167426,0.36749787221947006
functional_last,functional,50,47,2,19,4,0.8612753958591868,0.8628546959348982,0.11677523858087333,0.12245613695864623,0.35000416725891154
functional_last,functional,50,48,2,19,4,0.8984433968849238,0.8996213542934646,0.027686985459396282,0.03237351196187148,0.3976788504528709
functional_last,functional,50,49,2,19,4,0.8982200091344476,0.8995479105816031,0.10843904829660006,0.11991324308313202,0.37213110704766533
functional_last,functional,50,50,2,19,4,0.9000798195803107,0.9014334700636917,0.03511375596624941,0.04038893704615264,0.3597469481521054
functional_last,functional,50,51,2,19,4,0.9332442534469787,0.9351112812556855,0.029510458355769244,0.035743834487733925,0.35892422428345244
functional_last,functional,50,52,2,19,4,0.8711504412059589,0.8726502918999408,0.16724027448461862,0.21425766243652639,0.35342496429182163
functional_last,functional,50,53,2,19,4,0.9007841060876417,0.902299282693068,0.06604420621666302,0.06601452347847966,0.3541610817593746
functional_last,functional,50,54,2,19,4,0.9125108534454388,0.9140934979328758,0.0714902760278467,0.07633694194643564,0.40006042844883705
functional_last,functional,50,55,2,19,4,0.8999963792985437,0.9014779601861697,0.0382965253284238,0.029534635936910816,0.37381985263473405
functional_last,functional,50,56,2,19,4,0.9142874361589904,0.9158221353054327,0.03872706090333922,0.05723621271069213,0.3860308141906987
functional_last,functional,50,57,3,19,4,0.9096359923803379,0.910898087807566,0.044943685573447315,0.0547831544269703,0.37524880671402006
functional_last,functional,50,58,3,19,4,0.8668225065959733,0.8688219936974236,0.128450517649179,0.30283978264949774,0.3951673801662816
functional_last,functional,50,59,3,19,4,0.9143062600826788,0.9155263359571547,0.07920638792492808,0.10402160315343979,0.3793624272202005
functional_last,functional,50,60,3,19,4,0.8963592443931265,0.8977046119159042,0.06981056894016655,0.08370544982598574,0.356412749428072
functional_last,functional,50,61,3,19,4,0.9433533838348979,0.9448490888904698,0.037744777627414995,0.04169677885435859,0.36104598004419647
functional_last,functional,50,62,3,19,4,0.9096508069749676,0.91066483161291,0.06013867105941171,0.24170772387934128,0.3673679764708368
functional_last,functional,50,63,3,19,4,0.9125449855333382,0.9134790735243427,0.07300348247963818,0.06164290762952013,0.39650972455147904
functional_last,functional,50,64,3,19,4,0.9087091100051721,0.9103747142327537,0.08443692147094674,0.08220551849497058,0.343205866643358
functional_last,functional,50,65,3,19,4,0.9124495667616597,0.9139286684159652,0.14895095579550985,0.04715317929845515,0.3952972964044116
functional_last,functional,50,66,3,19,4,0.8837236919920247,0.8848105881812239,0.1562094537395249,0.16731540672891565,0.370918667597829
functional_last,functional,50,67,3,19,4,0.9091215578570214,0.9107355436192539,0.050895371238809786,0.06355489276994866,0.3685804013285282
functional_last,functional,50,68,3,19,4,0.9026247006807457,0.9042463405958377,0.05234015643241467,0.059431007297067746,0.3820471111541996
functional_last,functional,50,69,3,19,4,0.896457249691581,0.8976381805860933,0.04366606171031806,0.042998921525487656,0.37247751035262233
functional_last,functional,50,70,3,19,4,0.8381645964325555,0.8396043644614678,0.09589946682727599,0.09845886905539387,0.3048409310313847
functional_last,functional,50,71,3,19,4,0.9007331736396561,0.9013267132724306,0.03428154220818781,0.03360600120883804,0.37009595462923006
functional_last,functional,50,72,3,19,4,0.8846571760568194,0.886275153991592,0.06674346621027127,0.08113845499970637,0.36412038111558476
functional_last,functional,50,73,3,19,4,0.915460528655697,0.9165233736268853,0.019220822081862154,0.020221257946289185,0.4035245297558332
functional_last,functional,50,74,3,19,4,0.876557138396252,0.8779839232512243,0.03449868522763104,0.4662696496577743,0.39014443675120986
functional_last,functional,50,75,3,19,4,0.8806743214749272,0.8822770427963578,0.07639767776199285,0.07643077494163159,0.36948973400454216
functional_last,functional,50,76,4,19,4,0.8717268160110166,0.872955059844315,0.036566198881871466,0.03975687533419578,0.35221252797778496
functional_last,functional,50,77,4,19,4,0.899993582591529,0.9017751375796106,0.052159137097382874,0.058458796985046656,0.34926803819535635
functional_last,functional,50,78,4,19,4,0.8852203597752305,0.8873030670789697,0.05304282196953773,0.18888294796687682,0.3983716834047892
functional_last,functional,50,79,4,19,4,0.8887090235844697,0.8902507094314934,0.03840402774111296,0.5306177769635871,0.3433357639139955
functional_last,functional,50,80,4,19,4,0.9141103276759969,0.9150047204417999,0.022023386319282627,0.023386338562110875,0.3665885543242826
functional_last,functional,50,81,4,19,4,0.9245236594005072,0.92597787321479,0.032736310186503845,0.035831843586303154,0.37953562608901237
functional_last,functional,50,82,4,19,4,0.8772870270412928,0.8791294475929387,0.04161917905056611,0.05035825327140668,0.3466699551972352
functional_last,functional,50,83,4,19,4,0.9020689761183963,0.902852743346016,0.031304045937597696,0.037244756954714554,0.39321881940073855
functional_last,functional,50,84,4,19,4,0.8983322337175205,0.8994030672813856,0.07246088176319444,0.08049281871291256,0.368190692707924
functional_last,functional,50,85,4,19,4,0.8933927748272459,0.8946368947721824,0.060358957501300506,0.059168188271859504,0.36247491523737435
functional_last,functional,50,86,4,19,4,0.8910089272537003,0.8930143958472699,0.04883738403384796,0.048240336173522566,0.36412036947924054
functional_last,functional,50,87,4,19,4,0.877181278295089,0.8783723759580815,0.05851244960723262,0.06332202040132791,0.34692978676457736
functional_last,functional,50,88,4,19,4,0.9319674677051424,0.9331254105346646,0.07073774630779892,0.07643560029523369,0.3711351862868659
functional_last,functional,50,89,4,19,4,0.9009554311891846,0.9024484600923808,0.17510956391565657,0.11485950869312839,0.33532502902334194
functional_last,functional,50,90,4,19,4,0.9162942802574408,0.917982538766327,0.0654672843887632,0.059745532181231346,0.318350938188871
functional_last,functional,50,91,4,19,4,0.8685640014186072,0.8698042012117599,0.10121016352304825,0.11300037711229238,0.35112999340283907
functional_last,functional,50,92,4,19,4,0.9198069912701075,0.9217054264963652,0.05942136444894973,0.060063989798222535,0.3597902551840339
functional_last,functional,50,93,4,19,4,0.8866158199860441,0.8874226705848439,0.19854396714443492,0.3111288561038178,0.34225323362520343
functional_last,functional,50,94,4,19,4,0.9069975423017504,0.9083479610331211,0.03188443896951463,0.030612900443311972,0.40339462237307555
functional_last,functional,50,95,5,19,4,0.8724133284441166,0.8738419454552143,0.025810923677496773,0.0303331831022043,0.3522125340144637
functional_last,functional,50,96,5,19,4,0.8994441831607345,0.9007937753556391,0.050667080838811045,0.05103960583701634,0.3785830000867017
functional_last,functional,50,97,5,19,4,0.9046131250966217,0.9061219612491608,0.038823206586275506,0.04893843590508986,0.37832319783987994
functional_last,functional,50,98,5,19,4,0.8891232301762898,0.8905508539229485,0.05729653354885759,0.06488233621325588,0.3843420720516072
functional_last,functional,50,99,5,19,4,0.8901624102114358,0.8916837544706826,0.48631987818458844,0.4488356196202588,0.3171817998165648
functional_last,functional,100,0,0,9,4,0.8823253666732328,0.8826503125795454,0.06281832870483639,0.061995558109362296,0.39819846426505107
functional_last,functional,100,1,0,9,4,0.8531314147294566,0.853454855216215,0.08047063403903296,0.09850891501382554,0.3773705690524434
functional_last,functional,100,2,0,9,4,0.8895465322505564,0.8898750574592286,0.14642606520278353,0.05693737486175104,0.4023553931962334
functional_last,functional,100,3,0,9,4,0.8834158431693906,0.8838646424279497,0.058936163750064455,0.05712405737531889,0.38555450429263266
functional_last,functional,100,4,0,9,4,0.9199935482092825,0.9203264429293934,0.058935843087721665,0.059052982827454234,0.3961200194707692
functional_last,functional,100,5,0,9,4,0.9025493814249469,0.9029143046985363,0.029631331886874113,0.03150520222059107,0.3833461358287479
functional_last,functional,100,6,0,9,4,0.9165508132135641,0.9168005594322957,0.03184273941798041,0.03206284233973576,0.4053864815759225
functional_last,functional,100,7,0,9,4,0.9193169583561684,0.9196631393302027,0.0511417407613994,0.05015737507747706,0.4160818960498652
functional_last,functional,100,8,0,9,4,0.90471489857553,0.9051216699034599,0.0239596947621903,0.026326729849163483,0.4141766503472713
functional_last,functional,100,9,1,9,4,0.919891849363558,0.920273460704936,0.034712270554155336,0.05168726360633994,0.3779767856180021
functional_last,functional,100,10,1,9,4,0.8649532065649977,0.8652967791612531,0.05352924095792651,0.06502214437374007,0.3864205232791639
functional_last,functional,100,11,1,9,4,0.903029645361856,0.903425871797028,0.0568608387014701,0.0572021322265021,0.414306559727034
functional_last,functional,100,12,1,9,4,0.898209113307943,0.8985526515218664,0.026753775927482376,0.02895982626369288,0.3891485106396535
functional_last,functional,100,13,1,9,4,0.9091890452860356,0.9095516658476831,0.03375202298995189,0.03775329859521748,0.4121847802045804
functional_last,functional,100,14,1,9,4,0.8889324420909932,0.8893130965047945,0.04259995314489632,0.041717817826862416,0.40131616187562225
functional_last,functional,100,15,1,9,4,0.900071142142802,0.9005067723031713,0.031756613735164065,0.035351280012372935,0.40213888263771647
functional_last,functional,100,16,1,9,4,0.8903486587802593,0.8906095785255081,0.03880212269287926,0.03883378394327705,0.3910104564471595
functional_last,functional,100,17,1,9,4,0.9048567735540565,0.9052239328020929,0.044143704949671306,0.044146724508994414,0.4073783396145215
functional_last,functional,100,18,2,9,4,0.8907602533720822,0.8910117212149691,0.02932654488882311,0.030086859167634625,0.39525398726469807
functional_last,functional,100,19,2,9,4,0.9066639388040466,0.9069609302254656,0.04200063057422163,0.04298786572029828,0.40811445659554413
functional_last,functional,100,20,2,9,4,0.9020258479598462,0.90253207518851,0.03988724051633287,0.04264993867178518,0.4041307562815414
functional_last,functional,100,21,2,9,4,0.8936302044281389,0.8939287611430863,0.030548554051686404,0.03132620323780043,0.41586539777262255
functional_last,functional,100,22,2,9,4,0.8896688972330614,0.8901158128993802,0.061274064681042975,0.06124430634946156,0.38213370479475994
functional_last,functional,100,23,2,9,4,0.8931039631756649,0.8934316649071103,0.050243374035429965,0.04487823464401543,0.42015221834556893
functional_last,functional,100,24,2,9,4,0.9142358387944292,0.9146545684116867,0.03277017656342872,0.03765427494681955,0.3887154940697474
functional_last,functional,100,25,2,9,4,0.8868771441147509,0.8872624940106266,0.06691906695110354,0.07896165482906688,0.3872432581615395
functional_last,functional,100,26,2,9,4,0.9056538231427401,0.906046780383084,0.13624946547485747,0.05068870153912615,0.40906709224606336
functional_last,functional,100,27,3,9,4,0.8913862527826142,0.8918077440932518,0.043046489109209454,0.043970353275723385,0.41569218346759496
functional_last,functional,100,28,3,9,4,0.9099098408808954,0.9102483195787128,0.04392792007142564,0.047584287938849584,0.3976355678692443
functional_last,functional,100,29,3,9,4,0.917152403171245,0.9175180441667987,0.037066314761708005,0.05475457785391486,0.4014460722547139
functional_last,functional,100,30,3,9,4,0.9087038799024014,0.9090335894510707,0.03839689945055295,0.04337546897681804,0.39815517262692796
functional_last,functional,100,31,3,9,4,0.9010871667685874,0.9014121930646042,0.05713124063628956,0.05758607762384781,0.40651232291759454
functional_last,functional,100,32,3,9,4,0.9094108900826985,0.9098264990427222,0.03497274659604423,0.03761234121584783,0.4090237992578574
functional_last,functional,100,33,3,9,4,0.8790299393214293,0.879366554193072,0.061241634380280636,0.06514275794881008,0.37927580964986024
functional_last,functional,100,34,3,9,4,0.8876294038360676,0.8879069225848083,0.04731907978194508,0.04750306706677095,0.3902310483079208
functional_last,functional,100,35,3,9,4,0.8996700605148714,0.8999891479292237,0.022867538605761954,0.02417548121121031,0.41248788374942436
functional_last,functional,100,36,4,9,4,0.885879548718297,0.886269461780841,0.04569336494173558,0.05226562365228192,0.38122437167196055
functional_last,functional,100,37,4,9,4,0.8889096348297488,0.8893759767613786,0.04572780365964825,0.04674001512403017,0.4073350428428646
functional_last,functional,100,38,4,9,4,0.9183011045574155,0.9186061031479555,0.029978186895321078,0.03252507957795542,0.398674789253081
functional_last,functional,100,39,4,9,4,0.888379857956762,0.8886982922345237,0.03231892599540157,0.034311667695334634,0.4048668614340091
functional_last,functional,100,40,4,9,4,0.8995069163835178,0.8998002499529698,0.06093424016135636,0.06152557450021663,0.3926559107745332
functional_last,functional,100,41,4,9,4,0.8801703956055266,0.8805852696804319,0.07214305965327725,0.06942452428219333,0.3858143091399207
functional_last,functional,100,42,4,9,4,0.9206609923233778,0.9210015550931966,0.09706726426050337,0.08651922573509574,0.39014444057129277
functional_last,functional,100,43,4,9,4,0.8923093022791266,0.8926859064105934,0.08531711689308513,0.08515820193927415,0.4038276360591755
functional_last,functional,100,44,4,9,4,0.896357761519801,0.8967012014442467,0.22478553777809956,0.0594097761183215,0.396856135083907
functional_last,functional,100,45,5,9,4,0.8897829335570052,0.8901367709799148,0.03950986538454804,0.04345825573272935,0.3901444437277659
functional_last,functional,100,46,5,9,4,0.9009528019700592,0.9013264433678384,0.045893219795066144,0.049610015602314934,0.40278841061768084
functional_last,functional,100,47,5,9,4,0.8841508486841654,0.8845938059539585,0.029989838189893356,0.03456854783958528,0.41482616071416334
functional_last,functional,100,48,5,9,4,0.8875436848616539,0.8879982871441767,0.03563960768692815,0.0358376823782253,0.4072484370590366
functional_last,functional,100,49,5,9,4,0.9090139607772931,0.9092959794738041,0.042123514473982215,0.039601066928977,0.41162186726516614
functional_last,functional,100,50,5,9,4,0.9250093006794688,0.9254255878485781,0.04016304857032059,0.04446335235913851,0.40594941267947826
functional_last,functional,100,51,5,9,4,0.8901441895117779,0.8904508527313808,0.06259188187637926,0.06272939179581881,0.4101063166734389
functional_last,functional,100,52,5,9,4,0.9010966538297341,0.9014712026361316,0.03195389422631618,0.032567291921117736,0.3964231129529716
functional_last,functional,100,53,5,9,4,0.8912380416787242,0.8915202660100071,0.0492252512740448,0.04715195212939789,0.3913568766204931
functional_last,functional,100,54,6,9,4,0.8967774464894661,0.8971599390454982,0.05684069660556927,0.09310622900135479,0.37637463390959025
functional_last,functional,100,55,6,9,4,0.9058228999243438,0.90614451123928,0.04933664832675011,0.051205347936172756,0.4118383700773641
functional_last,functional,100,56,6,9,4,0.9125187092889007,0.9128648405685109,0.03489127412398994,0.036492734658075704,0.3931322247708583
functional_last,functional,100,57,6,9,4,0.8741279989071868,0.8745148599377802,0.04461074804467247,0.04829347387523451,0.40144606402546024
functional_last,functional,100,58,6,9,4,0.885538184278284,0.8859429039555134,0.02821887756445139,0.037143442209663494,0.4056462917601719
functional_last,functional,100,59,6,9,4,0.9049042668785724,0.9051542246540017,0.026215588767932372,0.02730090676077924,0.3988046933034104
functional_last,functional,100,60,6,9,4,0.9232261314832356,0.9235530585755188,0.03601544114651868,0.03748353513906554,0.40408744194081764
functional_last,functional,100,61,6,9,4,0.9038800467839783,0.9043172598065067,0.05497924959172393,0.05956992292358583,0.3941714553570542
functional_last,functional,100,62,6,9,4,0.8904766326175564,0.890865208598848,0.046837136772582534,0.05091693689382291,0.40313483077194134
functional_last,functional,100,63,7,9,4,0.8922004390330296,0.8925114071284392,0.021769715509260164,0.02657102436625444,0.3833028369068191
functional_last,functional,100,64,7,9,4,0.8967975914061421,0.8972025033012692,0.04975420555592286,0.057265708870421775,0.3892351068854828
functional_last,functional,100,65,7,9,4,0.8708253693517451,0.8711790294569518,0.06348355169367081,0.054758699573851655,0.39313223190916047
functional_last,functional,100,66,7,9,4,0.8866922590569496,0.8871182289353025,0.06967071262800299,0.12901081634725717,0.4131807261374879
functional_last,functional,100,67,7,9,4,0.9030621883095655,0.9033781635525202,0.025775032375839092,0.03198976607794386,0.40287500143480803
functional_last,functional,100,68,7,9,4,0.9058853389119033,0.906310851764375,0.03516389208044386,0.036488917161171815,0.39239610453651264
functional_last,functional,100,69,7,9,4,0.8942200165147688,0.8945269630946289,0.07765993173261851,0.0818357962523032,0.4027884047058973
functional_last,functional,100,70,7,9,4,0.9086936370468834,0.9090036114492767,0.029583765704487522,0.03154948286754463,0.3988047017236158
functional_last,functional,100,71,7,9,4,0.9132045714079979,0.9136350031509681,0.04447678968823495,0.04804531370077515,0.4168613198588894
functional_last,functional,100,72,8,9,4,0.8896428028985278,0.889977108349166,0.03980015591734236,0.0390680250485015,0.38577101996083457
functional_last,functional,100,73,8,9,4,0.8920809943225985,0.892389586481255,0.04661443760036932,0.04280753148250593,0.389494924613488
functional_last,functional,100,74,8,9,4,0.9186716005472357,0.9191911372956864,0.04228854273925439,0.04535573915703094,0.383259533973772
functional_last,functional,100,75,8,9,4,0.8882973006845963,0.8886245243802778,0.06073222922288896,0.06264211402673266,0.41365702524080067
functional_last,functional,100,76,8,9,4,0.8918236785599992,0.8921396905966958,0.02916934197896014,0.02745438961804822,0.4046070530598402
functional_last,functional,100,77,8,9,4,0.910868196991447,0.9112472425728305,0.05361666139186659,0.06859295474156019,0.40776805915280434
functional_last,functional,100,78,8,9,4,0.9110219052102324,0.9113523104268091,0.021672341494424277,0.023025969097890613,0.37633134107828364
functional_last,functional,100,79,8,9,4,0.8898978228305804,0.8903013314732726,0.03561374432909654,0.09922358431371137,0.39534058179589715
functional_last,functional,100,80,8,9,4,0.8970448423610189,0.8973674923559909,0.06356818936612152,0.06344560617751721,0.40906709626563875
functional_last,functional,100,81,9,9,4,0.9031201089604097,0.9033605836019432,0.03968909616672145,0.11216733995254974,0.40369774057438973
functional_last,functional,100,82,9,9,4,0.9118037827595851,0.9122050270305325,0.05026683621805259,0.051590329169269596,0.39923771127926466
functional_last,functional,100,83,9,9,4,0.9002032985153083,0.9006063920530591,0.04496361918252009,0.04551911628936921,0.4180737611731671
functional_last,functional,100,84,9,9,4,0.8853469446789064,0.885678474474453,0.039750376235076296,0.03770791594947076,0.41183837344495405
functional_last,functional,100,85,9,9,4,0.8690529134168021,0.8694377613827986,0.04660205498909402,0.0606549191142642,0.3702258469523241
functional_last,functional,100,86,9,9,4,0.8991147077166387,0.8995360683767448,0.0977322528775573,0.0523799644778082,0.4093702054153556
functional_last,functional,100,87,9,9,4,0.916327640875258,0.9167217545833425,0.05834508511298225,0.045785045903369445,0.3752488077621753
functional_last,functional,100,88,9,9,4,0.8975461937497721,0.8978404421580558,0.039616762973615424,0.044311921979116,0.40560299074749545
functional_last,functional,100,89,9,9,4,0.9066441458707177,0.9069649397790677,0.03546676395633347,0.03640431425002798,0.39694272901329924
functional_last,functional,100,90,10,9,4,0.8915550119586898,0.8918139897004982,0.06067981508741989,0.03540263453200961,0.4154756765924103
functional_last,functional,100,91,10,9,4,0.9119791781809972,0.9124321907679751,0.027379488618312603,0.029445437118856804,0.39191978990150517
functional_last,functional,100,92,10,9,4,0.8671917935842727,0.8675680984220382,0.14566970637948526,0.15462197891447788,0.3947343682883057
functional_last,functional,100,93,10,9,4,0.8940920827666132,0.8944852024013632,0.04216420630090899,0.0420632636426543,0.40599271015649546
functional_last,functional,100,94,10,9,4,0.9095977201869897,0.9099233199348498,0.03652076098624592,0.03278982232637101,0.4166881174611601
functional_last,functional,100,95,10,9,4,0.9142367143905361,0.9146024117620272,0.03824334245815283,0.03914707783384425,0.378669604737709
functional_last,functional,100,96,10,9,4,0.8978533498758081,0.8982537969896404,0.04519416300008809,0.04313466469798083,0.3897114297985163
functional_last,functional,100,97,10,9,4,0.8989594727506561,0.8992513821256063,0.029981648901036634,0.03154110801523033,0.4118816812165145
functional_last,functional,100,98,10,9,4,0.8962428906901552,0.896572809656471,0.07272573731836886,0.08064745827996783,0.39668292097895885
functional_last,functional,100,99,11,9,4,0.89977864245278,0.9001869775964327,0.03769981137492096,0.03935367179966276,0.39495087827161224
functional_last,functional,200,0,0,4,4,0.8714305599768384,0.8715129568385768,0.0658471052404078,0.06760036412460098,0.4082010610522941
functional_last,functional,200,1,0,4,4,0.8887978590081834,0.8888948388827561,0.060381423209594096,0.06101530493013305,0.41629840180731736
functional_last,functional,200,2,0,4,4,0.9099974075419955,0.9100881787390876,0.035185535573755033,0.035392990832593896,0.40551639277707235
functional_last,functional,200,3,0,4,4,0.9186417437562928,0.9187179189755587,0.03543599537885493,0.03493042593015053,0.42534837473118314
functional_last,functional,200,4,1,4,4,0.895108741770287,0.895202634858882,0.03966155037382543,0.04981047211820211,0.40096975542261565
functional_last,functional,200,5,1,4,4,0.8991574455974323,0.899252890893487,0.056455852252485374,0.05671795005316507,0.42352972777594833
functional_last,functional,200,6,1,4,4,0.9012513249733887,0.9013448662097531,0.03520389762690343,0.03494095927058473,0.42214407342691807
functional_last,functional,200,7,1,4,4,0.8917530504381315,0.891840963389208,0.03371422942004086,0.03403506813822993,0.4144797457617765
functional_last,functional,200,8,2,4,4,0.8997080555292577,0.8997782790935027,0.037462288676554954,0.03627651858636316,0.42184096605052535
functional_last,functional,200,9,2,4,4,0.8949848268123092,0.8950858017214698,0.03142890128852162,0.032681597052127684,0.4217976794452806
functional_last,functional,200,10,2,4,4,0.8929219397867799,0.893017915794473,0.054627796924224106,0.05617003449691369,0.42409262995260005
functional_last,functional,200,11,2,4,4,0.9005122553577861,0.9006157932006494,0.03399118483043412,0.035323175656833475,0.4118383716075452
functional_last,functional,200,12,3,4,4,0.9006455894785368,0.9007409806089208,0.031159676202685012,0.03246935802532283,0.4221873825100257
functional_last,functional,200,13,3,4,4,0.913039254316463,0.9131284277868927,0.026244623523867625,0.0264888204712226,0.41629840676489016
functional_last,functional,200,14,3,4,4,0.9055030805338619,0.9055964381728835,0.050202016473700206,0.05222379340910932,0.42487207614934347
functional_last,functional,200,15,3,4,4,0.8832287977390149,0.883306807321655,0.050532066047047186,0.050106611678396265,0.4114053691696613
functional_last,functional,200,16,4,4,4,0.8887884456680012,0.8888955111957066,0.04463713836622844,0.045925311183649745,0.4240060323071123
functional_last,functional,200,17,4,4,4,0.9057405275068016,0.905820043945999,0.027647071490206128,0.030566285541841674,0.41880987678540144
functional_last,functional,200,18,4,4,4,0.8901146694407569,0.8902042096318636,0.053324641782089455,0.054044395066429406,0.4126177940880081
functional_last,functional,200,19,4,4,4,0.9077452199364285,0.9078367045542266,0.09160497527685534,0.09325112864978861,0.4151725688423654
functional_last,functional,200,20,5,4,4,0.8978474707307389,0.8979405866461669,0.04495732791134158,0.04633771067142347,0.4172077392917459
functional_last,functional,200,21,5,4,4,0.8874981005079811,0.8876118747329219,0.03262451026865046,0.032787669913266995,0.42101824283102696
functional_last,functional,200,22,5,4,4,0.9166213539019449,0.9167096419308269,0.03669600694875745,0.03803945088489233,0.42391944279873817
functional_last,functional,200,23,5,4,4,0.8955390883544396,0.8956239242687868,0.036718248043245756,0.036620345260492265,0.41915628769162366
functional_last,functional,200,24,6,4,4,0.9028275145936394,0.9029170479397521,0.07908715839070755,0.12995269891161654,0.4224038867813322
functional_last,functional,200,25,6,4,4,0.8949158724363253,0.8950096085837485,0.03379111401184996,0.03151755402171058,0.4218409648553574
functional_last,functional,200,26,6,4,4,0.8955047112973129,0.8955870114379748,0.02952638551382853,0.02553405328316868,0.413397218980059
functional_last,functional,200,27,6,4,4,0.9136617537414955,0.9137575192615832,0.03894592343620987,0.040282267569475116,0.41777064577738005
functional_last,functional,200,28,7,4,4,0.8929051381762023,0.8929966571930062,0.026229399291553622,0.026461350705562596,0.40997642162504083
functional_last,functional,200,29,7,4,4,0.8786905983100859,0.8787901763709409,0.06909711452104514,0.07043933676791428,0.4191129994770666
functional_last,functional,200,30,7,4,4,0.9044519453459697,0.9045461313850542,0.029286503329953098,0.0501491191486633,0.4135271136564592
functional_last,functional,200,31,7,4,4,0.9030555320066189,0.9031334795974238,0.03917715140360273,0.04085026454391768,0.41720773003685174
functional_last,functional,200,32,8,4,4,0.8914452971236247,0.8915264563489709,0.044121530516812404,0.04496446142313684,0.41560559413269105
functional_last,functional,200,33,8,4,4,0.8994125132743283,0.8995216848921057,0.05375413856982976,0.0550017510185703,0.41859337641631716
functional_last,functional,200,34,8,4,4,0.9000872845520651,0.9001772815991169,0.041656642077401676,0.040741224329109094,0.4221007722139874
functional_last,functional,200,35,8,4,4,0.9023472922939114,0.9024409475613608,0.029972027201941757,0.030685708617003694,0.40166257420964724
functional_last,functional,200,36,9,4,4,0.9051386424293425,0.9052212903652608,0.04653464123751512,0.04712130914938678,0.4144797616428867
functional_last,functional,200,37,9,4,4,0.8939802796929254,0.894073542202383,0.04078635227925777,0.042428649647883995,0.42435244688966234
functional_last,functional,200,38,9,4,4,0.885455634104178,0.8855579048671576,0.03815107888024265,0.03873470406702529,0.41989241278455236
functional_last,functional,200,39,9,4,4,0.9057403693316004,0.9058282183603822,0.04059769964667469,0.04447381580370407,0.41023623971843265
functional_last,functional,200,40,10,4,4,0.8973823441369173,0.8974722547341768,0.08231224841186136,0.08388825914305283,0.41954599947838556
functional_last,functional,200,41,10,4,4,0.8814973057749408,0.881594560187356,0.05941521093513827,0.06039972010730042,0.4177706548312731
functional_last,functional,200,42,10,4,4,0.9135854277978374,0.9136742651316512,0.030000956557765933,0.03207927262282201,0.4269505230921411
functional_last,functional,200,43,10,4,4,0.8994202808652173,0.8995074607653786,0.03213998435653967,0.03165685311142588,0.4153890833835807
functional_last,functional,200,44,11,4,4,0.8904815712799105,0.8905773572561358,0.10068839718469509,0.042743521546914784,0.41473956425593606
functional_last,functional,200,45,11,4,4,0.9002132079184064,0.900312085972726,0.0336785540285135,0.03406554384653543,0.4216677600978549
functional_last,functional,200,46,11,4,4,0.9122102491900356,0.9122812860618572,0.03425711897432771,0.03461333812181114,0.41370032906874576
functional_last,functional,200,47,11,4,4,0.8870993170106847,0.8871881317751295,0.0441450514389222,0.04405478516381536,0.41772733610322604
functional_last,functional,200,48,12,4,4,0.8857180495830036,0.8858007825111586,0.05438872545300872,0.11541350000821564,0.4187665848834324
functional_last,functional,200,49,12,4,4,0.90269468214197,0.9027761571346827,0.024864316015265196,0.024883559451824872,0.41807375691059084
functional_last,functional,200,50,12,4,4,0.8999453027113764,0.9000443611053943,0.0395083160940099,0.03973604853691401,0.4252184694965987
functional_last,functional,200,51,12,4,4,0.8997182438519402,0.8998179295304323,0.041644384891457074,0.0417259095685214,0.41863668113437436
functional_last,functional,200,52,13,4,4,0.892333381925491,0.8924423351173457,0.054051482316399814,0.05498679467749913,0.4266474039662194
functional_last,functional,200,53,13,4,4,0.9054695184013536,0.9055723502001697,0.652795878992587,0.09457992292610705,0.418030466260198
functional_last,functional,200,54,13,4,4,0.903859752846802,0.903943491367788,0.029603368079894794,0.030802628346266903,0.4097166154034203
functional_last,functional,200,55,13,4,4,0.8913446792662835,0.8914245361789358,0.05648299399544392,0.057815497898087584,0.4088938889605672
functional_last,functional,200,56,14,4,4,0.9141501802542316,0.9142404298119283,0.03976793269377062,0.04058107751630327,0.4185933827532268
functional_last,functional,200,57,14,4,4,0.895818532042314,0.895899577240601,0.03538294319310582,0.03552700991192942,0.42028212801666687
functional_last,functional,200,58,14,4,4,0.8939634357279983,0.8940554957011956,0.05084176130477133,0.05122312991068128,0.429072278997464
functional_last,functional,200,59,14,4,4,0.8941507799507955,0.8942395952331105,0.03312118066911494,0.03578303057372277,0.41383023208121206
functional_last,functional,200,60,15,4,4,0.9060985030160332,0.9061862712488665,0.03400488266301886,0.03452446075691211,0.42192756882022875
functional_last,functional,200,61,15,4,4,0.8898187915264902,0.8899100196535826,0.06419855605029143,0.0640239443232381,0.4223605875950064
functional_last,functional,200,62,15,4,4,0.9042715331621322,0.904371892717187,0.03731243449870636,0.03921340879171867,0.4127477056112815
functional_last,functional,200,63,15,4,4,0.8867659031119434,0.8868406786884409,0.04322604758444723,0.04296094010336948,0.4036544407020064
functional_last,functional,200,64,16,4,4,0.9063675465686951,0.9064615866633546,0.031199228547439055,0.03332193120222515,0.4250019644421401
functional_last,functional,200,65,16,4,4,0.8983199460495968,0.8984056330762511,0.03881801380827103,0.03925649052397756,0.4246988566008388
functional_last,functional,200,66,16,4,4,0.8788295968134808,0.8789226337294146,0.05343289844151568,0.05331368156475549,0.4102795305782656
functional_last,functional,200,67,16,4,4,0.9108372265887679,0.9109440869074419,0.04328799167851574,0.04409792509528897,0.42469885659968043
functional_last,functional,200,68,17,4,4,0.8983848676582363,0.8984675700608217,0.08527381877628992,0.03623612434110629,0.42162445599753196
functional_last,functional,200,69,17,4,4,0.8977038978971408,0.8977971852926502,0.0604761755544183,0.06199871206065535,0.4253916724207397
functional_last,functional,200,70,17,4,4,0.8978498508733932,0.8979553082612189,0.04119278597146385,0.04244818484583167,0.40889389124393616
functional_last,functional,200,71,17,4,4,0.8937619320117384,0.893841295732302,0.09606091442393275,0.1344122739042691,0.4138735346237451
functional_last,functional,200,72,18,4,4,0.8904215741078201,0.8905027566212659,0.053167310339934576,0.051112886961102194,0.42101825239933127
functional_last,functional,200,73,18,4,4,0.8935085705366344,0.8936166136647248,0.035796568110586416,0.03605511258883312,0.4226203922509637
functional_last,functional,200,74,18,4,4,0.8968937814595167,0.8969856107819445,0.04424059547099022,0.05041445489287601,0.4113620590668125
functional_last,functional,200,75,18,4,4,0.897579900900009,0.8976562457453308,0.034126783996543134,0.034135299530997594,0.42695052081890134
functional_last,functional,200,76,19,4,4,0.9101364695287034,0.910236045294356,0.034395984177062466,0.035393093987248804,0.4229235026002065
functional_last,functional,200,77,19,4,4,0.9009211102339011,0.9010118036236804,0.04506261234309915,0.046154639832179455,0.42314001125063244
functional_last,functional,200,78,19,4,4,0.8952265684915226,0.8953128263937578,0.052792798316845,0.054066864946347395,0.42270700943158995
functional_last,functional,200,79,19,4,4,0.900335465667561,0.9004266048833341,0.027825025019612887,0.029618557094488587,0.42517516590527565
functional_last,functional,200,80,20,4,4,0.8998135179709538,0.899919880078537,0.05706127286943793,0.10098542522228987,0.4156055921028
functional_last,functional,200,81,20,4,4,0.8965429635366305,0.8966164016400882,0.027229024696886803,0.028154190623029943,0.42314000827030934
functional_last,functional,200,82,20,4,4,0.9007613476963043,0.9008309888219869,0.04559203462807145,0.043921929202583566,0.41079914014591545
functional_last,functional,200,83,20,4,4,0.9054999054589179,0.9056028710213577,0.04640040064569545,0.046808624797492246,0.4205419428923521
functional_last,functional,200,84,21,4,4,0.8925035491225976,0.8925770686431279,0.03923870493425698,0.038545523476984776,0.42811966848074856
functional_last,functional,200,85,21,4,4,0.8953105479556078,0.8954194465388456,0.03742524536070983,0.03806964939100104,0.4151292658534918
functional_last,functional,200,86,21,4,4,0.8939103887248142,0.8940007873001912,0.036379680296291336,0.037850811313225555,0.4167314198740803
functional_last,functional,200,87,21,4,4,0.9118752133227206,0.9119556099281864,0.030441927049244588,0.030742214170898133,0.417467550025947
functional_last,functional,200,88,22,4,4,0.9027374833082181,0.9028146418525573,0.11308076503060568,0.04793443247310219,0.4138735294622107
functional_last,functional,200,89,22,4,4,0.9170090495051441,0.9171034310981911,0.024115795635163223,0.024928918008000008,0.4282495673854812
functional_last,functional,200,90,22,4,4,0.8956144788890334,0.8956986446813724,0.03914107968351532,0.03660135010011828,0.413830234246884
functional_last,functional,200,91,22,4,4,0.8931984368771244,0.8933047570973108,0.07597997459937518,0.07634698249320668,0.4182902656553051
functional_last,functional,200,92,23,4,4,0.8920905695373034,0.8921804209332728,0.053720388181974284,0.056580620942664556,0.4243957454624735
functional_last,functional,200,93,23,4,4,0.9022754719001996,0.9023655486370332,0.04294477258889563,0.04291593989690046,0.4264742123943517
functional_last,functional,200,94,23,4,4,0.8912350284897657,0.8913372643234159,0.04440836745279485,0.04588803513104639,0.4117517612667095
functional_last,functional,200,95,23,4,4,0.9118789593521572,0.9119671794927371,0.03106141512401423,0.031578666436379445,0.4179438534712596
functional_last,functional,200,96,24,4,4,0.8883836975576758,0.888478360007821,0.03712361903045585,0.04171650595564182,0.40218219387320775
functional_last,functional,200,97,24,4,4,0.9040845173600703,0.9041883967963524,0.054530610016177816,0.09361956499476129,0.4277299545670443
functional_last,functional,200,98,24,4,4,0.911602010438625,0.9117057329326379,0.03806751850274029,0.039631654234033004,0.42513186438294914
functional_last,functional,200,99,24,4,4,0.8959169080374801,0.8959932245204525,0.049971686302121135,0.05252568646531015,0.422403884298265
functional_last,functional,500,0,0,1,4,0.8874710941886492,0.8874857276921853,0.05779107061711776,0.059631702282284704,0.4280330581223725
functional_last,functional,500,1,1,1,4,0.9000127347196959,0.900027936407784,0.04070687459331544,0.04078410478925913,0.4269072286146359
functional_last,functional,500,2,2,1,4,0.8957351893365638,0.8957496909113462,0.052236100056022715,0.03688547795700572,0.4272969434128513
functional_last,functional,500,3,3,1,4,0.9053357757011441,0.9053504655964435,0.03582441397361211,0.04831718067281712,0.4268206257617371
functional_last,functional,500,4,4,1,4,0.8964810500558421,0.8964955980988314,0.03034221606319362,0.03113798253393197,0.4296785059081899
functional_last,functional,500,5,5,1,4,0.8971223701768345,0.8971378843425132,0.03777385762348935,0.03753156022177624,0.4280330587961046
functional_last,functional,500,6,6,1,4,0.8959283898955485,0.8959436413835341,0.03318032152003432,0.03340629145190251,0.4285526765188347
functional_last,functional,500,7,7,1,4,0.8898534928422621,0.8898685219403708,0.03554816579791148,0.0352833259868241,0.4301548269682274
functional_last,functional,500,8,8,1,4,0.8941912242872107,0.8942061677572787,0.03963635026634277,0.03947061946921824,0.42803306222086335
functional_last,functional,500,9,9,1,4,0.8937149067300256,0.8937294774938489,0.07185829959244452,0.05473204953816939,0.4263443127642595
functional_last,functional,500,10,10,1,4,0.894651781518678,0.8946665967198142,0.03463555955986238,0.03629122109366381,0.42946200200098844
functional_last,functional,500,11,11,1,4,0.9001036181278246,0.900117753066057,0.03414804746129241,0.03491989703648992,0.430198129140496
functional_last,functional,500,12,12,1,4,0.8969126244062342,0.8969271723194854,0.03369507868711347,0.034008561833558985,0.42885578711397154
functional_last,functional,500,13,13,1,4,0.8958585846159083,0.8958743647014731,0.03768000530563631,0.03635561587321066,0.42859597818394796
functional_last,functional,500,14,14,1,4,0.9047947979467549,0.9048084345547452,0.054133830185576395,0.03646330215795619,0.4298950204196282
functional_last,functional,500,15,15,1,4,0.9013704735485605,0.9013850048247137,0.0435059170714659,0.04313245701518234,0.4291588931436202
functional_last,functional,500,16,16,1,4,0.8975485596244775,0.897563501486642,0.033082096852143465,0.03178250384529797,0.42985171597294114
functional_last,functional,500,17,17,1,4,0.8988182817897881,0.8988328799601997,0.04502049825821787,0.04516963874954397,0.429851715282157
functional_last,functional,500,18,18,1,4,0.893884965900305,0.8939001291561524,0.041690868000815944,0.04182065429299933,0.42911559576914177
functional_last,functional,500,19,19,1,4,0.9033508715477059,0.9033659071018061,0.03904293874562528,0.038653586046900036,0.4287258815111867
functional_last,functional,500,20,20,1,4,0.9007382462854089,0.9007520064292273,0.03133428051978739,0.03159001147989095,0.42928879627939753
functional_last,functional,500,21,21,1,4,0.8948921825006739,0.8949062599098734,0.039467838796990194,0.039984129379189215,0.42941870662702697
functional_last,functional,500,22,22,1,4,0.9070632162199558,0.9070767192647603,0.056047871648840675,0.03252578283849146,0.428682580343433
functional_last,functional,500,23,23,1,4,0.8957070627402085,0.8957219550586453,0.045394014889292664,0.04531197632371399,0.4296785145961686
functional_last,functional,500,24,24,1,4,0.8994854600351421,0.8995012390272529,0.03564046764685913,0.04991614025022481,0.42898569207525816
functional_last,functional,500,25,25,1,4,0.8919406555256701,0.8919550620336465,0.04011359302930369,0.040816656860303197,0.4300682205087823
functional_last,functional,500,26,26,1,4,0.9026069123577316,0.9026224217823359,0.04778527311653049,0.057063054473384014,0.4285526663168345
functional_last,functional,500,27,27,1,4,0.9010961466653473,0.9011109435920801,0.05010428389411814,0.030357390223708702,0.42954861421652657
functional_last,functional,500,28,28,1,4,0.9033340506242181,0.903349413108436,0.04089811837889709,0.04114970559272874,0.4276000455704753
functional_last,functional,500,29,29,1,4,0.9045689126007198,0.9045844932592186,0.061756024270677105,0.041102335495296335,0.42876918688445237
functional_last,functional,500,30,30,1,4,0.9008242843787261,0.9008392013565375,0.037820245499507285,0.038327628451316514,0.42695052719032545
functional_last,functional,500,31,31,1,4,0.8970865986593295,0.8970999989813819,0.03209651273300482,0.0326465852319439,0.42660411794532216
functional_last,functional,500,32,32,1,4,0.9016750208367414,0.9016888973878199,0.04426001433670845,0.04511128395677606,0.4296785137724552
functional_last,functional,500,33,33,1,4,0.8944381909383038,0.8944541496341996,0.04541362192181549,0.04506161907788818,0.4299816209221319
functional_last,functional,500,34,34,1,4,0.8925898558259324,0.8926046205364784,0.03387018084806648,0.033160349934699504,0.42487207080993167
functional_last,functional,500,35,35,1,4,0.896814419702322,0.896829399427417,0.03200458978078168,0.03128037043733994,0.4296352114919469
functional_last,functional,500,36,36,1,4,0.9023025261111686,0.9023174960905339,0.03201680786541378,0.032872557609682454,0.4292888002299711
functional_last,functional,500,37,37,1,4,0.8974911343376606,0.8975061028906957,0.03712735910398459,0.03549847187098318,0.42911558838284847
functional_last,functional,500,38,38,1,4,0.8975981501692463,0.8976138246694579,0.03254541096102337,0.0321065563645921,0.42954860956471996
functional_last,functional,500,39,39,1,4,0.9008623209630012,0.9008765786707457,0.04959668775440449,0.040885260405074064,0.4296785092415119
functional_last,functional,500,40,40,1,4,0.8968237454571621,0.8968392330767277,0.04770913912258165,0.04880164800386631,0.42837947471587223
functional_last,functional,500,41,41,1,4,0.8958992460110827,0.8959152065713166,0.038140703431918936,0.039401309471722434,0.42660411401142617
functional_last,functional,500,42,42,1,4,0.9008061080994754,0.9008200676397373,0.037607116591950394,0.04026923137900684,0.429375402804966
functional_last,functional,500,43,43,1,4,0.893905752703123,0.8939202067938045,0.04182881501862347,0.04389447672271782,0.42881248723982485
functional_last,functional,500,44,44,1,4,0.89750000067735,0.8975138958739397,0.039067326016743294,0.04038902851252466,0.42660412066401104
functional_last,functional,500,45,45,1,4,0.8993146066103729,0.8993304941477955,0.048200160707940226,0.05918836707045689,0.4288557883831069
functional_last,functional,500,46,46,1,4,0.8979283578177077,0.897943409729816,0.046524395404357446,0.036571165659276525,0.42794645841907764
functional_last,functional,500,47,47,1,4,0.9011070427565763,0.901121760236855,0.061803332721232354,0.05090918691892132,0.4268639240270661
functional_last,functional,500,48,48,1,4,0.894791230448484,0.894807682815908,0.037189450622525815,0.03581955593316784,0.42820626492693215
functional_last,functional,500,49,49,1,4,0.8993408672828608,0.8993563589395179,0.05922768577830167,0.03749702577800091,0.4230534091189956
functional_last,functional,500,50,50,1,4,0.894854998956648,0.8948704118651144,0.050152109086939387,0.03673371665463766,0.4294187036877143
functional_last,functional,500,51,51,1,4,0.8950062741277499,0.8950217774495572,0.04622243706320102,0.07923913098158647,0.42829286991211163
functional_last,functional,500,52,52,1,4,0.8952736195849342,0.8952883625179452,0.034733503624207115,0.03338248186689192,0.42798975163170844
functional_last,functional,500,53,53,1,4,0.8981311680339434,0.8981473190773882,0.05872806964865887,0.03781273063613646,0.424915372138231
functional_last,functional,500,54,54,1,4,0.9024843190780918,0.9024986293245831,0.03395091168504939,0.03405524254912802,0.4290289894862597
functional_last,functional,500,55,55,1,4,0.8952452312935842,0.8952599752795565,0.040042439245789416,0.040580119938695494,0.42747013794716887
functional_last,functional,500,56,56,1,4,0.8993828692953922,0.8993971103072036,0.03298831029565456,0.03319834320072493,0.4266474318489948
functional_last,functional,500,57,57,1,4,0.8959822550333166,0.8959965377036292,0.0422123358001512,0.04169682199178465,0.4285093763907293
functional_last,functional,500,58,58,1,4,0.8963810996846456,0.8963956456742757,0.04147808212086759,0.041930716804999296,0.4294620063844369
functional_last,functional,500,59,59,1,4,0.8991840340687373,0.8991982849919053,0.0386409359632436,0.04164049641964741,0.4296785170414458
functional_last,functional,500,60,60,1,4,0.8937786368374693,0.8937938242050976,0.049897012868177215,0.05045298590204406,0.42846608147332244
functional_last,functional,500,61,61,1,4,0.8955055292648805,0.8955217506504041,0.048453887787944544,0.06409351984055547,0.4295919019169403
functional_last,functional,500,62,62,1,4,0.9035997214903194,0.9036150853421486,0.036680803565929954,0.03751443435713964,0.4299383211469163
functional_last,functional,500,63,63,1,4,0.8997944110563333,0.8998080121820299,0.06618233478668323,0.045019077584744924,0.4259978986023384
functional_last,functional,500,64,64,1,4,0.8968487580933113,0.8968648456749672,0.04121701009389036,0.040973676119111804,0.42712373790446234
functional_last,functional,500,65,65,1,4,0.900971015991923,0.9009864039322341,0.043222700667725385,0.04460853172001948,0.4295919081332129
functional_last,functional,500,66,66,1,4,0.8954559009732093,0.8954711498449316,0.04099236032392724,0.041992771528834925,0.427253627493812
functional_last,functional,500,67,67,1,4,0.8980377946486184,0.8980523391339829,0.05481423906977028,0.04318001711016485,0.4249153685428934
functional_last,functional,500,68,68,1,4,0.8994644687434711,0.8994788612009181,0.032926847977406096,0.0314684291281424,0.4293754034049312
functional_last,functional,500,69,69,1,4,0.8999665699252161,0.8999810452364703,0.03938614192102241,0.051996807133556804,0.4299383207431381
functional_last,functional,500,70,70,1,4,0.902755022447597,0.9027694341595428,0.03528120146303074,0.03703079327072938,0.42803306329758556
functional_last,functional,500,71,71,1,4,0.8983703722740148,0.8983851046287341,0.03871215160703223,0.03951800998631541,0.4265175172234383
functional_last,functional,500,72,72,1,4,0.9039097818521711,0.9039232447540045,0.04480448828205687,0.05608228165322894,0.4292021991821427
functional_last,functional,500,73,73,1,4,0.8961832161025023,0.8961988242367213,0.03567965035369381,0.0362497943958999,0.4291588963709946
functional_last,functional,500,74,74,1,4,0.9064228712826771,0.9064373461917209,0.03312100566838214,0.03343200020497886,0.427600040028975
functional_last,functional,500,75,75,1,4,0.8933548542991219,0.8933699844905638,0.03802747245860556,0.03738434432881607,0.4245689500571148
functional_last,functional,500,76,76,1,4,0.8991317337925062,0.8991455779778075,0.030155911168312663,0.06149331137277411,0.42963521620370176
functional_last,functional,500,77,77,1,4,0.8996427121098893,0.8996575634263175,0.028743504658743743,0.031221550703172264,0.42742684541551357
functional_last,functional,500,78,78,1,4,0.8979873631954299,0.898001481783897,0.03596614605944959,0.03730460135550305,0.42980840998359726
functional_last,functional,500,79,79,1,4,0.897857718221086,0.8978723480791837,0.08642232872996257,0.04375736596421441,0.42924549575724125
functional_last,functional,500,80,80,1,4,0.8978168191974172,0.8978321518041483,0.04531087853855847,0.04472994058230394,0.42837946882372285
functional_last,functional,500,81,81,1,4,0.8844925281874751,0.8845078836024951,0.044097137830530375,0.044362421996196846,0.4250019680808606
functional_last,functional,500,82,82,1,4,0.8943040816413869,0.8943186597597681,0.039621598676700565,0.03930697805921657,0.42972181832799017
functional_last,functional,500,83,83,1,4,0.9001155545357993,0.900130866550732,0.041055380090112524,0.04209416262328181,0.4295053128805556
functional_last,functional,500,84,84,1,4,0.8920383553546536,0.8920526558166306,0.039568252526837586,0.03925060190089055,0.42920220075603766
functional_last,functional,500,85,85,1,4,0.8898266875041977,0.8898405245073268,0.048993038151697955,0.04951319910475303,0.4298517201341828
functional_last,functional,500,86,86,1,4,0.8948624073847086,0.8948764782099808,0.034394661790153436,0.0337228564259829,0.42941870398263293
functional_last,functional,500,87,87,1,4,0.895198167587286,0.8952146273954883,0.03882162041952521,0.03766262854652383,0.42664741612256174
functional_last,functional,500,88,88,1,4,0.9006805770807261,0.9006955550197725,0.04778639410414535,0.04843978873828236,0.4291589003943083
functional_last,functional,500,89,89,1,4,0.8962749458691741,0.8962889095171779,0.0501974030765851,0.03713719745677359,0.4287691819301668
functional_last,functional,500,90,90,1,4,0.898792217736449,0.8988075088224948,0.04752543715613971,0.046781280705647396,0.42946200224835696
functional_last,functional,500,91,91,1,4,0.8973886087343957,0.8974042044518562,0.051917101651319415,0.038421332743917194,0.4285093739708069
functional_last,functional,500,92,92,1,4,0.893778249458457,0.8937934522278875,0.044814563773913685,0.046459240994878054,0.4270804301943361
functional_last,functional,500,93,93,1,4,0.8952198347403955,0.8952336669639934,0.04442528668865341,0.04468724191917709,0.42725363543547673
functional_last,functional,500,94,94,1,4,0.8973502352382209,0.8973651634984188,0.03759139628190335,0.03698244235155704,0.4292887979580607
functional_last,functional,500,95,95,1,4,0.8959286027852678,0.8959435397531119,0.037556597345756684,0.03781710163051822,0.42933210101246816
functional_last,functional,500,96,96,1,4,0.895385125214435,0.8953999606739482,0.03843400872597245,0.04841491528380086,0.4301548249017482
functional_last,functional,500,97,97,1,4,0.9046600819238397,0.9046754246974039,0.03440963932652365,0.03460416619864473,0.4292454953341614
functional_last,functional,500,98,98,1,4,0.8946656518223166,0.8946807586688217,0.031431401824326285,0.0566935782504661,0.4291155966672827
functional_last,functional,500,99,99,1,4,0.9036087452121732,0.9036228485008189,0.04129996988870912,0.04621645038240086,0.428942384672112
structural_all_o,structural,5,0,0,199,4,0.9571697787909587,0.9771064927453259,0.03309304126653536,0.030197588665127197,0.06521171078909369
structural_all_o,structural,5,1,0,199,4,0.9780725466698792,0.9805231102060687,0.03140742274027983,0.022215020241458508,0.16636348030975623
structural_all_o,structural,5,2,0,199,4,0.9716593012503196,0.9739189272647857,0.021295728258935616,0.029657018914921267,0.08920061292196439
structural_all_o,structural,5,3,0,199,4,0.9970479152402028,0.9986955221495827,0.029380023615727505,0.1342898032351027,0.05360697093271962
structural_all_o,structural,5,4,0,199,4,0.9939944949980479,0.9969531434158676,0.030873365778632332,0.0967681787195599,0.04624575649087116
structural_all_o,structural,5,5,0,199,4,0.9895200690294033,0.9918784446656204,0.04131487838742011,0.03990036103855237,0.14518916135380774
structural_all_o,structural,5,6,0,199,4,0.9733611785158527,0.98661801045863,0.006284560702665722,0.19251397819290694,0.08235901474382079
structural_all_o,structural,5,7,0,199,4,0.9883483395067384,0.9962697945710731,0.0301171362881705,0.014718570326299044,0.16978427333994073
structural_all_o,structural,5,8,0,199,4,0.989143426371648,0.9959903606878199,0.027251606737917294,0.03200273392674802,0.15796302805028617
structural_all_o,structural,5,9,0,199,4,0.9906423160019406,0.9954896498198563,0.006558777891940578,0.0994326695263847,0.03611325938943514
structural_all_o,structural,5,10,0,199,4,0.9757698689265187,0.9798570451117293,0.0180845759319491,0.030277454823294546,0.11072134706842486
structural_all_o,structural,5,11,0,199,4,0.9750490550596698,0.9898319393976704,0.037955078932027604,0.02567259541055223,0.1053952906176277
structural_all_o,structural,5,12,0,199,4,0.9814704135701038,0.9896100702042077,0.027000796568638675,0.04946830278083082,0.09171208915790033
structural_all_o,structural,5,13,0,199,4,0.9945363356014952,0.9574515362661796,0.01107033688625057,0.041531521299958386,0.13661550864784094
structural_all_o,structural,5,14,0,199,4,0.969601802110209,0.9918266693451939,0.0131892638562507,0.018276619900874456,0.1571836086469075
structural_all_o,structural,5,15,0,199,4,0.9407154827982961,0.9966301732806856,0.02295203492853162,0.08849270939312237,0.026543677508971276
structural_all_o,structural,5,16,0,199,4,0.9863093394572202,0.9900514626730875,0.027809869250163648,0.02255088456219377,0.18177872842585027
structural_all_o,structural,5,17,0,199,4,0.9815087083785957,0.9673631048613096,0.018267228668591817,0.015281381130965808,0.2808087310664014
structural_all_o,structural,5,18,0,199,4,0.9881254408852501,0.9965462471532924,0.032171177985177754,0.10931511055639458,0.079890838392095
structural_all_o,structural,5,19,0,199,4,0.8989781075762032,0.8932741236058981,0.014449831957667005,0.08378248662487897,0.053000754206495804
structural_all_o,structural,5,20,0,199,4,0.9866519971948265,0.9944697046794136,0.02260369025533844,0.027830783370586233,0.14865325242987337
structural_all_o,structural,5,21,0,199,4,0.9814207921993959,0.907780321219671,0.045042247909419963,0.13874527815930834,0.04654886263427471
structural_all_o,structural,5,22,0,199,4,0.9738567636103851,0.9934867114704358,0.029133415778832203,0.10971509516885543,0.02143412818720649
structural_all_o,structural,5,23,0,199,4,0.9654401965986971,0.9917574369911027,0.04148869899192142,0.07987242128890293,0.03615655985649689
structural_all_o,structural,5,24,0,199,4,0.9606932179956104,0.9922023461876978,0.013849650743661587,0.020342439573335352,0.10812327043634695
structural_all_o,structural,5,25,0,199,4,0.9914349923624679,0.9957663078324165,0.05732456911266328,0.11037637048453003,0.04754479300380167
structural_all_o,structural,5,26,0,199,4,0.9929311419421945,0.9957298511084268,0.019213072665533473,0.03754873042624059,0.12799855536525262
structural_all_o,structural,5,27,0,199,4,0.9467924371803331,0.9454999435013849,0.04382023318863143,0.07733223312375623,0.1279985572368527
structural_all_o,structural,5,28,0,199,4,0.9908795188277848,0.9954944248806022,0.013974189404547376,0.018777019181142406,0.10041564097643399
structural_all_o,structural,5,29,0,199,4,0.9873117445275776,0.987235489212446,0.03593234504069245,0.030316289145456456,0.12730572878009017
structural_all_o,structural,5,30,0,199,4,0.9936498987298448,0.9942047384805254,0.01859127114836877,0.045183188092466714,0.13943008902564774
structural_all_o,structural,5,31,0,199,4,0.9286793439910542,0.9925204758877708,0.015906786012276415,0.03707040087205901,0.04511992247083232
structural_all_o,structural,5,32,0,199,4,0.9796436366756874,0.9985948156571913,0.012353325973557346,0.18263208891289368,0.037672104100682335
structural_all_o,structural,5,33,0,199,4,0.9877752032073395,0.9927044999736953,0.012220937478761545,0.01822692636654858,0.1115440727155946
structural_all_o,structural,5,34,0,199,4,0.945199120372751,0.9714699448181676,0.01709658171676884,0.008493057925195679,0.08989343681426917
structural_all_o,structural,5,35,0,199,4,0.9851590824561504,0.9837588681573854,0.018732102265613858,0.03652012091175695,0.11487826829767034
structural_all_o,structural,5,36,0,199,4,0.992487081847363,0.995599091121744,0.017380711429348467,0.031032463208212704,0.08383125942226412
structural_all_o,structural,5,37,0,199,4,0.9957474518046872,0.9996313369668147,0.0023464335712770315,0.10237176877473904,0.010175798967712296
structural_all_o,structural,5,38,0,199,4,0.9923484569546053,0.9931383579898704,0.014161175799030062,0.044613763934799454,0.1704771014993295
structural_all_o,structural,5,39,0,199,4,0.9855860620413113,0.9944624157927926,0.016479613092668717,0.02418894121213373,0.09560920235844178
structural_all_o,structural,5,40,0,199,4,0.9929835696140934,0.9973394379000601,0.005749601906776112,0.03130209350774816,0.1425044780324497
structural_all_o,structural,5,41,0,199,4,0.980978282464656,0.970612304075736,0.03322188165887039,0.04020769020257038,0.157313521388631
structural_all_o,structural,5,42,0,199,4,0.9993097209573585,0.9998864290587748,0.021898080193935524,0.05056049264383342,0.10998522777747377
structural_all_o,structural,5,43,0,199,4,0.9803941087946034,0.9872332526475943,0.020709816764535774,0.038369820762819154,0.0948297808898254
structural_all_o,structural,5,44,0,199,4,0.9382699272899253,0.9566380387190189,0.038250394346833146,0.1547542537837712,0.17052039683135892
structural_all_o,structural,5,45,0,199,4,0.9703623720284036,0.985792069560523,0.023826208448747006,0.05745070526592673,0.1255303841810984
structural_all_o,structural,5,46,0,199,4,0.9826965482962756,0.9986719032541648,0.014743538839289326,0.11813382337697981,0.01619467399126759
structural_all_o,structural,5,47,0,199,4,0.9504749664123004,0.9928099965942818,0.003411857198824772,0.03845709124577738,0.04377758282846718
structural_all_o,structural,5,48,0,199,4,0.9973219433903605,0.9998747365208067,0.010725678670268317,0.03962258756756259,0.03754220223205356
structural_all_o,structural,5,49,0,199,4,0.9887213957284224,0.9974617156312277,0.038145144557357694,0.02135278057917144,0.16203334975281297
structural_all_o,structural,5,50,0,199,4,0.980156453461769,0.9813010127049063,0.02428310101183914,0.0985198163417538,0.09621542516248796
structural_all_o,structural,5,51,0,199,4,0.9911737068936222,0.9921588190237156,0.038793252133986884,0.03276441272769423,0.21347525933838812
structural_all_o,structural,5,52,0,199,4,0.9825306968572038,0.9855524412594774,0.034665261039790916,0.05991048303084359,0.10305702047531434
structural_all_o,structural,5,53,0,199,4,0.9802039196651173,0.9865854031688799,0.013158299697471787,0.022767052836531524,0.09366064602961327
structural_all_o,structural,5,54,0,199,4,0.9438750823132451,0.9382771465881117,0.028007860500885728,0.22091519974931537,0.11344932482545424
structural_all_o,structural,5,55,0,199,4,0.9427125561663018,0.9726009769469766,0.02262082649209467,0.021018244753013903,0.07569061743512406
structural_all_o,structural,5,56,0,199,4,0.9861057625348284,0.9868931238251446,0.06894205696601381,0.043638674552642594,0.14588197191985172
structural_all_o,structural,5,57,0,199,4,0.9368215298437105,0.8769446788685852,0.012605704902941047,0.03407704344700051,0.1151380796307002
structural_all_o,structural,5,58,0,199,4,0.9643891913385834,0.9674139270926382,0.013957411331405451,0.22530669960315783,0.11180387793873095
structural_all_o,structural,5,59,0,199,4,0.9841892845952322,0.9910314812377821,0.01139833543557849,0.07668402416757522,0.08885420561489758
structural_all_o,structural,5,60,0,199,4,0.9631809657992549,0.9704182730106518,0.0114860520263866,0.023361609701214966,0.11375243968371898
structural_all_o,structural,5,61,0,199,4,0.995083505656304,0.9991896588161009,0.040548921254202584,0.04894600695753429,0.07395856695554848
structural_all_o,structural,5,62,0,199,4,0.988481447550561,0.9911644751605088,0.0113910601985454,0.1341937839627373,0.08729536682847878
structural_all_o,structural,5,63,0,199,4,0.9149954269128945,0.9711466046933004,0.03276982304168899,0.09343938324477985,0.024378615347187774
structural_all_o,structural,5,64,0,199,4,0.9867771305960709,0.9925093631777294,0.03575554272716103,0.0699290929479092,0.045033322914671416
structural_all_o,structural,5,65,0,199,4,0.987265182321568,0.9940559248822981,0.027442772143404546,0.025443197434616493,0.13700522089305608
structural_all_o,structural,5,66,0,199,4,0.9859838792879954,0.9908774195979849,0.03332955122280068,0.08370741591636002,0.04815101310103594
structural_all_o,structural,5,67,0,199,4,0.9530655040625793,0.909032033797881,0.030502271435722948,0.06098800604514776,0.15696709698279046
structural_all_o,structural,5,68,0,199,4,0.9668310797183055,0.9825876413711302,0.03658421770820669,0.24126224187375955,0.016887495857046617
structural_all_o,structural,5,69,0,199,4,0.9795324614049694,0.9699994902110664,0.01590737800232915,0.053149777853377655,0.11323282501246035
structural_all_o,structural,5,70,0,199,4,0.9655603725577357,0.9378474141938916,0.038407127372345674,0.06369992487736634,0.07595043297094939
structural_all_o,structural,5,71,0,199,4,0.9618565162606267,0.9732636540416837,0.019552805374128415,0.0398492584122735,0.09097596856160613
structural_all_o,structural,5,72,0,199,4,0.9901547727562904,0.9977420618189845,0.026281968444515795,0.03976539126017589,0.03247595175307938
structural_all_o,structural,5,73,0,199,4,0.9892362542762703,0.9919496797144011,0.030110151408864378,0.13209710514885362,0.0992465110715261
structural_all_o,structural,5,74,0,199,4,0.9592700805285984,0.9933536440533127,0.022304424426412582,0.020922402995324323,0.10799337038700292
structural_all_o,structural,5,75,0,199,4,0.9889317511642217,0.987063607605219,0.008819491216621619,0.027645387191399935,0.14181165862097767
structural_all_o,structural,5,76,0,199,4,0.9782287193325341,0.9744973606747028,0.023596128741966992,0.02428188085266273,0.19446600527434665
structural_all_o,structural,5,77,0,199,4,0.9627150246733317,0.9539090652288557,0.042698789157395306,0.0630085441074468,0.09543599574800077
structural_all_o,structural,5,78,0,199,4,0.992610931507516,0.9930168127028162,0.034927757265714,0.03678627800701349,0.1691780600454913
structural_all_o,structural,5,79,0,199,4,0.9890118592220232,0.9965944692997811,0.020900362624999967,0.09996460248878758,0.043994091733705505
structural_all_o,structural,5,80,0,199,4,0.9898450931501288,0.9868137561013766,0.017806053330070123,0.03558123758791761,0.1400363042923351
structural_all_o,structural,5,81,0,199,4,0.9749220953488741,0.9859866504222389,0.03582404658630951,0.04662624611664688,0.045033319126690466
structural_all_o,structural,5,82,0,199,4,0.9888506160879995,0.9956709495302553,0.03644474934421122,0.06742251297068652,0.06070837736490238
structural_all_o,structural,5,83,0,199,4,0.9734942689159933,0.9967716083867943,0.00860002538703302,0.02995075465282135,0.05629165006333167
structural_all_o,structural,5,84,0,199,4,0.9886083670986145,0.9918923295946379,0.022196936581609605,0.03686880819663981,0.10444266125489654
structural_all_o,structural,5,85,0,199,4,0.9921253624466255,0.9938536990645859,0.021017127860282103,0.03461352659087701,0.16584386809558158
structural_all_o,structural,5,86,0,199,4,0.9907232960827557,0.9969449363847404,0.00804405581841009,0.05908911805976397,0.09560920116259461
structural_all_o,structural,5,87,0,199,4,0.9762482580398304,0.9742944839140361,0.010430183822695671,0.03139482459628562,0.07963103496482905
structural_all_o,structural,5,88,0,199,4,0.9711349188520129,0.9899255991655974,0.032738098070368885,0.034113508402166995,0.05789380017664733
structural_all_o,structural,5,89,0,199,4,0.988834449345635,0.9937095450315694,0.009178184054985994,0.04340340987583276,0.13215547133723096
structural_all_o,structural,5,90,0,199,4,0.9913419900870288,0.9736698582854438,0.03722671562503968,0.04536552433743331,0.07192340501741618
structural_all_o,structural,5,91,0,199,4,0.9965507063475699,0.9984402800674033,0.014652753999395645,0.054743483823109076,0.08794487665821327
structural_all_o,structural,5,92,0,199,4,0.9836279859657796,0.914204327825881,0.017391051471823727,0.050996866011179504,0.09993932881950772
structural_all_o,structural,5,93,0,199,4,0.9697438065379684,0.9703941835079983,0.0024591329212703635,0.033021986317674806,0.2055944307925908
structural_all_o,structural,5,94,0,199,4,0.9702472297415714,0.992695262385886,0.05615447752798994,0.18003761586843842,0.030743901818063454
structural_all_o,structural,5,95,0,199,4,0.9962401006712986,0.9990638247232081,0.02221112287387734,0.04888849774999992,0.10076205597639804
structural_all_o,structural,5,96,0,199,4,0.991487312783932,0.9948403463240039,0.01893841293330804,0.03716376423749901,0.10491897498955483
structural_all_o,structural,5,97,0,199,4,0.9871159896820786,0.9925928410329532,0.04712097147740471,0.14370287151676778,0.061747609853953396
structural_all_o,structural,5,98,0,199,4,0.9943421341530116,0.9940416063042357,0.01926270593846763,0.08297176352774037,0.10024244327174017
structural_all_o,structural,5,99,0,199,4,0.9507762072176906,0.9445303346141183,0.02154665121042979,0.0152282344243585,0.08963362981692818
structural_all_o,structural,10,0,0,99,4,0.9806028851512851,0.9826177285728342,0.019888040648688543,0.015505711193980254,0.22295823792949226
structural_all_o,structural,10,1,0,99,4,0.9850915673835666,0.9853439603344823,0.029644471565445953,0.024570026614850936,0.1989693339687249
structural_all_o,structural,10,2,0,99,4,0.9913582712567284,0.9918726564724082,0.03031547876632442,0.036759129568929905,0.21854151193203708
structural_all_o,structural,10,3,0,99,4,0.9827200338209667,0.9846631903690878,0.016712416730457605,0.025915095442249517,0.25552078585575055
structural_all_o,structural,10,4,0,99,4,0.9906555790557926,0.9916469843646999,0.02013173203022763,0.025864103449235225,0.17614956410704324
structural_all_o,structural,10,5,0,99,4,0.9857382908457237,0.9876526917819224,0.02260956531657974,0.025783713819653307,0.17372469181419647
structural_all_o,structural,10,6,0,99,4,0.9786512793489491,0.9793978176309147,0.02227790958498786,0.024930465078472575,0.30743900713551453
structural_all_o,structural,10,7,0,99,4,0.963165245070099,0.964782044436697,0.02641137007464676,0.03954346853549726,0.17147302580083926
structural_all_o,structural,10,8,0,99,4,0.9891712112127177,0.9897332128272265,0.02501204483382577,0.021264014332415333,0.3193035587183002
structural_all_o,structural,10,9,0,99,4,0.9692872673321139,0.9729382151333211,0.30455195339318825,0.02277279933609175,0.15319988797738468
structural_all_o,structural,10,10,0,99,4,0.9911429291044151,0.9922233153139431,0.030056500918258903,0.044060050050058766,0.19827650870456612
structural_all_o,structural,10,11,0,99,4,0.9528769105798984,0.9528067584519171,0.06630887263425228,0.10677330477983192,0.06209402399501402
structural_all_o,structural,10,12,0,99,4,0.9823105250360549,0.9851372124296705,0.01324191876016887,0.008403571202018768,0.1736380886504333
structural_all_o,structural,10,13,0,99,4,0.9827875856645343,0.9844932274257829,0.01682294325797516,0.015621754659322043,0.25274951718049965
structural_all_o,structural,10,14,0,99,4,0.987286000474831,0.9884080237220884,0.014704668424979353,0.011053167295085821,0.1859356443661875
structural_all_o,structural,10,15,0,99,4,0.9733465051288249,0.9747402636139211,0.017040622030961333,0.014693654769464002,0.20594084121132283
structural_all_o,structural,10,16,0,99,4,0.9825453885123233,0.9849703703229419,0.016290631986403355,0.030995184127838693,0.1505152144400359
structural_all_o,structural,10,17,0,99,4,0.9749402685616411,0.9783681605874732,0.02019957311729776,0.018612253552216226,0.18615215896930337
structural_all_o,structural,10,18,0,99,4,0.9952925682621483,0.9952883668231404,0.01887238856946579,0.047962868556432114,0.161427133882577
structural_all_o,structural,10,19,0,99,4,0.9900474555793286,0.9911076720872978,0.018991537156871775,0.0168094084034872,0.22317473967498516
structural_all_o,structural,10,20,0,99,4,0.9856671316051031,0.9858676657343449,0.01587355850757087,0.02384820146734108,0.22542641411158196
structural_all_o,structural,10,21,0,99,4,0.9908422144693477,0.9913870372912591,0.0240370421894291,0.04662663648455644,0.21282574481437724
structural_all_o,structural,10,22,0,99,4,0.9765070618837277,0.9787247079030315,0.025155396626418493,0.020177801949049133,0.2579889616440838
structural_all_o,structural,10,23,0,99,4,0.977198678965231,0.9838786304775381,0.007719646637319783,0.019857573097603116,0.10063214681596792
structural_all_o,structural,10,24,0,99,4,0.992919005785893,0.9936055182881209,0.02032849952392788,0.03818312660856162,0.18641196257898246
structural_all_o,structural,10,25,0,99,4,0.98625453497055,0.9865035898096562,0.021130711439628313,0.02362218973870131,0.2692905973242032
structural_all_o,structural,10,26,0,99,4,0.9862757726634834,0.9885878866947574,0.02320261683511492,0.029752442374559554,0.1585259472459197
structural_all_o,structural,10,27,0,99,4,0.9717219246176365,0.9743704243604516,0.052298456660781964,0.03237625835362064,0.15605777229370843
structural_all_o,structural,10,28,0,99,4,0.9820908639777627,0.9829084769763837,0.015542782726268124,0.020603700813919504,0.2285440981535244
structural_all_o,structural,10,29,0,99,4,0.9858128965824069,0.9867122045984177,0.017449334634810305,0.02166925948959239,0.19082869581010248
structural_all_o,structural,10,30,0,99,4,0.9858997952984963,0.9865794672897026,0.019730248802740557,0.0186419425965701,0.16047450944707994
structural_all_o,structural,10,31,0,99,4,0.9753775111383003,0.9764321514879511,0.033483279009247906,0.07122911017614862,0.15198746150871026
structural_all_o,structural,10,32,0,99,4,0.9841297634234004,0.9849209919143936,0.021842416160029826,0.017702875553350095,0.1804796964877917
structural_all_o,structural,10,33,0,99,4,0.9822553817233416,0.9827694133743081,0.02639480601229334,0.026593109881156103,0.20303964964743687
structural_all_o,structural,10,34,0,99,4,0.9680109183855158,0.9682454199445024,0.036301889075094074,0.02498449850911199,0.22546971800735915
structural_all_o,structural,10,35,0,99,4,0.9798302865339594,0.9816843923527367,0.02648459790728436,0.031097118837923293,0.19234424602479686
structural_all_o,structural,10,36,0,99,4,0.9869130426817971,0.9878819507076151,0.026773376902829635,0.03283947446845873,0.21693936325154034
structural_all_o,structural,10,37,0,99,4,0.966483499663098,0.9657572402048148,0.020352644678810327,0.02604417966028715,0.1797435735152395
structural_all_o,structural,10,38,0,99,4,0.9820826133801666,0.9823368292612349,0.02417612208701697,0.02071686529043466,0.2582920738503251
structural_all_o,structural,10,39,0,99,4,0.9899125992750812,0.9902141213141394,0.027801960780218946,0.03649956470747343,0.2048150047566659
structural_all_o,structural,10,40,0,99,4,0.9908741162593043,0.9916442369274983,0.030252895572167978,0.029023853409209512,0.26924728552194255
structural_all_o,structural,10,41,0,99,4,0.988314941521108,0.9898792777196602,0.02381044176575674,0.025833954592147837,0.2186714078154971
structural_all_o,structural,10,42,0,99,4,0.9912254916014857,0.9913215735116846,0.02446104649444341,0.05366436959128821,0.23434647136022718
structural_all_o,structural,10,43,0,99,4,0.9868334976077969,0.9878146500817268,0.033966272381733595,0.03862839975839767,0.13535976895827817
structural_all_o,structural,10,44,0,99,4,0.9844555726190332,0.9857614290275434,0.044474900672571635,0.0393089996104388,0.17493712886257767
structural_all_o,structural,10,45,0,99,4,0.98823975257636,0.9882244197333375,0.030889898837085407,0.05115094306214863,0.16233645770391514
structural_all_o,structural,10,46,0,99,4,0.9793383671367762,0.9780080567700773,0.021196427888334847,0.026074787201797435,0.29250007852273
structural_all_o,structural,10,47,0,99,4,0.9873862259922433,0.9891290005585556,0.0339647209186233,0.04007807057086348,0.20503151119364743
structural_all_o,structural,10,48,0,99,4,0.9794398152370333,0.9799351795285236,0.025399573065152677,0.052300129021159665,0.14484274614371695
structural_all_o,structural,10,49,0,99,4,0.9853055652153512,0.9857632532436178,0.019682159695406515,0.02768216161504023,0.1480470429866748
structural_all_o,structural,10,50,0,99,4,0.984310650639168,0.9851468662421795,0.02029726756538092,0.01924766953270845,0.2537887397241777
structural_all_o,structural,10,51,0,99,4,0.9950334665172974,0.9954751620689014,0.02212227193335185,0.0374604038723142,0.1443664342418086
structural_all_o,structural,10,52,0,99,4,0.9884008481585437,0.9888587661498942,0.01655143793867345,0.01867374531627705,0.2617128652069168
structural_all_o,structural,10,53,0,99,4,0.9800634604847631,0.9840480615485208,0.017748205931353317,0.029172874722457314,0.15068841868094796
structural_all_o,structural,10,54,0,99,4,0.9899147397739124,0.990473027408372,0.023966847168502656,0.027969270338931186,0.26327171536307237
structural_all_o,structural,10,55,0,99,4,0.9756566913061121,0.9780717285185122,0.032373967888668975,0.03448356525244853,0.19364327582687949
structural_all_o,structural,10,56,0,99,4,0.979979908169488,0.9809382365398965,0.022171149100653285,0.021289521026255243,0.2731444141545642
structural_all_o,structural,10,57,0,99,4,0.9888041807377925,0.9890648905946622,0.022377858169880763,0.03322995893061256,0.20403558116469778
structural_all_o,structural,10,58,0,99,4,0.9875309334718463,0.9871189047292116,0.026596466092096527,0.04669469495929866,0.24092827268282888
structural_all_o,structural,10,59,0,99,4,0.9846427928426944,0.9856091503296848,0.026286393813242003,0.02200391625208356,0.18983277286036818
structural_all_o,structural,10,60,0,99,4,0.9755701528170672,0.9764347732791353,0.03219061667590102,0.027493039047595053,0.3285267227851788
structural_all_o,structural,10,61,0,99,4,0.9763156069143153,0.9780372611227273,0.026998885022850437,0.021891530752327398,0.23988903726075536
structural_all_o,structural,10,62,0,99,4,0.9881253597316644,0.9892268469622961,0.020081026683561164,0.023038795926138018,0.22074986505280594
structural_all_o,structural,10,63,0,99,4,0.9714199614997724,0.9748398426985891,0.01739176809425337,0.08395683922018131,0.13878056486300516
structural_all_o,structural,10,64,0,99,4,0.9779264914699488,0.9790525819623529,0.02341334433967709,0.020079976160801007,0.22157259113142896
structural_all_o,structural,10,65,0,99,4,0.9781069926654149,0.9786464921829217,0.025952017832708667,0.01722025698786393,0.30800193469306036
structural_all_o,structural,10,66,0,99,4,0.9906166722287655,0.9921717251679989,0.014184239689877268,0.01685375470841853,0.1808261103077404
structural_all_o,structural,10,67,0,99,4,0.9811284997916555,0.981127800862605,0.02647479129380666,0.03950301380951899,0.16839863800964472
structural_all_o,structural,10,68,0,99,4,0.9882314384785801,0.9892418932251681,0.052442954326879,0.14612896986011598,0.06477869758645456
structural_all_o,structural,10,69,0,99,4,0.9856314493444037,0.9866683088958449,0.021103256081072778,0.014236670068297014,0.24006224390038391
structural_all_o,structural,10,70,0,99,4,0.9937235997788897,0.9950741576687623,0.03112249530154827,0.05484153329232934,0.17775170804783755
structural_all_o,structural,10,71,0,99,4,0.9866306202897221,0.9880887958382358,0.02192102484239277,0.022568358120557356,0.19178132473383924
structural_all_o,structural,10,72,0,99,4,0.9798300817409237,0.9798142793230827,0.033034197751899315,0.026479598154947007,0.2999912058745473
structural_all_o,structural,10,73,0,99,4,0.9755399690589291,0.9728502942128961,0.015024120412628576,0.014264386131218955,0.3086947428177156
structural_all_o,structural,10,74,0,99,4,0.9776342693861335,0.9797360049979464,0.015975864202918105,0.013571560235270501,0.18970286505906578
structural_all_o,structural,10,75,0,99,4,0.9858948112225039,0.9884245472116553,0.022480364593279237,0.02525533598650249,0.23949932252950742
structural_all_o,structural,10,76,0,99,4,0.983366437690364,0.983887741164794,0.010754774666926536,0.015336496033410496,0.3505670686536262
structural_all_o,structural,10,77,0,99,4,0.9862552262640222,0.9869533365676293,0.03672201093720881,0.02572569846007613,0.1996188494418328
structural_all_o,structural,10,78,0,99,4,0.9856432262945778,0.9869396240486529,0.028300653960808348,0.03468276514225661,0.22962663529181443
structural_all_o,structural,10,79,0,99,4,0.9723044353869277,0.9750789551064527,0.029291698880131944,0.02263459282966916,0.17502373145411454
structural_all_o,structural,10,80,0,99,4,0.9813532439671107,0.9834522417745567,0.010145271264548257,0.017499512663627235,0.17017398935512448
structural_all_o,structural,10,81,0,99,4,0.9818030050209006,0.9841346646008452,0.01843016368077887,0.03449747975312005,0.13921357949382152
structural_all_o,structural,10,82,0,99,4,0.9812083496415025,0.9820817955531107,0.006201055441710209,0.00919958758403124,0.3212521174728358
structural_all_o,structural,10,83,0,99,4,0.9697668987149254,0.9711493077631782,0.029470840049632737,0.03348971076699183,0.2107039904483011
structural_all_o,structural,10,84,0,99,4,0.9831476535214493,0.9834825092898372,0.018830561468023206,0.022667598841727858,0.3175282121854782
structural_all_o,structural,10,85,0,99,4,0.9707118238570364,0.9709895769667888,0.0254286619222097,0.020108834728738572,0.276392005942934
structural_all_o,structural,10,86,0,99,4,0.9794272697799651,0.9797202376917891,0.01994955054917582,0.03601618293194176,0.21633314170762702
structural_all_o,structural,10,87,0,99,4,0.9944383054123285,0.9956561169702732,0.03913041876253532,0.05570190117826926,0.10344673763364358
structural_all_o,structural,10,88,0,99,4,0.9785586514587715,0.9796084970855942,0.031705853401353776,0.034156885205941324,0.2683379679425612
structural_all_o,structural,10,89,0,99,4,0.976334717464148,0.9762699731786944,0.0237264668087611,0.021374779467135452,0.25950451545376557
structural_all_o,structural,10,90,0,99,4,0.9785414392845148,0.9795082568669927,0.031702275453427964,0.018773476129581707,0.1406425225808392
structural_all_o,structural,10,91,0,99,4,0.9887383679486742,0.9886641070330563,0.018988940316102328,0.014114705291281828,0.3636007594807221
structural_all_o,structural,10,92,0,99,4,0.9794671964558993,0.9829393636985576,0.02280685374141778,0.02508857309745315,0.14765732356517303
structural_all_o,structural,10,93,0,99,4,0.9744941149868264,0.9722743289767002,0.041254531145623545,0.047332226193622665,0.24118807281879573
structural_all_o,structural,10,94,0,99,4,0.989157610313341,0.991434149812571,0.023714482900686798,0.026363222390827865,0.12929759108208144
structural_all_o,structural,10,95,0,99,4,0.9814314031217088,0.9809043204795291,0.041913309204871484,0.06427990741103835,0.17485052074509597
structural_all_o,structural,10,96,0,99,4,0.992915865245944,0.9928388750497692,0.04765104490447791,0.11260978078419231,0.20615734505002187
structural_all_o,structural,10,97,0,99,4,0.9782610694875313,0.978955277917947,0.016557698711495518,0.031368560063022244,0.18740789588102935
structural_all_o,structural,10,98,0,99,4,0.9787549527916365,0.9796715347456898,0.03113188074930065,0.08958182322843307,0.1913916124110917
structural_all_o,structural,10,99,1,99,4,0.9837237125175203,0.9841006308391336,0.023678392599086703,0.02971232359442255,0.2540918533368539
structural_all_o,structural,20,0,0,49,4,0.9865077359029263,0.9870041455380371,0.007337716332817861,0.006484261352172189,0.2744867478274815
structural_all_o,structural,20,1,0,49,4,0.98713415421194,0.9872880444774366,0.0209602638357492,0.019486164044735535,0.3132846845378849
structural_all_o,structural,20,2,0,49,4,0.9828083283473331,0.983058987185905,0.01383890271766514,0.01401775473430682,0.2464708250001702
structural_all_o,structural,20,3,0,49,4,0.9781311976228863,0.9784735258481838,0.014383423173882762,0.016562815993250782,0.3359312332686788
structural_all_o,structural,20,4,0,49,4,0.9822162745468895,0.9825956981301611,0.01660658338809358,0.017851021743519914,0.3193035587183002
structural_all_o,structural,20,5,0,49,4,0.9760835771014139,0.9765051703322055,0.24295771745074435,0.03676359367244238,0.21698265600638966
structural_all_o,structural,20,6,0,49,4,0.9829369386883844,0.9834377099932329,0.012558551632046014,0.01075322928906111,0.3023294706293026
structural_all_o,structural,20,7,0,49,4,0.9821206413229585,0.9823360639276528,0.013377054773946451,0.011690486877199912,0.2555207906395856
structural_all_o,structural,20,8,0,49,4,0.9760438497130287,0.9768512700476846,0.013972122834494527,0.014161079067045236,0.25565069703158055
structural_all_o,structural,20,9,0,49,4,0.989849512119487,0.9898768338974097,0.022110239819743478,0.023904758035883406,0.30518734121610086
structural_all_o,structural,20,10,0,49,4,0.9909535341796776,0.9910281447101051,0.017919081273857176,0.024050854857193125,0.256863132090642
structural_all_o,structural,20,11,0,49,4,0.9803896764617471,0.9811745972468321,0.021513845504749975,0.012705988227917455,0.26301190664354934
structural_all_o,structural,20,12,0,49,4,0.987469432827011,0.9875167425245381,0.025496386759761874,0.026627720875564777,0.3283102205347343
structural_all_o,structural,20,13,0,49,4,0.9758597449413028,0.9763082385434069,0.020776314142304162,0.03345121242628363,0.25058444647364725
structural_all_o,structural,20,14,0,49,4,0.9868151156561855,0.9871233384817983,0.02060970789122089,0.01848282517862315,0.31129282872752756
structural_all_o,structural,20,15,0,49,4,0.9852945055294208,0.985648749249436,0.02359532309970904,0.026059190979642613,0.22538311654008347
structural_all_o,structural,20,16,0,49,4,0.9842519850948938,0.9843525892005511,0.02248981462395204,0.021934747371527046,0.27258149404590815
structural_all_o,structural,20,17,0,49,4,0.9803595326355995,0.9810770810475948,0.02072857354620669,0.019145822427734334,0.2735774303315889
structural_all_o,structural,20,18,0,49,4,0.9796337926675752,0.9798187144811382,0.020661576411853955,0.023070614393652433,0.27929319436826655
structural_all_o,structural,20,19,0,49,4,0.9864531949506281,0.9865469100997941,0.017784340314908387,0.016351273983138275,0.31285167633446087
structural_all_o,structural,20,20,0,49,4,0.9912338543337744,0.9914989794842981,0.021256041654636862,0.019806660557453344,0.3160992596998821
structural_all_o,structural,20,21,0,49,4,0.9875811911038799,0.9876867529780384,0.022678747182513878,0.022582960806919627,0.2976962280988166
structural_all_o,structural,20,22,0,49,4,0.9851307272938424,0.985289649929971,0.02302059311576414,0.0243320570030908,0.24317993093089918
structural_all_o,structural,20,23,0,49,4,0.9836395885210213,0.9840062899685742,0.021507926177672797,0.01920915910644766,0.32549564219983124
structural_all_o,structural,20,24,0,49,4,0.9839407227673982,0.9840614897316476,0.031586179783351806,0.03974334326996828,0.2079759953353743
structural_all_o,structural,20,25,0,49,4,0.9889949290042802,0.9891469823459774,0.017925934085761867,0.0209471259465107,0.2844893448242578
structural_all_o,structural,20,26,0,49,4,0.9858713452145782,0.9862060234794109,0.017051557632550174,0.019135390193682676,0.2722783748979676
structural_all_o,structural,20,27,0,49,4,0.9808327591182173,0.9810322435970632,0.02283266928133551,0.02045322858574798,0.3211222095647962
structural_all_o,structural,20,28,0,49,4,0.9883449626205679,0.9885160952836423,0.018724801869083145,0.017857237244991324,0.31458372029059517
structural_all_o,structural,20,29,0,49,4,0.9870551338230772,0.9870636265163634,0.018832021825810265,0.02340246811417948,0.25720955346924107
structural_all_o,structural,20,30,0,49,4,0.9751744881940319,0.9755654939564685,0.020149572505806082,0.014199639552735947,0.353338358169664
structural_all_o,structural,20,31,0,49,4,0.9842425892660125,0.9845595864921641,0.023226971753634258,0.01916241032127721,0.3485752063439583
structural_all_o,structural,20,32,0,49,4,0.9823955899347879,0.9826045500289972,0.010621220468020585,0.007117340858695037,0.3626914314149276
structural_all_o,structural,20,33,0,49,4,0.9863624555186042,0.9867984446066976,0.014556749937361248,0.014509297709993332,0.2607602547949414
structural_all_o,structural,20,34,0,49,4,0.9864536299129885,0.986652632070394,0.022444681452968726,0.025624365299583732,0.26244899599077803
structural_all_o,structural,20,35,0,49,4,0.9909014986377864,0.9910907127858914,0.025324530284162254,0.026827806219736346,0.23880650035395878
structural_all_o,structural,20,36,0,49,4,0.9850598299876717,0.9850848437115034,0.016246397213702274,0.012419679803145846,0.37130839139079747
structural_all_o,structural,20,37,0,49,4,0.9839230816379687,0.9844492133400575,0.01915793786940612,0.016857990003753938,0.2777776464893642
structural_all_o,structural,20,38,0,49,4,0.9859541757147878,0.9860642974716549,0.014001977048106923,0.012471616365326845,0.3541177751284301
structural_all_o,structural,20,39,0,49,4,0.9828339409115399,0.9832605525969951,0.024751200052621145,0.023642876189885382,0.2415777881062108
structural_all_o,structural,20,40,0,49,4,0.9823658407283699,0.9828644193500935,0.017923333039961516,0.019104105560196746,0.23768066671872964
structural_all_o,structural,20,41,0,49,4,0.9787320885127823,0.9791078995372821,0.017115820725320027,0.01722615863739875,0.36589573237985773
structural_all_o,structural,20,42,0,49,4,0.9810969425525646,0.9811375338745665,0.018519335759648422,0.017611386011499357,0.3857710192256495
structural_all_o,structural,20,43,0,49,4,0.979059270517926,0.979285754456572,0.01838690104181251,0.013468261549644969,0.2740970391897054
structural_all_o,structural,20,44,0,49,4,0.9801585402376812,0.9803230771289478,0.020147175779966317,0.01826209521092396,0.3459338429524856
structural_all_o,structural,20,45,0,49,4,0.9827706467858967,0.9828017033440545,0.022245931819574336,0.01989409083518516,0.37879950589000616
structural_all_o,structural,20,46,0,49,4,0.9836548590556317,0.9843045132356782,0.02538589467346619,0.025477065994819158,0.2789900740828998
structural_all_o,structural,20,47,0,49,4,0.9858130777755632,0.9863106489620171,0.029484187163246193,0.030635528510322883,0.21265252800882728
structural_all_o,structural,20,48,0,49,4,0.9856417808314458,0.9857552511148998,0.0229630109884807,0.020931059190751892,0.2744001463767595
structural_all_o,structural,20,49,1,49,4,0.9855649633188855,0.9856569788612899,0.014928823707303794,0.015312510073952915,0.27950969377003954
structural_all_o,structural,20,50,1,49,4,0.974799274573818,0.975332782145708,0.02834421894964717,0.028302055283955015,0.22824099847782006
structural_all_o,structural,20,51,1,49,4,0.9842248066502481,0.9844168422728303,0.015463756565742247,0.011855675319991526,0.28994530260250995
structural_all_o,structural,20,52,1,49,4,0.9796582673925074,0.9797793419676492,0.015593880754456576,0.017994948827822647,0.28912257846713235
structural_all_o,structural,20,53,1,49,4,0.9866682675272372,0.9868606276955354,0.020288498857778545,0.017525301259547994,0.3185241483271977
structural_all_o,structural,20,54,1,49,4,0.9844860872600798,0.9848719738856068,0.016371194086110673,0.019469659301722602,0.22252522158083518
structural_all_o,structural,20,55,1,49,4,0.9854147246782771,0.9857485096922125,0.020438393590383172,0.02013019629302727,0.22707186664378523
structural_all_o,structural,20,56,1,49,4,0.9880326035878376,0.988218742483765,0.015427798550138438,0.01433260937636951,0.3238501886146323
structural_all_o,structural,20,57,1,49,4,0.9850523725704377,0.9851992744786392,0.014844139552311461,0.013376612351574571,0.29479503910269333
structural_all_o,structural,20,58,1,49,4,0.9735663427598448,0.9739300699983643,0.014433713163596663,0.01569557582527122,0.22529650904764012
structural_all_o,structural,20,59,1,49,4,0.9859852505562757,0.9860433682968892,0.02363151284163203,0.020108918200573866,0.28505224754207104
structural_all_o,structural,20,60,1,49,4,0.9794893296648871,0.9796244881343497,0.02258943263329429,0.02516448889561073,0.29081132422081885
structural_all_o,structural,20,61,1,49,4,0.9811177268663016,0.9811652829007482,0.03598844928295407,0.03465086396643746,0.2792931950616107
structural_all_o,structural,20,62,1,49,4,0.9842026127399979,0.9843765316690998,0.024673096378450395,0.021776934004446108,0.35359817404363214
structural_all_o,structural,20,63,1,49,4,0.9786943902133347,0.9791497382544232,0.028908396203648715,0.03478685440094618,0.3138476082829364
structural_all_o,structural,20,64,1,49,4,0.9727607127161004,0.9727211552444742,0.014139514870384817,0.017664216972418816,0.19385978073410534
structural_all_o,structural,20,65,1,49,4,0.9815631390069922,0.9818254497262319,0.02000057457735255,0.018118726075821337,0.2766085129376023
structural_all_o,structural,20,66,1,49,4,0.9830197814319545,0.9832654489393283,0.028774127494035004,0.026549509362678688,0.2808520342992089
structural_all_o,structural,20,67,1,49,4,0.9921828939420472,0.9922076622865403,0.02027253436434967,0.020334103029163005,0.36186871291462414
structural_all_o,structural,20,68,1,49,4,0.9838402955611404,0.9841475442641701,0.015581939596302032,0.01895142312986731,0.26162627290647056
structural_all_o,structural,20,69,1,49,4,0.9873977985466412,0.9875302262847006,0.017458592321786735,0.019062293382249726,0.36394716176677216
structural_all_o,structural,20,70,1,49,4,0.9770664583376952,0.9779238265418926,0.007794100831543487,0.007901116816924925,0.28873287002576675
structural_all_o,structural,20,71,1,49,4,0.9862196957620215,0.9864847661402348,0.01471294709625077,0.019253672925726162,0.2989086699530231
structural_all_o,structural,20,72,1,49,4,0.9813160042001587,0.9815263136075201,0.02696644969483368,0.026769634865370068,0.27054633179088605
structural_all_o,structural,20,73,1,49,4,0.9894353740345881,0.9897386860052048,0.01822816763231471,0.027659412693680524,0.2713690612848235
structural_all_o,structural,20,74,1,49,4,0.9770944573060988,0.9775315010116318,0.022252291687154764,0.01977973473588913,0.3101236920321637
structural_all_o,structural,20,75,1,49,4,0.9804444854282989,0.9808325742943772,0.02092996467762627,0.02436868537327959,0.3198664769129109
structural_all_o,structural,20,76,1,49,4,0.980763110614214,0.9812437419889535,0.012551309643944002,0.013487807565296547,0.3064863848323397
structural_all_o,structural,20,77,1,49,4,0.9800978334629947,0.9802899154380588,0.021187740585651454,0.021028048243757803,0.25617031325681056
structural_all_o,structural,20,78,1,49,4,0.9757423899270427,0.9760491867832777,0.023600583347037463,0.021870111279852788,0.2358620163138972
structural_all_o,structural,20,79,1,49,4,0.9867743717766788,0.9870777999228026,0.018894356421077854,0.019317680839633998,0.29596417782213247
structural_all_o,structural,20,80,1,49,4,0.9834452129973685,0.9836791253969293,0.029505094468526834,0.03534328085322368,0.28561517314985485
structural_all_o,structural,20,81,1,49,4,0.9830127932835726,0.9833574354003634,0.017577524304441646,0.013543703841947459,0.28461923959293917
structural_all_o,structural,20,82,1,49,4,0.9825209468198919,0.9827117124250206,0.019645210362533833,0.021086759457377674,0.3117691385111928
structural_all_o,structural,20,83,1,49,4,0.9829575659906559,0.9835249032357016,0.013939917637446743,0.016301862671998783,0.29488163991395744
structural_all_o,structural,20,84,1,49,4,0.9878205678974911,0.9879506908429307,0.018538372741301885,0.01704892627913634,0.31371769934258426
structural_all_o,structural,20,85,1,49,4,0.9899443438360978,0.989986393289911,0.028405496543898946,0.03345457308259811,0.259721015736199
structural_all_o,structural,20,86,1,49,4,0.9869271661871133,0.9870543405827871,0.02218073318291857,0.017299097511489798,0.34753599366279836
structural_all_o,structural,20,87,1,49,4,0.9876658923201692,0.9880031002168533,0.020564097977161303,0.016172531704830927,0.27652190796726284
structural_all_o,structural,20,88,1,49,4,0.9870443744675476,0.9871830058123293,0.024191752724231755,0.0224759173067006,0.2885596541740661
structural_all_o,structural,20,89,1,49,4,0.989586718497134,0.989885919732381,0.016414999061966237,0.017869666066534465,0.24989162476845247
structural_all_o,structural,20,90,1,49,4,0.9781774016845877,0.9782378113547443,0.02046487870792971,0.02278104581001393,0.25902819816571265
structural_all_o,structural,20,91,1,49,4,0.9855249638106554,0.9858700120584815,0.02050993125448357,0.01565257587502493,0.36754119214956055
structural_all_o,structural,20,92,1,49,4,0.9774232585439664,0.9776253650933473,0.013773007126238215,0.017617070180604367,0.3092576717014762
structural_all_o,structural,20,93,1,49,4,0.9783342446678298,0.9787315533681339,0.017187374041500975,0.016071204740956274,0.3584912024173283
structural_all_o,structural,20,94,1,49,4,0.9826250423881376,0.9830876458538149,0.017435743307243127,0.017312982547469803,0.2623623949080144
structural_all_o,structural,20,95,1,49,4,0.9886700862787843,0.9888160572993808,0.027118559975811064,0.026455830575782963,0.3484020128648579
structural_all_o,structural,20,96,1,49,4,0.9732665216250447,0.9734513443651511,0.019333922885405086,0.016921247646480182,0.3280937139115245
structural_all_o,structural,20,97,1,49,4,0.9703452764096948,0.9705134553558742,0.023060489768366443,0.025407033758996923,0.28215106871437773
structural_all_o,structural,20,98,2,49,4,0.9865704980505169,0.9867721406084661,0.014880461430634342,0.018432455900740084,0.22014366466157698
structural_all_o,structural,20,99,2,49,4,0.9810252611711712,0.9814245895762016,0.01178449591786487,0.012199181546367092,0.30943086811587733
structural_all_o,structural,50,0,0,19,4,0.9842226830426991,0.9842497700703896,0.0129759474753553,0.012865516773100742,0.3620419105554278
structural_all_o,structural,50,1,0,19,4,0.9800302559924278,0.9800838830750344,0.013377434544181365,0.01179176151396128,0.38113776319429926
structural_all_o,structural,50,2,0,19,4,0.9832762505125857,0.9833278865526728,0.013751277288871325,0.013197053081553483,0.34017478099179504
structural_all_o,structural,50,3,0,19,4,0.9813480047269001,0.9813912095255669,0.012576871137986072,0.011828404988294433,0.34350897162765837
structural_all_o,structural,50,4,0,19,4,0.9851770972008449,0.9852000853218976,0.01381955161403115,0.012872225376503848,0.36459668340747425
structural_all_o,structural,50,5,0,19,4,0.9837244957428092,0.9837714317638236,0.0126299642556035,0.012268962496456782,0.3671514707987269
structural_all_o,structural,50,6,0,19,4,0.9822058870073628,0.9822518795561123,0.014904705870477911,0.01370986690801382,0.3490515385523585
structural_all_o,structural,50,7,0,19,4,0.982756049646445,0.9827856278578156,0.014286682430738003,0.012985068180887025,0.36043976718257364
structural_all_o,structural,50,8,0,19,4,0.986811962968899,0.9868475405558714,0.016261975533221482,0.017054300461777794,0.36767107877999916
structural_all_o,structural,50,9,0,19,4,0.9841985352566793,0.9842321279927475,0.016797386574644614,0.01577724941678922,0.3787129017294968
structural_all_o,structural,50,10,0,19,4,0.984726608957836,0.9847568023122182,0.010413828013145505,0.00941050628615037,0.36377396281280905
structural_all_o,structural,50,11,0,19,4,0.9864354848822232,0.9864618005898367,0.016802795972386445,0.01522114541451494,0.3390922413641141
structural_all_o,structural,50,12,0,19,4,0.9799122661151182,0.9799676039047109,0.013088910791833015,0.012430527353593863,0.393868335756627
structural_all_o,structural,50,13,0,19,4,0.9840962786080097,0.9841434909018981,0.0143699238211992,0.01349262906267038,0.3573653848732927
structural_all_o,structural,50,14,0,19,4,0.9855720104455281,0.9855968386425229,0.014729794749706737,0.014379978729223334,0.3877628696126806
structural_all_o,structural,50,15,0,19,4,0.984243385601352,0.9842859318169107,0.016885975487568584,0.015568515544193043,0.4001903252701858
structural_all_o,structural,50,16,0,19,4,0.9812868511415686,0.9813412296998623,0.013783946628358431,0.012195013999201827,0.40378433650728374
structural_all_o,structural,50,17,0,19,4,0.9816424308396337,0.9816785924561953,0.015045675474633728,0.013923694736236976,0.3771973633196607
structural_all_o,structural,50,18,0,19,4,0.9810705253693548,0.9811490183067196,0.015491398203438202,0.014736269563573618,0.3904908479789304
structural_all_o,structural,50,19,1,19,4,0.9838233584889454,0.9838612341971981,0.01663534420510038,0.015322602597081361,0.3464967575343044
structural_all_o,structural,50,20,1,19,4,0.9840665998031264,0.9840931442299287,0.013502610182391189,0.012319563994590426,0.36303784996423194
structural_all_o,structural,50,21,1,19,4,0.9840547841102295,0.9840900388331643,0.014618080496238436,0.01328463416183479,0.34762258695128656
structural_all_o,structural,50,22,1,19,4,0.9837725164825614,0.9838284081781921,0.010982859836552198,0.009599220256023014,0.33727358193373425
structural_all_o,structural,50,23,1,19,4,0.9833950055038015,0.9834205658201518,0.015474748928960362,0.014577519889739156,0.34316256067910095
structural_all_o,structural,50,24,1,19,4,0.9826561245017539,0.982703425054903,0.019801838311552362,0.01853893806750716,0.39456117746061314
structural_all_o,structural,50,25,1,19,4,0.9804949257141223,0.9805386924044539,0.012101020868527889,0.011422433688615367,0.29388571992328316
structural_all_o,structural,50,26,1,19,4,0.9875114139497945,0.9875373961652408,0.01626078977696145,0.015103739080614886,0.3891485106396535
structural_all_o,structural,50,27,1,19,4,0.9832763741635483,0.9833293368301413,0.010983731328954981,0.009654567128650784,0.38373584775223973
structural_all_o,structural,50,28,1,19,4,0.9859837467459999,0.9860476186188324,0.013991087630532821,0.012957874326061929,0.3626914295611894
structural_all_o,structural,50,29,1,19,4,0.9822805153752938,0.9823622105510939,0.016564805006601138,0.016050146662779954,0.3878061631921104
structural_all_o,structural,50,30,1,19,4,0.983216012272938,0.9832633158206194,0.015492232401852855,0.014323414245124969,0.35849121543012497
structural_all_o,structural,50,31,1,19,4,0.9843000969602943,0.9843506051676488,0.018916683741638244,0.020497068903833845,0.358707716632981
structural_all_o,structural,50,32,1,19,4,0.9825111538998264,0.9825557372052074,0.010524817299781008,0.0104335816891973,0.37944901416859583
structural_all_o,structural,50,33,1,19,4,0.9883328265157465,0.9883458131024364,0.014539198236888614,0.012462914884475467,0.37338684517273085
structural_all_o,structural,50,34,1,19,4,0.9853364197292497,0.9853688577227331,0.013102299072726854,0.012144950039057962,0.3774571648452262
structural_all_o,structural,50,35,1,19,4,0.985001873203907,0.9850335771240951,0.013932531219966592,0.013423914959074718,0.38434207953722055
structural_all_o,structural,50,36,1,19,4,0.9816574903614641,0.9817072523263062,0.011687961090623405,0.011663987492343788,0.38525138877224235
structural_all_o,structural,50,37,1,19,4,0.9850074879584557,0.9850567252280003,0.014207019837526692,0.013729391836210489,0.39702935434227316
structural_all_o,structural,50,38,2,19,4,0.9803305829766262,0.9803706001418876,0.012184686180492166,0.01105793077239718,0.369922744825362
structural_all_o,structural,50,39,2,19,4,0.9834137533967732,0.9834447766864359,0.008533105916547774,0.00756167140441711,0.3728672268962334
structural_all_o,structural,50,40,2,19,4,0.9832963252965955,0.9833279262076319,0.012903836768362393,0.01102987362910895,0.3978520585586556
structural_all_o,structural,50,41,2,19,4,0.9855989637016734,0.9856348582518973,0.013587761270592072,0.012642808508155589,0.35268883929495803
structural_all_o,structural,50,42,2,19,4,0.9826797292603964,0.9827251138352661,0.020942180210236937,0.019290085439534383,0.3722177120784126
structural_all_o,structural,50,43,2,19,4,0.9827611127506692,0.9828186162074193,0.016122748292309905,0.01698952633566858,0.3794490289877743
structural_all_o,structural,50,44,2,19,4,0.9865298156492506,0.9865669392118266,0.017000792116496362,0.016247005913324054,0.3655926051226539
structural_all_o,structural,50,45,2,19,4,0.9834400534468256,0.9835009954125579,0.16132984348334473,0.01608945910549648,0.39291573509156585
structural_all_o,structural,50,46,2,19,4,0.9848596733172981,0.9849450158859051,0.01779111072189407,0.017015553441056985,0.36749787221947006
structural_all_o,structural,50,47,2,19,4,0.9819260300719241,0.9819726353856223,0.014809075580731934,0.014731965504375112,0.35000416725891154
structural_all_o,structural,50,48,2,19,4,0.9862687590836683,0.9862963626232633,0.015332268992427414,0.013414487000222882,0.3976788504528709
structural_all_o,structural,50,49,2,19,4,0.9834898213840167,0.9835080436399931,0.01581633208196066,0.016911399966825922,0.37213110704766533
structural_all_o,structural,50,50,2,19,4,0.9860461081256032,0.9861073345775322,0.00811853711854737,0.007220575520892106,0.3597469481521054
structural_all_o,structural,50,51,2,19,4,0.9843305447017646,0.984357354353421,0.015447537582467568,0.01231130252906917,0.35892422428345244
structural_all_o,structural,50,52,2,19,4,0.9830989513589953,0.9831292502753547,0.012073290718060426,0.010821461329708576,0.35342496429182163
structural_all_o,structural,50,53,2,19,4,0.9828141584090766,0.9828677086203809,0.016389300742508918,0.01574766833555621,0.3541610817593746
structural_all_o,structural,50,54,2,19,4,0.9868124404573834,0.9868475977703017,0.014053727819855144,0.013211521892912964,0.40006042844883705
structural_all_o,structural,50,55,2,19,4,0.9851909644397802,0.9852186840089793,0.018471118599465444,0.017197813546600084,0.37381985263473405
structural_all_o,structural,50,56,2,19,4,0.9850206996343149,0.9850606894313645,0.01880327378847833,0.018672867434758225,0.3860308141906987
structural_all_o,structural,50,57,3,19,4,0.9844689147998231,0.984517957839167,0.01685354563559099,0.01589570392275905,0.37524880671402006
structural_all_o,structural,50,58,3,19,4,0.9812102942507624,0.9812675874452306,0.020668234669305684,0.01799593887046662,0.3951673801662816
structural_all_o,structural,50,59,3,19,4,0.9834388915587496,0.9834792286504886,0.015802658200176317,0.014471393716321144,0.3793624272202005
structural_all_o,structural,50,60,3,19,4,0.9820385638311601,0.9820800037523867,0.011668596474356105,0.010943620291883767,0.356412749428072
structural_all_o,structural,50,61,3,19,4,0.9881478464066331,0.9881734831999421,0.014362206420645918,0.01370137123284373,0.36104598004419647
structural_all_o,structural,50,62,3,19,4,0.9855804435565779,0.9856445743247871,0.015472952728281766,0.016911571715003043,0.3673679764708368
structural_all_o,structural,50,63,3,19,4,0.9852330086353378,0.98527854088436,0.014301518296058732,0.012831320069596216,0.39650972455147904
structural_all_o,structural,50,64,3,19,4,0.9837516607909126,0.9838243713597569,0.018653298114079675,0.018902294492161527,0.343205866643358
structural_all_o,structural,50,65,3,19,4,0.9853890427274139,0.9854363116210073,0.017631944119359994,0.018082749512868677,0.3952972964044116
structural_all_o,structural,50,66,3,19,4,0.9854993238145908,0.985521398475058,0.015383731887017187,0.013182578385657503,0.370918667597829
structural_all_o,structural,50,67,3,19,4,0.9837459984904914,0.9837684088774538,0.013189579432079733,0.01186221942882623,0.3685804013285282
structural_all_o,structural,50,68,3,19,4,0.9844901711460461,0.9845097983867733,0.015425969435820272,0.01365104177942647,0.3820471111541996
structural_all_o,structural,50,69,3,19,4,0.9844777037692416,0.9845017188199686,0.012154763984224796,0.011558072699854345,0.37247751035262233
structural_all_o,structural,50,70,3,19,4,0.9842308170297702,0.9842639077072228,0.01225563650340405,0.010771539219210204,0.3048409310313847
structural_all_o,structural,50,71,3,19,4,0.9841849238447187,0.9842190588866333,0.00929458345925621,0.008171505846134408,0.37009595462923006
structural_all_o,structural,50,72,3,19,4,0.9820141338916446,0.9820742057295955,0.015272094087116756,0.015113932228219275,0.36412038111558476
structural_all_o,structural,50,73,3,19,4,0.9850661672934194,0.9851158603638674,0.014097910658210975,0.013464863452272926,0.4035245297558332
structural_all_o,structural,50,74,3,19,4,0.9833146088325356,0.983348393930287,0.01661404610345121,0.017051230666340546,0.39014443675120986
structural_all_o,structural,50,75,3,19,4,0.9797276082249536,0.9797544539158252,0.017036913253949876,0.015933510819654603,0.36948973400454216
structural_all_o,structural,50,76,4,19,4,0.9834959114896995,0.9835165295877747,0.013603382557587399,0.013131404479900131,0.35221252797778496
structural_all_o,structural,50,77,4,19,4,0.9861791241374372,0.9862088109980364,0.02051992435288849,0.020391185309371663,0.34926803819535635
structural_all_o,structural,50,78,4,19,4,0.982880578549601,0.9829436806423874,0.02009041293937818,0.01932494985951287,0.3983716834047892
structural_all_o,structural,50,79,4,19,4,0.9842417398920776,0.984288062667475,0.017470541816063216,0.01711113349283678,0.3433357639139955
structural_all_o,structural,50,80,4,19,4,0.9851889503089956,0.9852298847355854,0.015345182129460335,0.015193664420264293,0.3665885543242826
structural_all_o,structural,50,81,4,19,4,0.9872044599872863,0.98723766303028,0.010033008004753008,0.009126120229537142,0.37953562608901237
structural_all_o,structural,50,82,4,19,4,0.9813283046659608,0.9813822954763547,0.01695479224087445,0.016349566520269563,0.3466699551972352
structural_all_o,structural,50,83,4,19,4,0.9846909067848946,0.9847192976201349,0.017410342585346534,0.017453290416773296,0.39321881940073855
structural_all_o,structural,50,84,4,19,4,0.9855459215846454,0.985601432186752,0.017015701736336947,0.016731750540182673,0.368190692707924
structural_all_o,structural,50,85,4,19,4,0.9831537138628352,0.9832393723468721,0.019139896750135398,0.01976447517076402,0.36247491523737435
structural_all_o,structural,50,86,4,19,4,0.9829662460930075,0.9830211278642834,0.01683621179430503,0.01599523002944862,0.36412036947924054
structural_all_o,structural,50,87,4,19,4,0.9805167265064106,0.9805664984292739,0.013667604100158033,0.012680331330984337,0.34692978676457736
structural_all_o,structural,50,88,4,19,4,0.9868721876674305,0.9868806748119155,0.016433709050917317,0.015019526194074886,0.3711351862868659
structural_all_o,structural,50,89,4,19,4,0.9858854501942615,0.9859211327071328,0.09318675452787135,0.012680075452608673,0.33532502902334194
structural_all_o,structural,50,90,4,19,4,0.9853745772747244,0.9854368101298118,0.011776784609725286,0.010808034301882229,0.318350938188871
structural_all_o,structural,50,91,4,19,4,0.9835522990184141,0.9836065136137621,0.16600119943401298,0.1685347258630607,0.35112999340283907
structural_all_o,structural,50,92,4,19,4,0.9823113131648211,0.9823454050428003,0.011325241999949805,0.010504052283270974,0.3597902551840339
structural_all_o,structural,50,93,4,19,4,0.9842876888207608,0.9843530056029267,0.015654714069840387,0.017316172410420903,0.34225323362520343
structural_all_o,structural,50,94,4,19,4,0.9860247027308408,0.9860585721456844,0.01537757203049053,0.013943163144512737,0.40339462237307555
structural_all_o,structural,50,95,5,19,4,0.9803198118119839,0.9803938140946283,0.013601531291991922,0.012682552607835773,0.3522125340144637
structural_all_o,structural,50,96,5,19,4,0.9846079661106631,0.9846427115553494,0.011850233408436196,0.010712416093578462,0.3785830000867017
structural_all_o,structural,50,97,5,19,4,0.9835150590922855,0.9835373207543441,0.015140135800361675,0.013424293064409433,0.37832319783987994
structural_all_o,structural,50,98,5,19,4,0.9856559693891953,0.9856905236785756,0.012479498432486663,0.010182690068630767,0.3843420720516072
structural_all_o,structural,50,99,5,19,4,0.9861399772829473,0.9861819109879753,0.02205196649917937,0.0964882825026248,0.3171817998165648
structural_all_o,structural,100,0,0,9,4,0.982692875215374,0.9827043245662507,0.0110219245924442,0.010560895076694667,0.39819846426505107
structural_all_o,structural,100,1,0,9,4,0.9828020637870645,0.9828140772506812,0.011164338405290639,0.010431940432410903,0.3773705690524434
structural_all_o,structural,100,2,0,9,4,0.9847467587522516,0.9847561780992162,0.1638552014642103,0.010996271303230292,0.4023553931962334
structural_all_o,structural,100,3,0,9,4,0.9826401074514297,0.9826503693644552,0.012003467914304018,0.011741868129413552,0.38555450429263266
structural_all_o,structural,100,4,0,9,4,0.9858301771920016,0.985840005007858,0.013363558257985658,0.012917181305304733,0.3961200194707692
structural_all_o,structural,100,5,0,9,4,0.9856370087069165,0.985645499856568,0.010580698322422536,0.00992598441824543,0.3833461358287479
structural_all_o,structural,100,6,0,9,4,0.9827981275754764,0.9828111221052375,0.012145079228670436,0.011676649322058374,0.4053864815759225
structural_all_o,structural,100,7,0,9,4,0.9859511593240784,0.9859606888325302,0.012847835219091601,0.01223757881567642,0.4160818960498652
structural_all_o,structural,100,8,0,9,4,0.9820238627955945,0.9820356212813657,0.012627854102184071,0.012104423216733592,0.4141766503472713
structural_all_o,structural,100,9,1,9,4,0.9839902895252485,0.9839990160106276,0.012940006117342948,0.012281780931275037,0.3779767856180021
structural_all_o,structural,100,10,1,9,4,0.9835478925561233,0.9835594516552031,0.010180040930553556,0.009531778940018845,0.3864205232791639
structural_all_o,structural,100,11,1,9,4,0.9841663545160202,0.9841761854550678,0.01679474835668008,0.01597359096609064,0.414306559727034
structural_all_o,structural,100,12,1,9,4,0.9841437521104861,0.9841524814224611,0.014010750682253995,0.013499576092491883,0.3891485106396535
structural_all_o,structural,100,13,1,9,4,0.9841188527693554,0.9841337307128954,0.010275132873550728,0.00978691618391657,0.4121847802045804
structural_all_o,structural,100,14,1,9,4,0.982575209637911,0.9825909515807973,0.013266225099878803,0.012565056779314668,0.40131616187562225
structural_all_o,structural,100,15,1,9,4,0.9843476610329562,0.9843604435852102,0.011334836422493753,0.010974682492515993,0.40213888263771647
structural_all_o,structural,100,16,1,9,4,0.9873460344975028,0.9873508263957526,0.012323541933778884,0.012255275369655776,0.3910104564471595
structural_all_o,structural,100,17,1,9,4,0.9840709027010444,0.9840824868636296,0.01122638884449315,0.010344204333866777,0.4073783396145215
structural_all_o,structural,100,18,2,9,4,0.9825638461869811,0.9825734642983732,0.00828455926825298,0.007640738586313624,0.39525398726469807
structural_all_o,structural,100,19,2,9,4,0.9845924706078093,0.9846018027468977,0.011298895747780617,0.010926293686333927,0.40811445659554413
structural_all_o,structural,100,20,2,9,4,0.9831326989122421,0.9831460039748018,0.015508185366611419,0.01454201266564793,0.4041307562815414
structural_all_o,structural,100,21,2,9,4,0.9846204397935879,0.9846322367880695,0.015370798083549402,0.19920712425769216,0.41586539777262255
structural_all_o,structural,100,22,2,9,4,0.9825012385737218,0.9825183553750176,0.011750288954680662,0.011013472980689666,0.38213370479475994
structural_all_o,structural,100,23,2,9,4,0.9845333688773088,0.9845402605103386,0.013791489920973558,0.013120407145681866,0.42015221834556893
structural_all_o,structural,100,24,2,9,4,0.9843980656002597,0.9844084888575144,0.009912314523867307,0.009075684183563483,0.3887154940697474
structural_all_o,structural,100,25,2,9,4,0.982928998680654,0.9829387043329477,0.01171291208867108,0.010846490246578626,0.3872432581615395
structural_all_o,structural,100,26,2,9,4,0.9859898874407037,0.9859979307824663,0.25400067453935987,0.013411789473781018,0.40906709224606336
structural_all_o,structural,100,27,3,9,4,0.9828164315105299,0.9828299496934899,0.01597077254234639,0.014230475947135623,0.41569218346759496
structural_all_o,structural,100,28,3,9,4,0.9830099202040303,0.9830213557681664,0.01059994615247883,0.009765981169038035,0.3976355678692443
structural_all_o,structural,100,29,3,9,4,0.9856891193484743,0.9857000718389088,0.013134121528185726,0.012292647311350153,0.4014460722547139
structural_all_o,structural,100,30,3,9,4,0.9845999585795971,0.9846157513404075,0.01322159972497203,0.012428195565103545,0.39815517262692796
structural_all_o,structural,100,31,3,9,4,0.9852131052524485,0.9852218824283803,0.014787567112054208,0.014630351867269844,0.40651232291759454
structural_all_o,structural,100,32,3,9,4,0.9846451446421177,0.9846509861992763,0.0122183840773998,0.01183807605335277,0.4090237992578574
structural_all_o,structural,100,33,3,9,4,0.9839506533069219,0.9839601285989743,0.009817875657326973,0.009332431574389163,0.37927580964986024
structural_all_o,structural,100,34,3,9,4,0.9836256494884521,0.9836373747778374,0.010611642184119974,0.010066005464353347,0.3902310483079208
structural_all_o,structural,100,35,3,9,4,0.9842706204715703,0.9842817676639797,0.013436771074365528,0.012707285719075617,0.41248788374942436
structural_all_o,structural,100,36,4,9,4,0.9849040792515955,0.9849098796081284,0.013884114701773618,0.01338176466208402,0.38122437167196055
structural_all_o,structural,100,37,4,9,4,0.9836304599286401,0.9836450614221213,0.015137182362559022,0.014673461150103914,0.4073350428428646
structural_all_o,structural,100,38,4,9,4,0.9861868495969671,0.9861962352138214,0.011551296672073958,0.011065630790775112,0.398674789253081
structural_all_o,structural,100,39,4,9,4,0.983356637410245,0.9833672475205865,0.014340785800100711,0.013651886756403081,0.4048668614340091
structural_all_o,structural,100,40,4,9,4,0.9847749064109048,0.9847917339503596,0.016475745276144947,0.016520338665572863,0.3926559107745332
structural_all_o,structural,100,41,4,9,4,0.9813235946136403,0.981337382595504,0.012138877605666112,0.011629503699382862,0.3858143091399207
structural_all_o,structural,100,42,4,9,4,0.9863578889833303,0.9863641767806275,0.09482996184942326,0.09524055043116816,0.39014444057129277
structural_all_o,structural,100,43,4,9,4,0.98479780681605,0.9848120896637154,0.011259515818690584,0.010602194950061806,0.4038276360591755
structural_all_o,structural,100,44,4,9,4,0.9836002280259647,0.9836122841733695,0.012318974362947571,0.011511892859419469,0.396856135083907
structural_all_o,structural,100,45,5,9,4,0.9831678477886957,0.9831800294962376,0.010522094349311867,0.009828953442404201,0.3901444437277659
structural_all_o,structural,100,46,5,9,4,0.9848908470802974,0.9848978763619696,0.010850398370818436,0.01010260363687251,0.40278841061768084
structural_all_o,structural,100,47,5,9,4,0.9821460940602446,0.9821609708275924,0.014092511114000821,0.013929578637560728,0.41482616071416334
structural_all_o,structural,100,48,5,9,4,0.9830184448767997,0.9830282107503335,0.014039934778497309,0.013333520712789834,0.4072484370590366
structural_all_o,structural,100,49,5,9,4,0.9851780904583609,0.9851861341983774,0.01036602152991773,0.009660124327178806,0.41162186726516614
structural_all_o,structural,100,50,5,9,4,0.9840539103353346,0.9840654009892601,0.0129711871787325,0.01209534680583486,0.40594941267947826
structural_all_o,structural,100,51,5,9,4,0.9852068361755797,0.985214961935993,0.012856230416342719,0.012074154164479992,0.4101063166734389
structural_all_o,structural,100,52,5,9,4,0.9855298304785722,0.9855438386669241,0.013770572291096926,0.013182087190214055,0.3964231129529716
structural_all_o,structural,100,53,5,9,4,0.9839548342624435,0.983965101243692,0.012048211105782098,0.011408519968276607,0.3913568766204931
structural_all_o,structural,100,54,6,9,4,0.9841147219459556,0.9841259462472264,0.012558472422416887,0.01215509401752242,0.37637463390959025
structural_all_o,structural,100,55,6,9,4,0.984984861013642,0.9849950583617703,0.015497518515143147,0.014517527719408344,0.4118383700773641
structural_all_o,structural,100,56,6,9,4,0.9838032652767555,0.983816879475369,0.013156588209946505,0.01333319580433872,0.3931322247708583
structural_all_o,structural,100,57,6,9,4,0.9831651396575314,0.983179766836896,0.014242466925809957,0.014235538125556245,0.40144606402546024
structural_all_o,structural,100,58,6,9,4,0.9848476539259094,0.984857310598763,0.01314022390745975,0.012516571840399561,0.4056462917601719
structural_all_o,structural,100,59,6,9,4,0.9853507328154822,0.9853565253442961,0.08166263735115825,0.013280048434416956,0.3988046933034104
structural_all_o,structural,100,60,6,9,4,0.9871160742404533,0.9871274781335722,0.014756148598971114,0.014322307124162034,0.40408744194081764
structural_all_o,structural,100,61,6,9,4,0.9803525297670797,0.9803657476044365,0.010854537149332858,0.010645453089571788,0.3941714553570542
structural_all_o,structural,100,62,6,9,4,0.9850801729686157,0.9850910684067928,0.011131558241851948,0.010405564595555562,0.40313483077194134
structural_all_o,structural,100,63,7,9,4,0.9848857168848124,0.984894575779388,0.015120834938865294,0.014813522256570979,0.3833028369068191
structural_all_o,structural,100,64,7,9,4,0.9826720339008359,0.982681763617561,0.01579995024708092,0.015565931013006726,0.3892351068854828
structural_all_o,structural,100,65,7,9,4,0.9834683188400484,0.9834745409766217,0.011308622355791114,0.011276628359960347,0.39313223190916047
structural_all_o,structural,100,66,7,9,4,0.9823033354737302,0.9823168565310171,0.015599321581296066,0.014450010489196348,0.4131807261374879
structural_all_o,structural,100,67,7,9,4,0.9851992299825291,0.9852130095839899,0.01304283540261135,0.013656652186029093,0.40287500143480803
structural_all_o,structural,100,68,7,9,4,0.9843039401021186,0.9843218990223699,0.010580571417630021,0.009960271362045171,0.39239610453651264
structural_all_o,structural,100,69,7,9,4,0.9846023989099192,0.9846103309952335,0.014115064566292072,0.013415019565836052,0.4027884047058973
structural_all_o,structural,100,70,7,9,4,0.985517344636893,0.9855253582046724,0.0870031304640722,0.10803453307396549,0.3988047017236158
structural_all_o,structural,100,71,7,9,4,0.9848480427828127,0.9848599065434603,0.01071746494006795,0.009827612110050673,0.4168613198588894
structural_all_o,structural,100,72,8,9,4,0.9834107238057653,0.9834163053851918,0.01251083156894803,0.011892254894865378,0.38577101996083457
structural_all_o,structural,100,73,8,9,4,0.9844786927650935,0.9844879837595129,0.011803662088272077,0.011094378676090526,0.389494924613488
structural_all_o,structural,100,74,8,9,4,0.9833211685761553,0.9833339991675449,0.014565951103945854,0.013748005498909728,0.383259533973772
structural_all_o,structural,100,75,8,9,4,0.984883895997769,0.9848971338397967,0.014479315504913489,0.01376642418893836,0.41365702524080067
structural_all_o,structural,100,76,8,9,4,0.9839382259072064,0.9839496002939293,0.009271108817091936,0.008398170698598396,0.4046070530598402
structural_all_o,structural,100,77,8,9,4,0.986205985070632,0.9862152483734761,0.012483502228845004,0.011987638973580308,0.40776805915280434
structural_all_o,structural,100,78,8,9,4,0.984889416486161,0.9848986463630104,0.010588706985976082,0.01022484160146181,0.37633134107828364
structural_all_o,structural,100,79,8,9,4,0.9836289189854207,0.9836422866377902,0.012406411327896126,0.011711248284755222,0.39534058179589715
structural_all_o,structural,100,80,8,9,4,0.9843071150772321,0.9843185389778886,0.011564392509653024,0.010504884962714343,0.40906709626563875
structural_all_o,structural,100,81,9,9,4,0.984800995847392,0.9848111433403176,0.015859312743580923,0.015221879947057206,0.40369774057438973
structural_all_o,structural,100,82,9,9,4,0.9861328909730174,0.9861401762811648,0.012927632617957718,0.012664377218157268,0.39923771127926466
structural_all_o,structural,100,83,9,9,4,0.9845936022089622,0.9846050061104406,0.012383751588910415,0.0117197116116615,0.4180737611731671
structural_all_o,structural,100,84,9,9,4,0.9847175897792853,0.9847319253358026,0.01542271455577973,0.015063395214058618,0.41183837344495405
structural_all_o,structural,100,85,9,9,4,0.9820418228601997,0.9820569195954524,0.012963541620521614,0.012784714182787763,0.3702258469523241
structural_all_o,structural,100,86,9,9,4,0.9844191795195382,0.9844319231524824,0.010850918428685019,0.010039098234523256,0.4093702054153556
structural_all_o,structural,100,87,9,9,4,0.9833383510316934,0.9833499565351188,0.012904075403968906,0.012724619409229598,0.3752488077621753
structural_all_o,structural,100,88,9,9,4,0.9834215265585764,0.983432459268432,0.12772224634315327,0.010965202272059965,0.40560299074749545
structural_all_o,structural,100,89,9,9,4,0.9841086694960359,0.984116409459938,0.007926896473878575,0.00763693349032454,0.39694272901329924
structural_all_o,structural,100,90,10,9,4,0.9838544384292747,0.9838656061311085,0.012428965056205138,0.011927915607071904,0.4154756765924103
structural_all_o,structural,100,91,10,9,4,0.9837454874181477,0.9837581548668711,0.012142049883674445,0.011656100008625946,0.39191978990150517
structural_all_o,structural,100,92,10,9,4,0.979715789364143,0.9797288073122842,0.01381041413226039,0.01358430550488874,0.3947343682883057
structural_all_o,structural,100,93,10,9,4,0.9824570879948861,0.9824702097084616,0.012930798566316477,0.012200022056588562,0.40599271015649546
structural_all_o,structural,100,94,10,9,4,0.9842559527718976,0.9842623044383011,0.06968434962473868,0.01244501844402611,0.4166881174611601
structural_all_o,structural,100,95,10,9,4,0.9853670636886191,0.9853789194815954,0.013102809342161296,0.013132206509801687,0.378669604737709
structural_all_o,structural,100,96,10,9,4,0.9851877496314537,0.9851965632441121,0.015358184540169174,0.014256690232963791,0.3897114297985163
structural_all_o,structural,100,97,10,9,4,0.9840699294349189,0.9840793354244367,0.011206110923597676,0.010303358851622512,0.4118816812165145
structural_all_o,structural,100,98,10,9,4,0.9855530702745845,0.9855630802059453,0.012286372067749605,0.011750038007356947,0.39668292097895885
structural_all_o,structural,100,99,11,9,4,0.9846784493417552,0.9846884589907907,0.011240377038350454,0.010890170115744377,0.39495087827161224
structural_all_o,structural,200,0,0,4,4,0.9831981401162454,0.9832011600850158,0.010200392799421195,0.01004866755929781,0.4082010610522941
structural_all_o,structural,200,1,0,4,4,0.9839696094609672,0.9839721552160242,0.010888771062276932,0.010706995685523746,0.41629840180731736
structural_all_o,structural,200,2,0,4,4,0.9859159315025906,0.9859182729751951,0.010899819301408188,0.010552033136907954,0.40551639277707235
structural_all_o,structural,200,3,0,4,4,0.9844712036639212,0.9844739665160689,0.011999122633574867,0.01166364149913616,0.42534837473118314
structural_all_o,structural,200,4,1,4,4,0.9840659675255693,0.9840684890553829,0.010262137924275052,0.009931903817808,0.40096975542261565
structural_all_o,structural,200,5,1,4,4,0.9840504358938023,0.984052807249661,0.01326838506937885,0.012958151574328655,0.42352972777594833
structural_all_o,structural,200,6,1,4,4,0.9833466700790104,0.9833506145225861,0.011087955515237648,0.010764685998358055,0.42214407342691807
structural_all_o,structural,200,7,1,4,4,0.9857935218075171,0.9857955555597705,0.010579954405792923,0.010094763968822475,0.4144797457617765
structural_all_o,structural,200,8,2,4,4,0.983553354806983,0.9835558272285286,0.009185541783705167,0.00879670698927637,0.42184096605052535
structural_all_o,structural,200,9,2,4,4,0.9840193749168061,0.9840225268397672,0.01413598510448277,0.013831637414257445,0.4217976794452806
structural_all_o,structural,200,10,2,4,4,0.9838144574821538,0.9838171962184319,0.011990777675119786,0.011500936516567799,0.42409262995260005
structural_all_o,structural,200,11,2,4,4,0.9836699916464432,0.9836726043910032,0.009391202224768589,0.009077310754603829,0.4118383716075452
structural_all_o,structural,200,12,3,4,4,0.9829442288943924,0.9829473734754972,0.01170883219698125,0.01127627403919397,0.4221873825100257
structural_all_o,structural,200,13,3,4,4,0.9848782723869595,0.9848816002298758,0.012005782490989908,0.011804493656543446,0.41629840676489016
structural_all_o,structural,200,14,3,4,4,0.9849425365597634,0.9849444004706946,0.05443656931865555,0.011450410248138171,0.42487207614934347
structural_all_o,structural,200,15,3,4,4,0.9834853044096832,0.9834880616618125,0.008953529597882405,0.008537476909822563,0.4114053691696613
structural_all_o,structural,200,16,4,4,4,0.984044248996018,0.9840466430506266,0.013981564611517259,0.013521028105919427,0.4240060323071123
structural_all_o,structural,200,17,4,4,4,0.9846956851438631,0.9846982609778132,0.011744409223075998,0.01147869467119665,0.41880987678540144
structural_all_o,structural,200,18,4,4,4,0.9828318013231533,0.9828356271678111,0.012966001701219493,0.012381473900989504,0.4126177940880081
structural_all_o,structural,200,19,4,4,4,0.9853436335906902,0.9853460696724298,0.0808156595428104,0.010059963981561315,0.4151725688423654
structural_all_o,structural,200,20,5,4,4,0.9843877018024353,0.9843901722300785,0.010130935464054233,0.009506420076960221,0.4172077392917459
structural_all_o,structural,200,21,5,4,4,0.9826533034123646,0.9826565233926732,0.012753804888570214,0.012232594948314073,0.42101824283102696
structural_all_o,structural,200,22,5,4,4,0.9848105890939883,0.9848131584919086,0.042214060550832835,0.010371811434719496,0.42391944279873817
structural_all_o,structural,200,23,5,4,4,0.985266072247849,0.9852688616484632,0.012448936616035423,0.01197754736437571,0.41915628769162366
structural_all_o,structural,200,24,6,4,4,0.9848721419206117,0.9848749530005588,0.012280677495946064,0.12654191658856553,0.4224038867813322
structural_all_o,structural,200,25,6,4,4,0.9834190359998927,0.9834226040488118,0.01288735456395816,0.012362259163688591,0.4218409648553574
structural_all_o,structural,200,26,6,4,4,0.9851203817696483,0.9851222586788232,0.01140187585113922,0.012198734288301843,0.413397218980059
structural_all_o,structural,200,27,6,4,4,0.9840165652364359,0.9840198212724036,0.010334843492407113,0.009984113037708863,0.41777064577738005
structural_all_o,structural,200,28,7,4,4,0.9837263295422417,0.9837287489832464,0.013050718973410171,0.012534796447888047,0.40997642162504083
structural_all_o,structural,200,29,7,4,4,0.9833070941559252,0.9833094548507645,0.012439574473350545,0.011829744539466544,0.4191129994770666
structural_all_o,structural,200,30,7,4,4,0.9848633197506506,0.9848674456089295,0.011232968471907545,0.010969575221807144,0.4135271136564592
structural_all_o,structural,200,31,7,4,4,0.9850142678049674,0.985016299771714,0.013519393272920632,0.013295555391980218,0.41720773003685174
structural_all_o,structural,200,32,8,4,4,0.9836950817946435,0.9836969430107125,0.011117737927881512,0.010789873629893275,0.41560559413269105
structural_all_o,structural,200,33,8,4,4,0.9840276619766192,0.9840309554642725,0.013528767805851358,0.013099607138593147,0.41859337641631716
structural_all_o,structural,200,34,8,4,4,0.9849896799385818,0.9849923674453288,0.009416094437683034,0.009098633646243843,0.4221007722139874
structural_all_o,structural,200,35,8,4,4,0.9839027542265011,0.9839056999405852,0.010060236751022755,0.009601336378281655,0.40166257420964724
structural_all_o,structural,200,36,9,4,4,0.9858944188366254,0.9858966639311814,0.012989764513233344,0.012570827642742533,0.4144797616428867
structural_all_o,structural,200,37,9,4,4,0.98459049647823,0.9845937996747953,0.012920261320655444,0.012624631735655019,0.42435244688966234
structural_all_o,structural,200,38,9,4,4,0.9832523574648315,0.9832558355437176,0.011262460542969631,0.010814092436605152,0.41989241278455236
structural_all_o,structural,200,39,9,4,4,0.9829845695745714,0.9829874223884226,0.010907281658733595,0.01057073287730956,0.41023623971843265
structural_all_o,structural,200,40,10,4,4,0.9836844272724188,0.983687344956826,0.011413825801091595,0.011126506428730417,0.41954599947838556
structural_all_o,structural,200,41,10,4,4,0.9814480078580118,0.9814513546045813,0.05407977673652575,0.011983837641898615,0.4177706548312731
structural_all_o,structural,200,42,10,4,4,0.9852126119695034,0.9852151229351847,0.011109613563341898,0.035458339175692924,0.4269505230921411
structural_all_o,structural,200,43,10,4,4,0.9849257200137913,0.9849280761030583,0.012109891643867582,0.01177357151274645,0.4153890833835807
structural_all_o,structural,200,44,11,4,4,0.9838770017731275,0.9838802890692251,0.010470849620447052,0.01018756389068432,0.41473956425593606
structural_all_o,structural,200,45,11,4,4,0.9843338111144663,0.984336681645091,0.012034337842770113,0.011883590375895524,0.4216677600978549
structural_all_o,structural,200,46,11,4,4,0.9856883371296177,0.9856901839491384,0.011631097374274618,0.05486091690897263,0.41370032906874576
structural_all_o,structural,200,47,11,4,4,0.9835562996822429,0.9835590475135093,0.013508910231748376,0.01319894477879001,0.41772733610322604
structural_all_o,structural,200,48,12,4,4,0.9845942341994273,0.9845966422639618,0.010602273895772965,0.010210402145427021,0.4187665848834324
structural_all_o,structural,200,49,12,4,4,0.9835043709493416,0.9835072797310184,0.010863681470015039,0.01056855134746423,0.41807375691059084
structural_all_o,structural,200,50,12,4,4,0.9844929461370138,0.9844958726376849,0.011348054453136787,0.011019076219423489,0.4252184694965987
structural_all_o,structural,200,51,12,4,4,0.9829509476329323,0.9829535667275886,0.01194365468065438,0.011514706322753743,0.41863668113437436
structural_all_o,structural,200,52,13,4,4,0.9831879239815897,0.9831904437669241,0.08058668065602,0.01335224594776072,0.4266474039662194
structural_all_o,structural,200,53,13,4,4,0.9851840320530538,0.9851872665440081,0.011196640247882614,0.010938593880988456,0.418030466260198
structural_all_o,structural,200,54,13,4,4,0.9841180656540521,0.9841209399702047,0.009808395445914362,0.009528072384008861,0.4097166154034203
structural_all_o,structural,200,55,13,4,4,0.984340981589809,0.9843434842725554,0.01175951010230594,0.011441832903405901,0.4088938889605672
structural_all_o,structural,200,56,14,4,4,0.9850305764940439,0.985032934262513,0.010880191289281332,0.010362094346472887,0.4185933827532268
structural_all_o,structural,200,57,14,4,4,0.9845639846427321,0.9845672851722019,0.011540110579998977,0.011187227698231886,0.42028212801666687
structural_all_o,structural,200,58,14,4,4,0.9835300686947498,0.9835329045601127,0.012897549345691933,0.012633781488298445,0.429072278997464
structural_all_o,structural,200,59,14,4,4,0.9838331065656458,0.9838355622410279,0.008579496744791339,0.00813482399600434,0.41383023208121206
structural_all_o,structural,200,60,15,4,4,0.9856733336703838,0.9856759675340068,0.01087638244257858,0.010581970428200485,0.42192756882022875
structural_all_o,structural,200,61,15,4,4,0.9833074400647016,0.9833105519573426,0.010642622794999997,0.010369333469265881,0.4223605875950064
structural_all_o,structural,200,62,15,4,4,0.9849674149643461,0.9849701175627711,0.01172359550625747,0.011508345411746881,0.4127477056112815
structural_all_o,structural,200,63,15,4,4,0.9827216601343459,0.982724606594151,0.011652104720225136,0.011190093578967716,0.4036544407020064
structural_all_o,structural,200,64,16,4,4,0.9834609774002181,0.983463811783047,0.011024157655570459,0.010848997210117305,0.4250019644421401
structural_all_o,structural,200,65,16,4,4,0.9840723605146167,0.9840750270300701,0.04471824928575669,0.011876596422006655,0.4246988566008388
structural_all_o,structural,200,66,16,4,4,0.983375288569633,0.9833788408374512,0.01115061404991527,0.010838305943636703,0.4102795305782656
structural_all_o,structural,200,67,16,4,4,0.9844553409296339,0.9844581325670466,0.011944522834411716,0.011617849056948619,0.42469885659968043
structural_all_o,structural,200,68,17,4,4,0.9841080052553036,0.9841113547978017,0.012936777116112397,0.012965568937150208,0.42162445599753196
structural_all_o,structural,200,69,17,4,4,0.9850637491428683,0.9850658815926737,0.012137951000863673,0.011809446055143254,0.4253916724207397
structural_all_o,structural,200,70,17,4,4,0.9825210769239814,0.9825241830981776,0.010213808927789135,0.010125422103781392,0.40889389124393616
structural_all_o,structural,200,71,17,4,4,0.9844460634395508,0.984448380866683,0.01166511065323959,0.011250721795457237,0.4138735346237451
structural_all_o,structural,200,72,18,4,4,0.9839536221975004,0.9839563543536785,0.012417844532311437,0.012319529668554326,0.42101825239933127
structural_all_o,structural,200,73,18,4,4,0.9839793476528624,0.9839824821670422,0.012307861246313098,0.012002653823082786,0.4226203922509637
structural_all_o,structural,200,74,18,4,4,0.9836009345590567,0.9836033485933205,0.010594712159101627,0.010206273206023258,0.4113620590668125
structural_all_o,structural,200,75,18,4,4,0.984929363377313,0.9849326239881412,0.010621026510173878,0.010145414034701452,0.42695052081890134
structural_all_o,structural,200,76,19,4,4,0.9846930418476143,0.9846955445912052,0.01220678994658762,0.012020147829033795,0.4229235026002065
structural_all_o,structural,200,77,19,4,4,0.9838056887332195,0.9838082992510779,0.01192403955808124,0.011520168501704928,0.42314001125063244
structural_all_o,structural,200,78,19,4,4,0.9852544549495703,0.9852567028189467,0.010561232556660367,0.010325055490016392,0.42270700943158995
structural_all_o,structural,200,79,19,4,4,0.984699790421508,0.9847027642027826,0.012901078340804457,0.012715448849337962,0.42517516590527565
structural_all_o,structural,200,80,20,4,4,0.9839711304811882,0.9839743027392305,0.011958456898771098,0.01127882134827642,0.4156055921028
structural_all_o,structural,200,81,20,4,4,0.9837768193285282,0.9837788382265841,0.011284305233555577,0.011309703763947796,0.42314000827030934
structural_all_o,structural,200,82,20,4,4,0.9857944537828978,0.9857962306152508,0.01260802662913255,0.012438687789177713,0.41079914014591545
structural_all_o,structural,200,83,20,4,4,0.9841108616076234,0.9841141069372282,0.010974960196123132,0.01065728563589546,0.4205419428923521
structural_all_o,structural,200,84,21,4,4,0.9843336385948245,0.9843360333758288,0.011109981310818567,0.01075665977473745,0.42811966848074856
structural_all_o,structural,200,85,21,4,4,0.9831722080935762,0.9831747903153639,0.013178554107111664,0.01279913559484935,0.4151292658534918
structural_all_o,structural,200,86,21,4,4,0.984107537278928,0.9841096347791182,0.011699346101808571,0.011368157766610537,0.4167314198740803
structural_all_o,structural,200,87,21,4,4,0.9858218276930636,0.9858249246529154,0.013078528132655396,0.012559618974273701,0.417467550025947
structural_all_o,structural,200,88,22,4,4,0.9854139325065081,0.9854168579899819,0.01388433718593235,0.01363372484977597,0.4138735294622107
structural_all_o,structural,200,89,22,4,4,0.9837072184400022,0.9837104707594369,0.010110012818505503,0.009888698360703666,0.4282495673854812
structural_all_o,structural,200,90,22,4,4,0.9847459624073268,0.9847481302868287,0.05800836782109345,0.03498290229050693,0.413830234246884
structural_all_o,structural,200,91,22,4,4,0.9838656378355198,0.9838681026929607,0.01161531746142766,0.011380981157257991,0.4182902656553051
structural_all_o,structural,200,92,23,4,4,0.9827955443159125,0.982798576845649,0.01173309439220679,0.011494734146161652,0.4243957454624735
structural_all_o,structural,200,93,23,4,4,0.9855493275795139,0.9855520148275794,0.013739789506607206,0.01353565410784188,0.4264742123943517
structural_all_o,structural,200,94,23,4,4,0.9829397314435261,0.9829428951096961,0.010376242234651794,0.010052925681417222,0.4117517612667095
structural_all_o,structural,200,95,23,4,4,0.9843115139644274,0.9843142639768403,0.009987551556994937,0.009596939406595239,0.4179438534712596
structural_all_o,structural,200,96,24,4,4,0.9841946427075058,0.9841979425766775,0.013280887803832742,0.012744503466164982,0.40218219387320775
structural_all_o,structural,200,97,24,4,4,0.9849856116736004,0.984988531399155,0.011917002300688647,0.01158308984754506,0.4277299545670443
structural_all_o,structural,200,98,24,4,4,0.9850211235560599,0.9850236761797746,0.011564313888144051,0.011288275586581686,0.42513186438294914
structural_all_o,structural,200,99,24,4,4,0.9832508228936899,0.9832529645950474,0.011088628650478268,0.04673556052175237,0.422403884298265
structural_all_o,structural,500,0,0,1,4,0.9840600802298114,0.9840605170122982,0.009830454771928886,0.00963230645433541,0.4280330581223725
structural_all_o,structural,500,1,1,1,4,0.984049537968729,0.9840499825883519,0.010793800422684852,0.02587658766743435,0.4269072286146359
structural_all_o,structural,500,2,2,1,4,0.9837960882312012,0.9837965876089677,0.010887125387435328,0.01071417309438065,0.4272969434128513
structural_all_o,structural,500,3,3,1,4,0.9842209900592572,0.9842214877571215,0.03999181152669174,0.010786036570867035,0.4268206257617371
structural_all_o,structural,500,4,4,1,4,0.9842199067879996,0.9842203536929355,0.04638975140918272,0.011421767927880588,0.4296785059081899
structural_all_o,structural,500,5,5,1,4,0.9840324115489717,0.9840328479913064,0.049731016367927317,0.009933336322808182,0.4280330587961046
structural_all_o,structural,500,6,6,1,4,0.9841092276148294,0.9841096942996665,0.01116790058357503,0.011047360405905145,0.4285526765188347
structural_all_o,structural,500,7,7,1,4,0.9838409705303911,0.9838414096976877,0.01144373706535844,0.011209110749090279,0.4301548269682274
structural_all_o,structural,500,8,8,1,4,0.9836164859023255,0.9836169038202405,0.010821498220970626,0.010593072947927298,0.42803306222086335
structural_all_o,structural,500,9,9,1,4,0.9844050213230564,0.9844054860367423,0.011716766265096587,0.03217324336985254,0.4263443127642595
structural_all_o,structural,500,10,10,1,4,0.9829281455971068,0.9829285928185806,0.01068137354442619,0.010498227806021103,0.42946200200098844
structural_all_o,structural,500,11,11,1,4,0.984525849911372,0.9845262843389891,0.010876828157079072,0.010560810216124053,0.430198129140496
structural_all_o,structural,500,12,12,1,4,0.9838106471761269,0.9838110978250848,0.010195269873780357,0.01002851622602659,0.42885578711397154
structural_all_o,structural,500,13,13,1,4,0.98381706571266,0.983817530087243,0.032274284890958335,0.010823281323564204,0.42859597818394796
structural_all_o,structural,500,14,14,1,4,0.9847077387588286,0.9847081892341396,0.010770043769622034,0.010482783184543473,0.4298950204196282
structural_all_o,structural,500,15,15,1,4,0.9849280554662063,0.9849285013152341,0.02305348329732633,0.010207545093497552,0.4291588931436202
structural_all_o,structural,500,16,16,1,4,0.9835020318899451,0.9835024939548016,0.009871913719897948,0.009792526044504542,0.42985171597294114
structural_all_o,structural,500,17,17,1,4,0.9841309797014915,0.9841314094019147,0.031992148231737634,0.01138173673736513,0.429851715282157
structural_all_o,structural,500,18,18,1,4,0.98393313617812,0.9839335687363737,0.011441249776107557,0.011234346097042094,0.42911559576914177
structural_all_o,structural,500,19,19,1,4,0.9843162948275274,0.9843166777644724,0.01061586754319126,0.0104377791662635,0.4287258815111867
structural_all_o,structural,500,20,20,1,4,0.984524749364045,0.9845251501647299,0.011357431277051733,0.011396798379012191,0.42928879627939753
structural_all_o,structural,500,21,21,1,4,0.9842399238789928,0.9842402978392292,0.031748417897288314,0.03372046442114731,0.42941870662702697
structural_all_o,structural,500,22,22,1,4,0.9847159442512359,0.9847163992864,0.010526649159255455,0.010358642278159844,0.428682580343433
structural_all_o,structural,500,23,23,1,4,0.9836739015229956,0.9836743767729481,0.011326276712007807,0.02305382422931939,0.4296785145961686
structural_all_o,structural,500,24,24,1,4,0.9846663805320857,0.9846668770996808,0.01122876003668579,0.01113421280455502,0.42898569207525816
structural_all_o,structural,500,25,25,1,4,0.9839598806336961,0.9839603050213636,0.011855531706588138,0.04489604768140113,0.4300682205087823
structural_all_o,structural,500,26,26,1,4,0.9842018767980975,0.9842023404676065,0.01118064023116327,0.011087631833331741,0.4285526663168345
structural_all_o,structural,500,27,27,1,4,0.9841985470812497,0.9841990084180465,0.010027865881957082,0.009735986763579672,0.42954861421652657
structural_all_o,structural,500,28,28,1,4,0.9832976988235801,0.9832982131923006,0.00985064093831118,0.009735690843957076,0.4276000455704753
structural_all_o,structural,500,29,29,1,4,0.984599188014248,0.9845996742647307,0.009532006999712007,0.009401726685045868,0.42876918688445237
structural_all_o,structural,500,30,30,1,4,0.9844292167503758,0.9844296607199114,0.01060761547457223,0.010465235242383368,0.42695052719032545
structural_all_o,structural,500,31,31,1,4,0.9838961216239063,0.9838965176229358,0.010158445261256716,0.03748106358403479,0.42660411794532216
structural_all_o,structural,500,32,32,1,4,0.9844503777374113,0.9844508163559424,0.011741283945665686,0.01159555869955531,0.4296785137724552
structural_all_o,structural,500,33,33,1,4,0.9835406011462553,0.9835410452179393,0.01079001313114493,0.010687650738233988,0.4299816209221319
structural_all_o,structural,500,34,34,1,4,0.9837519400674108,0.9837523976249601,0.010026537760406459,0.009864449983378097,0.42487207080993167
structural_all_o,structural,500,35,35,1,4,0.9841757273866553,0.9841761521596193,0.011477701741041776,0.022481172461914417,0.4296352114919469
structural_all_o,structural,500,36,36,1,4,0.9842205180273358,0.9842209809222727,0.011499482608717939,0.011177180137622948,0.4292888002299711
structural_all_o,structural,500,37,37,1,4,0.984062344094995,0.9840627986729801,0.026247518568528177,0.021469038080534013,0.42911558838284847
structural_all_o,structural,500,38,38,1,4,0.9839228272025087,0.9839233368950591,0.02234287413045021,0.009807328545383048,0.42954860956471996
structural_all_o,structural,500,39,39,1,4,0.9846870839856664,0.9846875044485046,0.010875018843230352,0.010785505213724709,0.4296785092415119
structural_all_o,structural,500,40,40,1,4,0.9839076826513226,0.983908080830014,0.010490703830889424,0.010186989517369266,0.42837947471587223
structural_all_o,structural,500,41,41,1,4,0.9834762801073088,0.9834768443483701,0.00973108635282265,0.009500280637334366,0.42660411401142617
structural_all_o,structural,500,42,42,1,4,0.9845445028487729,0.98454490403771,0.010679104148175547,0.010540445831841674,0.429375402804966
structural_all_o,structural,500,43,43,1,4,0.9842078106399482,0.9842082364667452,0.010727141146581399,0.010503435563300757,0.42881248723982485
structural_all_o,structural,500,44,44,1,4,0.9839539994482922,0.9839544067830895,0.025099168496755784,0.009350960570329955,0.42660412066401104
structural_all_o,structural,500,45,45,1,4,0.9841457814662672,0.9841462349161596,0.010691639901637698,0.010533263061563936,0.4288557883831069
structural_all_o,structural,500,46,46,1,4,0.9837356753941029,0.9837361665539622,0.011638734113347532,0.01146531281948394,0.42794645841907764
structural_all_o,structural,500,47,47,1,4,0.9841260587937057,0.9841265032164788,0.011257650661290532,0.011082252721149082,0.4268639240270661
structural_all_o,structural,500,48,48,1,4,0.9835501409081477,0.9835505971167381,0.01092658408296477,0.010795499379673498,0.42820626492693215
structural_all_o,structural,500,49,49,1,4,0.9848358102689929,0.9848362433858331,0.023947903542212694,0.010710593516634156,0.4230534091189956
structural_all_o,structural,500,50,50,1,4,0.9833530157797568,0.983353475258596,0.04892187901189384,0.010956304806777185,0.4294187036877143
structural_all_o,structural,500,51,51,1,4,0.9839231448322004,0.9839236276394778,0.010168498230316937,0.009992968631707773,0.42829286991211163
structural_all_o,structural,500,52,52,1,4,0.9840638258150799,0.9840642418566761,0.009763659898107357,0.009601243918953735,0.42798975163170844
structural_all_o,structural,500,53,53,1,4,0.9832110901356276,0.983211602090287,0.010357849284725749,0.040265838298849284,0.424915372138231
structural_all_o,structural,500,54,54,1,4,0.9844334368852692,0.9844339104682905,0.010474791459387345,0.01028683095206988,0.4290289894862597
structural_all_o,structural,500,55,55,1,4,0.9834017642817554,0.9834022097003962,0.03004091051014532,0.010892542406544936,0.42747013794716887
structural_all_o,structural,500,56,56,1,4,0.9843433850257465,0.9843438008804223,0.009866453841761352,0.0099153930140448,0.4266474318489948
structural_all_o,structural,500,57,57,1,4,0.9837895738958272,0.9837900552541036,0.022821169434007773,0.010694668204872224,0.4285093763907293
structural_all_o,structural,500,58,58,1,4,0.9846963678394007,0.9846968049764802,0.009975627594582977,0.009790599911895528,0.4294620063844369
structural_all_o,structural,500,59,59,1,4,0.9840567824601989,0.9840571994678406,0.021786456699795786,0.009989000171114199,0.4296785170414458
structural_all_o,structural,500,60,60,1,4,0.983322434922263,0.9833228998942872,0.009500976852498667,0.009292194687467344,0.42846608147332244
structural_all_o,structural,500,61,61,1,4,0.9839099095161816,0.9839104154084833,0.02250481403504038,0.009458425993228253,0.4295919019169403
structural_all_o,structural,500,62,62,1,4,0.9842458713406904,0.9842463404902786,0.010988671951720541,0.010906799941072721,0.4299383211469163
structural_all_o,structural,500,63,63,1,4,0.9846836336920494,0.9846840334158932,0.011039739810875204,0.010953216512772136,0.4259978986023384
structural_all_o,structural,500,64,64,1,4,0.9832118889492177,0.9832124147099407,0.009201327455233775,0.009198139371210268,0.42712373790446234
structural_all_o,structural,500,65,65,1,4,0.9842404628425578,0.9842409559314574,0.01059924737359165,0.01048934883444343,0.4295919081332129
structural_all_o,structural,500,66,66,1,4,0.9844117395349763,0.984412157847431,0.010285458980003605,0.010180248241339916,0.427253627493812
structural_all_o,structural,500,67,67,1,4,0.9838777142396303,0.9838781877569602,0.010403657673376952,0.010214069723511724,0.4249153685428934
structural_all_o,structural,500,68,68,1,4,0.9843043571115262,0.9843048043774542,0.010312079122989738,0.010210785908116166,0.4293754034049312
structural_all_o,structural,500,69,69,1,4,0.9842974332381553,0.9842979084532382,0.03191937918538395,0.00987637179553445,0.4299383207431381
structural_all_o,structural,500,70,70,1,4,0.9841016395301152,0.9841020315542358,0.027994023022007646,0.03173529957879658,0.42803306329758556
structural_all_o,structural,500,71,71,1,4,0.9841275398120474,0.9841280163898368,0.00983885960473472,0.009705611414880758,0.4265175172234383
structural_all_o,structural,500,72,72,1,4,0.9845486168224827,0.9845491172450467,0.01122497513081254,0.011251110881875958,0.4292021991821427
structural_all_o,structural,500,73,73,1,4,0.983807343833243,0.98380773228903,0.01162183121146992,0.011438512294621339,0.4291588963709946
structural_all_o,structural,500,74,74,1,4,0.9842650466327071,0.9842654283150349,0.026205676290369524,0.01118157580834634,0.427600040028975
structural_all_o,structural,500,75,75,1,4,0.9838126620173591,0.9838131172008502,0.030790236805981763,0.009503953470715623,0.4245689500571148
structural_all_o,structural,500,76,76,1,4,0.9849459699318968,0.9849463552111085,0.011628688980427676,0.011443721455852724,0.42963521620370176
structural_all_o,structural,500,77,77,1,4,0.9840296926301316,0.9840301422397414,0.009718243757164492,0.009735990567471611,0.42742684541551357
structural_all_o,structural,500,78,78,1,4,0.983627540025057,0.9836279790684926,0.010021460981145992,0.009844210002771307,0.42980840998359726
structural_all_o,structural,500,79,79,1,4,0.9843015851420999,0.9843020141131699,0.022456916536016863,0.010750036677390166,0.42924549575724125
structural_all_o,structural,500,80,80,1,4,0.9836312385651823,0.9836316895231106,0.009488358197837454,0.009436701166866769,0.42837946882372285
structural_all_o,structural,500,81,81,1,4,0.9832359864777453,0.9832365040765497,0.03603515509098203,0.01020719770851072,0.4250019680808606
structural_all_o,structural,500,82,82,1,4,0.9841353635967607,0.9841358005936884,0.01047945200444822,0.010247856320333317,0.42972181832799017
structural_all_o,structural,500,83,83,1,4,0.984166859185777,0.9841672880879244,0.009774403315449166,0.009580668645524933,0.4295053128805556
structural_all_o,structural,500,84,84,1,4,0.9839344409543038,0.9839348696422608,0.01031976548413939,0.010015446404921363,0.42920220075603766
structural_all_o,structural,500,85,85,1,4,0.9839903396410611,0.9839907651492539,0.0267241899379188,0.07625070179127852,0.4298517201341828
structural_all_o,structural,500,86,86,1,4,0.9843578926426896,0.984358339317562,0.026165163753911813,0.010911809575437033,0.42941870398263293
structural_all_o,structural,500,87,87,1,4,0.9841826631989379,0.9841830851403739,0.011194670619909614,0.011032951795813217,0.42664741612256174
structural_all_o,structural,500,88,88,1,4,0.983968273914025,0.983968711449675,0.024087438378787525,0.02427516215536423,0.4291589003943083
structural_all_o,structural,500,89,89,1,4,0.9839129477924737,0.9839133840696896,0.009635657251037896,0.009564304328221675,0.4287691819301668
structural_all_o,structural,500,90,90,1,4,0.9843386995353742,0.9843391280578175,0.010255014348463532,0.009996476622470545,0.42946200224835696
structural_all_o,structural,500,91,91,1,4,0.9839642199119557,0.983964697400057,0.010411872858639069,0.010260473943557707,0.4285093739708069
structural_all_o,structural,500,92,92,1,4,0.9836498738219481,0.9836502737340622,0.010672382683671655,0.010592913488390993,0.4270804301943361
structural_all_o,structural,500,93,93,1,4,0.9837898194760781,0.9837902012532449,0.02619931111621138,0.00971656954132824,0.42725363543547673
structural_all_o,structural,500,94,94,1,4,0.9834722286316508,0.983472678393568,0.010382179521483622,0.010357012077753636,0.4292887979580607
structural_all_o,structural,500,95,95,1,4,0.9839360446271768,0.983936538867387,0.01143359017047314,0.011261643153963765,0.42933210101246816
structural_all_o,structural,500,96,96,1,4,0.9838353806726333,0.9838358322345986,0.02838822979688695,0.011547793546967961,0.4301548249017482
structural_all_o,structural,500,97,97,1,4,0.9851250978418122,0.9851254391312672,0.010925419506089752,0.010756879639870397,0.4292454953341614
structural_all_o,structural,500,98,98,1,4,0.983890921465661,0.9838913813896029,0.010445232072303665,0.010299975846118399,0.4291155966672827
structural_all_o,structural,500,99,99,1,4,0.9845727683932931,0.9845731321439575,0.04140279264732877,0.01070424447346734,0.428942384672112
structural_all_qkvo,structural,5,0,0,199,4,0.9655793359039048,0.9869517842628388,0.02901238975092681,0.02222699163506741,0.06521171078909369
structural_all_qkvo,structural,5,1,0,199,4,0.9744058592712324,0.9771528764282205,0.031195637256902362,0.022309424758072044,0.16636348030975623
structural_all_qkvo,structural,5,2,0,199,4,0.9617243883338108,0.9603579489461607,0.02904232141993173,0.036719505053259396,0.08920061292196439
structural_all_qkvo,structural,5,3,0,199,4,0.9962944159664096,0.9985857024894851,0.02429484649291282,0.1169764729409471,0.05360697093271962
structural_all_qkvo,structural,5,4,0,199,4,0.9938020083509884,0.997636668956758,0.02562235371154359,0.07353360458575207,0.04624575649087116
structural_all_qkvo,structural,5,5,0,199,4,0.9883535161481416,0.9897552991421887,0.035986530396396495,0.03408897481604484,0.14518916135380774
structural_all_qkvo,structural,5,6,0,199,4,0.9712158682727853,0.9854495972924165,0.006688224735215904,0.24426629566129462,0.08235901474382079
structural_all_qkvo,structural,5,7,0,199,4,0.9888585281972143,0.996017839690451,0.02637133469854311,0.012124128402758194,0.16978427333994073
structural_all_qkvo,structural,5,8,0,199,4,0.989546798721883,0.9944502647228609,0.023864213810691946,0.02609185937002895,0.15796302805028617
structural_all_qkvo,structural,5,9,0,199,4,0.9915547718130817,0.9956941743018389,0.004314487047677112,0.08409147922477982,0.03611325938943514
structural_all_qkvo,structural,5,10,0,199,4,0.970784866670759,0.9740319544500585,0.02054082967712745,0.026763836547957776,0.11072134706842486
structural_all_qkvo,structural,5,11,0,199,4,0.9776968565268388,0.9924053999150761,0.03201263813005298,0.014981494702821294,0.1053952906176277
structural_all_qkvo,structural,5,12,0,199,4,0.983506518020854,0.992535136923833,0.0231899474479404,0.10886094145464091,0.09171208915790033
structural_all_qkvo,structural,5,13,0,199,4,0.9928485868114106,0.9578882548278208,0.007999469224835446,0.036865709096450434,0.13661550864784094
structural_all_qkvo,structural,5,14,0,199,4,0.9610947112111154,0.9912013517575975,0.01946019620395175,0.021036018756551037,0.1571836086469075
structural_all_qkvo,structural,5,15,0,199,4,0.9354579796133397,0.994462114483785,0.012434284265500167,0.23452650170966444,0.026543677508971276
structural_all_qkvo,structural,5,16,0,199,4,0.9869896486923186,0.9892316326322006,0.025703888741366712,0.021284873604085656,0.18177872842585027
structural_all_qkvo,structural,5,17,0,199,4,0.9727283410140783,0.9533402119910664,0.015788526572672462,0.010726469768681626,0.2808087310664014
structural_all_qkvo,structural,5,18,0,199,4,0.986062864456528,0.9976438151299221,0.024523769290127694,0.11029421144070777,0.079890838392095
structural_all_qkvo,structural,5,19,0,199,4,0.9123702973648532,0.936889261185499,0.009478037304717536,0.05420613663982116,0.053000754206495804
structural_all_qkvo,structural,5,20,0,199,4,0.986786261802395,0.9925172672930633,0.02024253155265596,0.02413594478395834,0.14865325242987337
structural_all_qkvo,structural,5,21,0,199,4,0.9666098449108712,0.7671797366888158,0.04373157795100807,0.1693963376038973,0.04654886263427471
structural_all_qkvo,structural,5,22,0,199,4,0.9782723634612104,0.9984782399216903,0.026752919845686507,0.09638652894596726,0.02143412818720649
structural_all_qkvo,structural,5,23,0,199,4,0.9700081020632303,0.9965548573190419,0.035735633937818624,0.06070239853671656,0.03615655985649689
structural_all_qkvo,structural,5,24,0,199,4,0.9578861248603434,0.9911980517767803,0.01600259739825912,0.026936138686344792,0.10812327043634695
structural_all_qkvo,structural,5,25,0,199,4,0.9939217732164747,0.9982494061705813,0.044494593829331096,0.08869914903372227,0.04754479300380167
structural_all_qkvo,structural,5,26,0,199,4,0.9929958439072286,0.995737074669497,0.017663570545080397,0.03612914028534022,0.12799855536525262
structural_all_qkvo,structural,5,27,0,199,4,0.9571946456329128,0.955907004683629,0.036619255257137315,0.0687757035589301,0.1279985572368527
structural_all_qkvo,structural,5,28,0,199,4,0.9884982235564727,0.9925063113360539,0.015805323550403125,0.020034152219449354,0.10041564097643399
structural_all_qkvo,structural,5,29,0,199,4,0.9842176565737946,0.9874144627013821,0.03815561594371484,0.028942758535277287,0.12730572878009017
structural_all_qkvo,structural,5,30,0,199,4,0.9908655997552777,0.9915772829348929,0.016665292216594435,0.040179362655862076,0.13943008902564774
structural_all_qkvo,structural,5,31,0,199,4,0.9350716370036082,0.9951245864810685,0.013154551194655261,0.03140430614796292,0.04511992247083232
structural_all_qkvo,structural,5,32,0,199,4,0.9788352692779694,0.9979915138642877,0.007899513340146118,0.1611266309647918,0.037672104100682335
structural_all_qkvo,structural,5,33,0,199,4,0.9871558602315168,0.9923857889270716,0.010599930923631375,0.01635936901914163,0.1115440727155946
structural_all_qkvo,structural,5,34,0,199,4,0.9397801438548549,0.9690290160195225,0.01714674994150746,0.011647577891254552,0.08989343681426917
structural_all_qkvo,structural,5,35,0,199,4,0.9835722222288541,0.9782016202301388,0.01683370316094379,0.038395846021241006,0.11487826829767034
structural_all_qkvo,structural,5,36,0,199,4,0.9921876050945735,0.9965276133770433,0.012183676416927943,0.0270701055497993,0.08383125942226412
structural_all_qkvo,structural,5,37,0,199,4,0.9962390994148212,0.9995568006431924,0.0038584004035717976,0.09994227156155344,0.010175798967712296
structural_all_qkvo,structural,5,38,0,199,4,0.9877152023834737,0.9864326221938516,0.01261861273806618,0.039535724495721486,0.1704771014993295
structural_all_qkvo,structural,5,39,0,199,4,0.9875745285942356,0.995147047744485,0.014210114103928138,0.021538362913444763,0.09560920235844178
structural_all_qkvo,structural,5,40,0,199,4,0.995390646461495,0.9989003364712066,0.008334369742743425,0.020064924556524578,0.1425044780324497
structural_all_qkvo,structural,5,41,0,199,4,0.9868040641646741,0.9792104717288801,0.02803268028775973,0.030299672470421143,0.157313521388631
structural_all_qkvo,structural,5,42,0,199,4,0.9995079801859176,0.9998628206666396,0.019131061091558214,0.042474296802768166,0.10998522777747377
structural_all_qkvo,structural,5,43,0,199,4,0.9819604246670222,0.9909597882870624,0.015761601872075707,0.03118329842736813,0.0948297808898254
structural_all_qkvo,structural,5,44,0,199,4,0.9456588306073805,0.952611049497883,0.02607508976865163,0.11108072003883716,0.17052039683135892
structural_all_qkvo,structural,5,45,0,199,4,0.9750171283664341,0.9881213930596572,0.020719653603607398,0.054632362664551966,0.1255303841810984
structural_all_qkvo,structural,5,46,0,199,4,0.9821140927646317,0.99842146619582,0.00984141191935078,0.0940766183284184,0.01619467399126759
structural_all_qkvo,structural,5,47,0,199,4,0.9514504728157828,0.9951080662305473,0.004319204705026861,0.04479921439969474,0.04377758282846718
structural_all_qkvo,structural,5,48,0,199,4,0.9973252923036149,0.9998602749805746,0.008120232002953252,0.08389656355139105,0.03754220223205356
structural_all_qkvo,structural,5,49,0,199,4,0.9892143711768175,0.9982776956572496,0.029499282497880704,0.016994177302124113,0.16203334975281297
structural_all_qkvo,structural,5,50,0,199,4,0.9825907406017107,0.9824974226793001,0.017687717634516383,0.09332283319527111,0.09621542516248796
structural_all_qkvo,structural,5,51,0,199,4,0.9928139770482569,0.9923882205438902,0.03265165092047042,0.025171756287555285,0.21347525933838812
structural_all_qkvo,structural,5,52,0,199,4,0.9790290772903459,0.9762450671775579,0.03101034144046922,0.020578405192022985,0.10305702047531434
structural_all_qkvo,structural,5,53,0,199,4,0.9732625867141378,0.9838535083624874,0.019187942365512075,0.027824985953616675,0.09366064602961327
structural_all_qkvo,structural,5,54,0,199,4,0.9580244506917815,0.959357060405542,0.027237950690471045,0.23263693315345485,0.11344932482545424
structural_all_qkvo,structural,5,55,0,199,4,0.9321540254278868,0.9676779644052871,0.02189678247470027,0.028960422271086618,0.07569061743512406
structural_all_qkvo,structural,5,56,0,199,4,0.98593460247176,0.9870142192138257,0.05886317335960037,0.035004414272962275,0.14588197191985172
structural_all_qkvo,structural,5,57,0,199,4,0.9535238728177631,0.9238244470735197,0.012097310761760271,0.02840163923506922,0.1151380796307002
structural_all_qkvo,structural,5,58,0,199,4,0.9664124196889871,0.9692286687225851,0.013136005693938671,0.22463841306121282,0.11180387793873095
structural_all_qkvo,structural,5,59,0,199,4,0.9849744844438286,0.9923721767804202,0.01031931239449813,0.06217167857604311,0.08885420561489758
structural_all_qkvo,structural,5,60,0,199,4,0.9703025230323058,0.97771418602333,0.009570936438517285,0.018571324696730375,0.11375243968371898
structural_all_qkvo,structural,5,61,0,199,4,0.9955159233137445,0.9990821441037394,0.03882497934192385,0.047519936098186916,0.07395856695554848
structural_all_qkvo,structural,5,62,0,199,4,0.9902330245038113,0.9919365632453749,0.027232955365293215,0.12235031808638312,0.08729536682847878
structural_all_qkvo,structural,5,63,0,199,4,0.9270832028570503,0.9715083989854627,0.025772056289217984,0.08207212926262411,0.024378615347187774
structural_all_qkvo,structural,5,64,0,199,4,0.9872087852458129,0.991643109898262,0.03253884219965925,0.06387634083681892,0.045033322914671416
structural_all_qkvo,structural,5,65,0,199,4,0.9805205910403965,0.98372342526945,0.022913551748220386,0.016239476007619377,0.13700522089305608
structural_all_qkvo,structural,5,66,0,199,4,0.9890682480917168,0.9912611545944603,0.03068462999100556,0.07866035561570153,0.04815101310103594
structural_all_qkvo,structural,5,67,0,199,4,0.9392356615127128,0.863894515102238,0.029001605978468053,0.07150674704283724,0.15696709698279046
structural_all_qkvo,structural,5,68,0,199,4,0.9753387996672956,0.9886895037861303,0.01063006538184698,0.23139339944327345,0.016887495857046617
structural_all_qkvo,structural,5,69,0,199,4,0.9760378704158373,0.9652739485945676,0.012599436896452633,0.051171256953287655,0.11323282501246035
structural_all_qkvo,structural,5,70,0,199,4,0.9647775010192845,0.9452036416672551,0.03246208246601463,0.06198785196794116,0.07595043297094939
structural_all_qkvo,structural,5,71,0,199,4,0.9693788108480355,0.9834275782885672,0.012935117262995859,0.028011931426478242,0.09097596856160613
structural_all_qkvo,structural,5,72,0,199,4,0.9838594385132091,0.996856191910009,0.021911406927634897,0.04063797055772793,0.03247595175307938
structural_all_qkvo,structural,5,73,0,199,4,0.988683721017091,0.9921481334292028,0.03140010999412826,0.12433837107369372,0.0992465110715261
structural_all_qkvo,structural,5,74,0,199,4,0.9608310318090233,0.9872635402813579,0.023768103950054728,0.016884752523618346,0.10799337038700292
structural_all_qkvo,structural,5,75,0,199,4,0.9843500905536318,0.982270563180491,0.010207802805280608,0.030586778753998345,0.14181165862097767
structural_all_qkvo,structural,5,76,0,199,4,0.9827686188632967,0.9800544177268922,0.02122327852732955,0.021524965601341983,0.19446600527434665
structural_all_qkvo,structural,5,77,0,199,4,0.9651597730354474,0.9616052430628991,0.038955509540598045,0.0462210972244843,0.09543599574800077
structural_all_qkvo,structural,5,78,0,199,4,0.9904292119777248,0.9891840797926796,0.03587771306093681,0.03220814008970908,0.1691780600454913
structural_all_qkvo,structural,5,79,0,199,4,0.9876407698666233,0.9961378805920095,0.01735435803207606,0.08482013690856996,0.043994091733705505
structural_all_qkvo,structural,5,80,0,199,4,0.9914286537181447,0.9916465677352913,0.013215218163401248,0.034437094314906436,0.1400363042923351
structural_all_qkvo,structural,5,81,0,199,4,0.9678967565557004,0.9747591405902623,0.041522982560953894,0.04494625296834623,0.045033319126690466
structural_all_qkvo,structural,5,82,0,199,4,0.991613058720069,0.9987279615466348,0.033100519152306274,0.06459983897891004,0.06070837736490238
structural_all_qkvo,structural,5,83,0,199,4,0.973213495863328,0.9944612962065442,0.007691935601659239,0.02822939357782926,0.05629165006333167
structural_all_qkvo,structural,5,84,0,199,4,0.9912201483619113,0.9945129317458014,0.021097066822785195,0.04453768704825913,0.10444266125489654
structural_all_qkvo,structural,5,85,0,199,4,0.9878538710475542,0.98867032017278,0.016873031439401467,0.025389880049380947,0.16584386809558158
structural_all_qkvo,structural,5,86,0,199,4,0.9897022426921572,0.9967164263419915,0.012362602935673806,0.0627311733047389,0.09560920116259461
structural_all_qkvo,structural,5,87,0,199,4,0.9707555811600015,0.9584743958650106,0.012001072952374448,0.029415653056913488,0.07963103496482905
structural_all_qkvo,structural,5,88,0,199,4,0.9709340370968941,0.9903648614584006,0.036006949758464094,0.029587003717452667,0.05789380017664733
structural_all_qkvo,structural,5,89,0,199,4,0.9871215632010653,0.9926860959595851,0.008821785539697678,0.03598489496896588,0.13215547133723096
structural_all_qkvo,structural,5,90,0,199,4,0.9907743734559895,0.9792113240158399,0.030126353245975443,0.03891524169158776,0.07192340501741618
structural_all_qkvo,structural,5,91,0,199,4,0.995559605575375,0.9982756750802004,0.012254452166024374,0.04844960616196023,0.08794487665821327
structural_all_qkvo,structural,5,92,0,199,4,0.9834166845270402,0.9157241956438347,0.012346798492869585,0.04098761573869351,0.09993932881950772
structural_all_qkvo,structural,5,93,0,199,4,0.971187082677401,0.9702294982919965,0.018644759400574716,0.03207109284540137,0.2055944307925908
structural_all_qkvo,structural,5,94,0,199,4,0.971897236479063,0.9917067348150123,0.04761146226107837,0.17579603668085358,0.030743901818063454
structural_all_qkvo,structural,5,95,0,199,4,0.9958772937342182,0.9996512391619837,0.01904806492491717,0.04663648543127888,0.10076205597639804
structural_all_qkvo,structural,5,96,0,199,4,0.9904992659330332,0.994209320389944,0.017883484668673042,0.03494671714932228,0.10491897498955483
structural_all_qkvo,structural,5,97,0,199,4,0.9875598781295989,0.9930275436182548,0.042778700981494465,0.1328980063253056,0.061747609853953396
structural_all_qkvo,structural,5,98,0,199,4,0.9940636005053074,0.9945484629756023,0.016698209146342246,0.07435479807499548,0.10024244327174017
structural_all_qkvo,structural,5,99,0,199,4,0.9523532828946969,0.9422533792241766,0.023963354525027316,0.012738392617332586,0.08963362981692818
structural_all_qkvo,structural,10,0,0,99,4,0.9799571629859138,0.9821103092440102,0.01941956400011761,0.014398342564361566,0.22295823792949226
structural_all_qkvo,structural,10,1,0,99,4,0.984843789861021,0.9852837116865806,0.02715451388871231,0.025182254625618614,0.1989693339687249
structural_all_qkvo,structural,10,2,0,99,4,0.9907316147617142,0.9913102010963081,0.029503448680312395,0.03616470440661373,0.21854151193203708
structural_all_qkvo,structural,10,3,0,99,4,0.9826691141486489,0.9847111150521982,0.013724114582393677,0.02354848481322694,0.25552078585575055
structural_all_qkvo,structural,10,4,0,99,4,0.9909475378264556,0.9917899399058854,0.02190992241871124,0.022894366698620862,0.17614956410704324
structural_all_qkvo,structural,10,5,0,99,4,0.985850469765513,0.9875844994579962,0.02015185384950587,0.018262717800707713,0.17372469181419647
structural_all_qkvo,structural,10,6,0,99,4,0.9801253866837552,0.981045020702213,0.020707384760225402,0.0251747619983232,0.30743900713551453
structural_all_qkvo,structural,10,7,0,99,4,0.9605859932995682,0.9616679512635405,0.02696619489212024,0.03738020839752903,0.17147302580083926
structural_all_qkvo,structural,10,8,0,99,4,0.9882271211238784,0.9886383388594644,0.023041695786882276,0.018450182233092142,0.3193035587183002
structural_all_qkvo,structural,10,9,0,99,4,0.9751739742427453,0.9794232682562894,0.29977579288051864,0.01802856535487867,0.15319988797738468
structural_all_qkvo,structural,10,10,0,99,4,0.9906463415569954,0.9917301959247958,0.02614153548115713,0.04611215118740034,0.19827650870456612
structural_all_qkvo,structural,10,11,0,99,4,0.9686486760220642,0.972770531409963,0.051488862776706244,0.09955390028597305,0.06209402399501402
structural_all_qkvo,structural,10,12,0,99,4,0.9793159703378228,0.9820046639358947,0.012113787688249812,0.007964770410007604,0.1736380886504333
structural_all_qkvo,structural,10,13,0,99,4,0.985690210294912,0.9870378846962262,0.013893261985415547,0.013258850827043278,0.25274951718049965
structural_all_qkvo,structural,10,14,0,99,4,0.9845893978469462,0.9856180574525548,0.015150103456334463,0.010462210822390579,0.1859356443661875
structural_all_qkvo,structural,10,15,0,99,4,0.9754980541401403,0.9767045845224891,0.014889727183761059,0.012601853877998921,0.20594084121132283
structural_all_qkvo,structural,10,16,0,99,4,0.9845390182780958,0.9875913266356485,0.011681177937389738,0.024315897835600404,0.1505152144400359
structural_all_qkvo,structural,10,17,0,99,4,0.9734822609613608,0.9766698781145609,0.020776180328984876,0.018976187874823646,0.18615215896930337
structural_all_qkvo,structural,10,18,0,99,4,0.9951755977625272,0.995278026869913,0.01723350401155296,0.03995974004745472,0.161427133882577
structural_all_qkvo,structural,10,19,0,99,4,0.9908371315290899,0.9915005418718473,0.017965916193893126,0.01723103326914735,0.22317473967498516
structural_all_qkvo,structural,10,20,0,99,4,0.9887008572566247,0.988858647063797,0.01454976724797963,0.017523709301828113,0.22542641411158196
structural_all_qkvo,structural,10,21,0,99,4,0.9927430775099573,0.9934126115385696,0.021105563099818495,0.03173236104869751,0.21282574481437724
structural_all_qkvo,structural,10,22,0,99,4,0.976553236453189,0.9780203231921659,0.021528345931073105,0.01984912707738023,0.2579889616440838
structural_all_qkvo,structural,10,23,0,99,4,0.9787042337384783,0.9850505799341065,0.007508617176848916,0.01501105159619601,0.10063214681596792
structural_all_qkvo,structural,10,24,0,99,4,0.9939935887802798,0.9945876292885347,0.027382377573243546,0.033472452074038116,0.18641196257898246
structural_all_qkvo,structural,10,25,0,99,4,0.9863170408160472,0.9864590478280288,0.018108038865473075,0.020112732862792863,0.2692905973242032
structural_all_qkvo,structural,10,26,0,99,4,0.9852064870151871,0.9877359108349527,0.026699972213219396,0.032515779895801004,0.1585259472459197
structural_all_qkvo,structural,10,27,0,99,4,0.977071701356462,0.9805263900496543,0.026462521993457278,0.026533466187047914,0.15605777229370843
structural_all_qkvo,structural,10,28,0,99,4,0.9853407714450112,0.986399913218231,0.011394604520304637,0.016727142707328235,0.2285440981535244
structural_all_qkvo,structural,10,29,0,99,4,0.9862622118952078,0.9871969238752172,0.015270500657177938,0.02043764096809748,0.19082869581010248
structural_all_qkvo,structural,10,30,0,99,4,0.9859175870979969,0.9864189227096136,0.02067785898556217,0.01770754201213783,0.16047450944707994
structural_all_qkvo,structural,10,31,0,99,4,0.9794335798891847,0.979593500132942,0.029613738890536482,0.06254444083427703,0.15198746150871026
structural_all_qkvo,structural,10,32,0,99,4,0.9844363284909824,0.9851171500237296,0.0193353220841,0.015061027205639822,0.1804796964877917
structural_all_qkvo,structural,10,33,0,99,4,0.9814493726157386,0.9817966882494453,0.03427429968752693,0.029492203136651355,0.20303964964743687
structural_all_qkvo,structural,10,34,0,99,4,0.9714819959171724,0.9717454211693837,0.03320569399058137,0.0224519090247778,0.22546971800735915
structural_all_qkvo,structural,10,35,0,99,4,0.9819394874230947,0.9847798633760533,0.022930255291544785,0.02332256778618626,0.19234424602479686
structural_all_qkvo,structural,10,36,0,99,4,0.9860190815677922,0.9870419204286395,0.02555103400129503,0.028402775052991578,0.21693936325154034
structural_all_qkvo,structural,10,37,0,99,4,0.9623400842520708,0.9608954796954718,0.02102907861825426,0.02817265335184688,0.1797435735152395
structural_all_qkvo,structural,10,38,0,99,4,0.9821974897893034,0.9826815701162237,0.02231293562266865,0.01852749284896344,0.2582920738503251
structural_all_qkvo,structural,10,39,0,99,4,0.9881048063671448,0.9883708455969568,0.024821801029254194,0.036844107749401826,0.2048150047566659
structural_all_qkvo,structural,10,40,0,99,4,0.9907739737266794,0.9913041325994908,0.025577450771076232,0.024519816179711378,0.26924728552194255
structural_all_qkvo,structural,10,41,0,99,4,0.9871067034261569,0.9885816617014361,0.022360101472170227,0.02590910106451543,0.2186714078154971
structural_all_qkvo,structural,10,42,0,99,4,0.991239113871905,0.991530544708237,0.020513789048711876,0.044333711541747214,0.23434647136022718
structural_all_qkvo,structural,10,43,0,99,4,0.9828809348784509,0.9839186665192412,0.020402104969906906,0.033708638145579756,0.13535976895827817
structural_all_qkvo,structural,10,44,0,99,4,0.9833996750264156,0.9844004939647399,0.044940070497002896,0.04193778731758019,0.17493712886257767
structural_all_qkvo,structural,10,45,0,99,4,0.9881635581543792,0.9881328374036146,0.02575710679660472,0.044477028451698035,0.16233645770391514
structural_all_qkvo,structural,10,46,0,99,4,0.9800206646498913,0.9785249517096539,0.020501988383451568,0.024949762496884884,0.29250007852273
structural_all_qkvo,structural,10,47,0,99,4,0.9861273151901584,0.9876198758320444,0.0309960474122022,0.03972599225100296,0.20503151119364743
structural_all_qkvo,structural,10,48,0,99,4,0.9813764017754972,0.9819257539194325,0.023628251978562664,0.046618707586254235,0.14484274614371695
structural_all_qkvo,structural,10,49,0,99,4,0.9864637780410205,0.9869668057415321,0.018288011930862956,0.024341337137040002,0.1480470429866748
structural_all_qkvo,structural,10,50,0,99,4,0.9831243544292435,0.9837896037404422,0.01935765050921405,0.017353454518118743,0.2537887397241777
structural_all_qkvo,structural,10,51,0,99,4,0.9947817628633333,0.9953791763451804,0.018500152422923327,0.030033200314322016,0.1443664342418086
structural_all_qkvo,structural,10,52,0,99,4,0.9878367810092828,0.9882975777349736,0.015609857833149353,0.01712822189598123,0.2617128652069168
structural_all_qkvo,structural,10,53,0,99,4,0.9792439762203511,0.983520420364693,0.01565824718259188,0.025653275690267225,0.15068841868094796
structural_all_qkvo,structural,10,54,0,99,4,0.9903472501082996,0.9910413369492312,0.020546154477346378,0.02322264787272049,0.26327171536307237
structural_all_qkvo,structural,10,55,0,99,4,0.9751561451870855,0.977359978128959,0.031170931111428046,0.029691167132647054,0.19364327582687949
structural_all_qkvo,structural,10,56,0,99,4,0.9823305948175698,0.98360972600647,0.019969249042866143,0.01909201043562695,0.2731444141545642
structural_all_qkvo,structural,10,57,0,99,4,0.9879543400225844,0.988097567947506,0.023844371717152073,0.03375712062902144,0.20403558116469778
structural_all_qkvo,structural,10,58,0,99,4,0.9876094451116901,0.9870076791032354,0.021690469687436067,0.0424807499886144,0.24092827268282888
structural_all_qkvo,structural,10,59,0,99,4,0.984617281838189,0.9854109638994826,0.021881074756010237,0.018139345113420448,0.18983277286036818
structural_all_qkvo,structural,10,60,0,99,4,0.9781607295174604,0.9797104704687578,0.028728611391640915,0.021881758635109817,0.3285267227851788
structural_all_qkvo,structural,10,61,0,99,4,0.973220720435209,0.9751807614381701,0.02178476232133371,0.016416708030722107,0.23988903726075536
structural_all_qkvo,structural,10,62,0,99,4,0.9879126473806987,0.9891651580430907,0.019151084886947795,0.020971875424730224,0.22074986505280594
structural_all_qkvo,structural,10,63,0,99,4,0.9738156464527474,0.9769279751751049,0.015153660527837086,0.027575055457512695,0.13878056486300516
structural_all_qkvo,structural,10,64,0,99,4,0.9775935526064174,0.9785133556871091,0.021558076099243234,0.017156637413851834,0.22157259113142896
structural_all_qkvo,structural,10,65,0,99,4,0.979777399266698,0.9802530288850326,0.02065319267405456,0.013338141441721397,0.30800193469306036
structural_all_qkvo,structural,10,66,0,99,4,0.9886274675134528,0.9902109531402515,0.011387008148313421,0.014853351854061194,0.1808261103077404
structural_all_qkvo,structural,10,67,0,99,4,0.9798332397494958,0.9796764815906269,0.018940089719161984,0.02966484784619292,0.16839863800964472
structural_all_qkvo,structural,10,68,0,99,4,0.9899067252895187,0.9910253359608665,0.04423130122072153,0.224216270070649,0.06477869758645456
structural_all_qkvo,structural,10,69,0,99,4,0.9845042836803483,0.9855783493943114,0.018511014161199397,0.012669104214760947,0.24006224390038391
structural_all_qkvo,structural,10,70,0,99,4,0.9938866424788209,0.9951754005701033,0.023514741477823998,0.040163574561708874,0.17775170804783755
structural_all_qkvo,structural,10,71,0,99,4,0.9801179422840088,0.9812876190779535,0.022427689896258658,0.05455775236042301,0.19178132473383924
structural_all_qkvo,structural,10,72,0,99,4,0.9764904831728964,0.9764043866337576,0.026569445717523392,0.021160999850232894,0.2999912058745473
structural_all_qkvo,structural,10,73,0,99,4,0.9787615361208435,0.9763805462131434,0.014962114130175551,0.015172551997198221,0.3086947428177156
structural_all_qkvo,structural,10,74,0,99,4,0.9817409231453063,0.9837993915836852,0.012443674968751262,0.010403460355777263,0.18970286505906578
structural_all_qkvo,structural,10,75,0,99,4,0.9845426288796386,0.9865835587644317,0.01771481484855156,0.022896881881394444,0.23949932252950742
structural_all_qkvo,structural,10,76,0,99,4,0.983896237244048,0.984376422980521,0.00871240540268059,0.014364210268214666,0.3505670686536262
structural_all_qkvo,structural,10,77,0,99,4,0.9872680098285918,0.987422809363317,0.014042301548175082,0.019914939984357706,0.1996188494418328
structural_all_qkvo,structural,10,78,0,99,4,0.9867196664479615,0.9877143043776125,0.025043848206373245,0.029371070814355766,0.22962663529181443
structural_all_qkvo,structural,10,79,0,99,4,0.972704258392308,0.9768806292480123,0.024644006116855754,0.01897335393780852,0.17502373145411454
structural_all_qkvo,structural,10,80,0,99,4,0.9819881715811786,0.9838713784082316,0.009250445236881764,0.014180491319493024,0.17017398935512448
structural_all_qkvo,structural,10,81,0,99,4,0.9876844835053219,0.9901058658755978,0.011669025575944831,0.02442032125054193,0.13921357949382152
structural_all_qkvo,structural,10,82,0,99,4,0.980324266157573,0.9811867394694683,0.007777696273248742,0.009658225178208003,0.3212521174728358
structural_all_qkvo,structural,10,83,0,99,4,0.9735856588961698,0.9745242460149921,0.028185928630320954,0.032593204117631246,0.2107039904483011
structural_all_qkvo,structural,10,84,0,99,4,0.9850143986154742,0.9852309882331411,0.019727600349512087,0.02250430974015856,0.3175282121854782
structural_all_qkvo,structural,10,85,0,99,4,0.9710295206053353,0.9717608992888151,0.02296321113268404,0.015135516089065132,0.276392005942934
structural_all_qkvo,structural,10,86,0,99,4,0.9797106008421176,0.9801346726462512,0.019943309615187366,0.033458392304004735,0.21633314170762702
structural_all_qkvo,structural,10,87,0,99,4,0.9960715538173515,0.9972237226271309,0.02285168067106622,0.03998723119451923,0.10344673763364358
structural_all_qkvo,structural,10,88,0,99,4,0.9798163213241723,0.9804299376457789,0.026505325669417008,0.026503880946968025,0.2683379679425612
structural_all_qkvo,structural,10,89,0,99,4,0.9777809173159917,0.9776001139053271,0.021237956944234554,0.018498841616662546,0.25950451545376557
structural_all_qkvo,structural,10,90,0,99,4,0.9813979856743164,0.9824732357313342,0.029956977191817693,0.01594041665821572,0.1406425225808392
structural_all_qkvo,structural,10,91,0,99,4,0.9904892071419708,0.9903695364721531,0.016511837101035504,0.011554012987193467,0.3636007594807221
structural_all_qkvo,structural,10,92,0,99,4,0.9799396703327822,0.9840294266300581,0.01951248091572225,0.021708832570907582,0.14765732356517303
structural_all_qkvo,structural,10,93,0,99,4,0.977853879333457,0.9764661811485974,0.035115695129702015,0.04186192668780412,0.24118807281879573
structural_all_qkvo,structural,10,94,0,99,4,0.9873556375300028,0.9901570530733814,0.02200055241548971,0.023695035129794678,0.12929759108208144
structural_all_qkvo,structural,10,95,0,99,4,0.9842297317448999,0.9842856897809642,0.031026811520125073,0.05851519193040349,0.17485052074509597
structural_all_qkvo,structural,10,96,0,99,4,0.993997036313493,0.9938306769517383,0.03907832414572336,0.10333008908062175,0.20615734505002187
structural_all_qkvo,structural,10,97,0,99,4,0.9801469650104396,0.9806224104745318,0.015313858387222906,0.02896218768607571,0.18740789588102935
structural_all_qkvo,structural,10,98,0,99,4,0.9811603485937201,0.9820439179229465,0.02535771182709374,0.08121471389696956,0.1913916124110917
structural_all_qkvo,structural,10,99,1,99,4,0.9849738598515475,0.9852044245765015,0.02227481245174941,0.02436542187789642,0.2540918533368539
structural_all_qkvo,structural,20,0,0,49,4,0.9877406254356751,0.9882287793013955,0.007310300522776284,0.005485474145788906,0.2744867478274815
structural_all_qkvo,structural,20,1,0,49,4,0.9858752177104974,0.9860555886916208,0.019038189391360524,0.016438299709607147,0.3132846845378849
structural_all_qkvo,structural,20,2,0,49,4,0.9840428418056286,0.9842737817967171,0.011961350156008218,0.010702849009218744,0.2464708250001702
structural_all_qkvo,structural,20,3,0,49,4,0.9783297210438205,0.978704658658591,0.013548442331842683,0.015586846220170845,0.3359312332686788
structural_all_qkvo,structural,20,4,0,49,4,0.9818700457564057,0.9823005942148326,0.015581574717792951,0.015101066447875683,0.3193035587183002
structural_all_qkvo,structural,20,5,0,49,4,0.979500994057246,0.9801261390356573,0.08562236569648266,0.03423881364112506,0.21698265600638966
structural_all_qkvo,structural,20,6,0,49,4,0.9829310279111984,0.9833805112970742,0.011811511333811158,0.00978517654142439,0.3023294706293026
structural_all_qkvo,structural,20,7,0,49,4,0.9825418586315876,0.9827317996367396,0.011957331838345877,0.009969554488775699,0.2555207906395856
structural_all_qkvo,structural,20,8,0,49,4,0.9773424410515366,0.9782288497305446,0.012130908070076708,0.011509560781148644,0.25565069703158055
structural_all_qkvo,structural,20,9,0,49,4,0.9902917142892255,0.9903234858882025,0.020066946687106527,0.021729809923212343,0.30518734121610086
structural_all_qkvo,structural,20,10,0,49,4,0.9928308597455882,0.9929150485358469,0.014277055002958393,0.018744853368808025,0.256863132090642
structural_all_qkvo,structural,20,11,0,49,4,0.9789755691842041,0.9796426045885428,0.01977821337307565,0.011867535950538497,0.26301190664354934
structural_all_qkvo,structural,20,12,0,49,4,0.9884655641021788,0.9885122021237299,0.020799887861409752,0.021836585463239952,0.3283102205347343
structural_all_qkvo,structural,20,13,0,49,4,0.9790946918677456,0.9796511312770724,0.021270298933014457,0.030452722955849214,0.25058444647364725
structural_all_qkvo,structural,20,14,0,49,4,0.9876866372918401,0.987972905094687,0.015245503868762883,0.013899220595928212,0.31129282872752756
structural_all_qkvo,structural,20,15,0,49,4,0.9858895332246904,0.9861472987908525,0.02091097160142974,0.021833049812339314,0.22538311654008347
structural_all_qkvo,structural,20,16,0,49,4,0.9844413682208553,0.9845120972772287,0.02010849065396491,0.02010463483586782,0.27258149404590815
structural_all_qkvo,structural,20,17,0,49,4,0.9831750584835615,0.9839860617943973,0.021287228893355485,0.017401145906762873,0.2735774303315889
structural_all_qkvo,structural,20,18,0,49,4,0.9785202926961187,0.9786909993935925,0.02024114581726256,0.021480809215108303,0.27929319436826655
structural_all_qkvo,structural,20,19,0,49,4,0.9856161021044566,0.9857113623600992,0.016889261315532235,0.015210897242478007,0.31285167633446087
structural_all_qkvo,structural,20,20,0,49,4,0.9911412374587825,0.991375882246496,0.019181224574142404,0.017350310467101386,0.3160992596998821
structural_all_qkvo,structural,20,21,0,49,4,0.9856048772721246,0.9857186016118001,0.02037723319050217,0.0195844033708515,0.2976962280988166
structural_all_qkvo,structural,20,22,0,49,4,0.9863403055577782,0.986474416491642,0.021159587172737332,0.024623794093402804,0.24317993093089918
structural_all_qkvo,structural,20,23,0,49,4,0.9830762722406253,0.9834337103421829,0.021244767457021144,0.01929509731188061,0.32549564219983124
structural_all_qkvo,structural,20,24,0,49,4,0.9851638612280106,0.9852773997912,0.025894860397512272,0.03527454221661149,0.2079759953353743
structural_all_qkvo,structural,20,25,0,49,4,0.9891246600799178,0.9892858128324854,0.015059509686782623,0.017158936947563527,0.2844893448242578
structural_all_qkvo,structural,20,26,0,49,4,0.9853994516026459,0.9857768711826846,0.01563873002731037,0.01669343894045913,0.2722783748979676
structural_all_qkvo,structural,20,27,0,49,4,0.9806445351319528,0.9808568058946079,0.01996027721345351,0.017466041810057106,0.3211222095647962
structural_all_qkvo,structural,20,28,0,49,4,0.9882894962303033,0.9884517788238903,0.017225103511912653,0.01518983800291933,0.31458372029059517
structural_all_qkvo,structural,20,29,0,49,4,0.9882043230731618,0.9881736092113231,0.022075101213167303,0.020272541339257842,0.25720955346924107
structural_all_qkvo,structural,20,30,0,49,4,0.9775490624067703,0.9780918642532721,0.01746274470739847,0.012104498284390343,0.353338358169664
structural_all_qkvo,structural,20,31,0,49,4,0.9852686674499768,0.9856368982662249,0.018488803809783058,0.015126261292846603,0.3485752063439583
structural_all_qkvo,structural,20,32,0,49,4,0.9833320371920792,0.9835304089188964,0.009332844205829013,0.005921290120808843,0.3626914314149276
structural_all_qkvo,structural,20,33,0,49,4,0.9859323480320846,0.9863720425404054,0.012197284769689438,0.011583879153305603,0.2607602547949414
structural_all_qkvo,structural,20,34,0,49,4,0.9861523029365047,0.9863765262672273,0.020295547031851435,0.023187108254182173,0.26244899599077803
structural_all_qkvo,structural,20,35,0,49,4,0.9894038164491047,0.9895972816508217,0.019189999852831555,0.023142700282796705,0.23880650035395878
structural_all_qkvo,structural,20,36,0,49,4,0.9846255629392417,0.9846522550274777,0.015103139867631787,0.011079895384365674,0.37130839139079747
structural_all_qkvo,structural,20,37,0,49,4,0.985996695221231,0.9864627515596518,0.01470728285897881,0.012652452745134516,0.2777776464893642
structural_all_qkvo,structural,20,38,0,49,4,0.9863852193121679,0.9864567542020973,0.011392371062591881,0.010836153330460403,0.3541177751284301
structural_all_qkvo,structural,20,39,0,49,4,0.982714310070688,0.9831220105611028,0.021400928496080253,0.0208335480710763,0.2415777881062108
structural_all_qkvo,structural,20,40,0,49,4,0.9861428751813259,0.9866371139255404,0.01103191981583249,0.016002414073974118,0.23768066671872964
structural_all_qkvo,structural,20,41,0,49,4,0.978835510005484,0.9792002048332967,0.015486532450625683,0.014630663553454413,0.36589573237985773
structural_all_qkvo,structural,20,42,0,49,4,0.9815641999831108,0.9816214282153009,0.016191102735771734,0.01473590701497064,0.3857710192256495
structural_all_qkvo,structural,20,43,0,49,4,0.9808669920172306,0.9811209891057672,0.014835102950456227,0.011380509426574537,0.2740970391897054
structural_all_qkvo,structural,20,44,0,49,4,0.9797813441750645,0.9799028638872854,0.01521615799250067,0.014844600024331956,0.3459338429524856
structural_all_qkvo,structural,20,45,0,49,4,0.9840635342533588,0.9841109690255321,0.01822403215365659,0.016082122039746308,0.37879950589000616
structural_all_qkvo,structural,20,46,0,49,4,0.9840524117503633,0.984824343725058,0.021752534494207387,0.022043390504519464,0.2789900740828998
structural_all_qkvo,structural,20,47,0,49,4,0.9871516476193324,0.9877657787888765,0.02414935216701223,0.027980482558815935,0.21265252800882728
structural_all_qkvo,structural,20,48,0,49,4,0.9870895604708028,0.9871630869374524,0.0193304728658474,0.016602954088726755,0.2744001463767595
structural_all_qkvo,structural,20,49,1,49,4,0.9865773671289974,0.9866693752557507,0.012704042156283178,0.011968944448636647,0.27950969377003954
structural_all_qkvo,structural,20,50,1,49,4,0.9766163816413649,0.977158112737746,0.028557163159018236,0.027122917096091305,0.22824099847782006
structural_all_qkvo,structural,20,51,1,49,4,0.9846758386482903,0.9848422567086523,0.014105722471981545,0.010176443299557934,0.28994530260250995
structural_all_qkvo,structural,20,52,1,49,4,0.9812873008899737,0.9814280864034688,0.011503593111707159,0.0125753451995381,0.28912257846713235
structural_all_qkvo,structural,20,53,1,49,4,0.9866308295736512,0.9868659495675954,0.015782241559678063,0.013254595815442522,0.3185241483271977
structural_all_qkvo,structural,20,54,1,49,4,0.985334809893447,0.985730649242302,0.013048003308219126,0.015570497453758042,0.22252522158083518
structural_all_qkvo,structural,20,55,1,49,4,0.9853827513111403,0.9857412500358231,0.015784655362841946,0.01527798800821428,0.22707186664378523
structural_all_qkvo,structural,20,56,1,49,4,0.9876307439625852,0.9878398629011063,0.017097418818560594,0.012256422674637776,0.3238501886146323
structural_all_qkvo,structural,20,57,1,49,4,0.9859641498865467,0.9861081935955412,0.01294986265903638,0.011355451336400191,0.29479503910269333
structural_all_qkvo,structural,20,58,1,49,4,0.9758700645059047,0.9762278395295714,0.013706682311795376,0.014035390381213928,0.22529650904764012
structural_all_qkvo,structural,20,59,1,49,4,0.9863067561218856,0.9863723808976905,0.01786654113256804,0.016842590015918008,0.28505224754207104
structural_all_qkvo,structural,20,60,1,49,4,0.9809967660931982,0.9812119963979148,0.02059241300149421,0.02235361696139928,0.29081132422081885
structural_all_qkvo,structural,20,61,1,49,4,0.9803054486125586,0.9804216508819145,0.03278933373705104,0.03119826221475261,0.2792931950616107
structural_all_qkvo,structural,20,62,1,49,4,0.9841745023550578,0.9843881653437107,0.02242646487443298,0.020239746536113365,0.35359817404363214
structural_all_qkvo,structural,20,63,1,49,4,0.9795835167187638,0.9801327967399136,0.025804690330420807,0.02426665198836884,0.3138476082829364
structural_all_qkvo,structural,20,64,1,49,4,0.9726223841612501,0.9725613651799182,0.014591519051995214,0.016221863951197003,0.19385978073410534
structural_all_qkvo,structural,20,65,1,49,4,0.9829362993437406,0.9831137262639777,0.017698815892728356,0.014992927831039822,0.2766085129376023
structural_all_qkvo,structural,20,66,1,49,4,0.9832968021163674,0.9835954935059155,0.02501516500547536,0.023532157981952465,0.2808520342992089
structural_all_qkvo,structural,20,67,1,49,4,0.9923173224938621,0.9923636993577017,0.018672941059947934,0.06049841493108693,0.36186871291462414
structural_all_qkvo,structural,20,68,1,49,4,0.9853798590736803,0.9856999498261525,0.012006234141426906,0.0147749618917364,0.26162627290647056
structural_all_qkvo,structural,20,69,1,49,4,0.9868751098550408,0.9870697274257179,0.015257636466291156,0.016442633964036776,0.36394716176677216
structural_all_qkvo,structural,20,70,1,49,4,0.9781709293348829,0.9790092964756854,0.007647771895367232,0.007104280557067657,0.28873287002576675
structural_all_qkvo,structural,20,71,1,49,4,0.9874882075215256,0.9876814495354495,0.014584035350905031,0.01560568213165731,0.2989086699530231
structural_all_qkvo,structural,20,72,1,49,4,0.9808845381933649,0.9810580833486977,0.023344411845414303,0.024532731442531427,0.27054633179088605
structural_all_qkvo,structural,20,73,1,49,4,0.9891165870592096,0.9893205079702616,0.01824213800539939,0.023591434614693055,0.2713690612848235
structural_all_qkvo,structural,20,74,1,49,4,0.9791781002689599,0.9795829368252675,0.017343352642185565,0.014536406461402987,0.3101236920321637
structural_all_qkvo,structural,20,75,1,49,4,0.9805236533348346,0.9809109910513318,0.019063776554280626,0.020580062060970163,0.3198664769129109
structural_all_qkvo,structural,20,76,1,49,4,0.9826249735993658,0.983015922209835,0.009593365838988743,0.009871663300458008,0.3064863848323397
structural_all_qkvo,structural,20,77,1,49,4,0.981101270564327,0.9813309504151441,0.019559525542335636,0.01893612834786232,0.25617031325681056
structural_all_qkvo,structural,20,78,1,49,4,0.9764940498497348,0.9768971426644061,0.02212003881218235,0.02076126575221692,0.2358620163138972
structural_all_qkvo,structural,20,79,1,49,4,0.987233684751485,0.9876252642809202,0.0127414178317275,0.015420636775212375,0.29596417782213247
structural_all_qkvo,structural,20,80,1,49,4,0.9858088147515474,0.9860387636532721,0.026571649090503732,0.030794972727273023,0.28561517314985485
structural_all_qkvo,structural,20,81,1,49,4,0.9830522058666051,0.9835113811816775,0.016955281755345865,0.013015023142352217,0.28461923959293917
structural_all_qkvo,structural,20,82,1,49,4,0.9849945993882733,0.9852173106421462,0.01601252683906095,0.0166555713259365,0.3117691385111928
structural_all_qkvo,structural,20,83,1,49,4,0.9846183639923223,0.98524521236802,0.011970035448459836,0.013570432259354816,0.29488163991395744
structural_all_qkvo,structural,20,84,1,49,4,0.98820777437513,0.9883891176203452,0.017134031431046734,0.013875041697205851,0.31371769934258426
structural_all_qkvo,structural,20,85,1,49,4,0.9905168901416136,0.9905513059413734,0.021071036296628643,0.025286052088987786,0.259721015736199
structural_all_qkvo,structural,20,86,1,49,4,0.9858301014044291,0.9859769726541701,0.013232124628782193,0.016836558156559572,0.34753599366279836
structural_all_qkvo,structural,20,87,1,49,4,0.987197178015738,0.9874602752022794,0.01792602040308716,0.01548903271768895,0.27652190796726284
structural_all_qkvo,structural,20,88,1,49,4,0.98724357737294,0.9873688531440185,0.020430140316422166,0.01854509966788865,0.2885596541740661
structural_all_qkvo,structural,20,89,1,49,4,0.989341311845183,0.989692670252232,0.013962381712760867,0.016808902423523515,0.24989162476845247
structural_all_qkvo,structural,20,90,1,49,4,0.9803286169102242,0.980444315018878,0.016852785939475475,0.0170018720282013,0.25902819816571265
structural_all_qkvo,structural,20,91,1,49,4,0.9867332869995601,0.9870375879830453,0.016992561105656535,0.012375247122694472,0.36754119214956055
structural_all_qkvo,structural,20,92,1,49,4,0.9759891483446655,0.9761174546455718,0.014072497273016456,0.017040214439263672,0.3092576717014762
structural_all_qkvo,structural,20,93,1,49,4,0.9792861548584554,0.9797370627846663,0.014767288692249326,0.014688412237117759,0.3584912024173283
structural_all_qkvo,structural,20,94,1,49,4,0.9827287637348998,0.9831983604038327,0.01635101989024637,0.01635795290766904,0.2623623949080144
structural_all_qkvo,structural,20,95,1,49,4,0.9883533935120505,0.9884798153030575,0.02433435147496037,0.023959417978649682,0.3484020128648579
structural_all_qkvo,structural,20,96,1,49,4,0.9733360103739582,0.9734749074347734,0.01780952788925866,0.014612824913578792,0.3280937139115245
structural_all_qkvo,structural,20,97,1,49,4,0.9687492095915553,0.9689863499710843,0.019352693163125937,0.020819369491850544,0.28215106871437773
structural_all_qkvo,structural,20,98,2,49,4,0.98828504361261,0.9884981348419016,0.012374382084442782,0.01641382680907484,0.22014366466157698
structural_all_qkvo,structural,20,99,2,49,4,0.980911603010969,0.9813069345747271,0.010894300530769209,0.011135476137153807,0.30943086811587733
structural_all_qkvo,structural,50,0,0,19,4,0.9850598407358332,0.9850903289706883,0.011139905068981822,0.010647717561204662,0.3620419105554278
structural_all_qkvo,structural,50,1,0,19,4,0.9803598432523914,0.9804183119375183,0.011717269871583957,0.010042774166023892,0.38113776319429926
structural_all_qkvo,structural,50,2,0,19,4,0.9833879765709957,0.9834468193135634,0.012628535595621299,0.012122573998559375,0.34017478099179504
structural_all_qkvo,structural,50,3,0,19,4,0.982792662821786,0.98284053437186,0.010818513744704931,0.010443140261236616,0.34350897162765837
structural_all_qkvo,structural,50,4,0,19,4,0.9865293819645335,0.9865495435762965,0.011185852586796392,0.010777015450607386,0.36459668340747425
structural_all_qkvo,structural,50,5,0,19,4,0.9847000994576928,0.9847528969002314,0.009515550717824534,0.010434900063892534,0.3671514707987269
structural_all_qkvo,structural,50,6,0,19,4,0.9828950835275547,0.9829309127306324,0.012570247866412488,0.011651482385711943,0.3490515385523585
structural_all_qkvo,structural,50,7,0,19,4,0.982278853158329,0.9823134949455741,0.013030532785502431,0.011651148062031762,0.36043976718257364
structural_all_qkvo,structural,50,8,0,19,4,0.9870397106608373,0.9870744424781406,0.01530209779587001,0.01595251608433181,0.36767107877999916
structural_all_qkvo,structural,50,9,0,19,4,0.9847335261734348,0.9847680526801771,0.015245061428011648,0.01409080561562837,0.3787129017294968
structural_all_qkvo,structural,50,10,0,19,4,0.9840989403636847,0.984131438853779,0.008837999403656812,0.0074491407442044515,0.36377396281280905
structural_all_qkvo,structural,50,11,0,19,4,0.9867212569234323,0.9867432124786261,0.015405434622464811,0.013886461476444421,0.3390922413641141
structural_all_qkvo,structural,50,12,0,19,4,0.9813851851398556,0.9814463817513487,0.01132226527160127,0.009880484570946384,0.393868335756627
structural_all_qkvo,structural,50,13,0,19,4,0.9844905934136962,0.9845434195652892,0.01239067050683237,0.011370740938371655,0.3573653848732927
structural_all_qkvo,structural,50,14,0,19,4,0.9860353153600886,0.9860608403629527,0.012898167940820958,0.012544704572600226,0.3877628696126806
structural_all_qkvo,structural,50,15,0,19,4,0.9840393380941322,0.9840803360847545,0.015226464863552343,0.013893850662504089,0.4001903252701858
structural_all_qkvo,structural,50,16,0,19,4,0.9822055591657853,0.9822597177806458,0.011308747093595946,0.009847477361206653,0.40378433650728374
structural_all_qkvo,structural,50,17,0,19,4,0.9824878165892421,0.9825251041638448,0.012203877382092948,0.011216526011345014,0.3771973633196607
structural_all_qkvo,structural,50,18,0,19,4,0.9824441076420047,0.9825314348180788,0.012518604884781001,0.011644719017510099,0.3904908479789304
structural_all_qkvo,structural,50,19,1,19,4,0.9844463336795969,0.9844769015083893,0.014598246907980943,0.013785333655456517,0.3464967575343044
structural_all_qkvo,structural,50,20,1,19,4,0.9847898014236682,0.9848214836800397,0.01094128086837368,0.009847623048536308,0.36303784996423194
structural_all_qkvo,structural,50,21,1,19,4,0.9845574085100727,0.9845972489897584,0.011684959544412362,0.010208232737813546,0.34762258695128656
structural_all_qkvo,structural,50,22,1,19,4,0.9843446531683919,0.9844004179085599,0.009203635873145849,0.008434973206581112,0.33727358193373425
structural_all_qkvo,structural,50,23,1,19,4,0.9839855341498873,0.9840191544441727,0.013379024402822097,0.011918437828913735,0.34316256067910095
structural_all_qkvo,structural,50,24,1,19,4,0.9825404177999331,0.9825951408540758,0.01779974205202632,0.01633816606264973,0.39456117746061314
structural_all_qkvo,structural,50,25,1,19,4,0.9813817097174069,0.9814173998813751,0.010867537298868201,0.009790617092946473,0.29388571992328316
structural_all_qkvo,structural,50,26,1,19,4,0.9884796435467341,0.9885068106172847,0.012943089503564924,0.012977023260075347,0.3891485106396535
structural_all_qkvo,structural,50,27,1,19,4,0.9838545347978814,0.9839114181414385,0.00956440898809542,0.008241859294693694,0.38373584775223973
structural_all_qkvo,structural,50,28,1,19,4,0.9863120167101339,0.9863667817009892,0.01290509544847535,0.011760058627732734,0.3626914295611894
structural_all_qkvo,structural,50,29,1,19,4,0.9829528412191059,0.9830292567751335,0.013417238282478676,0.01287918406042796,0.3878061631921104
structural_all_qkvo,structural,50,30,1,19,4,0.9838148972684154,0.983863725922767,0.01321957797718568,0.012089890829363526,0.35849121543012497
structural_all_qkvo,structural,50,31,1,19,4,0.9854712107699777,0.9855283795894388,0.015936458901091615,0.016792360296978254,0.358707716632981
structural_all_qkvo,structural,50,32,1,19,4,0.9837986893341784,0.9838496431168904,0.008563892465358927,0.008211819022311316,0.37944901416859583
structural_all_qkvo,structural,50,33,1,19,4,0.9885735370763163,0.9885873029075344,0.012235679935861346,0.010821613650137042,0.37338684517273085
structural_all_qkvo,structural,50,34,1,19,4,0.9851171983645948,0.9851477517702857,0.010955766329103955,0.010371269575586551,0.3774571648452262
structural_all_qkvo,structural,50,35,1,19,4,0.9856052170822912,0.9856373860484559,0.01261869331893731,0.011064705558075387,0.38434207953722055
structural_all_qkvo,structural,50,36,1,19,4,0.982037738658149,0.9820868272060043,0.011083120936784804,0.011027689527047805,0.38525138877224235
structural_all_qkvo,structural,50,37,1,19,4,0.984869610731996,0.9849186079120782,0.013589940670367912,0.012878206562876452,0.39702935434227316
structural_all_qkvo,structural,50,38,2,19,4,0.9814565963631259,0.981495396867959,0.010121908916577242,0.00900799612883241,0.369922744825362
structural_all_qkvo,structural,50,39,2,19,4,0.9841628725771643,0.9841955571885849,0.008077947445594421,0.006816479225737796,0.3728672268962334
structural_all_qkvo,structural,50,40,2,19,4,0.9842976137522662,0.9843329132461969,0.0115935939505415,0.009694536717829456,0.3978520585586556
structural_all_qkvo,structural,50,41,2,19,4,0.9862184264202117,0.9862608898917693,0.01183260860821503,0.010496770445749667,0.35268883929495803
structural_all_qkvo,structural,50,42,2,19,4,0.9832169043498868,0.9832727973267895,0.017779918033322926,0.016996535677188028,0.3722177120784126
structural_all_qkvo,structural,50,43,2,19,4,0.9828088892196942,0.9828668050514056,0.014451852019224994,0.015417672954164147,0.3794490289877743
structural_all_qkvo,structural,50,44,2,19,4,0.9874787069753127,0.9875173848643286,0.013410454710160185,0.012625426660840022,0.3655926051226539
structural_all_qkvo,structural,50,45,2,19,4,0.9832594788375698,0.9833247839731171,0.15927010755942764,0.013679751976765688,0.39291573509156585
structural_all_qkvo,structural,50,46,2,19,4,0.9855967291389668,0.9856868729841762,0.016660079634805706,0.015805276148456848,0.36749787221947006
structural_all_qkvo,structural,50,47,2,19,4,0.9820821712910636,0.9821186410039395,0.013728797992521406,0.013593528119772312,0.35000416725891154
structural_all_qkvo,structural,50,48,2,19,4,0.9868226954542763,0.9868546359726975,0.01245295375968088,0.01113418123618734,0.3976788504528709
structural_all_qkvo,structural,50,49,2,19,4,0.9851273513442611,0.9851484319680781,0.013788934876529726,0.014432819777717995,0.37213110704766533
structural_all_qkvo,structural,50,50,2,19,4,0.9853885289292621,0.9854505668187001,0.007756949614501244,0.006601214375091485,0.3597469481521054
structural_all_qkvo,structural,50,51,2,19,4,0.9851875579019211,0.9852139836543273,0.01163462263693522,0.010357353644851299,0.35892422428345244
structural_all_qkvo,structural,50,52,2,19,4,0.9838972732728937,0.9839241284670518,0.010803422816611646,0.009307954942279961,0.35342496429182163
structural_all_qkvo,structural,50,53,2,19,4,0.9832483196999098,0.9833006099781063,0.015740437900550557,0.014238435626365165,0.3541610817593746
structural_all_qkvo,structural,50,54,2,19,4,0.9872780289527536,0.9873145810892384,0.01162373443700367,0.010542557936292612,0.40006042844883705
structural_all_qkvo,structural,50,55,2,19,4,0.9853029788450723,0.9853332643197159,0.014841710587302312,0.014778992348119859,0.37381985263473405
structural_all_qkvo,structural,50,56,2,19,4,0.985437644168561,0.9854818959328308,0.01561432079134752,0.015323083463657242,0.3860308141906987
structural_all_qkvo,structural,50,57,3,19,4,0.9849207265127056,0.9849785393098376,0.014976907281705577,0.014768889932834425,0.37524880671402006
structural_all_qkvo,structural,50,58,3,19,4,0.9818163742227075,0.9818906736688238,0.016495939229587888,0.014892808721777324,0.3951673801662816
structural_all_qkvo,structural,50,59,3,19,4,0.9846959865264668,0.9847371544518276,0.013719317440004168,0.012592371892728932,0.3793624272202005
structural_all_qkvo,structural,50,60,3,19,4,0.984259757126333,0.9843052871615404,0.010570068642062551,0.010506119629341901,0.356412749428072
structural_all_qkvo,structural,50,61,3,19,4,0.9881965482925706,0.9882203346774336,0.011003906374908322,0.010454118816323634,0.36104598004419647
structural_all_qkvo,structural,50,62,3,19,4,0.9863319304987268,0.9863921169401448,0.013010205763233147,0.01410406273719371,0.3673679764708368
structural_all_qkvo,structural,50,63,3,19,4,0.9858882974790824,0.9859344719520912,0.01268931801075927,0.011203820167504937,0.39650972455147904
structural_all_qkvo,structural,50,64,3,19,4,0.983623050086961,0.9836934137862983,0.01647471265888063,0.01676552529866855,0.343205866643358
structural_all_qkvo,structural,50,65,3,19,4,0.9854666785497072,0.9855091335438467,0.015753398259644735,0.015784223161935496,0.3952972964044116
structural_all_qkvo,structural,50,66,3,19,4,0.9867524032686357,0.9867756229664659,0.012580615389257421,0.011377187886083792,0.370918667597829
structural_all_qkvo,structural,50,67,3,19,4,0.983585696600575,0.9836025224473797,0.01177610400699363,0.010471630863108218,0.3685804013285282
structural_all_qkvo,structural,50,68,3,19,4,0.98458579210252,0.9846032197886656,0.013112794140013238,0.011328667822149766,0.3820471111541996
structural_all_qkvo,structural,50,69,3,19,4,0.9852649827591481,0.9852909429926459,0.010385832793586824,0.009538011724822427,0.37247751035262233
structural_all_qkvo,structural,50,70,3,19,4,0.9850826701932341,0.9851200063361814,0.010804515848342158,0.17020773524593474,0.3048409310313847
structural_all_qkvo,structural,50,71,3,19,4,0.9848061049059599,0.9848438161596476,0.00895054949040851,0.007811267054884955,0.37009595462923006
structural_all_qkvo,structural,50,72,3,19,4,0.9819966042483637,0.9820640949321566,0.01665685692787697,0.015228417687547013,0.36412038111558476
structural_all_qkvo,structural,50,73,3,19,4,0.985038938653233,0.9850946543278534,0.012168221498937279,0.011549218805765376,0.4035245297558332
structural_all_qkvo,structural,50,74,3,19,4,0.9839008437868504,0.9839382619710895,0.013454021385410414,0.01326942775160564,0.39014443675120986
structural_all_qkvo,structural,50,75,3,19,4,0.9814126597727506,0.9814433127843873,0.014501756892057011,0.013438929083693657,0.36948973400454216
structural_all_qkvo,structural,50,76,4,19,4,0.9841454532800551,0.9841667983093566,0.012066488949527257,0.01121300158712159,0.35221252797778496
structural_all_qkvo,structural,50,77,4,19,4,0.9866111102327997,0.9866395338315581,0.017929445298929165,0.017731102421565347,0.34926803819535635
structural_all_qkvo,structural,50,78,4,19,4,0.982327360274275,0.982394631974903,0.01772785016966529,0.016565191564084158,0.3983716834047892
structural_all_qkvo,structural,50,79,4,19,4,0.985482456763083,0.9855279666232775,0.014180304256704017,0.013685359758633069,0.3433357639139955
structural_all_qkvo,structural,50,80,4,19,4,0.9862827340761484,0.9863194997428524,0.013612346060213746,0.012990868050726889,0.3665885543242826
structural_all_qkvo,structural,50,81,4,19,4,0.9875098535995736,0.9875415670254719,0.008802204192546447,0.00790184109596376,0.37953562608901237
structural_all_qkvo,structural,50,82,4,19,4,0.9823723191459436,0.9824239606023519,0.014438131230356295,0.013823733986364295,0.3466699551972352
structural_all_qkvo,structural,50,83,4,19,4,0.9848699071773331,0.984898592401921,0.01412967480491923,0.014000201895525668,0.39321881940073855
structural_all_qkvo,structural,50,84,4,19,4,0.9852911423347486,0.9853529687782981,0.015515263258291796,0.014682688862760142,0.368190692707924
structural_all_qkvo,structural,50,85,4,19,4,0.9832619860519809,0.9833535476310872,0.0190818269622928,0.018415358216296696,0.36247491523737435
structural_all_qkvo,structural,50,86,4,19,4,0.9829276164022005,0.982988310217107,0.013868799183189461,0.012944080242427445,0.36412036947924054
structural_all_qkvo,structural,50,87,4,19,4,0.9811782238715916,0.9812259232866161,0.012592786585289395,0.011737098200205605,0.34692978676457736
structural_all_qkvo,structural,50,88,4,19,4,0.9874424626699081,0.9874515388840404,0.013463854495427236,0.012498619913674434,0.3711351862868659
structural_all_qkvo,structural,50,89,4,19,4,0.986938400299355,0.986973318068456,0.010816892853609563,0.010129857960434824,0.33532502902334194
structural_all_qkvo,structural,50,90,4,19,4,0.9859033707357013,0.9859691738951168,0.010704634251921884,0.009705787680412432,0.318350938188871
structural_all_qkvo,structural,50,91,4,19,4,0.984169459374645,0.9842204937211975,0.16378784062684706,0.009926737608805936,0.35112999340283907
structural_all_qkvo,structural,50,92,4,19,4,0.9831940083053322,0.9832339071520882,0.010235265512702506,0.009141612801880446,0.3597902551840339
structural_all_qkvo,structural,50,93,4,19,4,0.9853501131928541,0.9854305831387857,0.014031987944569486,0.015549422234506645,0.34225323362520343
structural_all_qkvo,structural,50,94,4,19,4,0.9861283903593853,0.9861677098319762,0.013056680401355126,0.011424923204955412,0.40339462237307555
structural_all_qkvo,structural,50,95,5,19,4,0.9808421801799685,0.9809144722972902,0.011659158817777465,0.011536782464561756,0.3522125340144637
structural_all_qkvo,structural,50,96,5,19,4,0.9856692716577284,0.98570375571634,0.009605347370086073,0.008764537487945492,0.3785830000867017
structural_all_qkvo,structural,50,97,5,19,4,0.9849916465210659,0.985014219614619,0.012614182249405397,0.011358444710301301,0.37832319783987994
structural_all_qkvo,structural,50,98,5,19,4,0.9859232759746013,0.9859595031978822,0.009414782666560142,0.008406552443513023,0.3843420720516072
structural_all_qkvo,structural,50,99,5,19,4,0.9874011294155254,0.9874385010602544,0.01818987141187734,0.018195789878967226,0.3171817998165648
structural_all_qkvo,structural,100,0,0,9,4,0.9834278251819634,0.9834402730067051,0.009227477262929384,0.008889961561173314,0.39819846426505107
structural_all_qkvo,structural,100,1,0,9,4,0.9834656017763351,0.9834788417031856,0.009614912206963287,0.009046738858393478,0.3773705690524434
structural_all_qkvo,structural,100,2,0,9,4,0.9857383484269596,0.9857479392753755,0.16055631254453756,0.009408485279184142,0.4023553931962334
structural_all_qkvo,structural,100,3,0,9,4,0.9828659134835548,0.9828756956818421,0.08880519192898312,0.010175152072406796,0.38555450429263266
structural_all_qkvo,structural,100,4,0,9,4,0.9863908078957373,0.9864002362808297,0.01234843639543515,0.011942084649361622,0.3961200194707692
structural_all_qkvo,structural,100,5,0,9,4,0.9856201475415043,0.9856286131812102,0.009133168144478856,0.008475467230751127,0.3833461358287479
structural_all_qkvo,structural,100,6,0,9,4,0.9837552301218688,0.9837698576164586,0.009961449452085384,0.009352717420694837,0.4053864815759225
structural_all_qkvo,structural,100,7,0,9,4,0.9861175241210789,0.9861268172362452,0.011581371665336083,0.010774206053662833,0.4160818960498652
structural_all_qkvo,structural,100,8,0,9,4,0.9826786037621491,0.9826902648059171,0.010496374917592628,0.009905432676038295,0.4141766503472713
structural_all_qkvo,structural,100,9,1,9,4,0.9847208962848061,0.984729390694905,0.010987538030699066,0.010500572693790431,0.3779767856180021
structural_all_qkvo,structural,100,10,1,9,4,0.9841740459570029,0.9841866103148315,0.008245714659253655,0.007690548655855402,0.3864205232791639
structural_all_qkvo,structural,100,11,1,9,4,0.9842839179688095,0.9842957052635961,0.014424029873066489,0.013665939401211122,0.414306559727034
structural_all_qkvo,structural,100,12,1,9,4,0.9849863341639605,0.9849948926867615,0.0117087824426754,0.011204345387445223,0.3891485106396535
structural_all_qkvo,structural,100,13,1,9,4,0.9850370283366237,0.9850515371387358,0.009094481285512972,0.008596840879394925,0.4121847802045804
structural_all_qkvo,structural,100,14,1,9,4,0.9833118792482725,0.983327737437425,0.010688851111633826,0.010324166807793746,0.40131616187562225
structural_all_qkvo,structural,100,15,1,9,4,0.9853911552694066,0.9854055235147763,0.009652632503345623,0.00924109307221724,0.40213888263771647
structural_all_qkvo,structural,100,16,1,9,4,0.9874047959656714,0.9874095191336909,0.010514855940245146,0.010278899588218003,0.3910104564471595
structural_all_qkvo,structural,100,17,1,9,4,0.9845951657912272,0.9846064909581609,0.009352718041579198,0.008778755375463776,0.4073783396145215
structural_all_qkvo,structural,100,18,2,9,4,0.9836038364497625,0.9836134071009371,0.007111308233076192,0.0065274206848016415,0.39525398726469807
structural_all_qkvo,structural,100,19,2,9,4,0.9852711076856491,0.985281438341507,0.009828942379234628,0.009258206747696358,0.40811445659554413
structural_all_qkvo,structural,100,20,2,9,4,0.983393544801608,0.9834082911249823,0.013997711731940988,0.013378266974311746,0.4041307562815414
structural_all_qkvo,structural,100,21,2,9,4,0.9849604353830274,0.9849730325588235,0.012667207826032633,0.08795463312861877,0.41586539777262255
structural_all_qkvo,structural,100,22,2,9,4,0.9829981493344987,0.9830148748308227,0.010645085682580036,0.009835131206871139,0.38213370479475994
structural_all_qkvo,structural,100,23,2,9,4,0.9854530159719245,0.9854608876643287,0.011636385377455358,0.010872547338054565,0.42015221834556893
structural_all_qkvo,structural,100,24,2,9,4,0.9847720321094096,0.9847824224490804,0.008534053985164733,0.008073274993872942,0.3887154940697474
structural_all_qkvo,structural,100,25,2,9,4,0.9833831539924603,0.9833921102076856,0.010676247878928041,0.009790377012180669,0.3872432581615395
structural_all_qkvo,structural,100,26,2,9,4,0.9861735721176483,0.9861823585896848,0.1460611503178529,0.0110638397166123,0.40906709224606336
structural_all_qkvo,structural,100,27,3,9,4,0.9831922455815061,0.9832088676152254,0.013731335214296373,0.012487052017059063,0.41569218346759496
structural_all_qkvo,structural,100,28,3,9,4,0.9845533599175269,0.9845651424784411,0.009114614682013106,0.008371616653578134,0.3976355678692443
structural_all_qkvo,structural,100,29,3,9,4,0.9863045210544619,0.9863144355241917,0.0106078573924272,0.00977107542447621,0.4014460722547139
structural_all_qkvo,structural,100,30,3,9,4,0.9848447301717851,0.9848605536724399,0.011693065983972744,0.010990536943671716,0.39815517262692796
structural_all_qkvo,structural,100,31,3,9,4,0.9857409116821142,0.9857493476678937,0.013031566972584722,0.013110830512120199,0.40651232291759454
structural_all_qkvo,structural,100,32,3,9,4,0.9846520687679171,0.9846568330887066,0.010568570223630178,0.009943471166558922,0.4090237992578574
structural_all_qkvo,structural,100,33,3,9,4,0.9848218995385287,0.9848320862719188,0.008018685804062162,0.0075803536745939724,0.37927580964986024
structural_all_qkvo,structural,100,34,3,9,4,0.9839349407889054,0.9839480412006057,0.01045954192062655,0.009931427489539254,0.3902310483079208
structural_all_qkvo,structural,100,35,3,9,4,0.9843151695055673,0.9843273857257103,0.010977962948732838,0.010341676798767711,0.41248788374942436
structural_all_qkvo,structural,100,36,4,9,4,0.985310627632941,0.985316144547208,0.011901551538674771,0.011373673614583989,0.38122437167196055
structural_all_qkvo,structural,100,37,4,9,4,0.9838580116955058,0.9838723560123341,0.012248020903884601,0.011894123368075181,0.4073350428428646
structural_all_qkvo,structural,100,38,4,9,4,0.9869954831194588,0.9870042929686217,0.010127879162367072,0.009518688472225126,0.398674789253081
structural_all_qkvo,structural,100,39,4,9,4,0.9839594231910356,0.983969759571351,0.01207368544315749,0.011316488630737153,0.4048668614340091
structural_all_qkvo,structural,100,40,4,9,4,0.9845523500333644,0.984570549723916,0.01521821949280013,0.015349438798531902,0.3926559107745332
structural_all_qkvo,structural,100,41,4,9,4,0.9817854325512602,0.9817994912585236,0.010696819168226332,0.010138264267214871,0.3858143091399207
structural_all_qkvo,structural,100,42,4,9,4,0.9872463118982769,0.9872527143292502,0.0087954535279023,0.08990463797119981,0.39014444057129277
structural_all_qkvo,structural,100,43,4,9,4,0.9852141364773899,0.9852284228016331,0.009655476609328053,0.008882660863430175,0.4038276360591755
structural_all_qkvo,structural,100,44,4,9,4,0.9845773426280563,0.9845919244517279,0.01106464742342599,0.010022965480590448,0.396856135083907
structural_all_qkvo,structural,100,45,5,9,4,0.9838309036056615,0.9838430883543849,0.008869591228474513,0.008333835128019527,0.3901444437277659
structural_all_qkvo,structural,100,46,5,9,4,0.9856265833023306,0.9856338843310861,0.009220195227778866,0.0086162683435362,0.40278841061768084
structural_all_qkvo,structural,100,47,5,9,4,0.983306733853651,0.9833229355939693,0.011696442809045339,0.011501237269651257,0.41482616071416334
structural_all_qkvo,structural,100,48,5,9,4,0.9834177922860334,0.98342841789607,0.011681258315595754,0.010984360631415693,0.4072484370590366
structural_all_qkvo,structural,100,49,5,9,4,0.9857447315335748,0.9857525860886619,0.009163430824761985,0.008441640938172717,0.41162186726516614
structural_all_qkvo,structural,100,50,5,9,4,0.9845500658493476,0.9845608745966322,0.010514318749496973,0.009686520943684315,0.40594941267947826
structural_all_qkvo,structural,100,51,5,9,4,0.9852021876515076,0.9852117974210755,0.01162348584111541,0.010710376175447811,0.4101063166734389
structural_all_qkvo,structural,100,52,5,9,4,0.9857006523067209,0.9857155225346986,0.012642165700076435,0.011920348045558957,0.3964231129529716
structural_all_qkvo,structural,100,53,5,9,4,0.9847342968596033,0.9847441022527145,0.010754531268647834,0.010163796991342735,0.3913568766204931
structural_all_qkvo,structural,100,54,6,9,4,0.9856281772940246,0.9856411098965434,0.010755221604896061,0.010460300595489715,0.37637463390959025
structural_all_qkvo,structural,100,55,6,9,4,0.9854287408503339,0.9854393208962394,0.014170912572117502,0.013773051269882191,0.4118383700773641
structural_all_qkvo,structural,100,56,6,9,4,0.9852154936893016,0.9852280841496586,0.010947967162115461,0.010615868736601945,0.3931322247708583
structural_all_qkvo,structural,100,57,6,9,4,0.9841391925740473,0.9841529478183358,0.012553640976499565,0.012457957220976682,0.40144606402546024
structural_all_qkvo,structural,100,58,6,9,4,0.9853439592343701,0.985354319820955,0.011674468225589724,0.01106287647465486,0.4056462917601719
structural_all_qkvo,structural,100,59,6,9,4,0.9853341325058783,0.9853408023144128,0.07772828578711445,0.01072846805258433,0.3988046933034104
structural_all_qkvo,structural,100,60,6,9,4,0.9868496290271208,0.9868617865554313,0.013271626569403415,0.012634644875001209,0.40408744194081764
structural_all_qkvo,structural,100,61,6,9,4,0.98127492130599,0.9812870273802603,0.009593153689760409,0.00939038405224482,0.3941714553570542
structural_all_qkvo,structural,100,62,6,9,4,0.9856327715139372,0.9856444686513655,0.009761133974888668,0.00892238041866262,0.40313483077194134
structural_all_qkvo,structural,100,63,7,9,4,0.9852570685897506,0.9852653793639721,0.012921128490696262,0.012436896812997762,0.3833028369068191
structural_all_qkvo,structural,100,64,7,9,4,0.9837877554649991,0.983797168382795,0.012806543404092272,0.012472965590780937,0.3892351068854828
structural_all_qkvo,structural,100,65,7,9,4,0.9840103835956807,0.9840166377413736,0.009022309133182398,0.008876607364445751,0.39313223190916047
structural_all_qkvo,structural,100,66,7,9,4,0.9834891393269969,0.983502246500449,0.013306289080556696,0.012195372602687698,0.4131807261374879
structural_all_qkvo,structural,100,67,7,9,4,0.9859341686750164,0.9859486897448176,0.01116273769358038,0.011642482033843594,0.40287500143480803
structural_all_qkvo,structural,100,68,7,9,4,0.9846019278122367,0.9846217805949296,0.00987043656747576,0.009311550018360263,0.39239610453651264
structural_all_qkvo,structural,100,69,7,9,4,0.9849462913565926,0.984954706086095,0.012430095886373824,0.011697990899729723,0.4027884047058973
structural_all_qkvo,structural,100,70,7,9,4,0.9858717249928527,0.9858796745855578,0.013306017421630257,0.01264525127586838,0.3988047017236158
structural_all_qkvo,structural,100,71,7,9,4,0.9848909898129775,0.9849044467772057,0.00886736437411001,0.008141767850534179,0.4168613198588894
structural_all_qkvo,structural,100,72,8,9,4,0.9838660321027465,0.9838709584971701,0.010587079078231674,0.010071600330872225,0.38577101996083457
structural_all_qkvo,structural,100,73,8,9,4,0.985078935154013,0.9850888898516408,0.009606656743835854,0.00902561004950411,0.389494924613488
structural_all_qkvo,structural,100,74,8,9,4,0.9834459752754409,0.9834586781137904,0.012691691899016483,0.011913950285326422,0.383259533973772
structural_all_qkvo,structural,100,75,8,9,4,0.984994134005851,0.9850070564040144,0.012840943610650246,0.012160515619289063,0.41365702524080067
structural_all_qkvo,structural,100,76,8,9,4,0.9840220286299538,0.9840342143766188,0.007657890527426028,0.007283751690162004,0.4046070530598402
structural_all_qkvo,structural,100,77,8,9,4,0.9865050170674469,0.9865152976981589,0.011016431072771787,0.010491334535113713,0.40776805915280434
structural_all_qkvo,structural,100,78,8,9,4,0.9859531201203223,0.9859621703533521,0.009031175567684502,0.00858307119370164,0.37633134107828364
structural_all_qkvo,structural,100,79,8,9,4,0.9845874291784825,0.9846020023422564,0.010521405065523109,0.009736297795928384,0.39534058179589715
structural_all_qkvo,structural,100,80,8,9,4,0.9846899479656892,0.984701480073216,0.009977707585863298,0.009247603746151458,0.40906709626563875
structural_all_qkvo,structural,100,81,9,9,4,0.9854901539499995,0.9854997848666898,0.013461098522373687,0.012863305644272207,0.40369774057438973
structural_all_qkvo,structural,100,82,9,9,4,0.9860324713873823,0.9860394145673488,0.011426952796307718,0.011356912846359256,0.39923771127926466
structural_all_qkvo,structural,100,83,9,9,4,0.9847452675747503,0.9847566034635294,0.010744808494728992,0.010083534007928305,0.4180737611731671
structural_all_qkvo,structural,100,84,9,9,4,0.9850136472381835,0.9850282483318958,0.013176274530867692,0.01275454443795775,0.41183837344495405
structural_all_qkvo,structural,100,85,9,9,4,0.9829825102549535,0.9829992604014245,0.011536296549179668,0.010709819807800284,0.3702258469523241
structural_all_qkvo,structural,100,86,9,9,4,0.9844253809310083,0.984438937432638,0.009444244278445587,0.008625189226603245,0.4093702054153556
structural_all_qkvo,structural,100,87,9,9,4,0.9849627418872815,0.9849753520642978,0.010991940423051329,0.010459707682585414,0.3752488077621753
structural_all_qkvo,structural,100,88,9,9,4,0.9836724704987693,0.9836833354895909,0.12668020016383733,0.00950727758155101,0.40560299074749545
structural_all_qkvo,structural,100,89,9,9,4,0.9848152857892959,0.9848223248777965,0.006971514531476825,0.006570730442736612,0.39694272901329924
structural_all_qkvo,structural,100,90,10,9,4,0.9848850423813391,0.9848962428656629,0.010982807903978103,0.010169028004678273,0.4154756765924103
structural_all_qkvo,structural,100,91,10,9,4,0.9841081581145364,0.9841217906143919,0.01127030898574689,0.010613023864417138,0.39191978990150517
structural_all_qkvo,structural,100,92,10,9,4,0.9802653582591648,0.9802797140195917,0.011445111331004293,0.010831882366824308,0.3947343682883057
structural_all_qkvo,structural,100,93,10,9,4,0.9827355647926885,0.98274854584016,0.01099947606547428,0.010412079617982246,0.40599271015649546
structural_all_qkvo,structural,100,94,10,9,4,0.9852300865995746,0.985236628534019,0.0671870244873075,0.06758955870081584,0.4166881174611601
structural_all_qkvo,structural,100,95,10,9,4,0.9863350707900161,0.9863476998964776,0.01086113454936939,0.01077027347322317,0.378669604737709
structural_all_qkvo,structural,100,96,10,9,4,0.9857454843316218,0.9857535549904898,0.012472384600225607,0.012014176442484318,0.3897114297985163
structural_all_qkvo,structural,100,97,10,9,4,0.9843061369984455,0.9843159236792743,0.010034118844797463,0.009278509517389347,0.4118816812165145
structural_all_qkvo,structural,100,98,10,9,4,0.9860325901595636,0.9860426927172377,0.01042758933298245,0.010036062031917722,0.39668292097895885
structural_all_qkvo,structural,100,99,11,9,4,0.9855656076880867,0.9855765204341105,0.009386386200122075,0.008959432302246873,0.39495087827161224
structural_all_qkvo,structural,200,0,0,4,4,0.9838687574297844,0.9838720133567813,0.008719491982075464,0.008542295791154089,0.4082010610522941
structural_all_qkvo,structural,200,1,0,4,4,0.9845631672742585,0.9845656670755524,0.009403142139258408,0.00918499133765502,0.41629840180731736
structural_all_qkvo,structural,200,2,0,4,4,0.986173487063049,0.9861757706730659,0.009793837459512494,0.009431614019085391,0.40551639277707235
structural_all_qkvo,structural,200,3,0,4,4,0.9850249887691419,0.9850279600446112,0.010102016233353352,0.009686420457659248,0.42534837473118314
structural_all_qkvo,structural,200,4,1,4,4,0.9847716806583737,0.9847742564376755,0.008394902233207819,0.008069580936835612,0.40096975542261565
structural_all_qkvo,structural,200,5,1,4,4,0.9846225639562952,0.9846250521225131,0.011176506270847826,0.010821763207505164,0.42352972777594833
structural_all_qkvo,structural,200,6,1,4,4,0.984172514643964,0.9841764241128053,0.009288134630696339,0.0090379397531401,0.42214407342691807
structural_all_qkvo,structural,200,7,1,4,4,0.9861795822321675,0.9861817703090695,0.008945185649925098,0.008535517448818801,0.4144797457617765
structural_all_qkvo,structural,200,8,2,4,4,0.9843920976293303,0.9843946725681918,0.0077704445252525026,0.007425882492669712,0.42184096605052535
structural_all_qkvo,structural,200,9,2,4,4,0.9842557471945229,0.984259164127208,0.012241120830427993,0.011956004509580412,0.4217976794452806
structural_all_qkvo,structural,200,10,2,4,4,0.9843935161238856,0.984396342608111,0.010423291904221496,0.010050896257339702,0.42409262995260005
structural_all_qkvo,structural,200,11,2,4,4,0.9841611272622426,0.9841636447280443,0.008312308314935108,0.007967670470189016,0.4118383716075452
structural_all_qkvo,structural,200,12,3,4,4,0.9839451758407873,0.9839487415598477,0.01015170172800151,0.009760272073540681,0.4221873825100257
structural_all_qkvo,structural,200,13,3,4,4,0.985291445354333,0.9852945832520422,0.010169201941451161,0.009850682026326014,0.41629840676489016
structural_all_qkvo,structural,200,14,3,4,4,0.9852518452394141,0.9852535601665059,0.09273400177182128,0.009689956451760042,0.42487207614934347
structural_all_qkvo,structural,200,15,3,4,4,0.9840920733442216,0.984095088377199,0.008021969882553603,0.00764655741621212,0.4114053691696613
structural_all_qkvo,structural,200,16,4,4,4,0.9844260673699191,0.9844284183862018,0.011715641326153008,0.01118134665900187,0.4240060323071123
structural_all_qkvo,structural,200,17,4,4,4,0.9854497141940443,0.9854521869650097,0.010025933315237934,0.009604871748471959,0.41880987678540144
structural_all_qkvo,structural,200,18,4,4,4,0.9830211468289327,0.9830252475713956,0.011701538131051875,0.011302205281884043,0.4126177940880081
structural_all_qkvo,structural,200,19,4,4,4,0.9860171602436059,0.9860195771372835,0.07983220645069024,0.008410712574036566,0.4151725688423654
structural_all_qkvo,structural,200,20,5,4,4,0.9850529761806857,0.9850555169131477,0.008615097699308603,0.008193295800447604,0.4172077392917459
structural_all_qkvo,structural,200,21,5,4,4,0.9833894894259116,0.9833929697610139,0.010394386900344301,0.010194926093804886,0.42101824283102696
structural_all_qkvo,structural,200,22,5,4,4,0.9852986378156787,0.9853010831894758,0.04129899340177473,0.008706280754107922,0.42391944279873817
structural_all_qkvo,structural,200,23,5,4,4,0.9853419210693048,0.9853450150697479,0.01107907652470678,0.010683879142820117,0.41915628769162366
structural_all_qkvo,structural,200,24,6,4,4,0.9856552949537509,0.9856583090048543,0.011015196345224148,0.1279202905556546,0.4224038867813322
structural_all_qkvo,structural,200,25,6,4,4,0.9846238305919955,0.9846272075843434,0.03225584617652401,0.032685414688720694,0.4218409648553574
structural_all_qkvo,structural,200,26,6,4,4,0.9853833783011197,0.9853854326275031,0.08940700338488917,0.010316924590480428,0.413397218980059
structural_all_qkvo,structural,200,27,6,4,4,0.9841514261104656,0.984154690221409,0.009064319596693182,0.008807797465271591,0.41777064577738005
structural_all_qkvo,structural,200,28,7,4,4,0.9843811826131206,0.9843834469182522,0.010781909915835147,0.010188808798340943,0.40997642162504083
structural_all_qkvo,structural,200,29,7,4,4,0.9839783602246064,0.9839806996227669,0.010312312765502624,0.009822970106923824,0.4191129994770666
structural_all_qkvo,structural,200,30,7,4,4,0.9853600524257329,0.9853644692191702,0.010025036907055376,0.009713597284202301,0.4135271136564592
structural_all_qkvo,structural,200,31,7,4,4,0.9853410526490299,0.9853431463461738,0.01190678551194719,0.011695135883382788,0.41720773003685174
structural_all_qkvo,structural,200,32,8,4,4,0.9842488861158826,0.9842507589192108,0.009219330906766778,0.008977887122855445,0.41560559413269105
structural_all_qkvo,structural,200,33,8,4,4,0.9841988259650726,0.9842020691621212,0.01183681081713284,0.011371953368874057,0.41859337641631716
structural_all_qkvo,structural,200,34,8,4,4,0.9851785815611989,0.9851815056576085,0.008049657325978973,0.0077272557550289705,0.4221007722139874
structural_all_qkvo,structural,200,35,8,4,4,0.9849716236631981,0.9849746535851595,0.008390967384749972,0.007974763045436612,0.40166257420964724
structural_all_qkvo,structural,200,36,9,4,4,0.9861371934685661,0.9861393575011518,0.011079216293864373,0.010755156242626887,0.4144797616428867
structural_all_qkvo,structural,200,37,9,4,4,0.984964083367234,0.9849674177418696,0.010881048049951401,0.01055714098046408,0.42435244688966234
structural_all_qkvo,structural,200,38,9,4,4,0.9837004410991695,0.9837042382329754,0.009841117546313963,0.009178115896842257,0.41989241278455236
structural_all_qkvo,structural,200,39,9,4,4,0.9838557310805411,0.9838586963691213,0.00938862656687672,0.009046158449591155,0.41023623971843265
structural_all_qkvo,structural,200,40,10,4,4,0.9843097903377067,0.98431282686385,0.0858047452856678,0.009779149616066986,0.41954599947838556
structural_all_qkvo,structural,200,41,10,4,4,0.9818910072578865,0.9818945142362119,0.05201209468262171,0.009855776060226213,0.4177706548312731
structural_all_qkvo,structural,200,42,10,4,4,0.9860483670194573,0.9860509439656606,0.00910446220830836,0.03268996911302652,0.4269505230921411
structural_all_qkvo,structural,200,43,10,4,4,0.9852674469378594,0.9852697843415616,0.010458224933918521,0.010182690109684143,0.4153890833835807
structural_all_qkvo,structural,200,44,11,4,4,0.9843656298134464,0.984369054565887,0.008791163206876458,0.008520361153480387,0.41473956425593606
structural_all_qkvo,structural,200,45,11,4,4,0.9847641876821687,0.9847670021215988,0.010113632677914975,0.009788080752462524,0.4216677600978549
structural_all_qkvo,structural,200,46,11,4,4,0.9859000234750754,0.9859019966332158,0.04475491976500049,0.037762458153091136,0.41370032906874576
structural_all_qkvo,structural,200,47,11,4,4,0.9842596523209998,0.9842625801170698,0.011681390349461024,0.01136750864328296,0.41772733610322604
structural_all_qkvo,structural,200,48,12,4,4,0.9852402812366648,0.9852428685941627,0.008859734200336873,0.008494478455121114,0.4187665848834324
structural_all_qkvo,structural,200,49,12,4,4,0.983873234339528,0.983876211193391,0.009577657383889437,0.009226801638744123,0.41807375691059084
structural_all_qkvo,structural,200,50,12,4,4,0.9851699137638412,0.985172895123921,0.00965295771345748,0.00932456966958645,0.4252184694965987
structural_all_qkvo,structural,200,51,12,4,4,0.9836093966356148,0.9836120119196615,0.010154143264948033,0.009779507675867553,0.41863668113437436
structural_all_qkvo,structural,200,52,13,4,4,0.9834803450676947,0.9834830077053061,0.011467943188162076,0.011090929550671376,0.4266474039662194
structural_all_qkvo,structural,200,53,13,4,4,0.9857927552643359,0.985796034956851,0.009938553608125695,0.009656322768791904,0.418030466260198
structural_all_qkvo,structural,200,54,13,4,4,0.9847861875963339,0.9847890824955797,0.008326942851301667,0.007991355676596024,0.4097166154034203
structural_all_qkvo,structural,200,55,13,4,4,0.9848431798872587,0.9848455809871475,0.009599442138751737,0.009405031654354372,0.4088938889605672
structural_all_qkvo,structural,200,56,14,4,4,0.9857915678954731,0.9857939361728629,0.00915068790659291,0.008790677823333537,0.4185933827532268
structural_all_qkvo,structural,200,57,14,4,4,0.9852156028321979,0.9852190901152684,0.009484114798876418,0.009167684966258288,0.42028212801666687
structural_all_qkvo,structural,200,58,14,4,4,0.9839473456848532,0.9839503591059636,0.011331284598215868,0.010941089872927155,0.429072278997464
structural_all_qkvo,structural,200,59,14,4,4,0.9843032404920313,0.9843055677599367,0.006994036539987425,0.006770660852233382,0.41383023208121206
structural_all_qkvo,structural,200,60,15,4,4,0.9862032091767643,0.9862058035246813,0.043432497399182875,0.008914218612762113,0.42192756882022875
structural_all_qkvo,structural,200,61,15,4,4,0.9839313975003392,0.9839346587543352,0.009230171448461447,0.008812778412220786,0.4223605875950064
structural_all_qkvo,structural,200,62,15,4,4,0.985680182553796,0.9856829660814743,0.009551206931397703,0.00939578740469374,0.4127477056112815
structural_all_qkvo,structural,200,63,15,4,4,0.9832329396690411,0.9832359803736761,0.010274209184171412,0.00995338878198405,0.4036544407020064
structural_all_qkvo,structural,200,64,16,4,4,0.9844013957364394,0.984404294953792,0.008912977181365762,0.008892618917350763,0.4250019644421401
structural_all_qkvo,structural,200,65,16,4,4,0.9848827790932575,0.9848857057417569,0.05149243156112976,0.010475105497358635,0.4246988566008388
structural_all_qkvo,structural,200,66,16,4,4,0.9841650883520483,0.9841688374748847,0.009556873986119273,0.00924317511950612,0.4102795305782656
structural_all_qkvo,structural,200,67,16,4,4,0.9846874029282386,0.9846901666376382,0.010035028306847514,0.00963051185383157,0.42469885659968043
structural_all_qkvo,structural,200,68,17,4,4,0.9843671520139005,0.9843708477171762,0.011440575786794782,0.011368314361896992,0.42162445599753196
structural_all_qkvo,structural,200,69,17,4,4,0.9855836709385293,0.9855859120110124,0.010086904894217017,0.009667665671485864,0.4253916724207397
structural_all_qkvo,structural,200,70,17,4,4,0.9830346824924319,0.9830375765483915,0.008991434597662875,0.008717651724472877,0.40889389124393616
structural_all_qkvo,structural,200,71,17,4,4,0.9849879744063058,0.9849904277862908,0.13364403349511908,0.009366826250492568,0.4138735346237451
structural_all_qkvo,structural,200,72,18,4,4,0.9845283904943627,0.9845311336590769,0.010461911900742584,0.010192062233867323,0.42101825239933127
structural_all_qkvo,structural,200,73,18,4,4,0.9841382390870315,0.9841415201719617,0.010595979859178761,0.010478481919247436,0.4226203922509637
structural_all_qkvo,structural,200,74,18,4,4,0.984510678699723,0.984513258815024,0.008734656952096777,0.008335500122075151,0.4113620590668125
structural_all_qkvo,structural,200,75,18,4,4,0.9852442609797399,0.9852475709185846,0.009390920836681946,0.008880140781959313,0.42695052081890134
structural_all_qkvo,structural,200,76,19,4,4,0.9848090795452312,0.9848115743744523,0.010977467454005383,0.010804431423978633,0.4229235026002065
structural_all_qkvo,structural,200,77,19,4,4,0.9842085014261883,0.984211503777084,0.010417723967402981,0.010020540918352739,0.42314001125063244
structural_all_qkvo,structural,200,78,19,4,4,0.9855537042271679,0.9855559824539633,0.009211624575224293,0.008807438896572964,0.42270700943158995
structural_all_qkvo,structural,200,79,19,4,4,0.9855153536671691,0.9855181628125964,0.01036166183271094,0.010042261021539198,0.42517516590527565
structural_all_qkvo,structural,200,80,20,4,4,0.9843880148463418,0.9843911042546213,0.010491028064082555,0.010045257701630025,0.4156055921028
structural_all_qkvo,structural,200,81,20,4,4,0.9843263095194708,0.9843284361697971,0.009372419385264829,0.009070209995995381,0.42314000827030934
structural_all_qkvo,structural,200,82,20,4,4,0.9859368607604341,0.9859387027994192,0.010840649896903838,0.010557538602249356,0.41079914014591545
structural_all_qkvo,structural,200,83,20,4,4,0.9847498784210353,0.9847533452680141,0.00904765250082508,0.008800729217068468,0.4205419428923521
structural_all_qkvo,structural,200,84,21,4,4,0.984942823013068,0.9849452324316664,0.009476118477740887,0.009221240966049978,0.42811966848074856
structural_all_qkvo,structural,200,85,21,4,4,0.9838206005368542,0.9838231244686853,0.01077261265282879,0.01057413417305632,0.4151292658534918
structural_all_qkvo,structural,200,86,21,4,4,0.9842087543187739,0.984211070289152,0.010063957904543995,0.009704376165165778,0.4167314198740803
structural_all_qkvo,structural,200,87,21,4,4,0.9863975088915415,0.9864008212352517,0.011685155289513093,0.011368265207305231,0.417467550025947
structural_all_qkvo,structural,200,88,22,4,4,0.9854658675713374,0.9854690410241486,0.01239215006642595,0.012099568224466674,0.4138735294622107
structural_all_qkvo,structural,200,89,22,4,4,0.9844570382815634,0.9844603588304702,0.008694109334247267,0.00844625014424771,0.4282495673854812
structural_all_qkvo,structural,200,90,22,4,4,0.9854551982608621,0.9854573010959853,0.05473852702926908,0.008654313602632115,0.413830234246884
structural_all_qkvo,structural,200,91,22,4,4,0.9843770450540935,0.9843794928181165,0.010148379485692877,0.009771350590535775,0.4182902656553051
structural_all_qkvo,structural,200,92,23,4,4,0.983902080262071,0.9839051225627454,0.009626679584850579,0.009413606587144976,0.4243957454624735
structural_all_qkvo,structural,200,93,23,4,4,0.9858802289433625,0.9858830386809561,0.01188733217958535,0.011468406282255834,0.4264742123943517
structural_all_qkvo,structural,200,94,23,4,4,0.9835362989226939,0.9835396427221781,0.008941831235928604,0.008518407566837749,0.4117517612667095
structural_all_qkvo,structural,200,95,23,4,4,0.9850205012659026,0.9850233662120504,0.008812339880587456,0.008441648531407924,0.4179438534712596
structural_all_qkvo,structural,200,96,24,4,4,0.9848597772041648,0.9848631041936927,0.011844290907842716,0.011402547163907739,0.40218219387320775
structural_all_qkvo,structural,200,97,24,4,4,0.9855408135296955,0.9855438232296426,0.009631967029189463,0.00928561402143822,0.4277299545670443
structural_all_qkvo,structural,200,98,24,4,4,0.9851443397320534,0.9851469504996483,0.01025128121340278,0.009837690173649348,0.42513186438294914
structural_all_qkvo,structural,200,99,24,4,4,0.984029496063972,0.9840317559685655,0.0093018717958184,0.04533850557163971,0.422403884298265
structural_all_qkvo,structural,500,0,0,1,4,0.9846582576159317,0.9846586988859574,0.008424666886662623,0.008281599943773567,0.4280330581223725
structural_all_qkvo,structural,500,1,1,1,4,0.9847016018393563,0.9847020527627381,0.009043283393818075,0.024295886301949315,0.4269072286146359
structural_all_qkvo,structural,500,2,2,1,4,0.9843060013769971,0.9843065214293916,0.009378180694789597,0.009201142429074664,0.4272969434128513
structural_all_qkvo,structural,500,3,3,1,4,0.9848889608216567,0.9848894650585943,0.022352112273357986,0.009137325841210749,0.4268206257617371
structural_all_qkvo,structural,500,4,4,1,4,0.984669451750568,0.9846698989846017,0.04432195528292941,0.009722230650883502,0.4296785059081899
structural_all_qkvo,structural,500,5,5,1,4,0.9845978991883081,0.9845983549008626,0.05760411511193954,0.008326141059842744,0.4280330587961046
structural_all_qkvo,structural,500,6,6,1,4,0.9848738918319817,0.9848743651241227,0.009677510385967118,0.009552744381813904,0.4285526765188347
structural_all_qkvo,structural,500,7,7,1,4,0.9844546793674546,0.9844551069997404,0.009379753623694772,0.009270480791236754,0.4301548269682274
structural_all_qkvo,structural,500,8,8,1,4,0.9839609800544865,0.9839614052513509,0.009177331194273811,0.023330807358127176,0.42803306222086335
structural_all_qkvo,structural,500,9,9,1,4,0.9848036582128924,0.9848041329199493,0.009954318266214736,0.009792807103094346,0.4263443127642595
structural_all_qkvo,structural,500,10,10,1,4,0.9835904929173457,0.9835909552158227,0.00906790747080698,0.008935451870747593,0.42946200200098844
structural_all_qkvo,structural,500,11,11,1,4,0.9849167276858303,0.9849171685038146,0.009165105300065726,0.00899625072287685,0.430198129140496
structural_all_qkvo,structural,500,12,12,1,4,0.9844421187515309,0.9844425830153569,0.008731523263864074,0.00858508505311235,0.42885578711397154
structural_all_qkvo,structural,500,13,13,1,4,0.9842982693282105,0.9842987549816637,0.030646148386684734,0.009225935384666326,0.42859597818394796
structural_all_qkvo,structural,500,14,14,1,4,0.9853268320799576,0.9853273086952672,0.008855596171621356,0.008797554111672767,0.4298950204196282
structural_all_qkvo,structural,500,15,15,1,4,0.9855783829323804,0.9855788301755728,0.021008351209299437,0.00855289782149796,0.4291588931436202
structural_all_qkvo,structural,500,16,16,1,4,0.9842701052560974,0.9842705959995157,0.008550026280639656,0.008438403009460024,0.42985171597294114
structural_all_qkvo,structural,500,17,17,1,4,0.9846161672272316,0.9846166106480986,0.030014895900396805,0.02643376158159727,0.429851715282157
structural_all_qkvo,structural,500,18,18,1,4,0.9843355308420355,0.984335978356522,0.009676191356763952,0.009434814594317383,0.42911559576914177
structural_all_qkvo,structural,500,19,19,1,4,0.9846363194885822,0.9846367210198095,0.009175204046289881,0.009065039622494863,0.4287258815111867
structural_all_qkvo,structural,500,20,20,1,4,0.9848922350531586,0.9848926375787551,0.009710064656346428,0.00947108319193581,0.42928879627939753
structural_all_qkvo,structural,500,21,21,1,4,0.9847071677668456,0.9847075487759955,0.024338304802872333,0.03191671431194297,0.42941870662702697
structural_all_qkvo,structural,500,22,22,1,4,0.9850912087642739,0.9850916768743099,0.009018557753578637,0.008862287177048107,0.428682580343433
structural_all_qkvo,structural,500,23,23,1,4,0.9844249535380227,0.9844254473976949,0.00947038095319358,0.009280519926797313,0.4296785145961686
structural_all_qkvo,structural,500,24,24,1,4,0.9852302934649154,0.9852308087058167,0.009706450003232508,0.009569551572446945,0.42898569207525816
structural_all_qkvo,structural,500,25,25,1,4,0.9846211581324728,0.9846215907005885,0.009633334673213286,0.0416726565461837,0.4300682205087823
structural_all_qkvo,structural,500,26,26,1,4,0.9844150377757922,0.9844155090310902,0.009786997475906386,0.009643309474703349,0.4285526663168345
structural_all_qkvo,structural,500,27,27,1,4,0.9846013817121875,0.9846018652248807,0.008345455764148614,0.008246381052873855,0.42954861421652657
structural_all_qkvo,structural,500,28,28,1,4,0.9839767568255611,0.9839772881151817,0.00856211173029087,0.008450654345969786,0.4276000455704753
structural_all_qkvo,structural,500,29,29,1,4,0.9851199567119244,0.9851204514198851,0.017567869515247362,0.007975778391281791,0.42876918688445237
structural_all_qkvo,structural,500,30,30,1,4,0.9849522346304658,0.984952692804255,0.008897930276081215,0.008823100678921444,0.42695052719032545
structural_all_qkvo,structural,500,31,31,1,4,0.9845661094070829,0.9845665174592206,0.008447301493515908,0.00835194250397733,0.42660411794532216
structural_all_qkvo,structural,500,32,32,1,4,0.9848733745572742,0.9848738272016808,0.010173464247566766,0.009972249295832191,0.4296785137724552
structural_all_qkvo,structural,500,33,33,1,4,0.9842717411620318,0.9842721961590691,0.009193069338930935,0.009021496299061273,0.4299816209221319
structural_all_qkvo,structural,500,34,34,1,4,0.9844592530075017,0.9844597184326942,0.008547861091625789,0.008341314171888773,0.42487207080993167
structural_all_qkvo,structural,500,35,35,1,4,0.9849060965196628,0.9849065264769422,0.009422931359263477,0.020168553836224602,0.4296352114919469
structural_all_qkvo,structural,500,36,36,1,4,0.9847177635482955,0.9847182473116414,0.009649866209816312,0.009373904084703032,0.4292888002299711
structural_all_qkvo,structural,500,37,37,1,4,0.9844945437835926,0.9844950121755721,0.009706344439516974,0.04590248640837304,0.42911558838284847
structural_all_qkvo,structural,500,38,38,1,4,0.984433981964239,0.984434518138741,0.022738534444963744,0.008413744561094847,0.42954860956471996
structural_all_qkvo,structural,500,39,39,1,4,0.9851726663078246,0.985173103619525,0.00930469850067002,0.009130154927388901,0.4296785092415119
structural_all_qkvo,structural,500,40,40,1,4,0.9844783254442263,0.9844787255178966,0.00882554614798026,0.008569514770348001,0.42837947471587223
structural_all_qkvo,structural,500,41,41,1,4,0.984042447218795,0.9840430510299834,0.00824898978566807,0.03606192997634801,0.42660411401142617
structural_all_qkvo,structural,500,42,42,1,4,0.985015132257302,0.9850155428181345,0.009167823478177104,0.00908833993559752,0.429375402804966
structural_all_qkvo,structural,500,43,43,1,4,0.9848383806007099,0.9848388085445908,0.009361370920980428,0.02705806326439079,0.42881248723982485
structural_all_qkvo,structural,500,44,44,1,4,0.9846576210406631,0.9846580464389494,0.033827168168603775,0.0078156873586461,0.42660412066401104
structural_all_qkvo,structural,500,45,45,1,4,0.9847199664345733,0.9847204241776208,0.009226145232034993,0.009106605970235769,0.4288557883831069
structural_all_qkvo,structural,500,46,46,1,4,0.9842615898409522,0.9842620892279358,0.010012585736629935,0.009845593857242076,0.42794645841907764
structural_all_qkvo,structural,500,47,47,1,4,0.9846784502752248,0.9846789171591661,0.009499641781323495,0.009399771340351078,0.4268639240270661
structural_all_qkvo,structural,500,48,48,1,4,0.9841157028489991,0.9841161800048102,0.009568880209364881,0.009323597712014214,0.42820626492693215
structural_all_qkvo,structural,500,49,49,1,4,0.9851792089538037,0.9851796593803779,0.009409741941745712,0.009287293588280166,0.4230534091189956
structural_all_qkvo,structural,500,50,50,1,4,0.9838234059356825,0.9838238705982753,0.042155076697405744,0.009192687078484902,0.4294187036877143
structural_all_qkvo,structural,500,51,51,1,4,0.9846066068201547,0.9846070983732219,0.008819520575485901,0.008586921669431313,0.42829286991211163
structural_all_qkvo,structural,500,52,52,1,4,0.9847050342070639,0.9847054492950899,0.008306800388081941,0.008194613251311059,0.42798975163170844
structural_all_qkvo,structural,500,53,53,1,4,0.9838675729831388,0.9838680921877693,0.008624984991308026,0.019604347107840717,0.424915372138231
structural_all_qkvo,structural,500,54,54,1,4,0.9850278740255785,0.9850283616383609,0.008973623753346135,0.008791365669705654,0.4290289894862597
structural_all_qkvo,structural,500,55,55,1,4,0.983785295531223,0.9837857629403445,0.00954010105847012,0.009258740679488862,0.42747013794716887
structural_all_qkvo,structural,500,56,56,1,4,0.9847694187404537,0.9847698506949836,0.008706353250239135,0.008485859890385342,0.4266474318489948
structural_all_qkvo,structural,500,57,57,1,4,0.9843389660082187,0.9843394661615118,0.022607536986882948,0.009003762473086308,0.4285093763907293
structural_all_qkvo,structural,500,58,58,1,4,0.9853495959297844,0.98535003654684,0.008325687710702113,0.008200625064179162,0.4294620063844369
structural_all_qkvo,structural,500,59,59,1,4,0.98469326102032,0.9846936890057731,0.06528689695965294,0.00829700855393678,0.4296785170414458
structural_all_qkvo,structural,500,60,60,1,4,0.9838475674023298,0.9838480620046658,0.008179520400494533,0.007961255657307474,0.42846608147332244
structural_all_qkvo,structural,500,61,61,1,4,0.984295174229101,0.9842956955362597,0.021782747561068287,0.008092175737860547,0.4295919019169403
structural_all_qkvo,structural,500,62,62,1,4,0.9847965584295879,0.9847970244678059,0.009427438558985316,0.009371401839989687,0.4299383211469163
structural_all_qkvo,structural,500,63,63,1,4,0.9851123184190684,0.9851127199732117,0.009675290945379542,0.009524112882728688,0.4259978986023384
structural_all_qkvo,structural,500,64,64,1,4,0.9839058525294695,0.9839063947591938,0.00789263883934024,0.0077513168544534414,0.42712373790446234
structural_all_qkvo,structural,500,65,65,1,4,0.9847784789622305,0.9847789834575107,0.009066581519316491,0.008958425617402161,0.4295919081332129
structural_all_qkvo,structural,500,66,66,1,4,0.9849503130998192,0.9849507352430735,0.0088921555799857,0.008770055025342068,0.427253627493812
structural_all_qkvo,structural,500,67,67,1,4,0.9844560460049739,0.9844565339180502,0.009060246354220178,0.009014894696695894,0.4249153685428934
structural_all_qkvo,structural,500,68,68,1,4,0.9848829580549169,0.9848834242504358,0.008728678970204577,0.008568110070519233,0.4293754034049312
structural_all_qkvo,structural,500,69,69,1,4,0.9846988456707113,0.9846993339280151,0.008637616109796107,0.008453288309589985,0.4299383207431381
structural_all_qkvo,structural,500,70,70,1,4,0.9844719769402863,0.9844723834590151,0.009862793084919805,0.00980298035615618,0.42803306329758556
structural_all_qkvo,structural,500,71,71,1,4,0.9844809702032002,0.9844814409505914,0.008501743440008223,0.008343168206678514,0.4265175172234383
structural_all_qkvo,structural,500,72,72,1,4,0.9850540111323839,0.9850545428413557,0.02364656737496794,0.009595715958265093,0.4292021991821427
structural_all_qkvo,structural,500,73,73,1,4,0.9843508293537199,0.984351234949165,0.009909833082020853,0.009746513961484661,0.4291588963709946
structural_all_qkvo,structural,500,74,74,1,4,0.9848292966072688,0.9848296955576658,0.0242448667891993,0.009443489562100744,0.427600040028975
structural_all_qkvo,structural,500,75,75,1,4,0.9843656969022566,0.9843661571955753,0.008352322157687064,0.008215753665610977,0.4245689500571148
structural_all_qkvo,structural,500,76,76,1,4,0.9854464211462999,0.9854468136197703,0.00977799185303181,0.009687936180009413,0.42963521620370176
structural_all_qkvo,structural,500,77,77,1,4,0.9845952767906089,0.9845957402635799,0.008270468485707231,0.008198223236658024,0.42742684541551357
structural_all_qkvo,structural,500,78,78,1,4,0.9842617537161392,0.9842622153604799,0.008589766842019293,0.008433614090952031,0.42980840998359726
structural_all_qkvo,structural,500,79,79,1,4,0.9848022526441549,0.9848026938627864,0.023865182812548208,0.008987127027384016,0.42924549575724125
structural_all_qkvo,structural,500,80,80,1,4,0.9843545608645639,0.9843550327877332,0.007934358437239171,0.007829323466169893,0.42837946882372285
structural_all_qkvo,structural,500,81,81,1,4,0.9837740196301572,0.9837745566438385,0.03435864962505508,0.0085756602727373,0.4250019680808606
structural_all_qkvo,structural,500,82,82,1,4,0.9845636422994843,0.9845641040346087,0.02863544285093019,0.00873029391006551,0.42972181832799017
structural_all_qkvo,structural,500,83,83,1,4,0.9846441431120889,0.9846445801143466,0.00848987171504514,0.008285243146646219,0.4295053128805556
structural_all_qkvo,structural,500,84,84,1,4,0.9843874250020009,0.9843878821344262,0.026092354527363797,0.008496090670591434,0.42920220075603766
structural_all_qkvo,structural,500,85,85,1,4,0.9842646488442858,0.984265077260335,0.025991383385633685,0.07310810107216781,0.4298517201341828
structural_all_qkvo,structural,500,86,86,1,4,0.9847369389062995,0.9847374151708691,0.026047437218191444,0.024610536822054444,0.42941870398263293
structural_all_qkvo,structural,500,87,87,1,4,0.9846829085706031,0.9846833336740837,0.009519801375093855,0.009385636498992243,0.42664741612256174
structural_all_qkvo,structural,500,88,88,1,4,0.9845942385862381,0.984594696815479,0.022869203472419407,0.022717850986538286,0.4291589003943083
structural_all_qkvo,structural,500,89,89,1,4,0.9844071182930301,0.9844075657082839,0.008338329047522842,0.008182774584453822,0.4287691819301668
structural_all_qkvo,structural,500,90,90,1,4,0.984983441924383,0.9849838700279735,0.020183662258372263,0.008333619256767951,0.42946200224835696
structural_all_qkvo,structural,500,91,91,1,4,0.9845145117734174,0.9845149862850008,0.008798571912289672,0.008663085924051985,0.4285093739708069
structural_all_qkvo,structural,500,92,92,1,4,0.9844923109525441,0.9844927045168805,0.008761463560040594,0.008566860202335706,0.4270804301943361
structural_all_qkvo,structural,500,93,93,1,4,0.9844609007923742,0.9844612949024949,0.02442106910490773,0.019577037148112465,0.42725363543547673
structural_all_qkvo,structural,500,94,94,1,4,0.984028120275824,0.9840285822441713,0.008821120456126718,0.008760315693002157,0.4292887979580607
structural_all_qkvo,structural,500,95,95,1,4,0.9843954101889458,0.9843959348895082,0.009953839647734388,0.009783279354907455,0.42933210101246816
structural_all_qkvo,structural,500,96,96,1,4,0.9842734577422397,0.9842739467834607,0.032524535906433144,0.010094842412461134,0.4301548249017482
structural_all_qkvo,structural,500,97,97,1,4,0.9856792896053467,0.9856796395991736,0.009147573789296561,0.008982676545399566,0.4292454953341614
structural_all_qkvo,structural,500,98,98,1,4,0.9843089113885561,0.9843093980072608,0.008836105820184157,0.008674357157534788,0.4291155966672827
structural_all_qkvo,structural,500,99,99,1,4,0.9850497404685702,0.9850501151099623,0.033872708024520734,0.05437746961164504,0.428942384672112
structural_last_o,structural,5,0,0,199,4,0.8715584716807465,0.8788755887334107,0.02296698886369973,0.032111472920193625,0.06521171078909369
structural_last_o,structural,5,1,0,199,4,0.9166946461414875,0.9107617080399396,0.11032432528200431,0.1789189525305492,0.16636348030975623
structural_last_o,structural,5,2,0,199,4,0.9337154049561524,0.9251762345251615,0.030300988507300897,0.020704463493437263,0.08920061292196439
structural_last_o,structural,5,3,0,199,4,0.979478491076392,0.9951291674721706,0.21187240638652538,0.21806768943300223,0.05360697093271962
structural_last_o,structural,5,4,0,199,4,0.8621009155076399,0.8565096681690146,0.08761356286666848,0.1953060131499929,0.04624575649087116
structural_last_o,structural,5,5,0,199,4,0.9866010595856639,0.9981902702915744,0.03467362384600163,0.018345592155697844,0.14518916135380774
structural_last_o,structural,5,6,0,199,4,0.9389217751400144,0.9462708459491327,0.008309281985859542,0.2159114488995641,0.08235901474382079
structural_last_o,structural,5,7,0,199,4,0.9781247558447792,0.9973811774012409,0.01722628987195181,0.01197031249324793,0.16978427333994073
structural_last_o,structural,5,8,0,199,4,0.9769659345487166,0.976606223447838,0.040325843874751605,0.03734808003484355,0.15796302805028617
structural_last_o,structural,5,9,0,199,4,0.9675320128638748,0.9929156866157691,0.1430317375173516,0.17126634563284635,0.03611325938943514
structural_last_o,structural,5,10,0,199,4,0.9412368524151149,0.9108271616588516,0.08570661446836088,0.510402633786658,0.11072134706842486
structural_last_o,structural,5,11,0,199,4,0.912743085774225,0.9246029710386896,0.07477711806532339,0.06223087907834599,0.1053952906176277
structural_last_o,structural,5,12,0,199,4,0.9397461746022763,0.94251493527945,0.054288160978299804,0.1833715741107047,0.09171208915790033
structural_last_o,structural,5,13,0,199,4,0.9555361766524494,0.614810842801227,0.05893081199769203,0.1115480783378763,0.13661550864784094
structural_last_o,structural,5,14,0,199,4,0.9234898553560015,0.8985343375801659,0.03720766749289351,0.029980498636811608,0.1571836086469075
structural_last_o,structural,5,15,0,199,4,0.8901791702372522,0.9621277540266342,0.09276550574749881,0.2908517128563527,0.026543677508971276
structural_last_o,structural,5,16,0,199,4,0.9119106163795698,0.9821710681774761,0.05391778932168235,0.07138253535854916,0.18177872842585027
structural_last_o,structural,5,17,0,199,4,0.9773969624268372,0.9638669969065848,0.024943815083278247,0.03948346667717451,0.2808087310664014
structural_last_o,structural,5,18,0,199,4,0.9611436754874237,0.9772020047902693,0.09483814976925317,0.17885163177522878,0.079890838392095
structural_last_o,structural,5,19,0,199,4,0.8025666663224444,0.7782684638736853,0.018487134139075753,0.05904311762815328,0.053000754206495804
structural_last_o,structural,5,20,0,199,4,0.9459925407430749,0.9597590694234072,0.05395071002280056,0.05798200690218462,0.14865325242987337
structural_last_o,structural,5,21,0,199,4,0.9542136714366424,0.8923216566760673,0.07839186897658514,0.15178478974997955,0.04654886263427471
structural_last_o,structural,5,22,0,199,4,0.7856495100357648,0.7678498936262657,0.13642866217641134,0.26419652686028894,0.02143412818720649
structural_last_o,structural,5,23,0,199,4,0.7887061139670226,0.6891577364851439,0.054461793031661605,0.43012748270379314,0.03615655985649689
structural_last_o,structural,5,24,0,199,4,0.8981957755276504,0.9011520453482244,0.033750054388783104,0.04433476633460937,0.10812327043634695
structural_last_o,structural,5,25,0,199,4,0.9588430010501506,0.9642497851263123,0.07937903675937344,0.17457166118813147,0.04754479300380167
structural_last_o,structural,5,26,0,199,4,0.9842361214645531,0.9906703288601112,0.032533475537340616,0.04077024214006518,0.12799855536525262
structural_last_o,structural,5,27,0,199,4,0.914296974174873,0.9176062955936495,0.0844826872933225,0.12117724469011984,0.1279985572368527
structural_last_o,structural,5,28,0,199,4,0.9719380135665152,0.9773180606230438,0.020339203818484152,0.1603584457159321,0.10041564097643399
structural_last_o,structural,5,29,0,199,4,0.9856228104342883,0.9855771000247355,0.0487188357521293,0.045467997424021904,0.12730572878009017
structural_last_o,structural,5,30,0,199,4,0.9785874160878615,0.9774088645267461,0.06887234142753772,0.11558746627327511,0.13943008902564774
structural_last_o,structural,5,31,0,199,4,0.9070572078670367,0.9541398430797055,0.050644860199720636,0.10509571814466843,0.04511992247083232
structural_last_o,structural,5,32,0,199,4,0.9474360303947331,0.9698487459084816,0.07663847943264063,0.14030203327394694,0.037672104100682335
structural_last_o,structural,5,33,0,199,4,0.9401573728437955,0.9443188248546946,0.018243656748670723,0.022704312379356315,0.1115440727155946
structural_last_o,structural,5,34,0,199,4,0.9036573818319824,0.938262522189618,0.02956343370215611,0.018505539023389535,0.08989343681426917
structural_last_o,structural,5,35,0,199,4,0.9222059326220404,0.9302045362455217,0.02893731933037552,0.06180522203556596,0.11487826829767034
structural_last_o,structural,5,36,0,199,4,0.9800547029205129,0.9841435389589066,0.041695611333347836,0.06485010493529901,0.08383125942226412
structural_last_o,structural,5,37,0,199,4,0.9815817808494014,0.997524856583677,0.0482521770967841,0.1517673761219084,0.010175798967712296
structural_last_o,structural,5,38,0,199,4,0.9614697016882592,0.9771916142434379,0.029754085949372476,0.04142313595306488,0.1704771014993295
structural_last_o,structural,5,39,0,199,4,0.7359673747860573,0.7720108868431924,0.03332941237461297,0.43349266474252923,0.09560920235844178
structural_last_o,structural,5,40,0,199,4,0.985128590856781,0.9908883871450415,0.034258771774444696,0.04872615852211168,0.1425044780324497
structural_last_o,structural,5,41,0,199,4,0.9150048423687133,0.914003732170823,0.09531992856950167,0.13734495268065733,0.157313521388631
structural_last_o,structural,5,42,0,199,4,0.9887355621413344,0.9890278176556216,0.05322253529455129,0.1253160478205542,0.10998522777747377
structural_last_o,structural,5,43,0,199,4,0.9091304445586926,0.8959523968582481,0.03922768137169845,0.07903729956004635,0.0948297808898254
structural_last_o,structural,5,44,0,199,4,0.8033979731112946,0.9171097434274141,0.0808378641060022,0.358491134058215,0.17052039683135892
structural_last_o,structural,5,45,0,199,4,0.9551853933019827,0.9709688446920237,0.033130326240151914,0.08105440163785313,0.1255303841810984
structural_last_o,structural,5,46,0,199,4,0.9447692632236111,0.9855709693865775,0.055666267606589166,0.3252208388760433,0.01619467399126759
structural_last_o,structural,5,47,0,199,4,0.7923322311516996,0.7990032029524219,0.037362308168117205,0.5422384465536759,0.04377758282846718
structural_last_o,structural,5,48,0,199,4,0.9964650228943972,0.998936440555902,0.010123146338120998,0.0411330697895053,0.03754220223205356
structural_last_o,structural,5,49,0,199,4,0.9484877075014403,0.954152186193045,0.047739715812854244,0.04047031320496615,0.16203334975281297
structural_last_o,structural,5,50,0,199,4,0.9587075304773812,0.9649789009344681,0.012245589136885275,0.07489286064535843,0.09621542516248796
structural_last_o,structural,5,51,0,199,4,0.9481319281625413,0.9919540065209633,0.09747803723549307,0.08307213289230882,0.21347525933838812
structural_last_o,structural,5,52,0,199,4,0.958751968204101,0.9757998385573731,0.05304830318611847,0.0878670637208485,0.10305702047531434
structural_last_o,structural,5,53,0,199,4,0.9471779271247202,0.9395973424503339,0.003988008775277176,0.3408929275816532,0.09366064602961327
structural_last_o,structural,5,54,0,199,4,0.9605566977436244,0.9776957159703763,0.01832653584572981,0.027265323953771667,0.11344932482545424
structural_last_o,structural,5,55,0,199,4,0.9525381995885065,0.9706475247454794,0.028241789234129663,0.015448459958468972,0.07569061743512406
structural_last_o,structural,5,56,0,199,4,0.9762627904299497,0.9954914661563676,0.06580071405882713,0.06653112923369466,0.14588197191985172
structural_last_o,structural,5,57,0,199,4,0.8724396551196842,0.6363826737183027,0.08139792761478072,0.26546445042289396,0.1151380796307002
structural_last_o,structural,5,58,0,199,4,0.9539922015063916,0.9678571706664119,0.023666016905764073,0.019910406715467337,0.11180387793873095
structural_last_o,structural,5,59,0,199,4,0.951973650513993,0.9536971265978296,0.041445643357249186,0.1032812779635645,0.08885420561489758
structural_last_o,structural,5,60,0,199,4,0.7783631814622899,0.7428184989771436,0.24264643162689892,0.11769611502339075,0.11375243968371898
structural_last_o,structural,5,61,0,199,4,0.9920875356276306,0.9957233953810157,0.03348120655517688,0.07618953215755954,0.07395856695554848
structural_last_o,structural,5,62,0,199,4,0.9883625545712179,0.9954623110394225,0.026434636828978817,0.06576542072620552,0.08729536682847878
structural_last_o,structural,5,63,0,199,4,0.8427339843564984,0.8523870303789923,0.03574325336185001,0.39830063683061606,0.024378615347187774
structural_last_o,structural,5,64,0,199,4,0.9500981458024769,0.9681559076087609,0.04617933558584142,0.10386991650882574,0.045033322914671416
structural_last_o,structural,5,65,0,199,4,0.9362963693878595,0.9405064072333357,0.09149595830202642,0.05802211419644077,0.13700522089305608
structural_last_o,structural,5,66,0,199,4,0.9152810877816414,0.933887493588603,0.06726704507061486,0.15262779522113215,0.04815101310103594
structural_last_o,structural,5,67,0,199,4,0.8511139069519763,0.954624276771899,0.07071243172051594,0.0988156617745004,0.15696709698279046
structural_last_o,structural,5,68,0,199,4,0.8665375948451419,0.9594949635487537,0.07619932210455062,0.2047325942115002,0.016887495857046617
structural_last_o,structural,5,69,0,199,4,0.9559430830878898,0.9706464050839363,0.04217524176715781,0.07100777298655449,0.11323282501246035
structural_last_o,structural,5,70,0,199,4,0.895620507754738,0.8397789105797452,0.10071321130388049,0.1539333775499279,0.07595043297094939
structural_last_o,structural,5,71,0,199,4,0.8679470610235891,0.8711033460828853,0.058685088332155036,0.11341978673112904,0.09097596856160613
structural_last_o,structural,5,72,0,199,4,0.8041247242847631,0.8445299439314825,0.09954562415305007,0.26099392167110114,0.03247595175307938
structural_last_o,structural,5,73,0,199,4,0.9308021056282754,0.9200160956893154,0.14642888291128833,0.11897595419864698,0.0992465110715261
structural_last_o,structural,5,74,0,199,4,0.9025059362704486,0.9737940562749686,0.04686444669326896,0.03195556198462734,0.10799337038700292
structural_last_o,structural,5,75,0,199,4,0.9791130198275988,0.9609365766817451,0.02691943778315316,0.030052714214382062,0.14181165862097767
structural_last_o,structural,5,76,0,199,4,0.9356294213721509,0.9315444310175732,0.04780187471803105,0.44948662766551495,0.19446600527434665
structural_last_o,structural,5,77,0,199,4,0.9400362035623171,0.9334422148034314,0.032046948082406226,0.07694502758934822,0.09543599574800077
structural_last_o,structural,5,78,0,199,4,0.9435137491375244,0.9506038305509266,0.06012429208033161,0.08485124330539928,0.1691780600454913
structural_last_o,structural,5,79,0,199,4,0.9752214804117271,0.9925388045164186,0.02698917945157832,0.10005578337665737,0.043994091733705505
structural_last_o,structural,5,80,0,199,4,0.9763353660031151,0.9738283822825483,0.036945725393769106,0.05850913546470797,0.1400363042923351
structural_last_o,structural,5,81,0,199,4,0.9209826002691187,0.7744986987984492,0.3481670573632445,0.05445645726390391,0.045033319126690466
structural_last_o,structural,5,82,0,199,4,0.956533669170312,0.9804445280719043,0.0704001854566877,0.17105080608911777,0.06070837736490238
structural_last_o,structural,5,83,0,199,4,0.8460337554262205,0.7564721614707692,0.022364202667872597,0.3770856995173336,0.05629165006333167
structural_last_o,structural,5,84,0,199,4,0.9369315828890487,0.929143526481196,0.14058935964382696,0.2091099958886132,0.10444266125489654
structural_last_o,structural,5,85,0,199,4,0.9507337407448645,0.9382146080854308,0.12135746871782269,0.0573338993309325,0.16584386809558158
structural_last_o,structural,5,86,0,199,4,0.9763057497887045,0.9792164238552551,0.03746334230506233,0.06747003762833984,0.09560920116259461
structural_last_o,structural,5,87,0,199,4,0.9151188940865644,0.8652401064835856,0.04822946194246542,0.07126970563124198,0.07963103496482905
structural_last_o,structural,5,88,0,199,4,0.8834908878800036,0.9759972866000538,0.022137814971809087,0.026281870078453694,0.05789380017664733
structural_last_o,structural,5,89,0,199,4,0.9406728967651397,0.9410392393767991,0.010928190434029452,0.05169635564289165,0.13215547133723096
structural_last_o,structural,5,90,0,199,4,0.9569869628437654,0.8233201689257502,0.2649419882408319,0.3135801393642542,0.07192340501741618
structural_last_o,structural,5,91,0,199,4,0.9798901379802424,0.9929921464338045,0.030142368553313263,0.07304321450736084,0.08794487665821327
structural_last_o,structural,5,92,0,199,4,0.9502702665534302,0.8839100232831129,0.027182254365962586,0.0842051037336873,0.09993932881950772
structural_last_o,structural,5,93,0,199,4,0.9459925641660446,0.9704212872218468,0.021589669878760955,0.029754757442339484,0.2055944307925908
structural_last_o,structural,5,94,0,199,4,0.9270866272777275,0.9585886542818741,0.1379759021360737,0.2711654173037277,0.030743901818063454
structural_last_o,structural,5,95,0,199,4,0.9530163098484509,0.9786793136848936,0.06650341103553899,0.09398760589710195,0.10076205597639804
structural_last_o,structural,5,96,0,199,4,0.983772482503771,0.9884433228311142,0.04121364557932287,0.0606830881026319,0.10491897498955483
structural_last_o,structural,5,97,0,199,4,0.9158372097352748,0.9391679370251311,0.056811481583202345,0.20635372518352535,0.061747609853953396
structural_last_o,structural,5,98,0,199,4,0.9760486385920837,0.9792360780759903,0.06695868402841147,0.14049584557473976,0.10024244327174017
structural_last_o,structural,5,99,0,199,4,0.7592874232902015,0.6860340980288736,0.027195771128867098,0.038691324156717236,0.08963362981692818
structural_last_o,structural,10,0,0,99,4,0.9219939312672613,0.9219250633216167,0.04206291324168031,0.03298232642171757,0.22295823792949226
structural_last_o,structural,10,1,0,99,4,0.9325872169360588,0.9290085922783312,0.09435861653218315,0.08678873721141875,0.1989693339687249
structural_last_o,structural,10,2,0,99,4,0.9454718742304443,0.9496678976592908,0.06297425774929329,0.08937197492839245,0.21854151193203708
structural_last_o,structural,10,3,0,99,4,0.9501426670400775,0.9532258410333198,0.029312514269495573,0.057158816136588984,0.25552078585575055
structural_last_o,structural,10,4,0,99,4,0.9743178901958598,0.9760442722364351,0.04558297962487392,0.07177041917222005,0.17614956410704324
structural_last_o,structural,10,5,0,99,4,0.9434531943677545,0.9473613307145768,0.0550490754160685,0.057046440597448726,0.17372469181419647
structural_last_o,structural,10,6,0,99,4,0.939413678888378,0.9371131234295322,0.04691162791773359,0.04914112212366987,0.30743900713551453
structural_last_o,structural,10,7,0,99,4,0.8511380160256706,0.8452948834225,0.035593003730684115,0.5652151523129808,0.17147302580083926
structural_last_o,structural,10,8,0,99,4,0.9682653468658863,0.971610534534851,0.046711785886292725,0.04309764353575423,0.3193035587183002
structural_last_o,structural,10,9,0,99,4,0.7932228412892701,0.7899052006280155,0.22796215652604862,0.08649664525290263,0.15319988797738468
structural_last_o,structural,10,10,0,99,4,0.9506516755518877,0.9551199392869579,0.0584210101231254,0.07763965254955957,0.19827650870456612
structural_last_o,structural,10,11,0,99,4,0.8332007707336643,0.8276836813036658,0.1260428217292825,0.17183217543004006,0.06209402399501402
structural_last_o,structural,10,12,0,99,4,0.9349780413430656,0.9373214857875044,0.03670375883016228,0.052659859132603154,0.1736380886504333
structural_last_o,structural,10,13,0,99,4,0.9693481447816109,0.9721518538394822,0.03028771711402534,0.025537049928386256,0.25274951718049965
structural_last_o,structural,10,14,0,99,4,0.947777369979341,0.9497067865974091,0.03257139009191106,0.025933899142730584,0.1859356443661875
structural_last_o,structural,10,15,0,99,4,0.8938372396483927,0.893515094201484,0.030838258503199985,0.032941917282031725,0.20594084121132283
structural_last_o,structural,10,16,0,99,4,0.9184305283094795,0.9167032435633387,0.03211216470877371,0.04449945364305098,0.1505152144400359
structural_last_o,structural,10,17,0,99,4,0.9249303397708488,0.9320132268078724,0.04255500798498648,0.033531450186277664,0.18615215896930337
structural_last_o,structural,10,18,0,99,4,0.9857955803505543,0.9867833770019343,0.03592946028621214,0.10557510586165675,0.161427133882577
structural_last_o,structural,10,19,0,99,4,0.8822094436732252,0.8888299888483919,0.04097721216265872,0.1011320176730732,0.22317473967498516
structural_last_o,structural,10,20,0,99,4,0.9421941201897442,0.9423725905666145,0.09383149230208805,0.08228490467777551,0.22542641411158196
structural_last_o,structural,10,21,0,99,4,0.9628894940984956,0.9637036854502924,0.049185785393770526,0.1647567304838175,0.21282574481437724
structural_last_o,structural,10,22,0,99,4,0.9175334730856227,0.925039389606607,0.055161512755201765,0.18354789576287978,0.2579889616440838
structural_last_o,structural,10,23,0,99,4,0.8127356304408384,0.8154959018836933,0.05098001863074282,0.6942540180694544,0.10063214681596792
structural_last_o,structural,10,24,0,99,4,0.9667462564263152,0.9682761103369681,0.04719374160226367,0.06220449905310419,0.18641196257898246
structural_last_o,structural,10,25,0,99,4,0.9630172160500046,0.9701350233911014,0.07006174788691436,0.07344483382560442,0.2692905973242032
structural_last_o,structural,10,26,0,99,4,0.9371121081097149,0.9368753853497782,0.041478293974634026,0.29630789646099576,0.1585259472459197
structural_last_o,structural,10,27,0,99,4,0.9374756513957748,0.937860184965372,0.09386607048326358,0.08688503898070349,0.15605777229370843
structural_last_o,structural,10,28,0,99,4,0.9610204177642225,0.9624861511551084,0.04134672700978444,0.04900636853861053,0.2285440981535244
structural_last_o,structural,10,29,0,99,4,0.9474566423822037,0.9557150640338073,0.045426933555900474,0.05004926532617505,0.19082869581010248
structural_last_o,structural,10,30,0,99,4,0.9365661269463624,0.9366462562974222,0.03573215431915349,0.11279165986655276,0.16047450944707994
structural_last_o,structural,10,31,0,99,4,0.9310413588962595,0.9317665066536099,0.08129637786625592,0.11357753686615697,0.15198746150871026
structural_last_o,structural,10,32,0,99,4,0.9532023764365718,0.9555336275135691,0.03686798898234019,0.04261723086496069,0.1804796964877917
structural_last_o,structural,10,33,0,99,4,0.9446812523779162,0.9511089382282153,0.06282051826964576,0.060852060242259316,0.20303964964743687
structural_last_o,structural,10,34,0,99,4,0.8843875681614312,0.8799811979700417,0.06899086693923992,0.08695789061912618,0.22546971800735915
structural_last_o,structural,10,35,0,99,4,0.9209416687599215,0.920452308143363,0.08106105021228363,0.10846502467688195,0.19234424602479686
structural_last_o,structural,10,36,0,99,4,0.9179377135590716,0.9214191671167273,0.06507794251424082,0.10177914880821796,0.21693936325154034
structural_last_o,structural,10,37,0,99,4,0.9264555693397227,0.9258126336156386,0.030347421826845963,0.03162099673034149,0.1797435735152395
structural_last_o,structural,10,38,0,99,4,0.950402830372541,0.9509055325049779,0.04046098039475514,0.06002908391359235,0.2582920738503251
structural_last_o,structural,10,39,0,99,4,0.973376808943162,0.9758784255239461,0.05303592637666775,0.058606440129410464,0.2048150047566659
structural_last_o,structural,10,40,0,99,4,0.9561471409451746,0.9557726392264813,0.04347336652376486,0.07291926391766336,0.26924728552194255
structural_last_o,structural,10,41,0,99,4,0.9556285809499167,0.9604627931095329,0.044851282000499024,0.05520781255099538,0.2186714078154971
structural_last_o,structural,10,42,0,99,4,0.95216001001988,0.9532324645346664,0.4689551520709845,0.10648958852612121,0.23434647136022718
structural_last_o,structural,10,43,0,99,4,0.9691982519936597,0.9725667293809247,0.08093995995501248,0.11893248784811779,0.13535976895827817
structural_last_o,structural,10,44,0,99,4,0.9276655242752204,0.9348700316451767,0.038457059281784826,0.0710765749550654,0.17493712886257767
structural_last_o,structural,10,45,0,99,4,0.9736268626861521,0.9755809363422493,0.05397764964913778,0.17078533378507968,0.16233645770391514
structural_last_o,structural,10,46,0,99,4,0.9312095633350322,0.9282315618946143,0.030028149600042395,0.05403239936574377,0.29250007852273
structural_last_o,structural,10,47,0,99,4,0.9220696937528327,0.9215744909127,0.07479494479809624,0.07456043523361025,0.20503151119364743
structural_last_o,structural,10,48,0,99,4,0.9463425203480229,0.9480650776258838,0.0499162952834429,0.3204122871846116,0.14484274614371695
structural_last_o,structural,10,49,0,99,4,0.9441031530217378,0.9467854063936184,0.039389654052958425,0.03917402705798976,0.1480470429866748
structural_last_o,structural,10,50,0,99,4,0.9426261747341325,0.9481118531711834,0.0681635007481199,0.06764255193235756,0.2537887397241777
structural_last_o,structural,10,51,0,99,4,0.9708374994949127,0.97330554512366,0.06112849236683524,0.28186632824329505,0.1443664342418086
structural_last_o,structural,10,52,0,99,4,0.9582652039425794,0.9616463446237578,0.0549470085333492,0.06300687522486383,0.2617128652069168
structural_last_o,structural,10,53,0,99,4,0.8944846926875359,0.9013469676286072,0.051533698140908524,0.11252979111299793,0.15068841868094796
structural_last_o,structural,10,54,0,99,4,0.9587150675209043,0.960876415870791,0.05209782456002065,0.1395639353884902,0.26327171536307237
structural_last_o,structural,10,55,0,99,4,0.9290237069790136,0.9331569691820112,0.07633576874587897,0.15409974320216585,0.19364327582687949
structural_last_o,structural,10,56,0,99,4,0.9072531524392069,0.9087087808671027,0.046673297617710954,0.35117909933209673,0.2731444141545642
structural_last_o,structural,10,57,0,99,4,0.9557004735947554,0.9583970645739965,0.03614418287247025,0.064845185556757,0.20403558116469778
structural_last_o,structural,10,58,0,99,4,0.9426957540912955,0.9438184642033814,0.06673033316379676,0.09206677037501358,0.24092827268282888
structural_last_o,structural,10,59,0,99,4,0.9296699992848526,0.937022890492535,0.15428241344955576,0.1896519832663727,0.18983277286036818
structural_last_o,structural,10,60,0,99,4,0.8857714145842276,0.8812999132515221,0.059691095859804005,0.06583635487386677,0.3285267227851788
structural_last_o,structural,10,61,0,99,4,0.8839961992813111,0.8779714408516095,0.16476039043478907,0.22831390315504874,0.23988903726075536
structural_last_o,structural,10,62,0,99,4,0.9352042312881306,0.9364810764746863,0.06065656374902719,0.06328782221076928,0.22074986505280594
structural_last_o,structural,10,63,0,99,4,0.8626687140654422,0.8525714746561286,0.05908903751304448,0.41010010799316265,0.13878056486300516
structural_last_o,structural,10,64,0,99,4,0.9388901443184163,0.9392392819959401,0.0418601996045107,0.05495112016876616,0.22157259113142896
structural_last_o,structural,10,65,0,99,4,0.9076700739165462,0.9063721002179752,0.04623976545200265,0.042120517672920285,0.30800193469306036
structural_last_o,structural,10,66,0,99,4,0.9366474417061534,0.9393869149025242,0.0640985814234321,0.08222702388458841,0.1808261103077404
structural_last_o,structural,10,67,0,99,4,0.9420334039375914,0.9401707757201025,0.052438351670804226,0.08472549407509052,0.16839863800964472
structural_last_o,structural,10,68,0,99,4,0.9480032722710138,0.9503660381047154,0.1848821779936296,0.16340146716875592,0.06477869758645456
structural_last_o,structural,10,69,0,99,4,0.9545891618622548,0.9586253529224928,0.029648510581152733,0.028842145180236665,0.24006224390038391
structural_last_o,structural,10,70,0,99,4,0.9827872454729748,0.982460892912881,0.052019991813641475,0.09420955123351243,0.17775170804783755
structural_last_o,structural,10,71,0,99,4,0.9442543783165737,0.9463045614162168,0.0239361137757924,0.025584274602049758,0.19178132473383924
structural_last_o,structural,10,72,0,99,4,0.945499300421044,0.9454349457178853,0.08399807785699552,0.06331846224361794,0.2999912058745473
structural_last_o,structural,10,73,0,99,4,0.9303062182465481,0.9263329760596815,0.024415570774374184,0.025928145051796185,0.3086947428177156
structural_last_o,structural,10,74,0,99,4,0.8752460069689394,0.8739341734805549,0.07905315829338615,0.09096190920430697,0.18970286505906578
structural_last_o,structural,10,75,0,99,4,0.9627770357024197,0.9675452633955149,0.0466327871738498,0.07150005429796354,0.23949932252950742
structural_last_o,structural,10,76,0,99,4,0.9652380217799665,0.9675663265202167,0.03413830749163683,0.04008848003368913,0.3505670686536262
structural_last_o,structural,10,77,0,99,4,0.9550860421189107,0.9663930309885058,0.04131450344469108,0.03604666292066437,0.1996188494418328
structural_last_o,structural,10,78,0,99,4,0.9441093588859899,0.9473495138038034,0.23818764540537832,0.26038362534378945,0.22962663529181443
structural_last_o,structural,10,79,0,99,4,0.8504357758338537,0.8475634667268401,0.06728979446304183,0.10735330564213273,0.17502373145411454
structural_last_o,structural,10,80,0,99,4,0.8792884818329911,0.885141879004221,0.044945251632246164,0.07034237761350731,0.17017398935512448
structural_last_o,structural,10,81,0,99,4,0.9107832810809765,0.9125362502235189,0.038131411456437864,0.07686162713075251,0.13921357949382152
structural_last_o,structural,10,82,0,99,4,0.9236345927053489,0.9223125174536512,0.02836906066984127,0.1308492560371982,0.3212521174728358
structural_last_o,structural,10,83,0,99,4,0.8833254875399505,0.8842440494504598,0.05663125107037606,0.10387204140853815,0.2107039904483011
structural_last_o,structural,10,84,0,99,4,0.9504000646038266,0.9513878422198953,0.05942244904543888,0.04755467690505444,0.3175282121854782
structural_last_o,structural,10,85,0,99,4,0.9057071230299643,0.9066524791900069,0.07901237113686403,0.06295468512722543,0.276392005942934
structural_last_o,structural,10,86,0,99,4,0.950071284926381,0.954487179992137,0.057444785445108525,0.04138017066351497,0.21633314170762702
structural_last_o,structural,10,87,0,99,4,0.9687188498278061,0.9717588287649948,0.05841825338369823,0.08847981916246991,0.10344673763364358
structural_last_o,structural,10,88,0,99,4,0.9514291313789347,0.954264323997001,0.061685332226399575,0.07493679731122771,0.2683379679425612
structural_last_o,structural,10,89,0,99,4,0.9193333010079595,0.9156824649210967,0.04701425397086151,0.04063958379102881,0.25950451545376557
structural_last_o,structural,10,90,0,99,4,0.8640317474099032,0.8702214709046936,0.04745419951707209,0.33942142937146674,0.1406425225808392
structural_last_o,structural,10,91,0,99,4,0.9464694621828362,0.9460072950062822,0.032927435265208305,0.05157636874939898,0.3636007594807221
structural_last_o,structural,10,92,0,99,4,0.8844286806404594,0.9130576685442169,0.042644934955859186,0.05638956483779781,0.14765732356517303
structural_last_o,structural,10,93,0,99,4,0.9495436215628499,0.9460175324569873,0.07556099712358864,0.07884439537053416,0.24118807281879573
structural_last_o,structural,10,94,0,99,4,0.9264683476568017,0.9341835364738639,0.06780815091641207,0.09021804722793125,0.12929759108208144
structural_last_o,structural,10,95,0,99,4,0.9260503858327203,0.9258491374507172,0.06999054586288898,0.18586334421971262,0.17485052074509597
structural_last_o,structural,10,96,0,99,4,0.9498792851153319,0.9550205931574577,0.12362855919678431,0.11165735484368612,0.20615734505002187
structural_last_o,structural,10,97,0,99,4,0.9508194113276044,0.9561352353872807,0.030677893850721925,0.06900431075324517,0.18740789588102935
structural_last_o,structural,10,98,0,99,4,0.9618599152132857,0.9650511302094479,0.0872952999193363,0.10069808807352443,0.1913916124110917
structural_last_o,structural,10,99,1,99,4,0.9344614743178267,0.9353808263461015,0.04522561039463517,0.04603112119872251,0.2540918533368539
structural_last_o,structural,20,0,0,49,4,0.941860105024905,0.9424525743568409,0.031768683044907445,0.06045254567671963,0.2744867478274815
structural_last_o,structural,20,1,0,49,4,0.9488313404253355,0.9499293358931874,0.04034413144344182,0.037571953411046306,0.3132846845378849
structural_last_o,structural,20,2,0,49,4,0.9325718388859086,0.93270996008027,0.040059381673671034,0.04371933431070808,0.2464708250001702
structural_last_o,structural,20,3,0,49,4,0.9178509412591587,0.9177795167421684,0.033696781751602296,0.03284198424819203,0.3359312332686788
structural_last_o,structural,20,4,0,49,4,0.9278899235258181,0.9285484937632876,0.03925442450346989,0.04390721406845504,0.3193035587183002
structural_last_o,structural,20,5,0,49,4,0.9044646447418739,0.905341484367654,0.2979774756644869,0.11335606122390227,0.21698265600638966
structural_last_o,structural,20,6,0,49,4,0.9395086868246132,0.9400571083310274,0.022698865234133482,0.02278206668061937,0.3023294706293026
structural_last_o,structural,20,7,0,49,4,0.9276010525426592,0.9281140914125854,0.028601994992874028,0.03243843814555909,0.2555207906395856
structural_last_o,structural,20,8,0,49,4,0.9012846639053987,0.9023152474345055,0.02255310176964377,0.031725074116096284,0.25565069703158055
structural_last_o,structural,20,9,0,49,4,0.9618043178364596,0.9627364800984126,0.04273784760754283,0.0505075709819556,0.30518734121610086
structural_last_o,structural,20,10,0,49,4,0.9634692253199612,0.9637649640086045,0.05830271344174377,0.1282747758990421,0.256863132090642
structural_last_o,structural,20,11,0,49,4,0.9042749633649277,0.9059152247510904,0.06034611039881135,0.06404583092084598,0.26301190664354934
structural_last_o,structural,20,12,0,49,4,0.9598334612899501,0.9606142916436216,0.04848014461792581,0.10612782608791749,0.3283102205347343
structural_last_o,structural,20,13,0,49,4,0.9429041514970264,0.9432604843501458,0.06450316752688215,0.0821468166569962,0.25058444647364725
structural_last_o,structural,20,14,0,49,4,0.9601057455705903,0.9610271793548008,0.03997511565869963,0.042950512010849436,0.31129282872752756
structural_last_o,structural,20,15,0,49,4,0.9450040906799108,0.9457930171154775,0.04504787592684385,0.05563271619703093,0.22538311654008347
structural_last_o,structural,20,16,0,49,4,0.9558070645939539,0.9569463673346884,0.060517177650338594,0.055828806724876556,0.27258149404590815
structural_last_o,structural,20,17,0,49,4,0.9109476986049707,0.9117716974915494,0.07005135325791084,0.0904790429823071,0.2735774303315889
structural_last_o,structural,20,18,0,49,4,0.9320887117066448,0.9329028571355868,0.04169694771192412,0.04819047012306425,0.27929319436826655
structural_last_o,structural,20,19,0,49,4,0.9518263811151567,0.9526798223850007,0.03549100836076423,0.05753589896158242,0.31285167633446087
structural_last_o,structural,20,20,0,49,4,0.9523581767125535,0.9528022423199968,0.10421098980969365,0.08600923380377992,0.3160992596998821
structural_last_o,structural,20,21,0,49,4,0.9447863911259146,0.945321495841302,0.05590921762662297,0.06045542563235633,0.2976962280988166
structural_last_o,structural,20,22,0,49,4,0.9446647900554969,0.9457256006882927,0.05972904206919685,0.09168906284270208,0.24317993093089918
structural_last_o,structural,20,23,0,49,4,0.9270242870142292,0.9273488543233208,0.031367269112093706,0.043675189365562854,0.32549564219983124
structural_last_o,structural,20,24,0,49,4,0.9517500589537248,0.9524816428640657,0.05557966668077659,0.07289046104192046,0.2079759953353743
structural_last_o,structural,20,25,0,49,4,0.9574051787463168,0.9582793835607212,0.062085426612501445,0.42072281479907553,0.2844893448242578
structural_last_o,structural,20,26,0,49,4,0.9419435351173107,0.9430198804574977,0.05333885258313775,0.05579991798068978,0.2722783748979676
structural_last_o,structural,20,27,0,49,4,0.9381649753765756,0.9386810860404664,0.06590673458625532,0.06474105483057611,0.3211222095647962
structural_last_o,structural,20,28,0,49,4,0.9523660432074341,0.952933562387234,0.03283033548659754,0.033025437513524714,0.31458372029059517
structural_last_o,structural,20,29,0,49,4,0.9312750237227904,0.9317011847817033,0.06412347005249329,0.080921962918319,0.25720955346924107
structural_last_o,structural,20,30,0,49,4,0.8951528887285246,0.8946894625345404,0.06838568628666426,0.05617245303433348,0.353338358169664
structural_last_o,structural,20,31,0,49,4,0.9056539813485508,0.9052452596849094,0.06368243237712179,0.06474696852993414,0.3485752063439583
structural_last_o,structural,20,32,0,49,4,0.934791514147173,0.9349426986771899,0.04064200045138128,0.040573160754576856,0.3626914314149276
structural_last_o,structural,20,33,0,49,4,0.9479241418101995,0.9485676207643378,0.055880473163035314,0.061364761785787016,0.2607602547949414
structural_last_o,structural,20,34,0,49,4,0.9450099673027532,0.9455016396651204,0.06503301714991665,0.06892467782101924,0.26244899599077803
structural_last_o,structural,20,35,0,49,4,0.974211943523689,0.9743477242020255,0.04426979852800997,0.0476379237929786,0.23880650035395878
structural_last_o,structural,20,36,0,49,4,0.9528265966354962,0.9531903324647445,0.032135931161488065,0.026235767878810365,0.37130839139079747
structural_last_o,structural,20,37,0,49,4,0.9315573844210724,0.9319162715559005,0.0702988808117825,0.07447697373136386,0.2777776464893642
structural_last_o,structural,20,38,0,49,4,0.9655225892696332,0.9668072527124648,0.034008946076497654,0.06952716180220045,0.3541177751284301
structural_last_o,structural,20,39,0,49,4,0.9256552313079423,0.9265211067684461,0.05057230945360529,0.04741476102384309,0.2415777881062108
structural_last_o,structural,20,40,0,49,4,0.8903297089245769,0.8914430290042502,0.08770187783155639,0.08966720655274427,0.23768066671872964
structural_last_o,structural,20,41,0,49,4,0.9137329425153523,0.9142724714465535,0.03438893978743094,0.03766800469671741,0.36589573237985773
structural_last_o,structural,20,42,0,49,4,0.9474657462090074,0.9479657872230322,0.059999046077139795,0.06788486547344798,0.3857710192256495
structural_last_o,structural,20,43,0,49,4,0.9340297480848168,0.9354669971019741,0.03479592533217643,0.039061739238790125,0.2740970391897054
structural_last_o,structural,20,44,0,49,4,0.9395392974767469,0.9396748824454098,0.04041982959240656,0.04432595081684004,0.3459338429524856
structural_last_o,structural,20,45,0,49,4,0.916260169885243,0.916595888535312,0.04766873050869048,0.05746749718192616,0.37879950589000616
structural_last_o,structural,20,46,0,49,4,0.9103078068759705,0.9127795453258252,0.05535524638422143,0.057865485314644374,0.2789900740828998
structural_last_o,structural,20,47,0,49,4,0.9112874699226099,0.9124361162699519,0.05191020955163033,0.23349595748472632,0.21265252800882728
structural_last_o,structural,20,48,0,49,4,0.9459967755385723,0.9470553366146061,0.04291457408379506,0.04718805670316486,0.2744001463767595
structural_last_o,structural,20,49,1,49,4,0.9462942064088995,0.9464966682145157,0.02263262766153268,0.029739152898588264,0.27950969377003954
structural_last_o,structural,20,50,1,49,4,0.8900862234294427,0.8908851156132855,0.0824667303835563,0.09417665988600857,0.22824099847782006
structural_last_o,structural,20,51,1,49,4,0.94097366350022,0.9419318797677887,0.027522554081965883,0.022608789516660902,0.28994530260250995
structural_last_o,structural,20,52,1,49,4,0.9372890617008258,0.9381648143272399,0.027496685728486917,0.03519673470068829,0.28912257846713235
structural_last_o,structural,20,53,1,49,4,0.9329489094348108,0.9336469847668205,0.043645827308954874,0.04009432631990675,0.3185241483271977
structural_last_o,structural,20,54,1,49,4,0.9189994568138141,0.9194095833183739,0.05941140051761691,0.05290255449718945,0.22252522158083518
structural_last_o,structural,20,55,1,49,4,0.9497071447890617,0.9506383372408357,0.04530015952032415,0.043773548267315034,0.22707186664378523
structural_last_o,structural,20,56,1,49,4,0.9245957142488181,0.924955306966324,0.04550803550044084,0.047367284948386386,0.3238501886146323
structural_last_o,structural,20,57,1,49,4,0.9392342679017369,0.9401092401960663,0.04075534868374222,0.03795316680794256,0.29479503910269333
structural_last_o,structural,20,58,1,49,4,0.8868683996822994,0.8871743980168425,0.044064092937119284,0.0544859407391797,0.22529650904764012
structural_last_o,structural,20,59,1,49,4,0.9424894898966707,0.9434334891382974,0.10261383561803546,0.04555981066388102,0.28505224754207104
structural_last_o,structural,20,60,1,49,4,0.927585693652522,0.9282777058985748,0.03461111853610008,0.04213964280041918,0.29081132422081885
structural_last_o,structural,20,61,1,49,4,0.9361279278567364,0.9361336800348704,0.07254241787416589,0.07840596885141608,0.2792931950616107
structural_last_o,structural,20,62,1,49,4,0.9453577715947343,0.9460130613895925,0.04957032405536193,0.047260023997178255,0.35359817404363214
structural_last_o,structural,20,63,1,49,4,0.8894865737738957,0.8894614961075582,0.06493746162183767,0.067267862890497,0.3138476082829364
structural_last_o,structural,20,64,1,49,4,0.9131854813091175,0.9138887127581476,0.05078263251050043,0.05796821365859976,0.19385978073410534
structural_last_o,structural,20,65,1,49,4,0.9377836059794196,0.9388976665957846,0.040639834176104415,0.042778578647672594,0.2766085129376023
structural_last_o,structural,20,66,1,49,4,0.9235547770518685,0.9239972373287775,0.044094252587091376,0.07490531558812158,0.2808520342992089
structural_last_o,structural,20,67,1,49,4,0.9733482708312202,0.9740449827741556,0.03978387143398375,0.04566783353370569,0.36186871291462414
structural_last_o,structural,20,68,1,49,4,0.946854292894876,0.9474985923203595,0.03496471082785782,0.04456760017447876,0.26162627290647056
structural_last_o,structural,20,69,1,49,4,0.9477238188336832,0.9479062591161521,0.05072428795605974,0.055472297047728956,0.36394716176677216
structural_last_o,structural,20,70,1,49,4,0.9161381158088328,0.9169677105021871,0.028562560365055778,0.027160881733467708,0.28873287002576675
structural_last_o,structural,20,71,1,49,4,0.9612408689392421,0.9621417429033585,0.03534609529927349,0.05309448089176824,0.2989086699530231
structural_last_o,structural,20,72,1,49,4,0.9365098119640501,0.937723614911444,0.04999926392698909,0.0531703335495497,0.27054633179088605
structural_last_o,structural,20,73,1,49,4,0.9648645645067832,0.9662632151413819,0.043947650348389475,0.049609010731474244,0.2713690612848235
structural_last_o,structural,20,74,1,49,4,0.9221390632623725,0.9237622776496082,0.04494308836713696,0.04546374642218863,0.3101236920321637
structural_last_o,structural,20,75,1,49,4,0.9292543151441943,0.9304552233429222,0.04981707207929057,0.04853309649836632,0.3198664769129109
structural_last_o,structural,20,76,1,49,4,0.9327866457921892,0.9334675524786912,0.03086610953844681,0.03769880749463327,0.3064863848323397
structural_last_o,structural,20,77,1,49,4,0.9357993739940127,0.9361484063497786,0.041030547793051625,0.0392783501436151,0.25617031325681056
structural_last_o,structural,20,78,1,49,4,0.9141398012387074,0.9135714200601428,0.07704351132015133,0.07680205514317892,0.2358620163138972
structural_last_o,structural,20,79,1,49,4,0.9480707797213416,0.9485319270541491,0.04341031468611059,0.03520578050845055,0.29596417782213247
structural_last_o,structural,20,80,1,49,4,0.9272897582541355,0.9276812788671412,0.06995992651036306,0.10793727083417559,0.28561517314985485
structural_last_o,structural,20,81,1,49,4,0.9197201407638677,0.9204829024343196,0.05879620919157841,0.1185798263592765,0.28461923959293917
structural_last_o,structural,20,82,1,49,4,0.9542042396078768,0.9553682647286817,0.05307799503721933,0.05166673583730636,0.3117691385111928
structural_last_o,structural,20,83,1,49,4,0.9033002155650839,0.9027711040196502,0.07844206882066673,0.11741605223561628,0.29488163991395744
structural_last_o,structural,20,84,1,49,4,0.9516600975050916,0.9520334115251238,0.036893626719177244,0.0355487204774577,0.31371769934258426
structural_last_o,structural,20,85,1,49,4,0.9581444393697267,0.9586264471503928,0.06346156799510841,0.06222131811703188,0.259721015736199
structural_last_o,structural,20,86,1,49,4,0.9681398460344721,0.9685287818635544,0.04190315028274746,0.0361652614485615,0.34753599366279836
structural_last_o,structural,20,87,1,49,4,0.949177045538139,0.950262630233367,0.03521261479272796,0.032150076722063756,0.27652190796726284
structural_last_o,structural,20,88,1,49,4,0.9587340408249203,0.9594514438416649,0.04415899343031254,0.05957699452327803,0.2885596541740661
structural_last_o,structural,20,89,1,49,4,0.9417105474267645,0.9422238551555553,0.04020368903414631,0.06168399872929024,0.24989162476845247
structural_last_o,structural,20,90,1,49,4,0.9092877278085774,0.9094295279423298,0.03845985851681147,0.04848487518404326,0.25902819816571265
structural_last_o,structural,20,91,1,49,4,0.9388389193786946,0.9395440552086726,0.05935318861004482,0.0546571563956921,0.36754119214956055
structural_last_o,structural,20,92,1,49,4,0.929120811113655,0.9301885813695824,0.04340510713248712,0.04183609741233623,0.3092576717014762
structural_last_o,structural,20,93,1,49,4,0.9162431177014504,0.916074254844277,0.03233292977129928,0.032947404031294064,0.3584912024173283
structural_last_o,structural,20,94,1,49,4,0.945086925408141,0.9466523807949259,0.04377885844640828,0.048118185184158,0.2623623949080144
structural_last_o,structural,20,95,1,49,4,0.9549692788842997,0.9554042276830411,0.054766279965684554,0.07328045547108843,0.3484020128648579
structural_last_o,structural,20,96,1,49,4,0.9224352637088745,0.9218960665453002,0.03589318479642848,0.03717603214016006,0.3280937139115245
structural_last_o,structural,20,97,1,49,4,0.9050473563360342,0.905299478968356,0.04586480038435177,0.047458740443397845,0.28215106871437773
structural_last_o,structural,20,98,2,49,4,0.9519883882304553,0.9524052633287711,0.03274746129420448,0.03308033048043722,0.22014366466157698
structural_last_o,structural,20,99,2,49,4,0.9122644818196861,0.9127137386741527,0.04046819318657198,0.033379211401866685,0.30943086811587733
structural_last_o,structural,50,0,0,19,4,0.9443275078824038,0.9444110905438555,0.029108399851546105,0.030387147552962505,0.3620419105554278
structural_last_o,structural,50,1,0,19,4,0.9319542322935066,0.9320527706064743,0.02645857069482293,0.027114458762987157,0.38113776319429926
structural_last_o,structural,50,2,0,19,4,0.929245684698483,0.9293402054276599,0.029388618276524905,0.02832737483071371,0.34017478099179504
structural_last_o,structural,50,3,0,19,4,0.9302346324952493,0.9303918423857953,0.02406183040642816,0.02556009289215886,0.34350897162765837
structural_last_o,structural,50,4,0,19,4,0.9475596000363594,0.9476299919603898,0.03563931056644258,0.2363890695157384,0.36459668340747425
structural_last_o,structural,50,5,0,19,4,0.9522511852370943,0.9523631585126705,0.03306992242428017,0.0327508346608376,0.3671514707987269
structural_last_o,structural,50,6,0,19,4,0.9395990451718236,0.9397784725859313,0.03851853570086203,0.03756035600838828,0.3490515385523585
structural_last_o,structural,50,7,0,19,4,0.9404665523852657,0.940586466861644,0.03290884609408068,0.04446767649085321,0.36043976718257364
structural_last_o,structural,50,8,0,19,4,0.9468083988482608,0.946914058480942,0.03743059633429183,0.0392238102130571,0.36767107877999916
structural_last_o,structural,50,9,0,19,4,0.9414910565670729,0.9416020506906467,0.036138072032123054,0.036142126081006413,0.3787129017294968
structural_last_o,structural,50,10,0,19,4,0.9460673364786863,0.9462237812726447,0.04167901076992457,0.04096548830564025,0.36377396281280905
structural_last_o,structural,50,11,0,19,4,0.9441091494948068,0.9442252536272451,0.05107115792157893,0.053799619815225484,0.3390922413641141
structural_last_o,structural,50,12,0,19,4,0.9219152432994975,0.9219618881891868,0.04039845692593025,0.038417102680046125,0.393868335756627
structural_last_o,structural,50,13,0,19,4,0.9442507646183341,0.9443405604336063,0.04387822099771346,0.04617177084281364,0.3573653848732927
structural_last_o,structural,50,14,0,19,4,0.952977317753626,0.9530154430276485,0.03400041856558921,0.035146413703776656,0.3877628696126806
structural_last_o,structural,50,15,0,19,4,0.9437014166711484,0.9438178436028246,0.03734124094583525,0.03575717336274139,0.4001903252701858
structural_last_o,structural,50,16,0,19,4,0.9217102204291756,0.9218321427933138,0.03062017142222915,0.02875066076256106,0.40378433650728374
structural_last_o,structural,50,17,0,19,4,0.9388533889085182,0.9389819573926323,0.037617929800247224,0.03857646263231688,0.3771973633196607
structural_last_o,structural,50,18,0,19,4,0.906591944481203,0.9068855009180512,0.03957033362365723,0.040574542924706525,0.3904908479789304
structural_last_o,structural,50,19,1,19,4,0.9380924714365925,0.9382295004298095,0.03813481787682282,0.036925646801912834,0.3464967575343044
structural_last_o,structural,50,20,1,19,4,0.9396639115001776,0.939818526208118,0.03150242625861211,0.028089087389854567,0.36303784996423194
structural_last_o,structural,50,21,1,19,4,0.9351842599598252,0.935258970361455,0.04218294174421889,0.04103789087362822,0.34762258695128656
structural_last_o,structural,50,22,1,19,4,0.9194665195359047,0.9196236824485394,0.05192633536677257,0.05340451975760826,0.33727358193373425
structural_last_o,structural,50,23,1,19,4,0.9375462638684745,0.9376487429405987,0.03898781132607297,0.036081660186882955,0.34316256067910095
structural_last_o,structural,50,24,1,19,4,0.9339542603133001,0.9340521740251149,0.04361110714796827,0.043293796438590944,0.39456117746061314
structural_last_o,structural,50,25,1,19,4,0.9272922936102382,0.9274978244662934,0.03349468103218665,0.03253952921909084,0.29388571992328316
structural_last_o,structural,50,26,1,19,4,0.9641605476829285,0.9642806215356609,0.03308997985729052,0.03368084770029229,0.3891485106396535
structural_last_o,structural,50,27,1,19,4,0.9436601449021643,0.9437282835090163,0.041681064921273867,0.040244215837332016,0.38373584775223973
structural_last_o,structural,50,28,1,19,4,0.9460696073679691,0.9463147194379833,0.036876046246129994,0.03966988755949751,0.3626914295611894
structural_last_o,structural,50,29,1,19,4,0.92785603483842,0.9280792087506667,0.044626979680215235,0.04537798721575098,0.3878061631921104
structural_last_o,structural,50,30,1,19,4,0.9408524014387405,0.9409401746082984,0.0322805985935748,0.038020119426550786,0.35849121543012497
structural_last_o,structural,50,31,1,19,4,0.9340799966886388,0.9341786633549181,0.04203045964731051,0.04449658722643063,0.358707716632981
structural_last_o,structural,50,32,1,19,4,0.9389037628428989,0.9390094021035958,0.03768489388160589,0.037024559005645497,0.37944901416859583
structural_last_o,structural,50,33,1,19,4,0.9586662496119194,0.9587315034866671,0.029612470633441287,0.030047057364986814,0.37338684517273085
structural_last_o,structural,50,34,1,19,4,0.9508029444920881,0.950937588756051,0.02990006541246647,0.03676480881108089,0.3774571648452262
structural_last_o,structural,50,35,1,19,4,0.9328238934470157,0.9328955491668904,0.037601954189410064,0.03405653431422387,0.38434207953722055
structural_last_o,structural,50,36,1,19,4,0.9350890469056753,0.9351993142434419,0.03015389278732593,0.029825106440694416,0.38525138877224235
structural_last_o,structural,50,37,1,19,4,0.9449940838056621,0.9451541427974849,0.039806449413724174,0.04089097088662159,0.39702935434227316
structural_last_o,structural,50,38,2,19,4,0.9300140618036417,0.9300788117241542,0.030719361920760666,0.032161949377544984,0.369922744825362
structural_last_o,structural,50,39,2,19,4,0.9386064916567497,0.9386748179921902,0.02651945204064756,0.02524376202756327,0.3728672268962334
structural_last_o,structural,50,40,2,19,4,0.9392796971915693,0.939364223146722,0.03957600286562455,0.036794403222213244,0.3978520585586556
structural_last_o,structural,50,41,2,19,4,0.9453843263847035,0.9454761828710302,0.03270473385944846,0.03174395312430024,0.35268883929495803
structural_last_o,structural,50,42,2,19,4,0.9380926169067755,0.9382571677450249,0.05068510871767802,0.050337365043234376,0.3722177120784126
structural_last_o,structural,50,43,2,19,4,0.9271148445737175,0.927267141777287,0.05479413628067191,0.06129924880339433,0.3794490289877743
structural_last_o,structural,50,44,2,19,4,0.9476441009872076,0.9477729455524643,0.03629639491077915,0.0360911117786575,0.3655926051226539
structural_last_o,structural,50,45,2,19,4,0.9366429379920986,0.9367874005366623,0.17895060316660916,0.035283950473905513,0.39291573509156585
structural_last_o,structural,50,46,2,19,4,0.9271821104328086,0.9273958991271332,0.03874372310538994,0.31003060838839214,0.36749787221947006
structural_last_o,structural,50,47,2,19,4,0.9390073743850713,0.939128253319956,0.030539864639450635,0.030104699945101822,0.35000416725891154
structural_last_o,structural,50,48,2,19,4,0.9520665649943826,0.9521884720557614,0.03177803410539054,0.03054975825628029,0.3976788504528709
structural_last_o,structural,50,49,2,19,4,0.9472715482262175,0.947349653735125,0.03279233381770755,0.03882006442024837,0.37213110704766533
structural_last_o,structural,50,50,2,19,4,0.9358755079281973,0.9360315177960546,0.022021781644397928,0.02296884099793789,0.3597469481521054
structural_last_o,structural,50,51,2,19,4,0.9414117697539539,0.9415881516302881,0.041867514464904367,0.04211043996809838,0.35892422428345244
structural_last_o,structural,50,52,2,19,4,0.9285726326302538,0.9287522546060698,0.03510432354549302,0.030628416682856194,0.35342496429182163
structural_last_o,structural,50,53,2,19,4,0.9417679997796611,0.9419211605262754,0.03955700287102336,0.03991533898955277,0.3541610817593746
structural_last_o,structural,50,54,2,19,4,0.9534221867497337,0.9535231899385618,0.03696117422346083,0.03719368714828415,0.40006042844883705
structural_last_o,structural,50,55,2,19,4,0.9463486172928702,0.9464666592198665,0.040228417428879164,0.03822553659628206,0.37381985263473405
structural_last_o,structural,50,56,2,19,4,0.9468382042813591,0.9469708593066152,0.05488720746631534,0.058805186579507916,0.3860308141906987
structural_last_o,structural,50,57,3,19,4,0.941573281730068,0.9416991003500065,0.09137073352481888,0.04521689247235208,0.37524880671402006
structural_last_o,structural,50,58,3,19,4,0.9280486920448312,0.9281879802816981,0.03871593468646042,0.03713789886862893,0.3951673801662816
structural_last_o,structural,50,59,3,19,4,0.9489984846187903,0.9490940687509027,0.04701753736888257,0.0525825553673892,0.3793624272202005
structural_last_o,structural,50,60,3,19,4,0.9288718557456845,0.928950250008147,0.05606203695836047,0.052105531749229696,0.356412749428072
structural_last_o,structural,50,61,3,19,4,0.9551815354528922,0.955301862880963,0.029039565346320555,0.029382928634487892,0.36104598004419647
structural_last_o,structural,50,62,3,19,4,0.9420410363836024,0.9421827769404678,0.0329204845582966,0.03436938910255152,0.3673679764708368
structural_last_o,structural,50,63,3,19,4,0.9474648090566031,0.9475233009957479,0.039513125169453364,0.042316736190422886,0.39650972455147904
structural_last_o,structural,50,64,3,19,4,0.9306451087226807,0.9308392378144217,0.056890965183754486,0.05769067280542836,0.343205866643358
structural_last_o,structural,50,65,3,19,4,0.9441656972573574,0.9443211495288268,0.250109810373951,0.06192591827311774,0.3952972964044116
structural_last_o,structural,50,66,3,19,4,0.9469001226724336,0.946977642460128,0.03338335148639176,0.03309698020682905,0.370918667597829
structural_last_o,structural,50,67,3,19,4,0.9472302943016192,0.9473307392968812,0.2543194829635932,0.036782955973553404,0.3685804013285282
structural_last_o,structural,50,68,3,19,4,0.9482508068910911,0.948370628945902,0.03432996881452567,0.03410837654224001,0.3820471111541996
structural_last_o,structural,50,69,3,19,4,0.9467268316063571,0.9468118134602179,0.024746582192326564,0.03194109173869797,0.37247751035262233
structural_last_o,structural,50,70,3,19,4,0.9298097363914026,0.9299518130921816,0.03728011882390235,0.03469215014161177,0.3048409310313847
structural_last_o,structural,50,71,3,19,4,0.945167472464212,0.9452461706386788,0.020833463133929496,0.022672877480751544,0.37009595462923006
structural_last_o,structural,50,72,3,19,4,0.9304937850829114,0.9306676179505353,0.033629522288524075,0.03452334521968181,0.36412038111558476
structural_last_o,structural,50,73,3,19,4,0.9428811600843691,0.9430518049259744,0.028366317981575958,0.027604117525182034,0.4035245297558332
structural_last_o,structural,50,74,3,19,4,0.9357895908356523,0.9359363518148338,0.04179087171224109,0.03975094185306156,0.39014443675120986
structural_last_o,structural,50,75,3,19,4,0.9194036814867156,0.9195055360675003,0.051731456164524875,0.0493600175635216,0.36948973400454216
structural_last_o,structural,50,76,4,19,4,0.942853693776697,0.9429879510360938,0.027840449172491726,0.027667220028260837,0.35221252797778496
structural_last_o,structural,50,77,4,19,4,0.9480584782855022,0.9482261608251512,0.05736027723739474,0.057052520224344,0.34926803819535635
structural_last_o,structural,50,78,4,19,4,0.9263919969715663,0.9265374350715161,0.04843716995645078,0.047814247170194134,0.3983716834047892
structural_last_o,structural,50,79,4,19,4,0.9378973416350819,0.9381162034665613,0.052354784974950774,0.05547212130884802,0.3433357639139955
structural_last_o,structural,50,80,4,19,4,0.9421980067274616,0.9422794296892231,0.03762901418277703,0.041217584618162766,0.3665885543242826
structural_last_o,structural,50,81,4,19,4,0.951670927978105,0.9517688796936825,0.024172058782258532,0.023659360827115748,0.37953562608901237
structural_last_o,structural,50,82,4,19,4,0.9312654408068969,0.9314524474459721,0.03158975014288872,0.031051854717344726,0.3466699551972352
structural_last_o,structural,50,83,4,19,4,0.9432442723820913,0.9433376567005376,0.04999567072149978,0.048465513661663746,0.39321881940073855
structural_last_o,structural,50,84,4,19,4,0.944590050813746,0.9447178782154272,0.045100665930085417,0.04452458604364646,0.368190692707924
structural_last_o,structural,50,85,4,19,4,0.9381979635327716,0.9382949881572787,0.03608488287152487,0.03840846404498325,0.36247491523737435
structural_last_o,structural,50,86,4,19,4,0.9341613701146245,0.9342642068561633,0.04553163341557873,0.046400388947455413,0.36412036947924054
structural_last_o,structural,50,87,4,19,4,0.9262441425909507,0.9263581807756021,0.036125130650759965,0.033946634454810214,0.34692978676457736
structural_last_o,structural,50,88,4,19,4,0.9513443168702704,0.9514353361937076,0.03926111825520011,0.04043905001993218,0.3711351862868659
structural_last_o,structural,50,89,4,19,4,0.9442470452311756,0.9443574969861387,0.0329249038011764,0.03243948838431952,0.33532502902334194
structural_last_o,structural,50,90,4,19,4,0.9475941895221757,0.9477674412609093,0.03255151369366595,0.03329404459224567,0.318350938188871
structural_last_o,structural,50,91,4,19,4,0.9352292586335461,0.9353354924788583,0.03406800678117375,0.03317374366902587,0.35112999340283907
structural_last_o,structural,50,92,4,19,4,0.94315499752596,0.9432387534494805,0.03421152422532852,0.03164600950003623,0.3597902551840339
structural_last_o,structural,50,93,4,19,4,0.9282819424296632,0.9284007743877771,0.05803761452923907,0.05719184992507326,0.34225323362520343
structural_last_o,structural,50,94,4,19,4,0.948922740822385,0.9490380588157091,0.036438546894907255,0.034226212009683094,0.40339462237307555
structural_last_o,structural,50,95,5,19,4,0.9348027248921013,0.934939009562451,0.032302013502424,0.032152279349634764,0.3522125340144637
structural_last_o,structural,50,96,5,19,4,0.9474069581417968,0.9475627501245084,0.04908036131977005,0.04952904364404328,0.3785830000867017
structural_last_o,structural,50,97,5,19,4,0.9438455955590478,0.9439743018581024,0.04128540689806259,0.03264103070385817,0.37832319783987994
structural_last_o,structural,50,98,5,19,4,0.9439528338675853,0.9440456052671782,0.030094863091993034,0.030346476844962486,0.3843420720516072
structural_last_o,structural,50,99,5,19,4,0.9266797398001714,0.9268374243854879,0.05646566293048979,0.1440722437632057,0.3171817998165648
structural_last_o,structural,100,0,0,9,4,0.9375926789050826,0.9376205969337564,0.026074763934754275,0.026650096121023186,0.39819846426505107
structural_last_o,structural,100,1,0,9,4,0.9319815512577532,0.932016294875657,0.02399894570556347,0.023191436548631806,0.3773705690524434
structural_last_o,structural,100,2,0,9,4,0.9479539490039577,0.9479792380228385,0.2155851921952219,0.03153289155163477,0.4023553931962334
structural_last_o,structural,100,3,0,9,4,0.9412303675842325,0.9412691559577773,0.03110646639145262,0.030946981807763424,0.38555450429263266
structural_last_o,structural,100,4,0,9,4,0.9473379226543832,0.9473699213430926,0.033061810529579294,0.03285761604269598,0.3961200194707692
structural_last_o,structural,100,5,0,9,4,0.9442935048219036,0.9443300844975827,0.03217130984380025,0.03141677848433026,0.3833461358287479
structural_last_o,structural,100,6,0,9,4,0.9321030790563057,0.932119394033257,0.0419621605508535,0.04097306779304482,0.4053864815759225
structural_last_o,structural,100,7,0,9,4,0.9515723638443297,0.9515973294066518,0.031625378237709986,0.030283405033218632,0.4160818960498652
structural_last_o,structural,100,8,0,9,4,0.933810594071366,0.933843408269882,0.029114600881517377,0.02915103469912677,0.4141766503472713
structural_last_o,structural,100,9,1,9,4,0.9407608204399781,0.9408013557032965,0.02997530066830362,0.030042494644802978,0.3779767856180021
structural_last_o,structural,100,10,1,9,4,0.9261712919912337,0.9261992084627405,0.047501281603397616,0.04689124929704497,0.3864205232791639
structural_last_o,structural,100,11,1,9,4,0.936776530863965,0.9368061267700776,0.03777897331517395,0.03730073981949102,0.414306559727034
structural_last_o,structural,100,12,1,9,4,0.947821815684411,0.9478581553013707,0.03092207706584793,0.03091641005566099,0.3891485106396535
structural_last_o,structural,100,13,1,9,4,0.942956093767807,0.9429886617175922,0.027635331381436656,0.027369432380178693,0.4121847802045804
structural_last_o,structural,100,14,1,9,4,0.9331408058263966,0.9331795529151329,0.033768540513795076,0.030036599596544523,0.40131616187562225
structural_last_o,structural,100,15,1,9,4,0.9386642429331048,0.9386920220371171,0.03353457832160722,0.03226803625275031,0.40213888263771647
structural_last_o,structural,100,16,1,9,4,0.9567225218384444,0.9567465451321117,0.030585061620870616,0.030163416551018514,0.3910104564471595
structural_last_o,structural,100,17,1,9,4,0.9359616767662423,0.9359876012346009,0.02829207711449478,0.0294931603691959,0.4073783396145215
structural_last_o,structural,100,18,2,9,4,0.9350991972885178,0.9351166441927042,0.024683669324068735,0.023049993357083205,0.39525398726469807
structural_last_o,structural,100,19,2,9,4,0.9424954771850215,0.9425180327994629,0.03196527979579987,0.0311534929852798,0.40811445659554413
structural_last_o,structural,100,20,2,9,4,0.9330778265886834,0.933116961288224,0.04665107543880287,0.04544162490642495,0.4041307562815414
structural_last_o,structural,100,21,2,9,4,0.9418715129299687,0.9419043340820348,0.029196611864403272,0.06717813569151325,0.41586539777262255
structural_last_o,structural,100,22,2,9,4,0.933088609670996,0.9331361925734709,0.023997311603858255,0.024607957516923684,0.38213370479475994
structural_last_o,structural,100,23,2,9,4,0.9487262035974979,0.9487529783917341,0.028619376338926868,0.030277220226385734,0.42015221834556893
structural_last_o,structural,100,24,2,9,4,0.9376342275828315,0.9376778991034271,0.031787880375484634,0.03209587740738654,0.3887154940697474
structural_last_o,structural,100,25,2,9,4,0.9355157813369083,0.9355566878863751,0.033891473319731816,0.03247469241309216,0.3872432581615395
structural_last_o,structural,100,26,2,9,4,0.9488212297548224,0.9488476312048383,0.03418513614585304,0.03379131838952357,0.40906709224606336
structural_last_o,structural,100,27,3,9,4,0.9379666002419877,0.9380022499671096,0.03311705428569381,0.033319638501755955,0.41569218346759496
structural_last_o,structural,100,28,3,9,4,0.9369728550938061,0.936997228196129,0.03677222619887276,0.03680400350625365,0.3976355678692443
structural_last_o,structural,100,29,3,9,4,0.9446864093284963,0.9447243252292883,0.026856756227199165,0.0252796733910248,0.4014460722547139
structural_last_o,structural,100,30,3,9,4,0.9387493189758165,0.9387777975882512,0.03330350666087616,0.03666831227557635,0.39815517262692796
structural_last_o,structural,100,31,3,9,4,0.9465174974692152,0.946547971055533,0.038994066815130846,0.03512033587803608,0.40651232291759454
structural_last_o,structural,100,32,3,9,4,0.9490248727943738,0.9490547801958458,0.12053774607283328,0.0881647038900196,0.4090237992578574
structural_last_o,structural,100,33,3,9,4,0.940079079301378,0.9401101344929645,0.022633853709270915,0.02477985618963209,0.37927580964986024
structural_last_o,structural,100,34,3,9,4,0.9405337464343343,0.9405669905876095,0.026782707855133356,0.02622566275551845,0.3902310483079208
structural_last_o,structural,100,35,3,9,4,0.940985635944567,0.9410275489557253,0.028894650815318085,0.028204670959761244,0.41248788374942436
structural_last_o,structural,100,36,4,9,4,0.9436436283784113,0.9436828196202556,0.03675125096367037,0.03273944583877761,0.38122437167196055
structural_last_o,structural,100,37,4,9,4,0.9319224721593384,0.9319744761854971,0.04507079888026738,0.044868988223706927,0.4073350428428646
structural_last_o,structural,100,38,4,9,4,0.9460208316071294,0.9460459401725422,0.029779405695321698,0.030261850335270055,0.398674789253081
structural_last_o,structural,100,39,4,9,4,0.9355020381986365,0.9355339853484248,0.03419549772485899,0.033102618190422074,0.4048668614340091
structural_last_o,structural,100,40,4,9,4,0.9430841618072159,0.9431107396506351,0.04016821095167315,0.03893276860070296,0.3926559107745332
structural_last_o,structural,100,41,4,9,4,0.9296348932253583,0.9296643454420236,0.03406153631301874,0.03595185767130442,0.3858143091399207
structural_last_o,structural,100,42,4,9,4,0.949364930409391,0.949393677438925,0.14627363524550419,0.16652164795943375,0.39014444057129277
structural_last_o,structural,100,43,4,9,4,0.9417664337409536,0.9417999073753306,0.029698292149556417,0.029868626920366445,0.4038276360591755
structural_last_o,structural,100,44,4,9,4,0.9361760493245551,0.9362045818866035,0.03084386587164422,0.0304427828729544,0.396856135083907
structural_last_o,structural,100,45,5,9,4,0.9436083146766704,0.9436446653618046,0.033161516154191974,0.03281589924078254,0.3901444437277659
structural_last_o,structural,100,46,5,9,4,0.9464977791537217,0.9465255865134103,0.027972217423573895,0.028358766762073107,0.40278841061768084
structural_last_o,structural,100,47,5,9,4,0.9235203028409318,0.9235581490088237,0.03360223793916664,0.039846506409168675,0.41482616071416334
structural_last_o,structural,100,48,5,9,4,0.936132978369319,0.9361665759056047,0.028503676369838762,0.028355492651649307,0.4072484370590366
structural_last_o,structural,100,49,5,9,4,0.9485108385604251,0.9485329499062239,0.023991959134444317,0.022932804161562105,0.41162186726516614
structural_last_o,structural,100,50,5,9,4,0.9394746514207278,0.9395191105753591,0.035419360243916606,0.03475950119242901,0.40594941267947826
structural_last_o,structural,100,51,5,9,4,0.9486051239445116,0.9486294661371464,0.031853970173189736,0.03130967775786301,0.4101063166734389
structural_last_o,structural,100,52,5,9,4,0.9392903273690499,0.939316565794933,0.034106624178187064,0.03245675627807056,0.3964231129529716
structural_last_o,structural,100,53,5,9,4,0.9388625519594634,0.9389022586153049,0.03765034162833572,0.03799614523737041,0.3913568766204931
structural_last_o,structural,100,54,6,9,4,0.9330892505643688,0.9331281797937682,0.038024226585543275,0.03511918355133092,0.37637463390959025
structural_last_o,structural,100,55,6,9,4,0.9438542731960722,0.9438857226476457,0.03957043799732707,0.03981647774927758,0.4118383700773641
structural_last_o,structural,100,56,6,9,4,0.9414435809140455,0.9414857958847871,0.03392185102404263,0.034080899173605655,0.3931322247708583
structural_last_o,structural,100,57,6,9,4,0.9298545420386726,0.9298877752658677,0.03239624849810955,0.03484581362045995,0.40144606402546024
structural_last_o,structural,100,58,6,9,4,0.9445733974861165,0.944608943293889,0.03027166609670874,0.029537870809878543,0.4056462917601719
structural_last_o,structural,100,59,6,9,4,0.948616494574575,0.9486373387742922,0.09511626503179758,0.03191343513576152,0.3988046933034104
structural_last_o,structural,100,60,6,9,4,0.955591788660991,0.9556208734857883,0.030535824645665916,0.028987982801450957,0.40408744194081764
structural_last_o,structural,100,61,6,9,4,0.9279725784653223,0.9279934433349974,0.03274573210912931,0.032960182321521,0.3941714553570542
structural_last_o,structural,100,62,6,9,4,0.9450703838959311,0.9451048023604693,0.025390699401009086,0.026129573883087107,0.40313483077194134
structural_last_o,structural,100,63,7,9,4,0.9404177684567205,0.9404549877764541,0.03696807683639587,0.040441397177937495,0.3833028369068191
structural_last_o,structural,100,64,7,9,4,0.9392417128334717,0.9392653280069142,0.040209482641356195,0.03860935368331243,0.3892351068854828
structural_last_o,structural,100,65,7,9,4,0.9501972554626513,0.9502367057020186,0.03540595724654146,0.04506913242852888,0.39313223190916047
structural_last_o,structural,100,66,7,9,4,0.9321031452071842,0.9321290283548013,0.03623702453628238,0.03545808676479188,0.4131807261374879
structural_last_o,structural,100,67,7,9,4,0.9406770031129775,0.9406998293813099,0.03424487905232759,0.03431389829890424,0.40287500143480803
structural_last_o,structural,100,68,7,9,4,0.9254365112781782,0.9254721864880961,0.0417667115255631,0.0364654301798612,0.39239610453651264
structural_last_o,structural,100,69,7,9,4,0.9444669673183518,0.9444934736882962,0.03424223160159623,0.03295400804429939,0.4027884047058973
structural_last_o,structural,100,70,7,9,4,0.9441918228218831,0.9442231660876372,0.0953412866859665,0.11253564687482029,0.3988047017236158
structural_last_o,structural,100,71,7,9,4,0.9471919906701727,0.947226643396852,0.02654607236479826,0.02581202236101323,0.4168613198588894
structural_last_o,structural,100,72,8,9,4,0.944048915585758,0.9440799386027089,0.02878638805774219,0.0287735693323438,0.38577101996083457
structural_last_o,structural,100,73,8,9,4,0.9413205955809255,0.941347531061012,0.025898619409267,0.025204186046684417,0.389494924613488
structural_last_o,structural,100,74,8,9,4,0.9376492948834001,0.9376902972065679,0.04277865378484137,0.04350043449870129,0.383259533973772
structural_last_o,structural,100,75,8,9,4,0.946048307812946,0.9460753649362723,0.035273791477081234,0.03490735231230863,0.41365702524080067
structural_last_o,structural,100,76,8,9,4,0.9425241493660335,0.9425440509187105,0.025358593007597047,0.025198174090563727,0.4046070530598402
structural_last_o,structural,100,77,8,9,4,0.9437548040764236,0.9437878510212849,0.03602342874725223,0.036191950702499934,0.40776805915280434
structural_last_o,structural,100,78,8,9,4,0.938976548656189,0.9390157689563778,0.028512056452081647,0.024798439699764585,0.37633134107828364
structural_last_o,structural,100,79,8,9,4,0.9300997111684369,0.9301279708531583,0.0324688449240617,0.03127929201314847,0.39534058179589715
structural_last_o,structural,100,80,8,9,4,0.9449478065063431,0.9449798384915608,0.03165349394471112,0.030603980756880186,0.40906709626563875
structural_last_o,structural,100,81,9,9,4,0.9447665015242407,0.9448034109732669,0.03644967818571149,0.0356122419988526,0.40369774057438973
structural_last_o,structural,100,82,9,9,4,0.9528445319630695,0.9528787895247295,0.033524918194949335,0.08870512232219117,0.39923771127926466
structural_last_o,structural,100,83,9,9,4,0.9423092559608013,0.9423369176327709,0.03141734542511253,0.03261850771248591,0.4180737611731671
structural_last_o,structural,100,84,9,9,4,0.9412976929296638,0.9413410199108535,0.032878652584115334,0.033388776807121004,0.41183837344495405
structural_last_o,structural,100,85,9,9,4,0.934409193249388,0.9344353841393956,0.02870286009459276,0.02765430256053132,0.3702258469523241
structural_last_o,structural,100,86,9,9,4,0.9412372560332751,0.9412694474111694,0.023583982576907317,0.022736993605260485,0.4093702054153556
structural_last_o,structural,100,87,9,9,4,0.9337652317681026,0.933791611287606,0.05025444525285014,0.037094737485037624,0.3752488077621753
structural_last_o,structural,100,88,9,9,4,0.9434901561514856,0.9435170352338454,0.19903939236871038,0.10010434762495561,0.40560299074749545
structural_last_o,structural,100,89,9,9,4,0.9352270094030006,0.9352677006059317,0.029651585167499182,0.028383728940537985,0.39694272901329924
structural_last_o,structural,100,90,10,9,4,0.9419179594190885,0.9419455018489143,0.030808614926935148,0.0302263182607883,0.4154756765924103
structural_last_o,structural,100,91,10,9,4,0.9362549212944181,0.9362996407956179,0.03205145453413226,0.030208668402374756,0.39191978990150517
structural_last_o,structural,100,92,10,9,4,0.9252868402150001,0.9253074625814716,0.03533411746460931,0.03462903170669164,0.3947343682883057
structural_last_o,structural,100,93,10,9,4,0.9347982177375569,0.9348259187008022,0.03600651274497041,0.03578763515771536,0.40599271015649546
structural_last_o,structural,100,94,10,9,4,0.9422541004344904,0.9422745641154258,0.1000112847287265,0.10098637427729608,0.4166881174611601
structural_last_o,structural,100,95,10,9,4,0.9411935561195466,0.9412359869210059,0.03379791835460827,0.03361735450228544,0.378669604737709
structural_last_o,structural,100,96,10,9,4,0.9510739820834003,0.9511122277352372,0.03861500060499401,0.037927164998180204,0.3897114297985163
structural_last_o,structural,100,97,10,9,4,0.9455379649192903,0.945560635319113,0.08828656657316894,0.025319774334984974,0.4118816812165145
structural_last_o,structural,100,98,10,9,4,0.9415122207737643,0.941543665749817,0.03295137435388312,0.03238059051953801,0.39668292097895885
structural_last_o,structural,100,99,11,9,4,0.9396086948181549,0.9396376371699583,0.024135768569698866,0.024046247901811358,0.39495087827161224
structural_last_o,structural,200,0,0,4,4,0.9364757870793223,0.9364840948237731,0.02303056454694903,0.023232600068954626,0.4082010610522941
structural_last_o,structural,200,1,0,4,4,0.9447473889763149,0.9447556108043892,0.05522814435659573,0.028431213128589514,0.41629840180731736
structural_last_o,structural,200,2,0,4,4,0.9457662340719467,0.945774976331794,0.032650604255476036,0.03161022995176818,0.40551639277707235
structural_last_o,structural,200,3,0,4,4,0.9431916012137149,0.9431966964291495,0.03462347254855001,0.03413564706396993,0.42534837473118314
structural_last_o,structural,200,4,1,4,4,0.935769887111287,0.9357792591848151,0.029799621555412395,0.03303789217660156,0.40096975542261565
structural_last_o,structural,200,5,1,4,4,0.9422302327982698,0.9422391255158898,0.030786182955109053,0.030446461083626555,0.42352972777594833
structural_last_o,structural,200,6,1,4,4,0.9384874945569361,0.9384967192497046,0.02935032993226718,0.02964842863400234,0.42214407342691807
structural_last_o,structural,200,7,1,4,4,0.947584915344604,0.9475915298861669,0.027783075156373814,0.02791669614974237,0.4144797457617765
structural_last_o,structural,200,8,2,4,4,0.9388457059629879,0.938850850490373,0.027985746376671235,0.02726322662717849,0.42184096605052535
structural_last_o,structural,200,9,2,4,4,0.9369449542234815,0.9369539072154229,0.0348044154985372,0.03393978029563101,0.4217976794452806
structural_last_o,structural,200,10,2,4,4,0.9415947060668499,0.9416033851817636,0.025728861522303886,0.026393546272056263,0.42409262995260005
structural_last_o,structural,200,11,2,4,4,0.9364028542543592,0.9364139578876793,0.028451831931820007,0.02972561510707439,0.4118383716075452
structural_last_o,structural,200,12,3,4,4,0.9374371730395491,0.9374447406219032,0.03416806792886058,0.03255238656527881,0.4221873825100257
structural_last_o,structural,200,13,3,4,4,0.9405434093729204,0.9405516827590688,0.030041677724570913,0.02999083847107665,0.41629840676489016
structural_last_o,structural,200,14,3,4,4,0.948208100945818,0.9482157655049338,0.09587844191059067,0.030640963680142994,0.42487207614934347
structural_last_o,structural,200,15,3,4,4,0.9392357017992037,0.9392440522944129,0.023648936569961043,0.02344337503178154,0.4114053691696613
structural_last_o,structural,200,16,4,4,4,0.9386754421726068,0.9386866734534185,0.03688933919745252,0.03303668051568022,0.4240060323071123
structural_last_o,structural,200,17,4,4,4,0.9413442116194368,0.9413515236583717,0.02888204200629122,0.028577933851674345,0.41880987678540144
structural_last_o,structural,200,18,4,4,4,0.9360128047731548,0.9360197120098959,0.0334205344808918,0.03316438027679665,0.4126177940880081
structural_last_o,structural,200,19,4,4,4,0.9458990989593611,0.9459069959892848,0.05991514426149563,0.02745950751542501,0.4151725688423654
structural_last_o,structural,200,20,5,4,4,0.9448418710592679,0.9448497071443224,0.11588141504139993,0.025489068688541353,0.4172077392917459
structural_last_o,structural,200,21,5,4,4,0.930211299526858,0.9302206147514129,0.030939144071765554,0.030622330737921578,0.42101824283102696
structural_last_o,structural,200,22,5,4,4,0.9441940517019749,0.9442023275023607,0.04965240956349692,0.025206961698063027,0.42391944279873817
structural_last_o,structural,200,23,5,4,4,0.9443807698531577,0.9443875636542917,0.03108720426552527,0.031118637101182813,0.41915628769162366
structural_last_o,structural,200,24,6,4,4,0.9394551369885459,0.9394644489970362,0.032328692641207996,0.14702989084227538,0.4224038867813322
structural_last_o,structural,200,25,6,4,4,0.9361619970296224,0.9361717100980258,0.03133508412231941,0.058774605526847,0.4218409648553574
structural_last_o,structural,200,26,6,4,4,0.946379614193823,0.9463863446276638,0.06304191654107588,0.06279856604803974,0.413397218980059
structural_last_o,structural,200,27,6,4,4,0.9438703735826119,0.943877090221515,0.064918798901045,0.028363006186410328,0.41777064577738005
structural_last_o,structural,200,28,7,4,4,0.9395930812347298,0.939600888205836,0.03327066298047798,0.03209385436764865,0.40997642162504083
structural_last_o,structural,200,29,7,4,4,0.9403219280281353,0.9403303254250183,0.03499958897984723,0.03474968203148284,0.4191129994770666
structural_last_o,structural,200,30,7,4,4,0.9337836445410203,0.9337917258294164,0.033383363979565185,0.0317711022499428,0.4135271136564592
structural_last_o,structural,200,31,7,4,4,0.9454797404648257,0.945487442299555,0.03289502384554402,0.03264770021527079,0.41720773003685174
structural_last_o,structural,200,32,8,4,4,0.9423326494711383,0.9423397705100711,0.024395731280257196,0.024324899514378363,0.41560559413269105
structural_last_o,structural,200,33,8,4,4,0.9413288062096609,0.9413373802929014,0.03455733909316863,0.033210004019887,0.41859337641631716
structural_last_o,structural,200,34,8,4,4,0.9422097655257374,0.9422170400105667,0.02770112100659062,0.027116594905939005,0.4221007722139874
structural_last_o,structural,200,35,8,4,4,0.9343002247720813,0.9343088489492073,0.024705698674715074,0.02467827293569718,0.40166257420964724
structural_last_o,structural,200,36,9,4,4,0.9486853453777014,0.948694755306285,0.03214752121970384,0.0317169501393439,0.4144797616428867
structural_last_o,structural,200,37,9,4,4,0.941478281559434,0.9414868728797128,0.03075409330126161,0.030198877606646635,0.42435244688966234
structural_last_o,structural,200,38,9,4,4,0.9372745455193896,0.9372819057201663,0.023849490832984675,0.023185378883275626,0.41989241278455236
structural_last_o,structural,200,39,9,4,4,0.9375270735192105,0.9375338327622308,0.03697257676345851,0.037035377951373946,0.41023623971843265
structural_last_o,structural,200,40,10,4,4,0.9382395510646225,0.9382487001778992,0.06629386935750356,0.030240275781297236,0.41954599947838556
structural_last_o,structural,200,41,10,4,4,0.9306978576354831,0.930704078290723,0.0321240794487662,0.03199709423566895,0.4177706548312731
structural_last_o,structural,200,42,10,4,4,0.9421897949463865,0.942197976506355,0.03079347415074052,0.029685215805574684,0.4269505230921411
structural_last_o,structural,200,43,10,4,4,0.9490299095827948,0.949037489755822,0.030973478208489166,0.030388360035659825,0.4153890833835807
structural_last_o,structural,200,44,11,4,4,0.9384312968198169,0.9384402888541282,0.055142217169610985,0.02789511889608603,0.41473956425593606
structural_last_o,structural,200,45,11,4,4,0.942504191875054,0.9425122729683537,0.03170491763406075,0.03155347198779937,0.4216677600978549
structural_last_o,structural,200,46,11,4,4,0.951888233467754,0.9518951401137108,0.02778523064017652,0.02647644574452667,0.41370032906874576
structural_last_o,structural,200,47,11,4,4,0.9346373007465872,0.934645983894369,0.03199041002699159,0.03121600825666167,0.41772733610322604
structural_last_o,structural,200,48,12,4,4,0.9401976692555779,0.940205823247367,0.02882175814554326,0.02842571841246338,0.4187665848834324
structural_last_o,structural,200,49,12,4,4,0.9395099032133173,0.9395182973363041,0.0274561168706169,0.06770070182036729,0.41807375691059084
structural_last_o,structural,200,50,12,4,4,0.9408061203951451,0.9408148675723197,0.029474915722806517,0.030313014603223956,0.4252184694965987
structural_last_o,structural,200,51,12,4,4,0.9378951008808497,0.9379024931097013,0.028897360589428312,0.028831223551181125,0.41863668113437436
structural_last_o,structural,200,52,13,4,4,0.9376609151385413,0.9376680363746975,0.03429287244289388,0.033989641288349234,0.4266474039662194
structural_last_o,structural,200,53,13,4,4,0.9421218979186313,0.9421327744379778,0.031058735418514345,0.03137287626736555,0.418030466260198
structural_last_o,structural,200,54,13,4,4,0.9366212720010532,0.9366293907613589,0.027501344442250213,0.02870885645964199,0.4097166154034203
structural_last_o,structural,200,55,13,4,4,0.943914051722063,0.9439211036586274,0.027999566275438245,0.028090614771178052,0.4088938889605672
structural_last_o,structural,200,56,14,4,4,0.946063863489858,0.9460710335037559,0.028600673097503214,0.028056594336735588,0.4185933827532268
structural_last_o,structural,200,57,14,4,4,0.9369186680828734,0.9369253908875012,0.03469131589745924,0.03491542783254371,0.42028212801666687
structural_last_o,structural,200,58,14,4,4,0.9372406795349031,0.9372496166583568,0.029916657809275486,0.02983870834427576,0.429072278997464
structural_last_o,structural,200,59,14,4,4,0.94014936616866,0.9401584412257065,0.024453734270868388,0.02454297556532357,0.41383023208121206
structural_last_o,structural,200,60,15,4,4,0.9452815699336875,0.9452885745841366,0.029652950148195488,0.029178535870838837,0.42192756882022875
structural_last_o,structural,200,61,15,4,4,0.938958314291074,0.9389666696892462,0.026513111214560656,0.02559069844403583,0.4223605875950064
structural_last_o,structural,200,62,15,4,4,0.9426341822451587,0.9426442477406449,0.031890284882278824,0.029304543634004858,0.4127477056112815
structural_last_o,structural,200,63,15,4,4,0.9344222332507551,0.9344295986107144,0.028101501858109487,0.027808063635516383,0.4036544407020064
structural_last_o,structural,200,64,16,4,4,0.9360816542780339,0.9360893019353992,0.026295944367952934,0.026800052593408636,0.4250019644421401
structural_last_o,structural,200,65,16,4,4,0.942448755079464,0.9424562910681477,0.027862500119482582,0.030026318809857393,0.4246988566008388
structural_last_o,structural,200,66,16,4,4,0.9314130487106891,0.9314245046974131,0.03316387535344569,0.03292875946986205,0.4102795305782656
structural_last_o,structural,200,67,16,4,4,0.9422295909927935,0.9422375629727806,0.03554790043551989,0.03658625137804204,0.42469885659968043
structural_last_o,structural,200,68,17,4,4,0.9414597200102885,0.9414667617395407,0.03260686778044963,0.03217777507132816,0.42162445599753196
structural_last_o,structural,200,69,17,4,4,0.9441330170971399,0.9441408828265985,0.02940231889782117,0.02910971156129119,0.4253916724207397
structural_last_o,structural,200,70,17,4,4,0.9370266042220612,0.9370369320037475,0.02741572765884272,0.02710944996684573,0.40889389124393616
structural_last_o,structural,200,71,17,4,4,0.9435773446876456,0.9435840201832125,0.1609632411527226,0.030205717794908434,0.4138735346237451
structural_last_o,structural,200,72,18,4,4,0.9382289922267955,0.9382366351642536,0.03223461001374153,0.03177388351989581,0.42101825239933127
structural_last_o,structural,200,73,18,4,4,0.9415496989141371,0.9415594489014275,0.0295111117257561,0.029038216919557953,0.4226203922509637
structural_last_o,structural,200,74,18,4,4,0.9397871692629945,0.9397951336775718,0.027822128443824656,0.029416573925115867,0.4113620590668125
structural_last_o,structural,200,75,18,4,4,0.9426937492749197,0.9427012537892864,0.02764432320329932,0.028411526167746327,0.42695052081890134
structural_last_o,structural,200,76,19,4,4,0.9473089976870493,0.9473177603530393,0.030542660233211352,0.030372522273326704,0.4229235026002065
structural_last_o,structural,200,77,19,4,4,0.9406535605771058,0.9406609592610625,0.03140802423323549,0.03172563448499016,0.42314001125063244
structural_last_o,structural,200,78,19,4,4,0.9433260598147603,0.9433346584901544,0.02687635287842682,0.026352790213174243,0.42270700943158995
structural_last_o,structural,200,79,19,4,4,0.9388448514407338,0.9388537322616745,0.03311720547102129,0.05192001734285035,0.42517516590527565
structural_last_o,structural,200,80,20,4,4,0.9377586614737693,0.9377684371453553,0.031243558060616367,0.02972509538448557,0.4156055921028
structural_last_o,structural,200,81,20,4,4,0.9397537583477027,0.9397611444572279,0.12852500769727224,0.11374709391093923,0.42314000827030934
structural_last_o,structural,200,82,20,4,4,0.9501625019147528,0.950168925797039,0.029267936552575716,0.02944612905964536,0.41079914014591545
structural_last_o,structural,200,83,20,4,4,0.9407561706146711,0.9407649618020272,0.02827715413328518,0.029125087353864165,0.4205419428923521
structural_last_o,structural,200,84,21,4,4,0.9420752499822007,0.9420821800341964,0.0258326019074591,0.025649717387843156,0.42811966848074856
structural_last_o,structural,200,85,21,4,4,0.9366737439819703,0.9366816780678222,0.030831641314532608,0.029993977120613476,0.4151292658534918
structural_last_o,structural,200,86,21,4,4,0.9437169694309233,0.9437253011092102,0.033206085155874934,0.032600666567032435,0.4167314198740803
structural_last_o,structural,200,87,21,4,4,0.9453947934045761,0.9454024020700577,0.036126587732139226,0.035801657056540204,0.417467550025947
structural_last_o,structural,200,88,22,4,4,0.946469044785721,0.9464762456901592,0.03334845964890162,0.034008085823801076,0.4138735294622107
structural_last_o,structural,200,89,22,4,4,0.9410514233635362,0.941059004414694,0.0278546991865921,0.02791640689815591,0.4282495673854812
structural_last_o,structural,200,90,22,4,4,0.9405277909557832,0.9405371170750196,0.07883146333334838,0.05819042724216561,0.413830234246884
structural_last_o,structural,200,91,22,4,4,0.9392483500738369,0.9392565302995436,0.031163054564167587,0.030527883729495095,0.4182902656553051
structural_last_o,structural,200,92,23,4,4,0.9379905567248583,0.9379972897227444,0.0352802614720503,0.03269394465883925,0.4243957454624735
structural_last_o,structural,200,93,23,4,4,0.9439325797623812,0.9439410188410232,0.029972568382738516,0.03020429664451383,0.4264742123943517
structural_last_o,structural,200,94,23,4,4,0.9315325861924862,0.931542753623888,0.07777671586801743,0.028455733805053677,0.4117517612667095
structural_last_o,structural,200,95,23,4,4,0.940375757928778,0.940382980228585,0.025635476481930115,0.024420775576438396,0.4179438534712596
structural_last_o,structural,200,96,24,4,4,0.9314277585671162,0.9314375001285318,0.03187337937849095,0.03189638671858576,0.40218219387320775
structural_last_o,structural,200,97,24,4,4,0.9429610289627248,0.9429702808844643,0.02907017356898894,0.02892934496329356,0.4277299545670443
structural_last_o,structural,200,98,24,4,4,0.9495939550902287,0.949602544105475,0.02729769886128286,0.02654574651778717,0.42513186438294914
structural_last_o,structural,200,99,24,4,4,0.9366742327883137,0.9366803904528597,0.030190149672629868,0.06741895464723367,0.422403884298265
structural_last_o,structural,500,0,0,1,4,0.94160144916537,0.9416027871215823,0.025210823261223002,0.025195438368881766,0.4280330581223725
structural_last_o,structural,500,1,1,1,4,0.939817798258399,0.9398192341135893,0.028305998933860023,0.04487150743297695,0.4269072286146359
structural_last_o,structural,500,2,2,1,4,0.9374141218504976,0.93741537997551,0.028457216671252318,0.028287447388973142,0.4272969434128513
structural_last_o,structural,500,3,3,1,4,0.9400647310221397,0.9400660247155538,0.06150742566824936,0.04775924388937934,0.4268206257617371
structural_last_o,structural,500,4,4,1,4,0.9399962162967654,0.9399975937701618,0.04715726504632295,0.029012611157046203,0.4296785059081899
structural_last_o,structural,500,5,5,1,4,0.9407397451259057,0.9407410395192963,0.025627639896879176,0.024972413411077116,0.4280330587961046
structural_last_o,structural,500,6,6,1,4,0.9385967825865015,0.9385982880104756,0.028608060723674007,0.02819827170458646,0.4285526765188347
structural_last_o,structural,500,7,7,1,4,0.9404722380156316,0.9404735237521467,0.02984313608562226,0.029892901550548072,0.4301548269682274
structural_last_o,structural,500,8,8,1,4,0.9414684753023985,0.9414696720580005,0.02664776439225556,0.026660102201841424,0.42803306222086335
structural_last_o,structural,500,9,9,1,4,0.9426263579640622,0.9426277385807535,0.027898468485031455,0.0532892724918754,0.4263443127642595
structural_last_o,structural,500,10,10,1,4,0.9359884634827008,0.935989622236737,0.0456381687459259,0.042066134532484985,0.42946200200098844
structural_last_o,structural,500,11,11,1,4,0.9449972169167051,0.9449984550783191,0.027376483464567274,0.026764479130749946,0.430198129140496
structural_last_o,structural,500,12,12,1,4,0.9388760972898794,0.9388775800695686,0.02694625738118775,0.02691255390040225,0.42885578711397154
structural_last_o,structural,500,13,13,1,4,0.9387255092398241,0.9387268441577684,0.027769101975511027,0.027781047847145635,0.42859597818394796
structural_last_o,structural,500,14,14,1,4,0.9424611281366106,0.9424622261935324,0.02754560175069305,0.027769886812428722,0.4298950204196282
structural_last_o,structural,500,15,15,1,4,0.9433697154717193,0.9433709887526123,0.04172583120224391,0.058275381378572355,0.4291588931436202
structural_last_o,structural,500,16,16,1,4,0.9376500344810865,0.9376513838802525,0.040995305306489066,0.04098086899281714,0.42985171597294114
structural_last_o,structural,500,17,17,1,4,0.9422020810547406,0.9422034123547116,0.027440084469253778,0.027771695194839095,0.429851715282157
structural_last_o,structural,500,18,18,1,4,0.9404132542317554,0.9404146251206876,0.028643073234258278,0.028850571949088,0.42911559576914177
structural_last_o,structural,500,19,19,1,4,0.9447393453255652,0.9447407544249565,0.028618052264014527,0.028482767590493688,0.4287258815111867
structural_last_o,structural,500,20,20,1,4,0.9416650732989079,0.9416663960709741,0.02816943339810609,0.028025096769477464,0.42928879627939753
structural_last_o,structural,500,21,21,1,4,0.941981775419844,0.9419829907946156,0.04452698146105458,0.04848132572905837,0.42941870662702697
structural_last_o,structural,500,22,22,1,4,0.9435260303655901,0.9435272865702502,0.028053062556579605,0.028008859090557454,0.428682580343433
structural_last_o,structural,500,23,23,1,4,0.9383461594521718,0.9383474953479861,0.028949086816613623,0.028189376938587203,0.4296785145961686
structural_last_o,structural,500,24,24,1,4,0.9404938017272911,0.9404953081995081,0.029543485255477658,0.028702172830272994,0.42898569207525816
structural_last_o,structural,500,25,25,1,4,0.9401637858123176,0.9401650142798624,0.029038032868103626,0.0747614696083803,0.4300682205087823
structural_last_o,structural,500,26,26,1,4,0.941122550129397,0.9411239754962858,0.04211275449511992,0.028249001727264217,0.4285526663168345
structural_last_o,structural,500,27,27,1,4,0.9393676455544389,0.9393691042576101,0.026889281237898063,0.026808794224648044,0.42954861421652657
structural_last_o,structural,500,28,28,1,4,0.9366231019318093,0.9366244909499639,0.02697977226674743,0.02667710733464285,0.4276000455704753
structural_last_o,structural,500,29,29,1,4,0.9407323128937638,0.940733710281013,0.03828835141835045,0.025391012425615256,0.42876918688445237
structural_last_o,structural,500,30,30,1,4,0.9413289621924333,0.9413303106115141,0.027156252953474097,0.026780728098558644,0.42695052719032545
structural_last_o,structural,500,31,31,1,4,0.9394499609232858,0.9394512415163805,0.04157003383346689,0.05611564302716471,0.42660411794532216
structural_last_o,structural,500,32,32,1,4,0.9413737110264387,0.9413750013701236,0.026731124963376707,0.027165399384480777,0.4296785137724552
structural_last_o,structural,500,33,33,1,4,0.9382504482170154,0.9382518214331036,0.03009697652685872,0.029858100342077247,0.4299816209221319
structural_last_o,structural,500,34,34,1,4,0.9367751763696411,0.9367765128629281,0.026881772526855433,0.03589804893837864,0.42487207080993167
structural_last_o,structural,500,35,35,1,4,0.940554486494359,0.9405557596861105,0.02738067499429317,0.027361843388938628,0.4296352114919469
structural_last_o,structural,500,36,36,1,4,0.9402566326161685,0.9402579597595156,0.028618760475127836,0.028664525340473344,0.4292888002299711
structural_last_o,structural,500,37,37,1,4,0.9397992257392082,0.939800551103238,0.07156380744863539,0.048960176510781175,0.42911558838284847
structural_last_o,structural,500,38,38,1,4,0.9394341119756972,0.9394355540597465,0.024858042954734056,0.024813426646336102,0.42954860956471996
structural_last_o,structural,500,39,39,1,4,0.9437206685076628,0.9437219735034681,0.027440220327361837,0.05881916872432089,0.4296785092415119
structural_last_o,structural,500,40,40,1,4,0.9408629879347307,0.9408643511471693,0.026599270698342482,0.02674647346207877,0.42837947471587223
structural_last_o,structural,500,41,41,1,4,0.9344324598911637,0.9344336985944405,0.02604392745842961,0.026327374898162018,0.42660411401142617
structural_last_o,structural,500,42,42,1,4,0.9416363674403689,0.9416377093665976,0.02876504901697396,0.04202873777459198,0.429375402804966
structural_last_o,structural,500,43,43,1,4,0.9415321983789467,0.9415335391297049,0.026888202335590194,0.04921679181203931,0.42881248723982485
structural_last_o,structural,500,44,44,1,4,0.9402142604141884,0.9402154192595408,0.026587193303716637,0.026528573267435285,0.42660412066401104
structural_last_o,structural,500,45,45,1,4,0.9398387886777577,0.9398402948969837,0.030087359795139226,0.029350363357100305,0.4288557883831069
structural_last_o,structural,500,46,46,1,4,0.9368134061629976,0.9368147926258578,0.03008810004703552,0.029860354784522786,0.42794645841907764
structural_last_o,structural,500,47,47,1,4,0.9386121085232458,0.9386132458171239,0.03045765613415308,0.03831254569654298,0.4268639240270661
structural_last_o,structural,500,48,48,1,4,0.9378954712085664,0.9378968145483303,0.028376290887334572,0.028540167790516643,0.42820626492693215
structural_last_o,structural,500,49,49,1,4,0.9425351006254605,0.9425365165881343,0.04309817732760558,0.027906535870949517,0.4230534091189956
structural_last_o,structural,500,50,50,1,4,0.9385937078846274,0.9385951527634441,0.028744088341337737,0.028212251233817674,0.4294187036877143
structural_last_o,structural,500,51,51,1,4,0.9379124738712894,0.937913941872922,0.027847836039385912,0.028003420575125577,0.42829286991211163
structural_last_o,structural,500,52,52,1,4,0.9406672891539993,0.9406686277157817,0.025370140746836047,0.025201852157552898,0.42798975163170844
structural_last_o,structural,500,53,53,1,4,0.9354271658637846,0.9354285600369591,0.02940094862435013,0.02979025863723106,0.424915372138231
structural_last_o,structural,500,54,54,1,4,0.9414500958630696,0.9414514305460663,0.026664499054911785,0.026640931264464686,0.4290289894862597
structural_last_o,structural,500,55,55,1,4,0.9373655228331518,0.9373667381687854,0.02743017589919753,0.027203283094641123,0.42747013794716887
structural_last_o,structural,500,56,56,1,4,0.9422049967136343,0.9422063486611316,0.025585025603304126,0.02513442574119102,0.4266474318489948
structural_last_o,structural,500,57,57,1,4,0.9380127562439446,0.938014009400697,0.05525653417080133,0.028058015610060945,0.4285093763907293
structural_last_o,structural,500,58,58,1,4,0.9417564951902673,0.9417578945855271,0.08808509838585753,0.025676077359700476,0.4294620063844369
structural_last_o,structural,500,59,59,1,4,0.9413462235329091,0.9413475564589161,0.027174665514017093,0.04420322201978644,0.4296785170414458
structural_last_o,structural,500,60,60,1,4,0.9345154539272656,0.9345167116759238,0.02661060644937708,0.026977833069107584,0.42846608147332244
structural_last_o,structural,500,61,61,1,4,0.9399237161002281,0.939925194688471,0.04199173642211221,0.025166526187947003,0.4295919019169403
structural_last_o,structural,500,62,62,1,4,0.9394776877608287,0.9394790532924654,0.029244086515479592,0.07921269490756905,0.4299383211469163
structural_last_o,structural,500,63,63,1,4,0.9439429887830358,0.943944223989723,0.02859715564716764,0.02736725671832851,0.4259978986023384
structural_last_o,structural,500,64,64,1,4,0.9341360281859269,0.9341374648847933,0.02574776096364992,0.025501432558924005,0.42712373790446234
structural_last_o,structural,500,65,65,1,4,0.9399050686254495,0.9399063985120487,0.026906230478336738,0.041823634477360004,0.4295919081332129
structural_last_o,structural,500,66,66,1,4,0.9394217270684355,0.9394229991522629,0.02659909309356059,0.026819934994681688,0.427253627493812
structural_last_o,structural,500,67,67,1,4,0.9397924947402365,0.939793802425663,0.026962470559167902,0.026657107326811952,0.4249153685428934
structural_last_o,structural,500,68,68,1,4,0.9420918864976981,0.9420930962393882,0.026007817557772976,0.02499125630761622,0.4293754034049312
structural_last_o,structural,500,69,69,1,4,0.939422699297345,0.9394240213128705,0.026206700171373637,0.026147896528075622,0.4299383207431381
structural_last_o,structural,500,70,70,1,4,0.9422715100171895,0.94227286108968,0.04505767771322748,0.0435822663916724,0.42803306329758556
structural_last_o,structural,500,71,71,1,4,0.9415799113778666,0.9415812097462105,0.02706150454282626,0.027591354493107845,0.4265175172234383
structural_last_o,structural,500,72,72,1,4,0.9404109685311834,0.9404121440117936,0.02790031538863698,0.027966920233123235,0.4292021991821427
structural_last_o,structural,500,73,73,1,4,0.9403129643236907,0.9403142941387879,0.02889965878197686,0.028560886629506104,0.4291588963709946
structural_last_o,structural,500,74,74,1,4,0.9401691704491608,0.9401703552499178,0.03955642872975929,0.029270871713965807,0.427600040028975
structural_last_o,structural,500,75,75,1,4,0.9380377018212314,0.9380391278458845,0.04758228187842352,0.052904784850395264,0.4245689500571148
structural_last_o,structural,500,76,76,1,4,0.9454775940816869,0.9454788798150167,0.027623045097803618,0.027720680853468474,0.42963521620370176
structural_last_o,structural,500,77,77,1,4,0.9383309488400794,0.9383322376037434,0.02448444047707019,0.024472012294211164,0.42742684541551357
structural_last_o,structural,500,78,78,1,4,0.9409060409532205,0.9409072315071303,0.043990503219180535,0.05453194082257104,0.42980840998359726
structural_last_o,structural,500,79,79,1,4,0.9409896622074817,0.9409909319415227,0.028276001908063543,0.04424439467725369,0.42924549575724125
structural_last_o,structural,500,80,80,1,4,0.9369634916593059,0.9369648295226607,0.026214450941487572,0.043597054837703916,0.42837946882372285
structural_last_o,structural,500,81,81,1,4,0.9350976189378916,0.935098927641625,0.03986933725472961,0.027922491993095586,0.4250019680808606
structural_last_o,structural,500,82,82,1,4,0.9391323550354188,0.939133659336429,0.05487819558855724,0.04112515729804199,0.42972181832799017
structural_last_o,structural,500,83,83,1,4,0.9415276140628774,0.9415289610042198,0.026187924592232584,0.04202884257169921,0.4295053128805556
structural_last_o,structural,500,84,84,1,4,0.9413864473879621,0.9413877433080379,0.04251597166468205,0.026242119523034527,0.42920220075603766
structural_last_o,structural,500,85,85,1,4,0.9418226713258364,0.9418239342250169,0.0474398040049551,0.026476312601868796,0.4298517201341828
structural_last_o,structural,500,86,86,1,4,0.9413990853620305,0.9414003291444445,0.07472442462102981,0.043446167207374084,0.42941870398263293
structural_last_o,structural,500,87,87,1,4,0.9405459372253132,0.9405473908128451,0.02857772901925385,0.02803781523812086,0.42664741612256174
structural_last_o,structural,500,88,88,1,4,0.9415961791745705,0.9415974274787681,0.05414713812477,0.059322138820234314,0.4291589003943083
structural_last_o,structural,500,89,89,1,4,0.9406004960647264,0.9406017158799099,0.0264065071130477,0.02652329986104143,0.4287691819301668
structural_last_o,structural,500,90,90,1,4,0.9418228244063199,0.9418241529572596,0.027563908855035592,0.027373438397240997,0.42946200224835696
structural_last_o,structural,500,91,91,1,4,0.9387433407175578,0.9387447072913361,0.02798177640135034,0.028327886550212317,0.4285093739708069
structural_last_o,structural,500,92,92,1,4,0.9373716714267822,0.9373729197476168,0.046067450513045144,0.02977412933828457,0.4270804301943361
structural_last_o,structural,500,93,93,1,4,0.9393024311250029,0.9393037032607701,0.04333510665159546,0.02774696782752864,0.42725363543547673
structural_last_o,structural,500,94,94,1,4,0.9394461654525826,0.9394475267937799,0.08960884383874176,0.027939126608862275,0.4292887979580607
structural_last_o,structural,500,95,95,1,4,0.9388810419276775,0.9388822741833099,0.029322830348382796,0.029321833683599363,0.42933210101246816
structural_last_o,structural,500,96,96,1,4,0.939690654426214,0.9396918258611392,0.04262586810323812,0.02931638913266623,0.4301548249017482
structural_last_o,structural,500,97,97,1,4,0.9448780279509645,0.9448793085620495,0.028244241246534796,0.02882580681887641,0.4292454953341614
structural_last_o,structural,500,98,98,1,4,0.9405471538448724,0.9405485775821049,0.027047879862466994,0.04229661795781466,0.4291155966672827
structural_last_o,structural,500,99,99,1,4,0.9436447431892855,0.9436459738852541,0.05912318846486952,0.04337753963006662,0.428942384672112
